solid CATIA STL
  facet normal  9.984865e-001  5.499696e-002  0.000000e+000
    outer loop
      vertex -7.470000e-002  2.263562e+002  4.999994e+001
      vertex -7.470000e-002  2.263562e+002  5.091995e+001
      vertex -1.554312e-015  2.250000e+002  5.000000e+001
    endloop
  endfacet
  facet normal  9.939907e-001 -1.094642e-001  0.000000e+000
    outer loop
      vertex -7.470000e-002  2.263562e+002  4.999994e+001
      vertex  0.000000e+000  2.270345e+002  5.000000e+001
      vertex -7.470000e-002  2.263562e+002  5.091995e+001
    endloop
  endfacet
  facet normal  9.939898e-001 -1.094722e-001  0.000000e+000
    outer loop
      vertex  2.156000e-001  2.289923e+002  4.999953e+001
      vertex  2.156000e-001  2.289923e+002  5.181793e+001
      vertex  1.995108e-001  2.288462e+002  5.178850e+001
    endloop
  endfacet
  facet normal  9.939910e-001 -1.094626e-001  7.888644e-007
    outer loop
      vertex  2.156000e-001  2.289923e+002  4.999953e+001
      vertex  1.995108e-001  2.288462e+002  5.178850e+001
      vertex -1.227025e-002  2.269231e+002  5.130450e+001
    endloop
  endfacet
  facet normal  9.939908e-001 -1.094636e-001 -7.524048e-007
    outer loop
      vertex  2.156000e-001  2.289923e+002  4.999953e+001
      vertex -1.227025e-002  2.269231e+002  5.130450e+001
      vertex -7.470000e-002  2.263562e+002  5.091995e+001
    endloop
  endfacet
  facet normal  9.939908e-001 -1.094630e-001  8.389764e-007
    outer loop
      vertex  2.156000e-001  2.289923e+002  4.999953e+001
      vertex -7.470000e-002  2.263562e+002  5.091995e+001
      vertex  0.000000e+000  2.270345e+002  5.000000e+001
    endloop
  endfacet
  facet normal  9.997829e-001 -2.083573e-002 -2.269840e-006
    outer loop
      vertex  2.526319e-001  2.307692e+002  5.217590e+001
      vertex  2.156000e-001  2.289923e+002  5.181793e+001
      vertex  2.624000e-001  2.312379e+002  5.223893e+001
    endloop
  endfacet
  facet normal  9.997829e-001 -2.083618e-002  0.000000e+000
    outer loop
      vertex  2.624000e-001  2.312379e+002  5.223893e+001
      vertex  2.156000e-001  2.289923e+002  5.181793e+001
      vertex  2.156000e-001  2.289923e+002  4.999953e+001
    endloop
  endfacet
  facet normal  9.997829e-001 -2.083618e-002  0.000000e+000
    outer loop
      vertex  2.624000e-001  2.312379e+002  5.223893e+001
      vertex  2.156000e-001  2.289923e+002  4.999953e+001
      vertex  2.624000e-001  2.312379e+002  4.999931e+001
    endloop
  endfacet
  facet normal  9.956015e-001  9.368845e-002  0.000000e+000
    outer loop
      vertex -5.400000e-002  2.346002e+002  5.268372e+001
      vertex  1.255377e-001  2.326923e+002  5.243450e+001
      vertex -5.400000e-002  2.346002e+002  4.999997e+001
    endloop
  endfacet
  facet normal  9.956016e-001  9.368850e-002  0.000000e+000
    outer loop
      vertex  2.624000e-001  2.312379e+002  4.999931e+001
      vertex  0.000000e+000  2.340264e+002  5.000000e+001
      vertex  2.624000e-001  2.312379e+002  5.223893e+001
    endloop
  endfacet
  facet normal  9.956017e-001  9.368689e-002 -1.940009e-006
    outer loop
      vertex  2.624000e-001  2.312379e+002  5.223893e+001
      vertex  0.000000e+000  2.340264e+002  5.000000e+001
      vertex -5.400000e-002  2.346002e+002  4.999997e+001
    endloop
  endfacet
  facet normal  9.956017e-001  9.368795e-002 -3.790458e-007
    outer loop
      vertex  2.624000e-001  2.312379e+002  5.223893e+001
      vertex -5.400000e-002  2.346002e+002  4.999997e+001
      vertex  1.255377e-001  2.326923e+002  5.243450e+001
    endloop
  endfacet
  facet normal  9.889250e-001  1.484158e-001  0.000000e+000
    outer loop
      vertex -2.675000e-001  2.360228e+002  5.281963e+001
      vertex -5.628118e-002  2.346154e+002  5.268570e+001
      vertex -2.675000e-001  2.360228e+002  4.999928e+001
    endloop
  endfacet
  facet normal  9.889223e-001  1.484346e-001  1.081067e-005
    outer loop
      vertex -2.675000e-001  2.360228e+002  4.999928e+001
      vertex -5.628118e-002  2.346154e+002  5.268570e+001
      vertex -5.400000e-002  2.346002e+002  5.268372e+001
    endloop
  endfacet
  facet normal  9.889249e-001  1.484160e-001  0.000000e+000
    outer loop
      vertex -2.675000e-001  2.360228e+002  4.999928e+001
      vertex -5.400000e-002  2.346002e+002  5.268372e+001
      vertex -5.400000e-002  2.346002e+002  4.999997e+001
    endloop
  endfacet
  facet normal  9.857283e-001  1.683437e-001  8.456704e-005
    outer loop
      vertex -3.555762e-001  2.365385e+002  5.286870e+001
      vertex -2.675000e-001  2.360228e+002  5.281963e+001
      vertex -4.905000e-001  2.373285e+002  5.293057e+001
    endloop
  endfacet
  facet normal  9.857271e-001  1.683507e-001  0.000000e+000
    outer loop
      vertex -4.905000e-001  2.373285e+002  5.293057e+001
      vertex -2.675000e-001  2.360228e+002  5.281963e+001
      vertex -2.675000e-001  2.360228e+002  4.999928e+001
    endloop
  endfacet
  facet normal  9.857271e-001  1.683507e-001  0.000000e+000
    outer loop
      vertex -4.905000e-001  2.373285e+002  5.293057e+001
      vertex -2.675000e-001  2.360228e+002  4.999928e+001
      vertex -4.905000e-001  2.373285e+002  4.999759e+001
    endloop
  endfacet
  facet normal  9.923139e-001  1.237461e-001  0.000000e+000
    outer loop
      vertex -6.490000e-001  2.385995e+002  4.999579e+001
      vertex -6.490000e-001  2.385995e+002  5.303081e+001
      vertex -6.317907e-001  2.384615e+002  5.301930e+001
    endloop
  endfacet
  facet normal  9.923138e-001  1.237469e-001  3.817230e-008
    outer loop
      vertex -6.490000e-001  2.385995e+002  4.999579e+001
      vertex -6.317907e-001  2.384615e+002  5.301930e+001
      vertex -4.905000e-001  2.373285e+002  5.293057e+001
    endloop
  endfacet
  facet normal  9.923139e-001  1.237468e-001  0.000000e+000
    outer loop
      vertex -6.490000e-001  2.385995e+002  4.999579e+001
      vertex -4.905000e-001  2.373285e+002  5.293057e+001
      vertex -4.905000e-001  2.373285e+002  4.999759e+001
    endloop
  endfacet
  facet normal  9.347118e-001 -3.554065e-001  0.000000e+000
    outer loop
      vertex -2.555000e-001  2.396344e+002  4.999935e+001
      vertex -2.555000e-001  2.396344e+002  5.311713e+001
      vertex -6.490000e-001  2.385995e+002  4.999579e+001
    endloop
  endfacet
  facet normal  9.347118e-001 -3.554065e-001  0.000000e+000
    outer loop
      vertex -6.490000e-001  2.385995e+002  4.999579e+001
      vertex -2.555000e-001  2.396344e+002  5.311713e+001
      vertex -6.490000e-001  2.385995e+002  5.303081e+001
    endloop
  endfacet
  facet normal  9.996883e-001  2.496715e-002  8.765737e-007
    outer loop
      vertex -2.742362e-001  2.403846e+002  5.317970e+001
      vertex -2.555000e-001  2.396344e+002  5.311713e+001
      vertex -3.128000e-001  2.419287e+002  5.322354e+001
    endloop
  endfacet
  facet normal  9.996883e-001  2.496719e-002  0.000000e+000
    outer loop
      vertex -3.128000e-001  2.419287e+002  5.322354e+001
      vertex -2.555000e-001  2.396344e+002  5.311713e+001
      vertex -2.555000e-001  2.396344e+002  4.999935e+001
    endloop
  endfacet
  facet normal  9.996883e-001  2.496719e-002  0.000000e+000
    outer loop
      vertex -3.128000e-001  2.419287e+002  5.322354e+001
      vertex -2.555000e-001  2.396344e+002  4.999935e+001
      vertex -3.128000e-001  2.419287e+002  4.999902e+001
    endloop
  endfacet
  facet normal  9.998124e-001  1.936511e-002 -1.566224e-006
    outer loop
      vertex -3.573887e-001  2.442308e+002  5.339700e+001
      vertex -3.201407e-001  2.423077e+002  5.323430e+001
      vertex -3.749000e-001  2.451349e+002  5.337951e+001
    endloop
  endfacet
  facet normal  9.998124e-001  1.936503e-002  0.000000e+000
    outer loop
      vertex -3.749000e-001  2.451349e+002  5.337951e+001
      vertex -3.201407e-001  2.423077e+002  5.323430e+001
      vertex -3.749000e-001  2.451349e+002  4.999860e+001
    endloop
  endfacet
  facet normal  9.998125e-001  1.936523e-002  1.763401e-007
    outer loop
      vertex -3.201407e-001  2.423077e+002  5.323430e+001
      vertex -3.128000e-001  2.419287e+002  5.322354e+001
      vertex -3.749000e-001  2.451349e+002  4.999860e+001
    endloop
  endfacet
  facet normal  9.998124e-001  1.936505e-002  0.000000e+000
    outer loop
      vertex -3.749000e-001  2.451349e+002  4.999860e+001
      vertex -3.128000e-001  2.419287e+002  5.322354e+001
      vertex -3.128000e-001  2.419287e+002  4.999902e+001
    endloop
  endfacet
  facet normal  9.865298e-001  1.635819e-001  0.000000e+000
    outer loop
      vertex -5.526000e-001  2.462065e+002  5.336449e+001
      vertex -5.438609e-001  2.461538e+002  5.335980e+001
      vertex -5.526000e-001  2.462065e+002  4.999694e+001
    endloop
  endfacet
  facet normal  9.865277e-001  1.635942e-001  1.992941e-007
    outer loop
      vertex -5.526000e-001  2.462065e+002  4.999694e+001
      vertex -5.438609e-001  2.461538e+002  5.335980e+001
      vertex -3.749000e-001  2.451349e+002  5.337951e+001
    endloop
  endfacet
  facet normal  9.865278e-001  1.635936e-001  0.000000e+000
    outer loop
      vertex -5.526000e-001  2.462065e+002  4.999694e+001
      vertex -3.749000e-001  2.451349e+002  5.337951e+001
      vertex -3.749000e-001  2.451349e+002  4.999860e+001
    endloop
  endfacet
  facet normal  9.972981e-001 -7.346112e-002  0.000000e+000
    outer loop
      vertex -4.602000e-001  2.474609e+002  4.999788e+001
      vertex -4.602000e-001  2.474609e+002  5.347623e+001
      vertex -5.526000e-001  2.462065e+002  4.999694e+001
    endloop
  endfacet
  facet normal  9.972981e-001 -7.346113e-002  0.000000e+000
    outer loop
      vertex -5.526000e-001  2.462065e+002  4.999694e+001
      vertex -4.602000e-001  2.474609e+002  5.347623e+001
      vertex -5.526000e-001  2.462065e+002  5.336449e+001
    endloop
  endfacet
  facet normal  9.989843e-001 -4.505906e-002 -8.558903e-007
    outer loop
      vertex -3.456746e-001  2.500000e+002  5.341300e+001
      vertex -4.324155e-001  2.480769e+002  5.353110e+001
      vertex -4.602000e-001  2.474609e+002  5.347623e+001
    endloop
  endfacet
  facet normal  9.989843e-001 -4.505904e-002  0.000000e+000
    outer loop
      vertex -3.456746e-001  2.500000e+002  5.341300e+001
      vertex -4.602000e-001  2.474609e+002  5.347623e+001
      vertex -4.602000e-001  2.474609e+002  4.999788e+001
    endloop
  endfacet
  facet normal  9.989843e-001 -4.505894e-002 -7.079083e-008
    outer loop
      vertex -3.456746e-001  2.500000e+002  5.341300e+001
      vertex -4.602000e-001  2.474609e+002  4.999788e+001
      vertex -3.213000e-001  2.505404e+002  4.999897e+001
    endloop
  endfacet
  facet normal  9.989844e-001 -4.505849e-002  0.000000e+000
    outer loop
      vertex -3.456746e-001  2.500000e+002  5.341300e+001
      vertex -3.213000e-001  2.505404e+002  4.999897e+001
      vertex -3.213000e-001  2.505404e+002  5.346111e+001
    endloop
  endfacet
  facet normal  9.851373e-001 -1.717682e-001 -9.676071e-006
    outer loop
      vertex -8.021341e-002  2.519231e+002  5.358420e+001
      vertex -3.213000e-001  2.505404e+002  5.346111e+001
      vertex -3.420000e-002  2.521870e+002  5.355942e+001
    endloop
  endfacet
  facet normal  9.851373e-001 -1.717687e-001  0.000000e+000
    outer loop
      vertex -3.420000e-002  2.521870e+002  5.355942e+001
      vertex -3.213000e-001  2.505404e+002  5.346111e+001
      vertex -3.213000e-001  2.505404e+002  4.999897e+001
    endloop
  endfacet
  facet normal  9.851373e-001 -1.717688e-001  0.000000e+000
    outer loop
      vertex -3.420000e-002  2.521870e+002  5.355942e+001
      vertex -3.213000e-001  2.505404e+002  4.999897e+001
      vertex -3.420000e-002  2.521870e+002  4.999999e+001
    endloop
  endfacet
  facet normal  9.875349e-001  1.574001e-001  0.000000e+000
    outer loop
      vertex -3.099000e-001  2.539169e+002  5.340916e+001
      vertex -2.986323e-001  2.538462e+002  5.340360e+001
      vertex -3.099000e-001  2.539169e+002  4.999904e+001
    endloop
  endfacet
  facet normal  9.875371e-001  1.573861e-001 -2.978788e-007
    outer loop
      vertex -3.099000e-001  2.539169e+002  4.999904e+001
      vertex -2.986323e-001  2.538462e+002  5.340360e+001
      vertex -3.420000e-002  2.521870e+002  5.355942e+001
    endloop
  endfacet
  facet normal  9.875370e-001  1.573867e-001  0.000000e+000
    outer loop
      vertex -3.099000e-001  2.539169e+002  4.999904e+001
      vertex -3.420000e-002  2.521870e+002  5.355942e+001
      vertex -3.420000e-002  2.521870e+002  4.999999e+001
    endloop
  endfacet
  facet normal  9.919849e-001 -1.263566e-001  0.000000e+000
    outer loop
      vertex  1.084000e-001  2.572008e+002  4.999988e+001
      vertex  1.084000e-001  2.572008e+002  5.339056e+001
      vertex  0.000000e+000  2.563498e+002  5.000000e+001
    endloop
  endfacet
  facet normal  9.919847e-001 -1.263579e-001 -6.449635e-006
    outer loop
      vertex -7.395582e-002  2.557692e+002  5.355500e+001
      vertex -3.099000e-001  2.539169e+002  5.340916e+001
      vertex  1.084000e-001  2.572008e+002  5.339056e+001
    endloop
  endfacet
  facet normal  9.919847e-001 -1.263579e-001  0.000000e+000
    outer loop
      vertex  1.084000e-001  2.572008e+002  5.339056e+001
      vertex -3.099000e-001  2.539169e+002  5.340916e+001
      vertex -3.099000e-001  2.539169e+002  4.999904e+001
    endloop
  endfacet
  facet normal  9.919847e-001 -1.263583e-001  4.157788e-007
    outer loop
      vertex  1.084000e-001  2.572008e+002  5.339056e+001
      vertex -3.099000e-001  2.539169e+002  4.999904e+001
      vertex  0.000000e+000  2.563498e+002  5.000000e+001
    endloop
  endfacet
  facet normal  9.756025e-001 -2.195444e-001  0.000000e+000
    outer loop
      vertex  1.084000e-001  2.572008e+002  5.339056e+001
      vertex  1.084000e-001  2.572008e+002  4.999988e+001
      vertex  2.190013e-001  2.576923e+002  5.333410e+001
    endloop
  endfacet
  facet normal  9.756031e-001 -2.195418e-001 -3.996441e-007
    outer loop
      vertex  2.190013e-001  2.576923e+002  5.333410e+001
      vertex  1.084000e-001  2.572008e+002  4.999988e+001
      vertex  3.686000e-001  2.583571e+002  4.999864e+001
    endloop
  endfacet
  facet normal  9.756035e-001 -2.195399e-001  0.000000e+000
    outer loop
      vertex  2.190013e-001  2.576923e+002  5.333410e+001
      vertex  3.686000e-001  2.583571e+002  4.999864e+001
      vertex  3.686000e-001  2.583571e+002  5.337074e+001
    endloop
  endfacet
  facet normal  9.999795e-001  6.411870e-003  1.118863e-007
    outer loop
      vertex  3.605318e-001  2.596154e+002  5.344010e+001
      vertex  3.686000e-001  2.583571e+002  5.337074e+001
      vertex  3.497000e-001  2.613047e+002  5.322893e+001
    endloop
  endfacet
  facet normal  9.999794e-001  6.411864e-003  0.000000e+000
    outer loop
      vertex  3.497000e-001  2.613047e+002  5.322893e+001
      vertex  3.686000e-001  2.583571e+002  5.337074e+001
      vertex  3.686000e-001  2.583571e+002  4.999864e+001
    endloop
  endfacet
  facet normal  9.999794e-001  6.411864e-003  0.000000e+000
    outer loop
      vertex  3.497000e-001  2.613047e+002  5.322893e+001
      vertex  3.686000e-001  2.583571e+002  4.999864e+001
      vertex  3.497000e-001  2.613047e+002  4.999878e+001
    endloop
  endfacet
  facet normal  9.921333e-001  1.251855e-001  -0.000000e+000
    outer loop
      vertex  3.497000e-001  2.613047e+002  5.322893e+001
      vertex  3.497000e-001  2.613047e+002  4.999878e+001
      vertex  3.201963e-001  2.615385e+002  5.319970e+001
    endloop
  endfacet
  facet normal  9.921318e-001  1.251977e-001 -9.060190e-007
    outer loop
      vertex  3.201963e-001  2.615385e+002  5.319970e+001
      vertex  3.497000e-001  2.613047e+002  4.999878e+001
      vertex  1.128000e-001  2.631820e+002  4.999987e+001
    endloop
  endfacet
  facet normal  9.921317e-001  1.251994e-001  -0.000000e+000
    outer loop
      vertex  3.201963e-001  2.615385e+002  5.319970e+001
      vertex  1.128000e-001  2.631820e+002  4.999987e+001
      vertex  1.128000e-001  2.631820e+002  5.322893e+001
    endloop
  endfacet
  facet normal  9.995669e-001  2.942872e-002  1.512714e-005
    outer loop
      vertex  1.045716e-001  2.634615e+002  5.323390e+001
      vertex  1.128000e-001  2.631820e+002  5.322893e+001
      vertex  7.240000e-002  2.645543e+002  5.309303e+001
    endloop
  endfacet
  facet normal  9.995670e-001  2.942722e-002  0.000000e+000
    outer loop
      vertex  7.240000e-002  2.645543e+002  5.309303e+001
      vertex  1.128000e-001  2.631820e+002  5.322893e+001
      vertex  1.128000e-001  2.631820e+002  4.999987e+001
    endloop
  endfacet
  facet normal  9.995669e-001  2.942722e-002  0.000000e+000
    outer loop
      vertex  7.240000e-002  2.645543e+002  5.309303e+001
      vertex  1.128000e-001  2.631820e+002  4.999987e+001
      vertex  7.240000e-002  2.645543e+002  4.999995e+001
    endloop
  endfacet
  facet normal  9.897676e-001  1.426889e-001  0.000000e+000
    outer loop
      vertex -2.900000e-001  2.670681e+002  4.999916e+001
      vertex -2.900000e-001  2.670681e+002  5.293234e+001
      vertex  0.000000e+000  2.650565e+002  5.000000e+001
    endloop
  endfacet
  facet normal  9.897681e-001  1.426853e-001  -0.000000e+000
    outer loop
      vertex  7.240000e-002  2.645543e+002  5.309303e+001
      vertex  7.240000e-002  2.645543e+002  4.999995e+001
      vertex -4.729955e-002  2.653846e+002  5.298600e+001
    endloop
  endfacet
  facet normal  9.897684e-001  1.426828e-001  7.277798e-007
    outer loop
      vertex -4.729955e-002  2.653846e+002  5.298600e+001
      vertex  7.240000e-002  2.645543e+002  4.999995e+001
      vertex  0.000000e+000  2.650565e+002  5.000000e+001
    endloop
  endfacet
  facet normal  9.897676e-001  1.426889e-001  4.239352e-008
    outer loop
      vertex -4.729955e-002  2.653846e+002  5.298600e+001
      vertex  0.000000e+000  2.650565e+002  5.000000e+001
      vertex -2.900000e-001  2.670681e+002  5.293234e+001
    endloop
  endfacet
  facet normal  9.984007e-001 -5.653311e-002 -1.411102e-005
    outer loop
      vertex -2.764334e-001  2.673077e+002  5.292470e+001
      vertex -2.900000e-001  2.670681e+002  5.293234e+001
      vertex -1.888000e-001  2.688554e+002  5.271585e+001
    endloop
  endfacet
  facet normal  9.984008e-001 -5.653140e-002  0.000000e+000
    outer loop
      vertex -1.888000e-001  2.688554e+002  5.271585e+001
      vertex -2.900000e-001  2.670681e+002  5.293234e+001
      vertex -2.900000e-001  2.670681e+002  4.999916e+001
    endloop
  endfacet
  facet normal  9.984009e-001 -5.653141e-002  0.000000e+000
    outer loop
      vertex -1.888000e-001  2.688554e+002  5.271585e+001
      vertex -2.900000e-001  2.670681e+002  4.999916e+001
      vertex -1.888000e-001  2.688554e+002  4.999965e+001
    endloop
  endfacet
  facet normal  9.670081e-001  2.547458e-001  -0.000000e+000
    outer loop
      vertex -1.888000e-001  2.688554e+002  5.271585e+001
      vertex -1.888000e-001  2.688554e+002  4.999965e+001
      vertex -2.876934e-001  2.692308e+002  5.266520e+001
    endloop
  endfacet
  facet normal  9.670087e-001  2.547434e-001  3.682846e-007
    outer loop
      vertex -2.876934e-001  2.692308e+002  5.266520e+001
      vertex -1.888000e-001  2.688554e+002  4.999965e+001
      vertex -4.942000e-001  2.700147e+002  4.999756e+001
    endloop
  endfacet
  facet normal  9.670090e-001  2.547422e-001  -0.000000e+000
    outer loop
      vertex -2.876934e-001  2.692308e+002  5.266520e+001
      vertex -4.942000e-001  2.700147e+002  4.999756e+001
      vertex -4.942000e-001  2.700147e+002  5.259166e+001
    endloop
  endfacet
  facet normal  9.992318e-001 -3.919106e-002 -2.252682e-006
    outer loop
      vertex -4.495234e-001  2.711538e+002  5.248480e+001
      vertex -4.942000e-001  2.700147e+002  5.259166e+001
      vertex -3.917000e-001  2.726281e+002  5.225075e+001
    endloop
  endfacet
  facet normal  9.992317e-001 -3.919075e-002  0.000000e+000
    outer loop
      vertex -3.917000e-001  2.726281e+002  5.225075e+001
      vertex -4.942000e-001  2.700147e+002  5.259166e+001
      vertex -4.942000e-001  2.700147e+002  4.999756e+001
    endloop
  endfacet
  facet normal  9.992317e-001 -3.919075e-002  0.000000e+000
    outer loop
      vertex -3.917000e-001  2.726281e+002  5.225075e+001
      vertex -4.942000e-001  2.700147e+002  4.999756e+001
      vertex -3.917000e-001  2.726281e+002  4.999847e+001
    endloop
  endfacet
  facet normal  9.949393e-001 -1.004773e-001 -3.555947e-007
    outer loop
      vertex -3.463773e-001  2.730769e+002  5.217950e+001
      vertex -3.917000e-001  2.726281e+002  5.225075e+001
      vertex -2.453000e-001  2.740778e+002  5.104515e+001
    endloop
  endfacet
  facet normal  9.949394e-001 -1.004770e-001  0.000000e+000
    outer loop
      vertex -2.453000e-001  2.740778e+002  5.104515e+001
      vertex -3.917000e-001  2.726281e+002  5.225075e+001
      vertex -3.917000e-001  2.726281e+002  4.999847e+001
    endloop
  endfacet
  facet normal  9.949394e-001 -1.004770e-001  0.000000e+000
    outer loop
      vertex -2.453000e-001  2.740778e+002  5.104515e+001
      vertex -3.917000e-001  2.726281e+002  4.999847e+001
      vertex -2.453000e-001  2.740778e+002  4.999940e+001
    endloop
  endfacet
  facet normal  9.663973e-001 -2.570532e-001  0.000000e+000
    outer loop
      vertex  1.426948e-017  2.750000e+002  5.000000e+001
      vertex -2.453000e-001  2.740778e+002  5.104515e+001
      vertex -2.453000e-001  2.740778e+002  4.999940e+001
    endloop
  endfacet
  facet normal -9.982456e-001 -5.920994e-002  -0.000000e+000
    outer loop
      vertex  5.470000e-002  2.740778e+002  4.999997e+001
      vertex  5.470000e-002  2.740778e+002  5.104515e+001
      vertex  1.426948e-017  2.750000e+002  5.000000e+001
    endloop
  endfacet
  facet normal -9.949396e-001  1.004755e-001  0.000000e+000
    outer loop
      vertex  5.470000e-002  2.740778e+002  5.104515e+001
      vertex  5.470000e-002  2.740778e+002  4.999997e+001
      vertex  0.000000e+000  2.735361e+002  5.000000e+001
    endloop
  endfacet
  facet normal -9.949393e-001  1.004779e-001 -1.269360e-006
    outer loop
      vertex  5.470000e-002  2.740778e+002  5.104515e+001
      vertex  0.000000e+000  2.735361e+002  5.000000e+001
      vertex -9.170000e-002  2.726281e+002  4.999992e+001
    endloop
  endfacet
  facet normal -9.949393e-001  1.004770e-001  0.000000e+000
    outer loop
      vertex  5.470000e-002  2.740778e+002  5.104515e+001
      vertex -9.170000e-002  2.726281e+002  4.999992e+001
      vertex -9.170000e-002  2.726281e+002  5.225075e+001
    endloop
  endfacet
  facet normal -9.949393e-001  1.004773e-001  4.063940e-007
    outer loop
      vertex  5.470000e-002  2.740778e+002  5.104515e+001
      vertex -9.170000e-002  2.726281e+002  5.225075e+001
      vertex -4.637730e-002  2.730769e+002  5.217950e+001
    endloop
  endfacet
  facet normal -9.992317e-001  3.919107e-002  2.184420e-006
    outer loop
      vertex -1.495234e-001  2.711538e+002  5.248480e+001
      vertex -9.170000e-002  2.726281e+002  5.225075e+001
      vertex -1.942000e-001  2.700147e+002  5.259166e+001
    endloop
  endfacet
  facet normal -9.992318e-001  3.919075e-002  0.000000e+000
    outer loop
      vertex -1.942000e-001  2.700147e+002  5.259166e+001
      vertex -9.170000e-002  2.726281e+002  5.225075e+001
      vertex -9.170000e-002  2.726281e+002  4.999992e+001
    endloop
  endfacet
  facet normal -9.992318e-001  3.919075e-002  0.000000e+000
    outer loop
      vertex -1.942000e-001  2.700147e+002  5.259166e+001
      vertex -9.170000e-002  2.726281e+002  4.999992e+001
      vertex -1.942000e-001  2.700147e+002  4.999962e+001
    endloop
  endfacet
  facet normal -9.670081e-001 -2.547458e-001  0.000000e+000
    outer loop
      vertex  1.112000e-001  2.688554e+002  5.271585e+001
      vertex  1.230656e-002  2.692308e+002  5.266520e+001
      vertex  1.112000e-001  2.688554e+002  4.999988e+001
    endloop
  endfacet
  facet normal -9.670085e-001 -2.547443e-001  0.000000e+000
    outer loop
      vertex -1.942000e-001  2.700147e+002  4.999962e+001
      vertex  0.000000e+000  2.692775e+002  5.000000e+001
      vertex -1.942000e-001  2.700147e+002  5.259166e+001
    endloop
  endfacet
  facet normal -9.670090e-001 -2.547418e-001 -7.376688e-007
    outer loop
      vertex -1.942000e-001  2.700147e+002  5.259166e+001
      vertex  0.000000e+000  2.692775e+002  5.000000e+001
      vertex  1.112000e-001  2.688554e+002  4.999988e+001
    endloop
  endfacet
  facet normal -9.670090e-001 -2.547423e-001 -5.377296e-007
    outer loop
      vertex -1.942000e-001  2.700147e+002  5.259166e+001
      vertex  1.112000e-001  2.688554e+002  4.999988e+001
      vertex  1.230656e-002  2.692308e+002  5.266520e+001
    endloop
  endfacet
  facet normal -9.984007e-001  5.653317e-002  1.479224e-005
    outer loop
      vertex  2.356656e-002  2.673077e+002  5.292470e+001
      vertex  1.112000e-001  2.688554e+002  5.271585e+001
      vertex  1.000000e-002  2.670681e+002  5.293234e+001
    endloop
  endfacet
  facet normal -9.984008e-001  5.653141e-002  0.000000e+000
    outer loop
      vertex  1.000000e-002  2.670681e+002  5.293234e+001
      vertex  1.112000e-001  2.688554e+002  5.271585e+001
      vertex  1.112000e-001  2.688554e+002  4.999988e+001
    endloop
  endfacet
  facet normal -9.984008e-001  5.653141e-002  0.000000e+000
    outer loop
      vertex  1.000000e-002  2.670681e+002  5.293234e+001
      vertex  1.112000e-001  2.688554e+002  4.999988e+001
      vertex  1.000000e-002  2.670681e+002  5.000000e+001
    endloop
  endfacet
  facet normal -9.897681e-001 -1.426853e-001  -0.000000e+000
    outer loop
      vertex  3.724000e-001  2.645543e+002  4.999861e+001
      vertex  3.724000e-001  2.645543e+002  5.309303e+001
      vertex  2.527004e-001  2.653846e+002  5.298600e+001
    endloop
  endfacet
  facet normal -9.897675e-001 -1.426888e-001  1.002851e-006
    outer loop
      vertex  3.724000e-001  2.645543e+002  4.999861e+001
      vertex  2.527004e-001  2.653846e+002  5.298600e+001
      vertex  1.000000e-002  2.670681e+002  5.293234e+001
    endloop
  endfacet
  facet normal -9.897678e-001 -1.426877e-001  -0.000000e+000
    outer loop
      vertex  3.724000e-001  2.645543e+002  4.999861e+001
      vertex  1.000000e-002  2.670681e+002  5.293234e+001
      vertex  1.000000e-002  2.670681e+002  5.000000e+001
    endloop
  endfacet
  facet normal -9.995669e-001 -2.942876e-002 -1.537649e-005
    outer loop
      vertex  4.045716e-001  2.634615e+002  5.323390e+001
      vertex  3.724000e-001  2.645543e+002  5.309303e+001
      vertex  4.128000e-001  2.631820e+002  5.322893e+001
    endloop
  endfacet
  facet normal -9.995670e-001 -2.942724e-002  0.000000e+000
    outer loop
      vertex  4.128000e-001  2.631820e+002  5.322893e+001
      vertex  3.724000e-001  2.645543e+002  5.309303e+001
      vertex  3.724000e-001  2.645543e+002  4.999861e+001
    endloop
  endfacet
  facet normal -9.995670e-001 -2.942724e-002  0.000000e+000
    outer loop
      vertex  4.128000e-001  2.631820e+002  5.322893e+001
      vertex  3.724000e-001  2.645543e+002  4.999861e+001
      vertex  4.128000e-001  2.631820e+002  4.999829e+001
    endloop
  endfacet
  facet normal -9.921334e-001 -1.251853e-001  0.000000e+000
    outer loop
      vertex  6.497000e-001  2.613047e+002  5.322893e+001
      vertex  6.201963e-001  2.615385e+002  5.319970e+001
      vertex  6.497000e-001  2.613047e+002  4.999578e+001
    endloop
  endfacet
  facet normal -9.921316e-001 -1.251994e-001  1.044389e-006
    outer loop
      vertex  6.497000e-001  2.613047e+002  4.999578e+001
      vertex  6.201963e-001  2.615385e+002  5.319970e+001
      vertex  4.128000e-001  2.631820e+002  5.322893e+001
    endloop
  endfacet
  facet normal -9.921318e-001 -1.251977e-001  -0.000000e+000
    outer loop
      vertex  6.497000e-001  2.613047e+002  4.999578e+001
      vertex  4.128000e-001  2.631820e+002  5.322893e+001
      vertex  4.128000e-001  2.631820e+002  4.999829e+001
    endloop
  endfacet
  facet normal -9.999795e-001 -6.411886e-003 -2.432311e-007
    outer loop
      vertex  6.605318e-001  2.596154e+002  5.344010e+001
      vertex  6.497000e-001  2.613047e+002  5.322893e+001
      vertex  6.686000e-001  2.583571e+002  5.337074e+001
    endloop
  endfacet
  facet normal -9.999795e-001 -6.411874e-003  0.000000e+000
    outer loop
      vertex  6.686000e-001  2.583571e+002  5.337074e+001
      vertex  6.497000e-001  2.613047e+002  5.322893e+001
      vertex  6.497000e-001  2.613047e+002  4.999578e+001
    endloop
  endfacet
  facet normal -9.999795e-001 -6.411875e-003  0.000000e+000
    outer loop
      vertex  6.686000e-001  2.583571e+002  5.337074e+001
      vertex  6.497000e-001  2.613047e+002  4.999578e+001
      vertex  6.686000e-001  2.583571e+002  4.999553e+001
    endloop
  endfacet
  facet normal -9.756024e-001  2.195444e-001  0.000000e+000
    outer loop
      vertex  4.084000e-001  2.572008e+002  5.339056e+001
      vertex  5.190013e-001  2.576923e+002  5.333410e+001
      vertex  4.084000e-001  2.572008e+002  4.999833e+001
    endloop
  endfacet
  facet normal -9.756036e-001  2.195399e-001  6.939705e-007
    outer loop
      vertex  4.084000e-001  2.572008e+002  4.999833e+001
      vertex  5.190013e-001  2.576923e+002  5.333410e+001
      vertex  6.686000e-001  2.583571e+002  5.337074e+001
    endloop
  endfacet
  facet normal -9.756030e-001  2.195418e-001  0.000000e+000
    outer loop
      vertex  4.084000e-001  2.572008e+002  4.999833e+001
      vertex  6.686000e-001  2.583571e+002  5.337074e+001
      vertex  6.686000e-001  2.583571e+002  4.999553e+001
    endloop
  endfacet
  facet normal -9.919847e-001  1.263579e-001  6.334463e-006
    outer loop
      vertex  2.260442e-001  2.557692e+002  5.355500e+001
      vertex  4.084000e-001  2.572008e+002  5.339056e+001
      vertex -9.900000e-003  2.539169e+002  5.340916e+001
    endloop
  endfacet
  facet normal -9.919848e-001  1.263576e-001  0.000000e+000
    outer loop
      vertex  4.084000e-001  2.572008e+002  4.999833e+001
      vertex  0.000000e+000  2.539946e+002  5.000000e+001
      vertex  4.084000e-001  2.572008e+002  5.339056e+001
    endloop
  endfacet
  facet normal -9.919831e-001  1.263707e-001 -1.256629e-005
    outer loop
      vertex  4.084000e-001  2.572008e+002  5.339056e+001
      vertex  0.000000e+000  2.539946e+002  5.000000e+001
      vertex -9.900000e-003  2.539169e+002  5.000000e+001
    endloop
  endfacet
  facet normal -9.919848e-001  1.263579e-001  0.000000e+000
    outer loop
      vertex  4.084000e-001  2.572008e+002  5.339056e+001
      vertex -9.900000e-003  2.539169e+002  5.000000e+001
      vertex -9.900000e-003  2.539169e+002  5.340916e+001
    endloop
  endfacet
  facet normal -9.875349e-001 -1.574002e-001  -0.000000e+000
    outer loop
      vertex  1.367698e-003  2.538462e+002  5.340360e+001
      vertex -9.900000e-003  2.539169e+002  5.340916e+001
      vertex -9.900000e-003  2.539169e+002  5.000000e+001
    endloop
  endfacet
  facet normal -9.875370e-001 -1.573865e-001  2.919969e-007
    outer loop
      vertex  1.367698e-003  2.538462e+002  5.340360e+001
      vertex -9.900000e-003  2.539169e+002  5.000000e+001
      vertex  0.000000e+000  2.538548e+002  5.000000e+001
    endloop
  endfacet
  facet normal -9.875371e-001 -1.573867e-001  2.913564e-007
    outer loop
      vertex  1.367698e-003  2.538462e+002  5.340360e+001
      vertex  0.000000e+000  2.538548e+002  5.000000e+001
      vertex  2.658000e-001  2.521870e+002  4.999929e+001
    endloop
  endfacet
  facet normal -9.875371e-001 -1.573862e-001  0.000000e+000
    outer loop
      vertex  1.367698e-003  2.538462e+002  5.340360e+001
      vertex  2.658000e-001  2.521870e+002  4.999929e+001
      vertex  2.658000e-001  2.521870e+002  5.355942e+001
    endloop
  endfacet
  facet normal -9.851374e-001  1.717682e-001  9.126294e-006
    outer loop
      vertex -2.130000e-002  2.505404e+002  5.346111e+001
      vertex  2.197866e-001  2.519231e+002  5.358420e+001
      vertex  2.658000e-001  2.521870e+002  5.355942e+001
    endloop
  endfacet
  facet normal -9.851373e-001  1.717688e-001  0.000000e+000
    outer loop
      vertex -2.130000e-002  2.505404e+002  5.346111e+001
      vertex  2.658000e-001  2.521870e+002  5.355942e+001
      vertex  2.658000e-001  2.521870e+002  4.999929e+001
    endloop
  endfacet
  facet normal -9.851372e-001  1.717689e-001  5.564566e-008
    outer loop
      vertex -2.130000e-002  2.505404e+002  5.346111e+001
      vertex  2.658000e-001  2.521870e+002  4.999929e+001
      vertex  0.000000e+000  2.506626e+002  5.000000e+001
    endloop
  endfacet
  facet normal -9.851375e-001  1.717674e-001  0.000000e+000
    outer loop
      vertex -2.130000e-002  2.505404e+002  5.346111e+001
      vertex  0.000000e+000  2.506626e+002  5.000000e+001
      vertex -2.130000e-002  2.505404e+002  5.000000e+001
    endloop
  endfacet
  facet normal -9.989843e-001  4.505848e-002  0.000000e+000
    outer loop
      vertex -4.567459e-002  2.500000e+002  5.341300e+001
      vertex -2.130000e-002  2.505404e+002  5.346111e+001
      vertex -2.130000e-002  2.505404e+002  5.000000e+001
    endloop
  endfacet
  facet normal -9.989843e-001  4.505894e-002  7.364783e-008
    outer loop
      vertex -4.567459e-002  2.500000e+002  5.341300e+001
      vertex -2.130000e-002  2.505404e+002  5.000000e+001
      vertex -1.602000e-001  2.474609e+002  4.999974e+001
    endloop
  endfacet
  facet normal -9.989843e-001  4.505904e-002  0.000000e+000
    outer loop
      vertex -4.567459e-002  2.500000e+002  5.341300e+001
      vertex -1.602000e-001  2.474609e+002  4.999974e+001
      vertex -1.602000e-001  2.474609e+002  5.347623e+001
    endloop
  endfacet
  facet normal -9.989843e-001  4.505906e-002  6.680120e-007
    outer loop
      vertex -4.567459e-002  2.500000e+002  5.341300e+001
      vertex -1.602000e-001  2.474609e+002  5.347623e+001
      vertex -1.324155e-001  2.480769e+002  5.353110e+001
    endloop
  endfacet
  facet normal -9.972981e-001  7.346112e-002  0.000000e+000
    outer loop
      vertex -2.526000e-001  2.462065e+002  4.999936e+001
      vertex -2.526000e-001  2.462065e+002  5.336449e+001
      vertex -1.602000e-001  2.474609e+002  4.999974e+001
    endloop
  endfacet
  facet normal -9.972982e-001  7.346113e-002  0.000000e+000
    outer loop
      vertex -1.602000e-001  2.474609e+002  4.999974e+001
      vertex -2.526000e-001  2.462065e+002  5.336449e+001
      vertex -1.602000e-001  2.474609e+002  5.347623e+001
    endloop
  endfacet
  facet normal -9.865299e-001 -1.635813e-001  0.000000e+000
    outer loop
      vertex -2.526000e-001  2.462065e+002  5.336449e+001
      vertex -2.526000e-001  2.462065e+002  4.999936e+001
      vertex -2.438609e-001  2.461538e+002  5.335980e+001
    endloop
  endfacet
  facet normal -9.865278e-001 -1.635936e-001 -1.985029e-007
    outer loop
      vertex -2.438609e-001  2.461538e+002  5.335980e+001
      vertex -2.526000e-001  2.462065e+002  4.999936e+001
      vertex -7.490000e-002  2.451349e+002  4.999994e+001
    endloop
  endfacet
  facet normal -9.865277e-001 -1.635943e-001  0.000000e+000
    outer loop
      vertex -2.438609e-001  2.461538e+002  5.335980e+001
      vertex -7.490000e-002  2.451349e+002  4.999994e+001
      vertex -7.490000e-002  2.451349e+002  5.337951e+001
    endloop
  endfacet
  facet normal -9.998125e-001 -1.936513e-002  0.000000e+000
    outer loop
      vertex -7.490000e-002  2.451349e+002  5.337951e+001
      vertex -7.490000e-002  2.451349e+002  4.999994e+001
      vertex -5.738874e-002  2.442308e+002  5.339700e+001
    endloop
  endfacet
  facet normal -9.998125e-001 -1.936498e-002  3.679978e-008
    outer loop
      vertex -5.738874e-002  2.442308e+002  5.339700e+001
      vertex -7.490000e-002  2.451349e+002  4.999994e+001
      vertex -2.014075e-002  2.423077e+002  5.323430e+001
    endloop
  endfacet
  facet normal -9.998124e-001 -1.936504e-002 -1.849751e-008
    outer loop
      vertex -7.490000e-002  2.451349e+002  4.999994e+001
      vertex -1.280000e-002  2.419287e+002  5.000000e+001
      vertex -2.014075e-002  2.423077e+002  5.323430e+001
    endloop
  endfacet
  facet normal -9.998125e-001 -1.936521e-002  0.000000e+000
    outer loop
      vertex -2.014075e-002  2.423077e+002  5.323430e+001
      vertex -1.280000e-002  2.419287e+002  5.000000e+001
      vertex -1.280000e-002  2.419287e+002  5.322354e+001
    endloop
  endfacet
  facet normal -9.996883e-001 -2.496718e-002 -3.506294e-007
    outer loop
      vertex  4.450000e-002  2.396344e+002  5.311713e+001
      vertex  2.576380e-002  2.403846e+002  5.317970e+001
      vertex -1.280000e-002  2.419287e+002  5.322354e+001
    endloop
  endfacet
  facet normal -9.996882e-001 -2.496719e-002  -0.000000e+000
    outer loop
      vertex  4.450000e-002  2.396344e+002  5.311713e+001
      vertex -1.280000e-002  2.419287e+002  5.322354e+001
      vertex -1.280000e-002  2.419287e+002  5.000000e+001
    endloop
  endfacet
  facet normal -9.996883e-001 -2.496723e-002 -2.564241e-008
    outer loop
      vertex  4.450000e-002  2.396344e+002  5.311713e+001
      vertex -1.280000e-002  2.419287e+002  5.000000e+001
      vertex  0.000000e+000  2.414162e+002  5.000000e+001
    endloop
  endfacet
  facet normal -9.996883e-001 -2.496718e-002  0.000000e+000
    outer loop
      vertex  4.450000e-002  2.396344e+002  5.311713e+001
      vertex  0.000000e+000  2.414162e+002  5.000000e+001
      vertex  4.450000e-002  2.396344e+002  4.999998e+001
    endloop
  endfacet
  facet normal -9.347126e-001  3.554043e-001  0.000000e+000
    outer loop
      vertex  4.450000e-002  2.396344e+002  4.999998e+001
      vertex  0.000000e+000  2.395174e+002  5.000000e+001
      vertex  4.450000e-002  2.396344e+002  5.311713e+001
    endloop
  endfacet
  facet normal -9.347118e-001  3.554068e-001 -1.071051e-007
    outer loop
      vertex  4.450000e-002  2.396344e+002  5.311713e+001
      vertex  0.000000e+000  2.395174e+002  5.000000e+001
      vertex -3.490000e-001  2.385995e+002  4.999878e+001
    endloop
  endfacet
  facet normal -9.347118e-001  3.554065e-001  0.000000e+000
    outer loop
      vertex  4.450000e-002  2.396344e+002  5.311713e+001
      vertex -3.490000e-001  2.385995e+002  4.999878e+001
      vertex -3.490000e-001  2.385995e+002  5.303081e+001
    endloop
  endfacet
  facet normal -9.923139e-001 -1.237461e-001  0.000000e+000
    outer loop
      vertex -3.490000e-001  2.385995e+002  5.303081e+001
      vertex -3.490000e-001  2.385995e+002  4.999878e+001
      vertex -3.317907e-001  2.384615e+002  5.301930e+001
    endloop
  endfacet
  facet normal -9.923139e-001 -1.237468e-001 -3.466568e-008
    outer loop
      vertex -3.317907e-001  2.384615e+002  5.301930e+001
      vertex -3.490000e-001  2.385995e+002  4.999878e+001
      vertex -1.905000e-001  2.373285e+002  4.999964e+001
    endloop
  endfacet
  facet normal -9.923138e-001 -1.237469e-001  0.000000e+000
    outer loop
      vertex -3.317907e-001  2.384615e+002  5.301930e+001
      vertex -1.905000e-001  2.373285e+002  4.999964e+001
      vertex -1.905000e-001  2.373285e+002  5.293057e+001
    endloop
  endfacet
  facet normal -9.857270e-001 -1.683521e-001  -0.000000e+000
    outer loop
      vertex  3.250000e-002  2.360228e+002  4.999999e+001
      vertex  3.250000e-002  2.360228e+002  5.281963e+001
      vertex  0.000000e+000  2.362131e+002  5.000000e+001
    endloop
  endfacet
  facet normal -9.857273e-001 -1.683502e-001  0.000000e+000
    outer loop
      vertex -1.905000e-001  2.373285e+002  5.293057e+001
      vertex -1.905000e-001  2.373285e+002  4.999964e+001
      vertex -5.557621e-002  2.365385e+002  5.286870e+001
    endloop
  endfacet
  facet normal -9.857273e-001 -1.683505e-001 -8.147735e-008
    outer loop
      vertex -5.557621e-002  2.365385e+002  5.286870e+001
      vertex -1.905000e-001  2.373285e+002  4.999964e+001
      vertex  0.000000e+000  2.362131e+002  5.000000e+001
    endloop
  endfacet
  facet normal -9.857271e-001 -1.683515e-001  4.203023e-008
    outer loop
      vertex -5.557621e-002  2.365385e+002  5.286870e+001
      vertex  0.000000e+000  2.362131e+002  5.000000e+001
      vertex  3.250000e-002  2.360228e+002  5.281963e+001
    endloop
  endfacet
  facet normal -9.889251e-001 -1.484158e-001  0.000000e+000
    outer loop
      vertex  3.250000e-002  2.360228e+002  5.281963e+001
      vertex  3.250000e-002  2.360228e+002  4.999999e+001
      vertex  2.437188e-001  2.346154e+002  5.268570e+001
    endloop
  endfacet
  facet normal -9.889250e-001 -1.484161e-001 -1.244196e-007
    outer loop
      vertex  2.437188e-001  2.346154e+002  5.268570e+001
      vertex  3.250000e-002  2.360228e+002  4.999999e+001
      vertex  2.460000e-001  2.346002e+002  4.999939e+001
    endloop
  endfacet
  facet normal -9.889219e-001 -1.484376e-001  0.000000e+000
    outer loop
      vertex  2.437188e-001  2.346154e+002  5.268570e+001
      vertex  2.460000e-001  2.346002e+002  4.999939e+001
      vertex  2.460000e-001  2.346002e+002  5.268372e+001
    endloop
  endfacet
  facet normal -9.956000e-001 -9.370510e-002  1.333564e-004
    outer loop
      vertex  4.255377e-001  2.326923e+002  5.243450e+001
      vertex  2.460000e-001  2.346002e+002  5.268372e+001
      vertex  5.624000e-001  2.312379e+002  5.223893e+001
    endloop
  endfacet
  facet normal -9.956016e-001 -9.368822e-002  0.000000e+000
    outer loop
      vertex  5.624000e-001  2.312379e+002  5.223893e+001
      vertex  2.460000e-001  2.346002e+002  5.268372e+001
      vertex  2.460000e-001  2.346002e+002  4.999939e+001
    endloop
  endfacet
  facet normal -9.956017e-001 -9.368822e-002  0.000000e+000
    outer loop
      vertex  5.624000e-001  2.312379e+002  5.223893e+001
      vertex  2.460000e-001  2.346002e+002  4.999939e+001
      vertex  5.624000e-001  2.312379e+002  4.999684e+001
    endloop
  endfacet
  facet normal -9.997829e-001  2.083579e-002  1.969421e-006
    outer loop
      vertex  5.526319e-001  2.307692e+002  5.217590e+001
      vertex  5.624000e-001  2.312379e+002  5.223893e+001
      vertex  5.156000e-001  2.289923e+002  5.181793e+001
    endloop
  endfacet
  facet normal -9.997829e-001  2.083616e-002  0.000000e+000
    outer loop
      vertex  5.156000e-001  2.289923e+002  5.181793e+001
      vertex  5.624000e-001  2.312379e+002  5.223893e+001
      vertex  5.624000e-001  2.312379e+002  4.999684e+001
    endloop
  endfacet
  facet normal -9.997829e-001  2.083616e-002  0.000000e+000
    outer loop
      vertex  5.156000e-001  2.289923e+002  5.181793e+001
      vertex  5.624000e-001  2.312379e+002  4.999684e+001
      vertex  5.156000e-001  2.289923e+002  4.999734e+001
    endloop
  endfacet
  facet normal -9.939910e-001  1.094615e-001  3.868875e-006
    outer loop
      vertex  2.253000e-001  2.263562e+002  5.091995e+001
      vertex  2.877297e-001  2.269231e+002  5.130450e+001
      vertex  4.995108e-001  2.288462e+002  5.178850e+001
    endloop
  endfacet
  facet normal -9.939885e-001  1.094855e-001 -6.569571e-005
    outer loop
      vertex  4.995108e-001  2.288462e+002  5.178850e+001
      vertex  5.156000e-001  2.289923e+002  5.181793e+001
      vertex  2.253000e-001  2.263562e+002  5.091995e+001
    endloop
  endfacet
  facet normal -9.939908e-001  1.094633e-001  0.000000e+000
    outer loop
      vertex  2.253000e-001  2.263562e+002  5.091995e+001
      vertex  5.156000e-001  2.289923e+002  5.181793e+001
      vertex  5.156000e-001  2.289923e+002  4.999734e+001
    endloop
  endfacet
  facet normal -9.939908e-001  1.094633e-001  0.000000e+000
    outer loop
      vertex  2.253000e-001  2.263562e+002  5.091995e+001
      vertex  5.156000e-001  2.289923e+002  4.999734e+001
      vertex  2.253000e-001  2.263562e+002  4.999949e+001
    endloop
  endfacet
  facet normal -9.864803e-001  1.638798e-001  0.000000e+000
    outer loop
      vertex -1.554312e-015  2.250000e+002  5.000000e+001
      vertex  2.253000e-001  2.263562e+002  5.091995e+001
      vertex  2.253000e-001  2.263562e+002  4.999949e+001
    endloop
  endfacet
  facet normal  3.957072e-003 -1.788279e-004 -9.999921e-001
    outer loop
      vertex -3.490000e-001  2.385995e+002  4.999878e+001
      vertex  0.000000e+000  2.395174e+002  5.000000e+001
      vertex -1.905000e-001  2.373285e+002  4.999964e+001
    endloop
  endfacet
  facet normal  1.902339e-003  0.000000e+000 -9.999982e-001
    outer loop
      vertex -1.905000e-001  2.373285e+002  4.999964e+001
      vertex  0.000000e+000  2.395174e+002  5.000000e+001
      vertex  0.000000e+000  2.362131e+002  5.000000e+001
    endloop
  endfacet
  facet normal  3.529166e-003  4.414215e-005 -9.999938e-001
    outer loop
      vertex -2.526000e-001  2.462065e+002  4.999936e+001
      vertex -1.602000e-001  2.474609e+002  4.999974e+001
      vertex -7.490000e-002  2.451349e+002  4.999994e+001
    endloop
  endfacet
  facet normal  1.790938e-004  0.000000e+000 -9.999999e-001
    outer loop
      vertex -2.130000e-002  2.505404e+002  5.000000e+001
      vertex  0.000000e+000  2.506626e+002  5.000000e+001
      vertex  0.000000e+000  2.414162e+002  5.000000e+001
    endloop
  endfacet
  facet normal -1.846617e-005 -4.611930e-007 -1.000000e+000
    outer loop
      vertex -2.130000e-002  2.505404e+002  5.000000e+001
      vertex  0.000000e+000  2.414162e+002  5.000000e+001
      vertex -1.280000e-002  2.419287e+002  5.000000e+001
    endloop
  endfacet
  facet normal  9.468028e-004  4.915549e-007 -9.999995e-001
    outer loop
      vertex -2.130000e-002  2.505404e+002  5.000000e+001
      vertex -1.280000e-002  2.419287e+002  5.000000e+001
      vertex -7.490000e-002  2.451349e+002  4.999994e+001
    endloop
  endfacet
  facet normal  2.042597e-003 -1.037416e-005 -9.999979e-001
    outer loop
      vertex -2.130000e-002  2.505404e+002  5.000000e+001
      vertex -7.490000e-002  2.451349e+002  4.999994e+001
      vertex -1.602000e-001  2.474609e+002  4.999974e+001
    endloop
  endfacet
  facet normal  0.000000e+000  -0.000000e+000 -1.000000e+000
    outer loop
      vertex -9.900000e-003  2.539169e+002  5.000000e+001
      vertex  0.000000e+000  2.539946e+002  5.000000e+001
      vertex  0.000000e+000  2.538548e+002  5.000000e+001
    endloop
  endfacet
  facet normal -3.233024e-004  1.250745e-004 -9.999999e-001
    outer loop
      vertex -9.170000e-002  2.726281e+002  4.999992e+001
      vertex  0.000000e+000  2.735361e+002  5.000000e+001
      vertex -1.942000e-001  2.700147e+002  4.999962e+001
    endloop
  endfacet
  facet normal  1.944667e-003  0.000000e+000 -9.999981e-001
    outer loop
      vertex -1.942000e-001  2.700147e+002  4.999962e+001
      vertex  0.000000e+000  2.735361e+002  5.000000e+001
      vertex  0.000000e+000  2.692775e+002  5.000000e+001
    endloop
  endfacet
  facet normal  3.505666e-003  9.629559e-006 -9.999939e-001
    outer loop
      vertex -3.420000e-002  2.521870e+002  4.999999e+001
      vertex -3.213000e-001  2.505404e+002  4.999897e+001
      vertex -3.099000e-001  2.539169e+002  4.999904e+001
    endloop
  endfacet
  facet normal  9.361952e-002  0.000000e+000 -9.956080e-001
    outer loop
      vertex -8.682409e+000  0.000000e+000  4.924039e+001
      vertex -8.682409e+000  5.000000e+002  4.924039e+001
      vertex -6.490000e-001  2.385995e+002  4.999579e+001
    endloop
  endfacet
  facet normal  2.894210e-002  2.190196e-003 -9.995787e-001
    outer loop
      vertex -8.682409e+000  0.000000e+000  4.924039e+001
      vertex -6.490000e-001  2.385995e+002  4.999579e+001
      vertex -4.905000e-001  2.373285e+002  4.999759e+001
    endloop
  endfacet
  facet normal  2.183918e-002  2.435942e-003 -9.997586e-001
    outer loop
      vertex -8.682409e+000  0.000000e+000  4.924039e+001
      vertex -4.905000e-001  2.373285e+002  4.999759e+001
      vertex -2.675000e-001  2.360228e+002  4.999928e+001
    endloop
  endfacet
  facet normal  5.895735e-002  1.107751e-003 -9.982598e-001
    outer loop
      vertex -8.682409e+000  0.000000e+000  4.924039e+001
      vertex -2.675000e-001  2.360228e+002  4.999928e+001
      vertex -7.470000e-002  2.263562e+002  4.999994e+001
    endloop
  endfacet
  facet normal  3.646859e-002  1.966538e-003 -9.993328e-001
    outer loop
      vertex -8.682409e+000  0.000000e+000  4.924039e+001
      vertex -7.470000e-002  2.263562e+002  4.999994e+001
      vertex -1.554312e-015  2.250000e+002  5.000000e+001
    endloop
  endfacet
  facet normal  8.715581e-002  6.020771e-019 -9.961947e-001
    outer loop
      vertex -8.682409e+000  0.000000e+000  4.924039e+001
      vertex -1.554312e-015  2.250000e+002  5.000000e+001
      vertex  0.000000e+000  0.000000e+000  5.000000e+001
    endloop
  endfacet
  facet normal  6.470514e-003 -9.531703e-005 -9.999791e-001
    outer loop
      vertex -4.942000e-001  2.700147e+002  4.999756e+001
      vertex -1.888000e-001  2.688554e+002  4.999965e+001
      vertex -2.900000e-001  2.670681e+002  4.999916e+001
    endloop
  endfacet
  facet normal  7.809278e-003 -2.534975e-006 -9.999695e-001
    outer loop
      vertex -4.942000e-001  2.700147e+002  4.999756e+001
      vertex -2.900000e-001  2.670681e+002  4.999916e+001
      vertex -3.099000e-001  2.539169e+002  4.999904e+001
    endloop
  endfacet
  facet normal  7.649678e-003 -4.362305e-006 -9.999707e-001
    outer loop
      vertex -4.942000e-001  2.700147e+002  4.999756e+001
      vertex -3.099000e-001  2.539169e+002  4.999904e+001
      vertex -3.213000e-001  2.505404e+002  4.999897e+001
    endloop
  endfacet
  facet normal  7.855605e-003 -2.533892e-006 -9.999692e-001
    outer loop
      vertex -4.942000e-001  2.700147e+002  4.999756e+001
      vertex -3.213000e-001  2.505404e+002  4.999897e+001
      vertex -4.602000e-001  2.474609e+002  4.999788e+001
    endloop
  endfacet
  facet normal  1.014307e-002  9.147706e-007 -9.999486e-001
    outer loop
      vertex -4.942000e-001  2.700147e+002  4.999756e+001
      vertex -4.602000e-001  2.474609e+002  4.999788e+001
      vertex -5.526000e-001  2.462065e+002  4.999694e+001
    endloop
  endfacet
  facet normal  8.715581e-002  5.527412e-021 -9.961947e-001
    outer loop
      vertex -8.682409e+000  5.000000e+002  4.924039e+001
      vertex  0.000000e+000  5.000000e+002  5.000000e+001
      vertex  1.426948e-017  2.750000e+002  5.000000e+001
    endloop
  endfacet
  facet normal  1.322889e-002 -2.865266e-003 -9.999084e-001
    outer loop
      vertex -8.682409e+000  5.000000e+002  4.924039e+001
      vertex  1.426948e-017  2.750000e+002  5.000000e+001
      vertex -2.453000e-001  2.740778e+002  4.999940e+001
    endloop
  endfacet
  facet normal  2.891561e-002 -2.278337e-003 -9.995793e-001
    outer loop
      vertex -8.682409e+000  5.000000e+002  4.924039e+001
      vertex -2.453000e-001  2.740778e+002  4.999940e+001
      vertex -3.917000e-001  2.726281e+002  4.999847e+001
    endloop
  endfacet
  facet normal  4.858542e-002 -1.558573e-003 -9.988178e-001
    outer loop
      vertex -8.682409e+000  5.000000e+002  4.924039e+001
      vertex -3.917000e-001  2.726281e+002  4.999847e+001
      vertex -4.942000e-001  2.700147e+002  4.999756e+001
    endloop
  endfacet
  facet normal  8.685901e-002 -1.873607e-004 -9.962206e-001
    outer loop
      vertex -8.682409e+000  5.000000e+002  4.924039e+001
      vertex -4.942000e-001  2.700147e+002  4.999756e+001
      vertex -5.526000e-001  2.462065e+002  4.999694e+001
    endloop
  endfacet
  facet normal  6.990776e-002 -7.343348e-004 -9.975532e-001
    outer loop
      vertex -8.682409e+000  5.000000e+002  4.924039e+001
      vertex -5.526000e-001  2.462065e+002  4.999694e+001
      vertex -6.490000e-001  2.385995e+002  4.999579e+001
    endloop
  endfacet
  facet normal  8.835719e-003  7.934899e-005 -9.999609e-001
    outer loop
      vertex -2.555000e-001  2.396344e+002  4.999935e+001
      vertex -6.490000e-001  2.385995e+002  4.999579e+001
      vertex -3.128000e-001  2.419287e+002  4.999902e+001
    endloop
  endfacet
  facet normal  9.281594e-003  3.431816e-005 -9.999569e-001
    outer loop
      vertex -3.128000e-001  2.419287e+002  4.999902e+001
      vertex -6.490000e-001  2.385995e+002  4.999579e+001
      vertex -5.526000e-001  2.462065e+002  4.999694e+001
    endloop
  endfacet
  facet normal  9.614205e-003  5.296475e-005 -9.999537e-001
    outer loop
      vertex -3.128000e-001  2.419287e+002  4.999902e+001
      vertex -5.526000e-001  2.462065e+002  4.999694e+001
      vertex -3.749000e-001  2.451349e+002  4.999860e+001
    endloop
  endfacet
  facet normal  2.927553e-003  4.852137e-006 -9.999958e-001
    outer loop
      vertex -2.900000e-001  2.670681e+002  4.999916e+001
      vertex  0.000000e+000  2.650565e+002  5.000000e+001
      vertex -3.099000e-001  2.539169e+002  4.999904e+001
    endloop
  endfacet
  facet normal  3.101965e-003  0.000000e+000 -9.999952e-001
    outer loop
      vertex -3.099000e-001  2.539169e+002  4.999904e+001
      vertex  0.000000e+000  2.650565e+002  5.000000e+001
      vertex  0.000000e+000  2.563498e+002  5.000000e+001
    endloop
  endfacet
  facet normal  9.961948e-001  0.000000e+000 -8.715583e-002
    outer loop
      vertex -5.000000e+001  0.000000e+000 -9.184851e-015
      vertex -4.924039e+001  5.000000e+002  8.682409e+000
      vertex -4.924039e+001  0.000000e+000  8.682409e+000
    endloop
  endfacet
  facet normal  9.659259e-001  0.000000e+000 -2.588190e-001
    outer loop
      vertex -4.924039e+001  0.000000e+000  8.682409e+000
      vertex -4.924039e+001  5.000000e+002  8.682409e+000
      vertex -4.698463e+001  5.000000e+002  1.710101e+001
    endloop
  endfacet
  facet normal  9.659259e-001  0.000000e+000 -2.588190e-001
    outer loop
      vertex -4.924039e+001  0.000000e+000  8.682409e+000
      vertex -4.698463e+001  5.000000e+002  1.710101e+001
      vertex -4.698463e+001  0.000000e+000  1.710101e+001
    endloop
  endfacet
  facet normal  9.063078e-001  0.000000e+000 -4.226183e-001
    outer loop
      vertex -4.698463e+001  0.000000e+000  1.710101e+001
      vertex -4.698463e+001  5.000000e+002  1.710101e+001
      vertex -4.330127e+001  5.000000e+002  2.500000e+001
    endloop
  endfacet
  facet normal  9.063078e-001  0.000000e+000 -4.226183e-001
    outer loop
      vertex -4.698463e+001  0.000000e+000  1.710101e+001
      vertex -4.330127e+001  5.000000e+002  2.500000e+001
      vertex -4.330127e+001  0.000000e+000  2.500000e+001
    endloop
  endfacet
  facet normal  8.191522e-001  0.000000e+000 -5.735763e-001
    outer loop
      vertex -4.330127e+001  0.000000e+000  2.500000e+001
      vertex -4.330127e+001  5.000000e+002  2.500000e+001
      vertex -3.830222e+001  5.000000e+002  3.213938e+001
    endloop
  endfacet
  facet normal  8.191522e-001  0.000000e+000 -5.735763e-001
    outer loop
      vertex -4.330127e+001  0.000000e+000  2.500000e+001
      vertex -3.830222e+001  5.000000e+002  3.213938e+001
      vertex -3.830222e+001  0.000000e+000  3.213938e+001
    endloop
  endfacet
  facet normal  7.071068e-001  0.000000e+000 -7.071068e-001
    outer loop
      vertex -3.830222e+001  0.000000e+000  3.213938e+001
      vertex -3.830222e+001  5.000000e+002  3.213938e+001
      vertex -3.213938e+001  5.000000e+002  3.830222e+001
    endloop
  endfacet
  facet normal  7.071068e-001  0.000000e+000 -7.071068e-001
    outer loop
      vertex -3.830222e+001  0.000000e+000  3.213938e+001
      vertex -3.213938e+001  5.000000e+002  3.830222e+001
      vertex -3.213938e+001  0.000000e+000  3.830222e+001
    endloop
  endfacet
  facet normal  5.735763e-001  0.000000e+000 -8.191522e-001
    outer loop
      vertex -3.213938e+001  0.000000e+000  3.830222e+001
      vertex -3.213938e+001  5.000000e+002  3.830222e+001
      vertex -2.500000e+001  5.000000e+002  4.330127e+001
    endloop
  endfacet
  facet normal  5.735763e-001  0.000000e+000 -8.191522e-001
    outer loop
      vertex -3.213938e+001  0.000000e+000  3.830222e+001
      vertex -2.500000e+001  5.000000e+002  4.330127e+001
      vertex -2.500000e+001  0.000000e+000  4.330127e+001
    endloop
  endfacet
  facet normal  4.226183e-001  0.000000e+000 -9.063078e-001
    outer loop
      vertex -2.500000e+001  0.000000e+000  4.330127e+001
      vertex -2.500000e+001  5.000000e+002  4.330127e+001
      vertex -1.710101e+001  5.000000e+002  4.698463e+001
    endloop
  endfacet
  facet normal  4.226183e-001  0.000000e+000 -9.063078e-001
    outer loop
      vertex -2.500000e+001  0.000000e+000  4.330127e+001
      vertex -1.710101e+001  5.000000e+002  4.698463e+001
      vertex -1.710101e+001  0.000000e+000  4.698463e+001
    endloop
  endfacet
  facet normal  2.588190e-001  0.000000e+000 -9.659259e-001
    outer loop
      vertex -1.710101e+001  0.000000e+000  4.698463e+001
      vertex -1.710101e+001  5.000000e+002  4.698463e+001
      vertex -8.682409e+000  5.000000e+002  4.924039e+001
    endloop
  endfacet
  facet normal  2.588190e-001  0.000000e+000 -9.659259e-001
    outer loop
      vertex -1.710101e+001  0.000000e+000  4.698463e+001
      vertex -8.682409e+000  5.000000e+002  4.924039e+001
      vertex -8.682409e+000  0.000000e+000  4.924039e+001
    endloop
  endfacet
  facet normal  9.961948e-001  0.000000e+000 -8.715583e-002
    outer loop
      vertex -4.924039e+001  5.000000e+002  8.682409e+000
      vertex -5.000000e+001  0.000000e+000 -9.184851e-015
      vertex -5.000000e+001  5.000000e+002 -9.184851e-015
    endloop
  endfacet
  facet normal  9.961948e-001  0.000000e+000  8.715583e-002
    outer loop
      vertex -5.000000e+001  5.000000e+002 -9.184851e-015
      vertex -5.000000e+001  0.000000e+000 -9.184851e-015
      vertex -4.924039e+001  0.000000e+000 -8.682409e+000
    endloop
  endfacet
  facet normal  9.961948e-001  -0.000000e+000  8.715583e-002
    outer loop
      vertex -5.000000e+001  5.000000e+002 -9.184851e-015
      vertex -4.924039e+001  0.000000e+000 -8.682409e+000
      vertex -4.924039e+001  5.000000e+002 -8.682409e+000
    endloop
  endfacet
  facet normal  9.659259e-001  0.000000e+000  2.588190e-001
    outer loop
      vertex -4.924039e+001  5.000000e+002 -8.682409e+000
      vertex -4.924039e+001  0.000000e+000 -8.682409e+000
      vertex -4.698463e+001  0.000000e+000 -1.710101e+001
    endloop
  endfacet
  facet normal  9.659259e-001  -0.000000e+000  2.588190e-001
    outer loop
      vertex -4.924039e+001  5.000000e+002 -8.682409e+000
      vertex -4.698463e+001  0.000000e+000 -1.710101e+001
      vertex -4.698463e+001  5.000000e+002 -1.710101e+001
    endloop
  endfacet
  facet normal  9.063078e-001  0.000000e+000  4.226183e-001
    outer loop
      vertex -4.698463e+001  5.000000e+002 -1.710101e+001
      vertex -4.698463e+001  0.000000e+000 -1.710101e+001
      vertex -4.330127e+001  0.000000e+000 -2.500000e+001
    endloop
  endfacet
  facet normal  9.063078e-001  -0.000000e+000  4.226183e-001
    outer loop
      vertex -4.698463e+001  5.000000e+002 -1.710101e+001
      vertex -4.330127e+001  0.000000e+000 -2.500000e+001
      vertex -4.330127e+001  5.000000e+002 -2.500000e+001
    endloop
  endfacet
  facet normal  8.191522e-001  0.000000e+000  5.735763e-001
    outer loop
      vertex -4.330127e+001  5.000000e+002 -2.500000e+001
      vertex -4.330127e+001  0.000000e+000 -2.500000e+001
      vertex -3.830222e+001  0.000000e+000 -3.213938e+001
    endloop
  endfacet
  facet normal  8.191522e-001  -0.000000e+000  5.735763e-001
    outer loop
      vertex -4.330127e+001  5.000000e+002 -2.500000e+001
      vertex -3.830222e+001  0.000000e+000 -3.213938e+001
      vertex -3.830222e+001  5.000000e+002 -3.213938e+001
    endloop
  endfacet
  facet normal  7.071068e-001  0.000000e+000  7.071068e-001
    outer loop
      vertex -3.830222e+001  5.000000e+002 -3.213938e+001
      vertex -3.830222e+001  0.000000e+000 -3.213938e+001
      vertex -3.213938e+001  0.000000e+000 -3.830222e+001
    endloop
  endfacet
  facet normal  7.071068e-001  -0.000000e+000  7.071068e-001
    outer loop
      vertex -3.830222e+001  5.000000e+002 -3.213938e+001
      vertex -3.213938e+001  0.000000e+000 -3.830222e+001
      vertex -3.213938e+001  5.000000e+002 -3.830222e+001
    endloop
  endfacet
  facet normal  5.735763e-001  0.000000e+000  8.191522e-001
    outer loop
      vertex -3.213938e+001  5.000000e+002 -3.830222e+001
      vertex -3.213938e+001  0.000000e+000 -3.830222e+001
      vertex -2.500000e+001  0.000000e+000 -4.330127e+001
    endloop
  endfacet
  facet normal  5.735763e-001  -0.000000e+000  8.191522e-001
    outer loop
      vertex -3.213938e+001  5.000000e+002 -3.830222e+001
      vertex -2.500000e+001  0.000000e+000 -4.330127e+001
      vertex -2.500000e+001  5.000000e+002 -4.330127e+001
    endloop
  endfacet
  facet normal  4.226183e-001  0.000000e+000  9.063078e-001
    outer loop
      vertex -2.500000e+001  5.000000e+002 -4.330127e+001
      vertex -2.500000e+001  0.000000e+000 -4.330127e+001
      vertex -1.710101e+001  0.000000e+000 -4.698463e+001
    endloop
  endfacet
  facet normal  4.226183e-001  -0.000000e+000  9.063078e-001
    outer loop
      vertex -2.500000e+001  5.000000e+002 -4.330127e+001
      vertex -1.710101e+001  0.000000e+000 -4.698463e+001
      vertex -1.710101e+001  5.000000e+002 -4.698463e+001
    endloop
  endfacet
  facet normal  2.588190e-001  0.000000e+000  9.659259e-001
    outer loop
      vertex -1.710101e+001  5.000000e+002 -4.698463e+001
      vertex -1.710101e+001  0.000000e+000 -4.698463e+001
      vertex -8.682409e+000  0.000000e+000 -4.924039e+001
    endloop
  endfacet
  facet normal  2.588190e-001  -0.000000e+000  9.659259e-001
    outer loop
      vertex -1.710101e+001  5.000000e+002 -4.698463e+001
      vertex -8.682409e+000  0.000000e+000 -4.924039e+001
      vertex -8.682409e+000  5.000000e+002 -4.924039e+001
    endloop
  endfacet
  facet normal  8.715583e-002  0.000000e+000  9.961948e-001
    outer loop
      vertex -8.682409e+000  5.000000e+002 -4.924039e+001
      vertex -8.682409e+000  0.000000e+000 -4.924039e+001
      vertex  6.123234e-015  0.000000e+000 -5.000000e+001
    endloop
  endfacet
  facet normal  8.715583e-002  -0.000000e+000  9.961948e-001
    outer loop
      vertex -8.682409e+000  5.000000e+002 -4.924039e+001
      vertex  6.123234e-015  0.000000e+000 -5.000000e+001
      vertex  6.123234e-015  5.000000e+002 -5.000000e+001
    endloop
  endfacet
  facet normal  3.184426e-003 -4.756775e-006 -9.999949e-001
    outer loop
      vertex -2.675000e-001  2.360228e+002  4.999928e+001
      vertex -5.400000e-002  2.346002e+002  4.999997e+001
      vertex -7.470000e-002  2.263562e+002  4.999994e+001
    endloop
  endfacet
  facet normal  5.839791e-004  1.772745e-006 -9.999998e-001
    outer loop
      vertex -7.470000e-002  2.263562e+002  4.999994e+001
      vertex -5.400000e-002  2.346002e+002  4.999997e+001
      vertex  0.000000e+000  2.340264e+002  5.000000e+001
    endloop
  endfacet
  facet normal  7.660033e-004  0.000000e+000 -9.999997e-001
    outer loop
      vertex -7.470000e-002  2.263562e+002  4.999994e+001
      vertex  0.000000e+000  2.340264e+002  5.000000e+001
      vertex  0.000000e+000  2.270345e+002  5.000000e+001
    endloop
  endfacet
  facet normal -7.376484e-004  0.000000e+000 -9.999997e-001
    outer loop
      vertex  0.000000e+000  2.650565e+002  5.000000e+001
      vertex  7.240000e-002  2.645543e+002  4.999995e+001
      vertex  0.000000e+000  2.563498e+002  5.000000e+001
    endloop
  endfacet
  facet normal -1.550417e-003  7.172223e-006 -9.999988e-001
    outer loop
      vertex  0.000000e+000  2.563498e+002  5.000000e+001
      vertex  7.240000e-002  2.645543e+002  4.999995e+001
      vertex  1.128000e-001  2.631820e+002  4.999987e+001
    endloop
  endfacet
  facet normal -1.087183e-003 -4.757882e-007 -9.999995e-001
    outer loop
      vertex  0.000000e+000  2.563498e+002  5.000000e+001
      vertex  1.128000e-001  2.631820e+002  4.999987e+001
      vertex  1.084000e-001  2.572008e+002  4.999988e+001
    endloop
  endfacet
  facet normal -4.620660e-003  2.123586e-006 -9.999893e-001
    outer loop
      vertex  1.084000e-001  2.572008e+002  4.999988e+001
      vertex  1.128000e-001  2.631820e+002  4.999987e+001
      vertex  3.497000e-001  2.613047e+002  4.999878e+001
    endloop
  endfacet
  facet normal -4.828358e-003  1.433602e-005 -9.999884e-001
    outer loop
      vertex  1.084000e-001  2.572008e+002  4.999988e+001
      vertex  3.497000e-001  2.613047e+002  4.999878e+001
      vertex  3.686000e-001  2.583571e+002  4.999864e+001
    endloop
  endfacet
  facet normal -2.616780e-003  0.000000e+000 -9.999965e-001
    outer loop
      vertex  0.000000e+000  2.340264e+002  5.000000e+001
      vertex  2.624000e-001  2.312379e+002  4.999931e+001
      vertex  0.000000e+000  2.270345e+002  5.000000e+001
    endloop
  endfacet
  facet normal -1.558932e-003 -6.603751e-005 -9.999988e-001
    outer loop
      vertex  0.000000e+000  2.270345e+002  5.000000e+001
      vertex  2.624000e-001  2.312379e+002  4.999931e+001
      vertex  2.156000e-001  2.289923e+002  4.999953e+001
    endloop
  endfacet
  facet normal -8.082341e-002 -4.343943e-004 -9.967283e-001
    outer loop
      vertex  8.682409e+000  5.000000e+002  4.924039e+001
      vertex  6.686000e-001  2.583571e+002  4.999553e+001
      vertex  6.497000e-001  2.613047e+002  4.999578e+001
    endloop
  endfacet
  facet normal -4.286176e-004  -0.000000e+000 -9.999999e-001
    outer loop
      vertex  0.000000e+000  2.414162e+002  5.000000e+001
      vertex  0.000000e+000  2.506626e+002  5.000000e+001
      vertex  4.450000e-002  2.396344e+002  4.999998e+001
    endloop
  endfacet
  facet normal -3.091179e-003  1.067299e-004 -9.999953e-001
    outer loop
      vertex  1.000000e-002  2.670681e+002  5.000000e+001
      vertex  1.112000e-001  2.688554e+002  4.999988e+001
      vertex  3.724000e-001  2.645543e+002  4.999861e+001
    endloop
  endfacet
  facet normal -8.715581e-002 -2.196037e-004 -9.961947e-001
    outer loop
      vertex  0.000000e+000  5.000000e+002  5.000000e+001
      vertex  8.682409e+000  5.000000e+002  4.924039e+001
      vertex  6.497000e-001  2.613047e+002  4.999578e+001
    endloop
  endfacet
  facet normal -1.071808e-002 -1.148288e-005 -9.999425e-001
    outer loop
      vertex  0.000000e+000  5.000000e+002  5.000000e+001
      vertex  6.497000e-001  2.613047e+002  4.999578e+001
      vertex  4.128000e-001  2.631820e+002  4.999829e+001
    endloop
  endfacet
  facet normal -8.070119e-003 -6.867008e-006 -9.999673e-001
    outer loop
      vertex  0.000000e+000  5.000000e+002  5.000000e+001
      vertex  4.128000e-001  2.631820e+002  4.999829e+001
      vertex  3.724000e-001  2.645543e+002  4.999861e+001
    endloop
  endfacet
  facet normal -4.878590e-003 -1.818907e-006 -9.999881e-001
    outer loop
      vertex  0.000000e+000  5.000000e+002  5.000000e+001
      vertex  3.724000e-001  2.645543e+002  4.999861e+001
      vertex  1.112000e-001  2.688554e+002  4.999988e+001
    endloop
  endfacet
  facet normal -1.644722e-003 -2.631382e-007 -9.999987e-001
    outer loop
      vertex  0.000000e+000  5.000000e+002  5.000000e+001
      vertex  1.112000e-001  2.688554e+002  4.999988e+001
      vertex  5.470000e-002  2.740778e+002  4.999997e+001
    endloop
  endfacet
  facet normal -5.579081e-004  0.000000e+000 -9.999998e-001
    outer loop
      vertex  0.000000e+000  5.000000e+002  5.000000e+001
      vertex  5.470000e-002  2.740778e+002  4.999997e+001
      vertex  1.426948e-017  2.750000e+002  5.000000e+001
    endloop
  endfacet
  facet normal -2.251901e-003 -1.555626e-020 -9.999974e-001
    outer loop
      vertex  0.000000e+000  0.000000e+000  5.000000e+001
      vertex -1.554312e-015  2.250000e+002  5.000000e+001
      vertex  2.253000e-001  2.263562e+002  4.999949e+001
    endloop
  endfacet
  facet normal -7.458110e-003  5.181972e-006 -9.999721e-001
    outer loop
      vertex  0.000000e+000  0.000000e+000  5.000000e+001
      vertex  2.253000e-001  2.263562e+002  4.999949e+001
      vertex  5.156000e-001  2.289923e+002  4.999734e+001
    endloop
  endfacet
  facet normal -1.143728e-002  1.414193e-005 -9.999346e-001
    outer loop
      vertex  0.000000e+000  0.000000e+000  5.000000e+001
      vertex  5.156000e-001  2.289923e+002  4.999734e+001
      vertex  5.624000e-001  2.312379e+002  4.999684e+001
    endloop
  endfacet
  facet normal -2.329136e-002  4.297537e-005 -9.997287e-001
    outer loop
      vertex  0.000000e+000  0.000000e+000  5.000000e+001
      vertex  5.624000e-001  2.312379e+002  4.999684e+001
      vertex  6.686000e-001  2.583571e+002  4.999553e+001
    endloop
  endfacet
  facet normal -1.011187e-001  2.444680e-004 -9.948744e-001
    outer loop
      vertex  0.000000e+000  0.000000e+000  5.000000e+001
      vertex  6.686000e-001  2.583571e+002  4.999553e+001
      vertex  8.682409e+000  5.000000e+002  4.924039e+001
    endloop
  endfacet
  facet normal -8.715583e-002  -0.000000e+000 -9.961948e-001
    outer loop
      vertex  0.000000e+000  0.000000e+000  5.000000e+001
      vertex  8.682409e+000  5.000000e+002  4.924039e+001
      vertex  8.682409e+000  0.000000e+000  4.924039e+001
    endloop
  endfacet
  facet normal -6.812491e-003  2.030356e-006 -9.999768e-001
    outer loop
      vertex  2.460000e-001  2.346002e+002  4.999939e+001
      vertex  2.658000e-001  2.521870e+002  4.999929e+001
      vertex  4.084000e-001  2.572008e+002  4.999833e+001
    endloop
  endfacet
  facet normal -3.273844e-003 -9.861732e-005 -9.999946e-001
    outer loop
      vertex  4.084000e-001  2.572008e+002  4.999833e+001
      vertex  2.658000e-001  2.521870e+002  4.999929e+001
      vertex  0.000000e+000  2.538548e+002  5.000000e+001
    endloop
  endfacet
  facet normal -4.081804e-003  0.000000e+000 -9.999917e-001
    outer loop
      vertex  4.084000e-001  2.572008e+002  4.999833e+001
      vertex  0.000000e+000  2.538548e+002  5.000000e+001
      vertex  0.000000e+000  2.539946e+002  5.000000e+001
    endloop
  endfacet
  facet normal -1.091495e-002  3.151093e-005 -9.999405e-001
    outer loop
      vertex  4.084000e-001  2.572008e+002  4.999833e+001
      vertex  6.686000e-001  2.583571e+002  4.999553e+001
      vertex  2.460000e-001  2.346002e+002  4.999939e+001
    endloop
  endfacet
  facet normal -8.247120e-003 -1.595003e-005 -9.999660e-001
    outer loop
      vertex  2.460000e-001  2.346002e+002  4.999939e+001
      vertex  6.686000e-001  2.583571e+002  4.999553e+001
      vertex  5.624000e-001  2.312379e+002  4.999684e+001
    endloop
  endfacet
  facet normal -2.740708e-003  6.993885e-006 -9.999962e-001
    outer loop
      vertex  3.250000e-002  2.360228e+002  4.999999e+001
      vertex  4.450000e-002  2.396344e+002  4.999998e+001
      vertex  2.460000e-001  2.346002e+002  4.999939e+001
    endloop
  endfacet
  facet normal -3.194244e-003 -1.115966e-005 -9.999949e-001
    outer loop
      vertex  2.460000e-001  2.346002e+002  4.999939e+001
      vertex  4.450000e-002  2.396344e+002  4.999998e+001
      vertex  0.000000e+000  2.506626e+002  5.000000e+001
    endloop
  endfacet
  facet normal -2.639767e-003 -2.667595e-006 -9.999965e-001
    outer loop
      vertex  2.460000e-001  2.346002e+002  4.999939e+001
      vertex  0.000000e+000  2.506626e+002  5.000000e+001
      vertex  2.658000e-001  2.521870e+002  4.999929e+001
    endloop
  endfacet
  facet normal -6.607200e-004  1.038262e-005 -9.999998e-001
    outer loop
      vertex  5.470000e-002  2.740778e+002  4.999997e+001
      vertex  1.112000e-001  2.688554e+002  4.999988e+001
      vertex  0.000000e+000  2.735361e+002  5.000000e+001
    endloop
  endfacet
  facet normal -1.097754e-003  -0.000000e+000 -9.999993e-001
    outer loop
      vertex  0.000000e+000  2.735361e+002  5.000000e+001
      vertex  1.112000e-001  2.688554e+002  4.999988e+001
      vertex  0.000000e+000  2.692775e+002  5.000000e+001
    endloop
  endfacet
  facet normal -9.659259e-001  0.000000e+000  2.588190e-001
    outer loop
      vertex  4.924039e+001  0.000000e+000 -8.682409e+000
      vertex  4.698463e+001  5.000000e+002 -1.710101e+001
      vertex  4.698463e+001  0.000000e+000 -1.710101e+001
    endloop
  endfacet
  facet normal -9.063078e-001  0.000000e+000  4.226183e-001
    outer loop
      vertex  4.698463e+001  0.000000e+000 -1.710101e+001
      vertex  4.698463e+001  5.000000e+002 -1.710101e+001
      vertex  4.330127e+001  5.000000e+002 -2.500000e+001
    endloop
  endfacet
  facet normal -9.063078e-001  0.000000e+000  4.226183e-001
    outer loop
      vertex  4.698463e+001  0.000000e+000 -1.710101e+001
      vertex  4.330127e+001  5.000000e+002 -2.500000e+001
      vertex  4.330127e+001  0.000000e+000 -2.500000e+001
    endloop
  endfacet
  facet normal -8.191522e-001  0.000000e+000  5.735763e-001
    outer loop
      vertex  4.330127e+001  0.000000e+000 -2.500000e+001
      vertex  4.330127e+001  5.000000e+002 -2.500000e+001
      vertex  3.830222e+001  5.000000e+002 -3.213938e+001
    endloop
  endfacet
  facet normal -8.191522e-001  0.000000e+000  5.735763e-001
    outer loop
      vertex  4.330127e+001  0.000000e+000 -2.500000e+001
      vertex  3.830222e+001  5.000000e+002 -3.213938e+001
      vertex  3.830222e+001  0.000000e+000 -3.213938e+001
    endloop
  endfacet
  facet normal -7.071068e-001  0.000000e+000  7.071068e-001
    outer loop
      vertex  3.830222e+001  0.000000e+000 -3.213938e+001
      vertex  3.830222e+001  5.000000e+002 -3.213938e+001
      vertex  3.213938e+001  5.000000e+002 -3.830222e+001
    endloop
  endfacet
  facet normal -7.071068e-001  0.000000e+000  7.071068e-001
    outer loop
      vertex  3.830222e+001  0.000000e+000 -3.213938e+001
      vertex  3.213938e+001  5.000000e+002 -3.830222e+001
      vertex  3.213938e+001  0.000000e+000 -3.830222e+001
    endloop
  endfacet
  facet normal -5.735763e-001  0.000000e+000  8.191522e-001
    outer loop
      vertex  3.213938e+001  0.000000e+000 -3.830222e+001
      vertex  3.213938e+001  5.000000e+002 -3.830222e+001
      vertex  2.500000e+001  5.000000e+002 -4.330127e+001
    endloop
  endfacet
  facet normal -5.735763e-001  0.000000e+000  8.191522e-001
    outer loop
      vertex  3.213938e+001  0.000000e+000 -3.830222e+001
      vertex  2.500000e+001  5.000000e+002 -4.330127e+001
      vertex  2.500000e+001  0.000000e+000 -4.330127e+001
    endloop
  endfacet
  facet normal -4.226183e-001  0.000000e+000  9.063078e-001
    outer loop
      vertex  2.500000e+001  0.000000e+000 -4.330127e+001
      vertex  2.500000e+001  5.000000e+002 -4.330127e+001
      vertex  1.710101e+001  5.000000e+002 -4.698463e+001
    endloop
  endfacet
  facet normal -4.226183e-001  0.000000e+000  9.063078e-001
    outer loop
      vertex  2.500000e+001  0.000000e+000 -4.330127e+001
      vertex  1.710101e+001  5.000000e+002 -4.698463e+001
      vertex  1.710101e+001  0.000000e+000 -4.698463e+001
    endloop
  endfacet
  facet normal -2.588190e-001  0.000000e+000  9.659259e-001
    outer loop
      vertex  1.710101e+001  0.000000e+000 -4.698463e+001
      vertex  1.710101e+001  5.000000e+002 -4.698463e+001
      vertex  8.682409e+000  5.000000e+002 -4.924039e+001
    endloop
  endfacet
  facet normal -2.588190e-001  0.000000e+000  9.659259e-001
    outer loop
      vertex  1.710101e+001  0.000000e+000 -4.698463e+001
      vertex  8.682409e+000  5.000000e+002 -4.924039e+001
      vertex  8.682409e+000  0.000000e+000 -4.924039e+001
    endloop
  endfacet
  facet normal -8.715583e-002  0.000000e+000  9.961948e-001
    outer loop
      vertex  8.682409e+000  0.000000e+000 -4.924039e+001
      vertex  8.682409e+000  5.000000e+002 -4.924039e+001
      vertex  6.123234e-015  5.000000e+002 -5.000000e+001
    endloop
  endfacet
  facet normal -8.715583e-002  0.000000e+000  9.961948e-001
    outer loop
      vertex  8.682409e+000  0.000000e+000 -4.924039e+001
      vertex  6.123234e-015  5.000000e+002 -5.000000e+001
      vertex  6.123234e-015  0.000000e+000 -5.000000e+001
    endloop
  endfacet
  facet normal -9.659259e-001  0.000000e+000  2.588190e-001
    outer loop
      vertex  4.698463e+001  5.000000e+002 -1.710101e+001
      vertex  4.924039e+001  0.000000e+000 -8.682409e+000
      vertex  4.924039e+001  5.000000e+002 -8.682409e+000
    endloop
  endfacet
  facet normal -9.961948e-001  0.000000e+000  8.715583e-002
    outer loop
      vertex  4.924039e+001  5.000000e+002 -8.682409e+000
      vertex  4.924039e+001  0.000000e+000 -8.682409e+000
      vertex  5.000000e+001  0.000000e+000  3.061617e-015
    endloop
  endfacet
  facet normal -9.961948e-001  0.000000e+000  8.715583e-002
    outer loop
      vertex  4.924039e+001  5.000000e+002 -8.682409e+000
      vertex  5.000000e+001  0.000000e+000  3.061617e-015
      vertex  5.000000e+001  5.000000e+002  3.061617e-015
    endloop
  endfacet
  facet normal -9.961948e-001  -0.000000e+000 -8.715583e-002
    outer loop
      vertex  5.000000e+001  5.000000e+002  3.061617e-015
      vertex  5.000000e+001  0.000000e+000  3.061617e-015
      vertex  4.924039e+001  0.000000e+000  8.682409e+000
    endloop
  endfacet
  facet normal -9.961948e-001  0.000000e+000 -8.715583e-002
    outer loop
      vertex  5.000000e+001  5.000000e+002  3.061617e-015
      vertex  4.924039e+001  0.000000e+000  8.682409e+000
      vertex  4.924039e+001  5.000000e+002  8.682409e+000
    endloop
  endfacet
  facet normal -9.659259e-001  -0.000000e+000 -2.588190e-001
    outer loop
      vertex  4.924039e+001  5.000000e+002  8.682409e+000
      vertex  4.924039e+001  0.000000e+000  8.682409e+000
      vertex  4.698463e+001  0.000000e+000  1.710101e+001
    endloop
  endfacet
  facet normal -9.659259e-001  0.000000e+000 -2.588190e-001
    outer loop
      vertex  4.924039e+001  5.000000e+002  8.682409e+000
      vertex  4.698463e+001  0.000000e+000  1.710101e+001
      vertex  4.698463e+001  5.000000e+002  1.710101e+001
    endloop
  endfacet
  facet normal -9.063078e-001  -0.000000e+000 -4.226183e-001
    outer loop
      vertex  4.698463e+001  5.000000e+002  1.710101e+001
      vertex  4.698463e+001  0.000000e+000  1.710101e+001
      vertex  4.330127e+001  0.000000e+000  2.500000e+001
    endloop
  endfacet
  facet normal -9.063078e-001  0.000000e+000 -4.226183e-001
    outer loop
      vertex  4.698463e+001  5.000000e+002  1.710101e+001
      vertex  4.330127e+001  0.000000e+000  2.500000e+001
      vertex  4.330127e+001  5.000000e+002  2.500000e+001
    endloop
  endfacet
  facet normal -8.191522e-001  -0.000000e+000 -5.735763e-001
    outer loop
      vertex  4.330127e+001  5.000000e+002  2.500000e+001
      vertex  4.330127e+001  0.000000e+000  2.500000e+001
      vertex  3.830222e+001  0.000000e+000  3.213938e+001
    endloop
  endfacet
  facet normal -8.191522e-001  0.000000e+000 -5.735763e-001
    outer loop
      vertex  4.330127e+001  5.000000e+002  2.500000e+001
      vertex  3.830222e+001  0.000000e+000  3.213938e+001
      vertex  3.830222e+001  5.000000e+002  3.213938e+001
    endloop
  endfacet
  facet normal -7.071068e-001  -0.000000e+000 -7.071068e-001
    outer loop
      vertex  3.830222e+001  5.000000e+002  3.213938e+001
      vertex  3.830222e+001  0.000000e+000  3.213938e+001
      vertex  3.213938e+001  0.000000e+000  3.830222e+001
    endloop
  endfacet
  facet normal -7.071068e-001  0.000000e+000 -7.071068e-001
    outer loop
      vertex  3.830222e+001  5.000000e+002  3.213938e+001
      vertex  3.213938e+001  0.000000e+000  3.830222e+001
      vertex  3.213938e+001  5.000000e+002  3.830222e+001
    endloop
  endfacet
  facet normal -5.735763e-001  -0.000000e+000 -8.191522e-001
    outer loop
      vertex  3.213938e+001  5.000000e+002  3.830222e+001
      vertex  3.213938e+001  0.000000e+000  3.830222e+001
      vertex  2.500000e+001  0.000000e+000  4.330127e+001
    endloop
  endfacet
  facet normal -5.735763e-001  0.000000e+000 -8.191522e-001
    outer loop
      vertex  3.213938e+001  5.000000e+002  3.830222e+001
      vertex  2.500000e+001  0.000000e+000  4.330127e+001
      vertex  2.500000e+001  5.000000e+002  4.330127e+001
    endloop
  endfacet
  facet normal -4.226183e-001  -0.000000e+000 -9.063078e-001
    outer loop
      vertex  2.500000e+001  5.000000e+002  4.330127e+001
      vertex  2.500000e+001  0.000000e+000  4.330127e+001
      vertex  1.710101e+001  0.000000e+000  4.698463e+001
    endloop
  endfacet
  facet normal -4.226183e-001  0.000000e+000 -9.063078e-001
    outer loop
      vertex  2.500000e+001  5.000000e+002  4.330127e+001
      vertex  1.710101e+001  0.000000e+000  4.698463e+001
      vertex  1.710101e+001  5.000000e+002  4.698463e+001
    endloop
  endfacet
  facet normal -2.588190e-001  -0.000000e+000 -9.659259e-001
    outer loop
      vertex  1.710101e+001  5.000000e+002  4.698463e+001
      vertex  1.710101e+001  0.000000e+000  4.698463e+001
      vertex  8.682409e+000  0.000000e+000  4.924039e+001
    endloop
  endfacet
  facet normal -2.588190e-001  0.000000e+000 -9.659259e-001
    outer loop
      vertex  1.710101e+001  5.000000e+002  4.698463e+001
      vertex  8.682409e+000  0.000000e+000  4.924039e+001
      vertex  8.682409e+000  5.000000e+002  4.924039e+001
    endloop
  endfacet
  facet normal -4.286176e-004  0.000000e+000 -9.999999e-001
    outer loop
      vertex  0.000000e+000  2.395174e+002  5.000000e+001
      vertex  4.450000e-002  2.396344e+002  4.999998e+001
      vertex  0.000000e+000  2.362131e+002  5.000000e+001
    endloop
  endfacet
  facet normal -3.575390e-004 -9.244995e-007 -1.000000e+000
    outer loop
      vertex  0.000000e+000  2.362131e+002  5.000000e+001
      vertex  4.450000e-002  2.396344e+002  4.999998e+001
      vertex  3.250000e-002  2.360228e+002  4.999999e+001
    endloop
  endfacet
  facet normal  5.708841e-005  5.613670e-001 -8.275670e-001
    outer loop
      vertex -7.470000e-002  2.263562e+002  5.091995e+001
      vertex -1.227025e-002  2.269231e+002  5.130450e+001
      vertex -1.554312e-015  2.250000e+002  5.000000e+001
    endloop
  endfacet
  facet normal  0.000000e+000  5.613666e-001 -8.275672e-001
    outer loop
      vertex -1.554312e-015  2.250000e+002  5.000000e+001
      vertex -1.227025e-002  2.269231e+002  5.130450e+001
      vertex  2.877297e-001  2.269231e+002  5.130450e+001
    endloop
  endfacet
  facet normal -1.684149e-004  5.613838e-001 -8.275556e-001
    outer loop
      vertex -1.554312e-015  2.250000e+002  5.000000e+001
      vertex  2.877297e-001  2.269231e+002  5.130450e+001
      vertex  2.253000e-001  2.263562e+002  5.091995e+001
    endloop
  endfacet
  facet normal -1.183373e-004 -7.498354e-001 -6.616244e-001
    outer loop
      vertex  5.470000e-002  2.740778e+002  5.104515e+001
      vertex -4.637730e-002  2.730769e+002  5.217950e+001
      vertex  1.426948e-017  2.750000e+002  5.000000e+001
    endloop
  endfacet
  facet normal  0.000000e+000 -7.498367e-001 -6.616230e-001
    outer loop
      vertex  1.426948e-017  2.750000e+002  5.000000e+001
      vertex -4.637730e-002  2.730769e+002  5.217950e+001
      vertex -3.463773e-001  2.730769e+002  5.217950e+001
    endloop
  endfacet
  facet normal  1.149635e-004 -7.498457e-001 -6.616126e-001
    outer loop
      vertex  1.426948e-017  2.750000e+002  5.000000e+001
      vertex -3.463773e-001  2.730769e+002  5.217950e+001
      vertex -2.453000e-001  2.740778e+002  5.104515e+001
    endloop
  endfacet
  facet normal  0.000000e+000  2.440652e-001 -9.697588e-001
    outer loop
      vertex  2.877297e-001  2.269231e+002  5.130450e+001
      vertex -1.227025e-002  2.269231e+002  5.130450e+001
      vertex  4.995108e-001  2.288462e+002  5.178850e+001
    endloop
  endfacet
  facet normal  0.000000e+000  2.440652e-001 -9.697587e-001
    outer loop
      vertex  4.995108e-001  2.288462e+002  5.178850e+001
      vertex -1.227025e-002  2.269231e+002  5.130450e+001
      vertex  1.995108e-001  2.288462e+002  5.178850e+001
    endloop
  endfacet
  facet normal  1.197397e-005  1.974881e-001 -9.803053e-001
    outer loop
      vertex  5.526319e-001  2.307692e+002  5.217590e+001
      vertex  5.156000e-001  2.289923e+002  5.181793e+001
      vertex  4.995108e-001  2.288462e+002  5.178850e+001
    endloop
  endfacet
  facet normal  0.000000e+000  1.974894e-001 -9.803050e-001
    outer loop
      vertex  1.995108e-001  2.288462e+002  5.178850e+001
      vertex  2.156000e-001  2.289923e+002  5.181793e+001
      vertex  4.995108e-001  2.288462e+002  5.178850e+001
    endloop
  endfacet
  facet normal -5.443240e-007  1.974884e-001 -9.803053e-001
    outer loop
      vertex  4.995108e-001  2.288462e+002  5.178850e+001
      vertex  2.156000e-001  2.289923e+002  5.181793e+001
      vertex  2.526319e-001  2.307692e+002  5.217590e+001
    endloop
  endfacet
  facet normal  0.000000e+000  1.974884e-001 -9.803053e-001
    outer loop
      vertex  4.995108e-001  2.288462e+002  5.178850e+001
      vertex  2.526319e-001  2.307692e+002  5.217590e+001
      vertex  5.526319e-001  2.307692e+002  5.217590e+001
    endloop
  endfacet
  facet normal  0.000000e+000  1.332700e-001 -9.910797e-001
    outer loop
      vertex  2.526319e-001  2.307692e+002  5.217590e+001
      vertex  2.624000e-001  2.312379e+002  5.223893e+001
      vertex  5.526319e-001  2.307692e+002  5.217590e+001
    endloop
  endfacet
  facet normal -1.394747e-005  1.332703e-001 -9.910797e-001
    outer loop
      vertex  5.624000e-001  2.312379e+002  5.223893e+001
      vertex  5.526319e-001  2.307692e+002  5.217590e+001
      vertex  4.255377e-001  2.326923e+002  5.243450e+001
    endloop
  endfacet
  facet normal  2.191930e-006  1.332713e-001 -9.910796e-001
    outer loop
      vertex  4.255377e-001  2.326923e+002  5.243450e+001
      vertex  5.526319e-001  2.307692e+002  5.217590e+001
      vertex  2.624000e-001  2.312379e+002  5.223893e+001
    endloop
  endfacet
  facet normal  0.000000e+000  1.332716e-001 -9.910796e-001
    outer loop
      vertex  4.255377e-001  2.326923e+002  5.243450e+001
      vertex  2.624000e-001  2.312379e+002  5.223893e+001
      vertex  1.255377e-001  2.326923e+002  5.243450e+001
    endloop
  endfacet
  facet normal  0.000000e+000  1.295221e-001 -9.915766e-001
    outer loop
      vertex  4.255377e-001  2.326923e+002  5.243450e+001
      vertex  1.255377e-001  2.326923e+002  5.243450e+001
      vertex  2.460000e-001  2.346002e+002  5.268372e+001
    endloop
  endfacet
  facet normal  4.663682e-004  1.294931e-001 -9.915802e-001
    outer loop
      vertex  1.255377e-001  2.326923e+002  5.243450e+001
      vertex  2.437188e-001  2.346154e+002  5.268570e+001
      vertex  2.460000e-001  2.346002e+002  5.268372e+001
    endloop
  endfacet
  facet normal -5.052266e-006  1.295216e-001 -9.915767e-001
    outer loop
      vertex  1.255377e-001  2.326923e+002  5.243450e+001
      vertex -5.400000e-002  2.346002e+002  5.268372e+001
      vertex  2.437188e-001  2.346154e+002  5.268570e+001
    endloop
  endfacet
  facet normal  0.000000e+000  1.294243e-001 -9.915893e-001
    outer loop
      vertex -5.400000e-002  2.346002e+002  5.268372e+001
      vertex -5.628118e-002  2.346154e+002  5.268570e+001
      vertex  2.437188e-001  2.346154e+002  5.268570e+001
    endloop
  endfacet
  facet normal  0.000000e+000  9.473117e-002 -9.955029e-001
    outer loop
      vertex  2.437188e-001  2.346154e+002  5.268570e+001
      vertex -5.628118e-002  2.346154e+002  5.268570e+001
      vertex  3.250000e-002  2.360228e+002  5.281963e+001
    endloop
  endfacet
  facet normal  1.162314e-005  9.473044e-002 -9.955029e-001
    outer loop
      vertex -5.628118e-002  2.346154e+002  5.268570e+001
      vertex -5.557621e-002  2.365385e+002  5.286870e+001
      vertex  3.250000e-002  2.360228e+002  5.281963e+001
    endloop
  endfacet
  facet normal -4.827091e-006  9.473044e-002 -9.955030e-001
    outer loop
      vertex -5.628118e-002  2.346154e+002  5.268570e+001
      vertex -2.675000e-001  2.360228e+002  5.281963e+001
      vertex -5.557621e-002  2.365385e+002  5.286870e+001
    endloop
  endfacet
  facet normal  0.000000e+000  9.472848e-002 -9.955032e-001
    outer loop
      vertex -2.675000e-001  2.360228e+002  5.281963e+001
      vertex -3.555762e-001  2.365385e+002  5.286870e+001
      vertex -5.557621e-002  2.365385e+002  5.286870e+001
    endloop
  endfacet
  facet normal  0.000000e+000  7.807726e-002 -9.969472e-001
    outer loop
      vertex -5.557621e-002  2.365385e+002  5.286870e+001
      vertex -3.555762e-001  2.365385e+002  5.286870e+001
      vertex -1.905000e-001  2.373285e+002  5.293057e+001
    endloop
  endfacet
  facet normal  5.819873e-006  7.807606e-002 -9.969474e-001
    outer loop
      vertex -1.905000e-001  2.373285e+002  5.293057e+001
      vertex -3.555762e-001  2.365385e+002  5.286870e+001
      vertex -3.317907e-001  2.384615e+002  5.301930e+001
    endloop
  endfacet
  facet normal -6.246597e-006  7.807620e-002 -9.969473e-001
    outer loop
      vertex -3.317907e-001  2.384615e+002  5.301930e+001
      vertex -3.555762e-001  2.365385e+002  5.286870e+001
      vertex -4.905000e-001  2.373285e+002  5.293057e+001
    endloop
  endfacet
  facet normal  0.000000e+000  7.807534e-002 -9.969475e-001
    outer loop
      vertex -3.317907e-001  2.384615e+002  5.301930e+001
      vertex -4.905000e-001  2.373285e+002  5.293057e+001
      vertex -6.317907e-001  2.384615e+002  5.301930e+001
    endloop
  endfacet
  facet normal  0.000000e+000  8.313666e-002 -9.965382e-001
    outer loop
      vertex -6.490000e-001  2.385995e+002  5.303081e+001
      vertex -3.317907e-001  2.384615e+002  5.301930e+001
      vertex -6.317907e-001  2.384615e+002  5.301930e+001
    endloop
  endfacet
  facet normal  0.000000e+000  8.313666e-002 -9.965382e-001
    outer loop
      vertex -3.317907e-001  2.384615e+002  5.301930e+001
      vertex -6.490000e-001  2.385995e+002  5.303081e+001
      vertex -3.490000e-001  2.385995e+002  5.303081e+001
    endloop
  endfacet
  facet normal  0.000000e+000  8.311600e-002 -9.965398e-001
    outer loop
      vertex -3.490000e-001  2.385995e+002  5.303081e+001
      vertex -6.490000e-001  2.385995e+002  5.303081e+001
      vertex -2.555000e-001  2.396344e+002  5.311713e+001
    endloop
  endfacet
  facet normal  0.000000e+000  8.311600e-002 -9.965398e-001
    outer loop
      vertex -3.490000e-001  2.385995e+002  5.303081e+001
      vertex -2.555000e-001  2.396344e+002  5.311713e+001
      vertex  4.450000e-002  2.396344e+002  5.311713e+001
    endloop
  endfacet
  facet normal  0.000000e+000  8.311930e-002 -9.965396e-001
    outer loop
      vertex  4.450000e-002  2.396344e+002  5.311713e+001
      vertex -2.555000e-001  2.396344e+002  5.311713e+001
      vertex -2.742362e-001  2.403846e+002  5.317970e+001
    endloop
  endfacet
  facet normal  0.000000e+000  8.311929e-002 -9.965397e-001
    outer loop
      vertex  4.450000e-002  2.396344e+002  5.311713e+001
      vertex -2.742362e-001  2.403846e+002  5.317970e+001
      vertex  2.576380e-002  2.403846e+002  5.317970e+001
    endloop
  endfacet
  facet normal  0.000000e+000  2.838205e-002 -9.995971e-001
    outer loop
      vertex -2.742362e-001  2.403846e+002  5.317970e+001
      vertex -1.280000e-002  2.419287e+002  5.322354e+001
      vertex  2.576380e-002  2.403846e+002  5.317970e+001
    endloop
  endfacet
  facet normal  0.000000e+000  2.837250e-002 -9.995975e-001
    outer loop
      vertex -3.201407e-001  2.423077e+002  5.323430e+001
      vertex -2.014075e-002  2.423077e+002  5.323430e+001
      vertex -3.128000e-001  2.419287e+002  5.322354e+001
    endloop
  endfacet
  facet normal  0.000000e+000  2.837250e-002 -9.995974e-001
    outer loop
      vertex -3.128000e-001  2.419287e+002  5.322354e+001
      vertex -2.014075e-002  2.423077e+002  5.323430e+001
      vertex -1.280000e-002  2.419287e+002  5.322354e+001
    endloop
  endfacet
  facet normal  0.000000e+000  2.838205e-002 -9.995972e-001
    outer loop
      vertex -3.128000e-001  2.419287e+002  5.322354e+001
      vertex -1.280000e-002  2.419287e+002  5.322354e+001
      vertex -2.742362e-001  2.403846e+002  5.317970e+001
    endloop
  endfacet
  facet normal  0.000000e+000  8.430168e-002 -9.964402e-001
    outer loop
      vertex -2.014075e-002  2.423077e+002  5.323430e+001
      vertex -3.201407e-001  2.423077e+002  5.323430e+001
      vertex -5.738874e-002  2.442308e+002  5.339700e+001
    endloop
  endfacet
  facet normal  0.000000e+000  8.430168e-002 -9.964402e-001
    outer loop
      vertex -5.738874e-002  2.442308e+002  5.339700e+001
      vertex -3.201407e-001  2.423077e+002  5.323430e+001
      vertex -3.573887e-001  2.442308e+002  5.339700e+001
    endloop
  endfacet
  facet normal -3.823557e-006 -1.934212e-002 -9.998129e-001
    outer loop
      vertex -2.438609e-001  2.461538e+002  5.335980e+001
      vertex -7.490000e-002  2.451349e+002  5.337951e+001
      vertex -5.738874e-002  2.442308e+002  5.339700e+001
    endloop
  endfacet
  facet normal  -0.000000e+000 -1.934175e-002 -9.998129e-001
    outer loop
      vertex -2.438609e-001  2.461538e+002  5.335980e+001
      vertex -5.738874e-002  2.442308e+002  5.339700e+001
      vertex -3.573887e-001  2.442308e+002  5.339700e+001
    endloop
  endfacet
  facet normal  3.797976e-006 -1.934197e-002 -9.998129e-001
    outer loop
      vertex -2.438609e-001  2.461538e+002  5.335980e+001
      vertex -3.573887e-001  2.442308e+002  5.339700e+001
      vertex -3.749000e-001  2.451349e+002  5.337951e+001
    endloop
  endfacet
  facet normal  0.000000e+000 -1.934149e-002 -9.998130e-001
    outer loop
      vertex -2.438609e-001  2.461538e+002  5.335980e+001
      vertex -3.749000e-001  2.451349e+002  5.337951e+001
      vertex -5.438609e-001  2.461538e+002  5.335980e+001
    endloop
  endfacet
  facet normal  0.000000e+000  8.874802e-002 -9.960541e-001
    outer loop
      vertex -5.438609e-001  2.461538e+002  5.335980e+001
      vertex -2.526000e-001  2.462065e+002  5.336449e+001
      vertex -2.438609e-001  2.461538e+002  5.335980e+001
    endloop
  endfacet
  facet normal -4.372334e-005  8.872668e-002 -9.960560e-001
    outer loop
      vertex -1.602000e-001  2.474609e+002  5.347623e+001
      vertex -2.526000e-001  2.462065e+002  5.336449e+001
      vertex -1.324155e-001  2.480769e+002  5.353110e+001
    endloop
  endfacet
  facet normal -1.031225e-004  8.873107e-002 -9.960557e-001
    outer loop
      vertex -5.526000e-001  2.462065e+002  5.336449e+001
      vertex -4.602000e-001  2.474609e+002  5.347623e+001
      vertex -5.438609e-001  2.461538e+002  5.335980e+001
    endloop
  endfacet
  facet normal  4.338707e-006  8.872423e-002 -9.960563e-001
    outer loop
      vertex -5.438609e-001  2.461538e+002  5.335980e+001
      vertex -4.602000e-001  2.474609e+002  5.347623e+001
      vertex -2.526000e-001  2.462065e+002  5.336449e+001
    endloop
  endfacet
  facet normal  5.882809e-006  8.872449e-002 -9.960562e-001
    outer loop
      vertex -4.602000e-001  2.474609e+002  5.347623e+001
      vertex -4.324155e-001  2.480769e+002  5.353110e+001
      vertex -2.526000e-001  2.462065e+002  5.336449e+001
    endloop
  endfacet
  facet normal  0.000000e+000  8.872393e-002 -9.960563e-001
    outer loop
      vertex -2.526000e-001  2.462065e+002  5.336449e+001
      vertex -4.324155e-001  2.480769e+002  5.353110e+001
      vertex -1.324155e-001  2.480769e+002  5.353110e+001
    endloop
  endfacet
  facet normal  0.000000e+000 -6.129749e-002 -9.981195e-001
    outer loop
      vertex -1.324155e-001  2.480769e+002  5.353110e+001
      vertex -4.324155e-001  2.480769e+002  5.353110e+001
      vertex -4.567459e-002  2.500000e+002  5.341300e+001
    endloop
  endfacet
  facet normal  -0.000000e+000 -6.129749e-002 -9.981195e-001
    outer loop
      vertex -4.567459e-002  2.500000e+002  5.341300e+001
      vertex -4.324155e-001  2.480769e+002  5.353110e+001
      vertex -3.456746e-001  2.500000e+002  5.341300e+001
    endloop
  endfacet
  facet normal  0.000000e+000  8.867332e-002 -9.960607e-001
    outer loop
      vertex -8.021341e-002  2.519231e+002  5.358420e+001
      vertex  2.197866e-001  2.519231e+002  5.358420e+001
      vertex -2.130000e-002  2.505404e+002  5.346111e+001
    endloop
  endfacet
  facet normal  4.019761e-005  8.867504e-002 -9.960606e-001
    outer loop
      vertex -2.130000e-002  2.505404e+002  5.346111e+001
      vertex -4.567459e-002  2.500000e+002  5.341300e+001
      vertex -8.021341e-002  2.519231e+002  5.358420e+001
    endloop
  endfacet
  facet normal  0.000000e+000  8.867433e-002 -9.960607e-001
    outer loop
      vertex -8.021341e-002  2.519231e+002  5.358420e+001
      vertex -4.567459e-002  2.500000e+002  5.341300e+001
      vertex -3.456746e-001  2.500000e+002  5.341300e+001
    endloop
  endfacet
  facet normal -2.727773e-005  8.867805e-002 -9.960604e-001
    outer loop
      vertex -8.021341e-002  2.519231e+002  5.358420e+001
      vertex -3.456746e-001  2.500000e+002  5.341300e+001
      vertex -3.213000e-001  2.505404e+002  5.346111e+001
    endloop
  endfacet
  facet normal  -0.000000e+000 -9.350011e-002 -9.956192e-001
    outer loop
      vertex -2.986323e-001  2.538462e+002  5.340360e+001
      vertex  1.367698e-003  2.538462e+002  5.340360e+001
      vertex -3.420000e-002  2.521870e+002  5.355942e+001
    endloop
  endfacet
  facet normal  0.000000e+000 -9.350299e-002 -9.956191e-001
    outer loop
      vertex -8.021341e-002  2.519231e+002  5.358420e+001
      vertex -3.420000e-002  2.521870e+002  5.355942e+001
      vertex  2.197866e-001  2.519231e+002  5.358420e+001
    endloop
  endfacet
  facet normal  2.953033e-006 -9.350017e-002 -9.956192e-001
    outer loop
      vertex  2.197866e-001  2.519231e+002  5.358420e+001
      vertex -3.420000e-002  2.521870e+002  5.355942e+001
      vertex  1.367698e-003  2.538462e+002  5.340360e+001
    endloop
  endfacet
  facet normal -8.731176e-006 -9.350146e-002 -9.956191e-001
    outer loop
      vertex  2.197866e-001  2.519231e+002  5.358420e+001
      vertex  1.367698e-003  2.538462e+002  5.340360e+001
      vertex  2.658000e-001  2.521870e+002  5.355942e+001
    endloop
  endfacet
  facet normal  0.000000e+000  7.848583e-002 -9.969152e-001
    outer loop
      vertex -2.986323e-001  2.538462e+002  5.340360e+001
      vertex -9.900000e-003  2.539169e+002  5.340916e+001
      vertex  1.367698e-003  2.538462e+002  5.340360e+001
    endloop
  endfacet
  facet normal  0.000000e+000  7.848964e-002 -9.969149e-001
    outer loop
      vertex  2.260442e-001  2.557692e+002  5.355500e+001
      vertex -9.900000e-003  2.539169e+002  5.340916e+001
      vertex -7.395582e-002  2.557692e+002  5.355500e+001
    endloop
  endfacet
  facet normal -9.364616e-007  7.848962e-002 -9.969150e-001
    outer loop
      vertex -7.395582e-002  2.557692e+002  5.355500e+001
      vertex -9.900000e-003  2.539169e+002  5.340916e+001
      vertex -2.986323e-001  2.538462e+002  5.340360e+001
    endloop
  endfacet
  facet normal  1.337627e-005  7.848795e-002 -9.969151e-001
    outer loop
      vertex -7.395582e-002  2.557692e+002  5.355500e+001
      vertex -2.986323e-001  2.538462e+002  5.340360e+001
      vertex -3.099000e-001  2.539169e+002  5.340916e+001
    endloop
  endfacet
  facet normal  -0.000000e+000 -1.141207e-001 -9.934670e-001
    outer loop
      vertex  2.190013e-001  2.576923e+002  5.333410e+001
      vertex  5.190013e-001  2.576923e+002  5.333410e+001
      vertex  4.084000e-001  2.572008e+002  5.339056e+001
    endloop
  endfacet
  facet normal  9.109528e-006 -1.141172e-001 -9.934673e-001
    outer loop
      vertex  4.084000e-001  2.572008e+002  5.339056e+001
      vertex  2.260442e-001  2.557692e+002  5.355500e+001
      vertex  2.190013e-001  2.576923e+002  5.333410e+001
    endloop
  endfacet
  facet normal  0.000000e+000 -1.141172e-001 -9.934674e-001
    outer loop
      vertex  2.190013e-001  2.576923e+002  5.333410e+001
      vertex  2.260442e-001  2.557692e+002  5.355500e+001
      vertex -7.395582e-002  2.557692e+002  5.355500e+001
    endloop
  endfacet
  facet normal -4.782885e-005 -1.141100e-001 -9.934681e-001
    outer loop
      vertex  2.190013e-001  2.576923e+002  5.333410e+001
      vertex -7.395582e-002  2.557692e+002  5.355500e+001
      vertex  1.084000e-001  2.572008e+002  5.339056e+001
    endloop
  endfacet
  facet normal -1.248822e-006  5.503746e-002 -9.984843e-001
    outer loop
      vertex  6.605318e-001  2.596154e+002  5.344010e+001
      vertex  6.686000e-001  2.583571e+002  5.337074e+001
      vertex  5.190013e-001  2.576923e+002  5.333410e+001
    endloop
  endfacet
  facet normal  0.000000e+000  5.503719e-002 -9.984843e-001
    outer loop
      vertex  2.190013e-001  2.576923e+002  5.333410e+001
      vertex  3.686000e-001  2.583571e+002  5.337074e+001
      vertex  5.190013e-001  2.576923e+002  5.333410e+001
    endloop
  endfacet
  facet normal  1.294589e-006  5.503748e-002 -9.984843e-001
    outer loop
      vertex  5.190013e-001  2.576923e+002  5.333410e+001
      vertex  3.686000e-001  2.583571e+002  5.337074e+001
      vertex  3.605318e-001  2.596154e+002  5.344010e+001
    endloop
  endfacet
  facet normal  0.000000e+000  5.503738e-002 -9.984844e-001
    outer loop
      vertex  5.190013e-001  2.576923e+002  5.333410e+001
      vertex  3.605318e-001  2.596154e+002  5.344010e+001
      vertex  6.605318e-001  2.596154e+002  5.344010e+001
    endloop
  endfacet
  facet normal  -0.000000e+000 -1.240347e-001 -9.922779e-001
    outer loop
      vertex  3.201963e-001  2.615385e+002  5.319970e+001
      vertex  6.201963e-001  2.615385e+002  5.319970e+001
      vertex  3.497000e-001  2.613047e+002  5.322893e+001
    endloop
  endfacet
  facet normal -5.625913e-005 -1.240417e-001 -9.922771e-001
    outer loop
      vertex  6.497000e-001  2.613047e+002  5.322893e+001
      vertex  6.605318e-001  2.596154e+002  5.344010e+001
      vertex  6.201963e-001  2.615385e+002  5.319970e+001
    endloop
  endfacet
  facet normal  0.000000e+000 -1.240405e-001 -9.922772e-001
    outer loop
      vertex  6.201963e-001  2.615385e+002  5.319970e+001
      vertex  6.605318e-001  2.596154e+002  5.344010e+001
      vertex  3.605318e-001  2.596154e+002  5.344010e+001
    endloop
  endfacet
  facet normal  5.792376e-006 -1.240413e-001 -9.922771e-001
    outer loop
      vertex  6.201963e-001  2.615385e+002  5.319970e+001
      vertex  3.605318e-001  2.596154e+002  5.344010e+001
      vertex  3.497000e-001  2.613047e+002  5.322893e+001
    endloop
  endfacet
  facet normal  0.000000e+000  1.778138e-002 -9.998419e-001
    outer loop
      vertex  6.201963e-001  2.615385e+002  5.319970e+001
      vertex  3.201963e-001  2.615385e+002  5.319970e+001
      vertex  4.128000e-001  2.631820e+002  5.322893e+001
    endloop
  endfacet
  facet normal -9.358027e-006  1.778191e-002 -9.998419e-001
    outer loop
      vertex  4.128000e-001  2.631820e+002  5.322893e+001
      vertex  3.201963e-001  2.615385e+002  5.319970e+001
      vertex  4.045716e-001  2.634615e+002  5.323390e+001
    endloop
  endfacet
  facet normal  6.860535e-007  1.778147e-002 -9.998419e-001
    outer loop
      vertex  4.045716e-001  2.634615e+002  5.323390e+001
      vertex  3.201963e-001  2.615385e+002  5.319970e+001
      vertex  1.128000e-001  2.631820e+002  5.322893e+001
    endloop
  endfacet
  facet normal  0.000000e+000  1.778219e-002 -9.998419e-001
    outer loop
      vertex  4.045716e-001  2.634615e+002  5.323390e+001
      vertex  1.128000e-001  2.631820e+002  5.322893e+001
      vertex  1.045716e-001  2.634615e+002  5.323390e+001
    endloop
  endfacet
  facet normal  2.115421e-005 -1.278443e-001 -9.917942e-001
    outer loop
      vertex  2.527004e-001  2.653846e+002  5.298600e+001
      vertex  3.724000e-001  2.645543e+002  5.309303e+001
      vertex  4.045716e-001  2.634615e+002  5.323390e+001
    endloop
  endfacet
  facet normal  -0.000000e+000 -1.278459e-001 -9.917940e-001
    outer loop
      vertex  2.527004e-001  2.653846e+002  5.298600e+001
      vertex  4.045716e-001  2.634615e+002  5.323390e+001
      vertex  1.045716e-001  2.634615e+002  5.323390e+001
    endloop
  endfacet
  facet normal -9.907815e-006 -1.278452e-001 -9.917941e-001
    outer loop
      vertex  2.527004e-001  2.653846e+002  5.298600e+001
      vertex  1.045716e-001  2.634615e+002  5.323390e+001
      vertex  7.240000e-002  2.645543e+002  5.309303e+001
    endloop
  endfacet
  facet normal  0.000000e+000 -1.278473e-001 -9.917938e-001
    outer loop
      vertex  2.527004e-001  2.653846e+002  5.298600e+001
      vertex  7.240000e-002  2.645543e+002  5.309303e+001
      vertex -4.729955e-002  2.653846e+002  5.298600e+001
    endloop
  endfacet
  facet normal  0.000000e+000 -3.185865e-002 -9.994924e-001
    outer loop
      vertex -4.729955e-002  2.653846e+002  5.298600e+001
      vertex  1.000000e-002  2.670681e+002  5.293234e+001
      vertex  2.527004e-001  2.653846e+002  5.298600e+001
    endloop
  endfacet
  facet normal  0.000000e+000 -3.185874e-002 -9.994923e-001
    outer loop
      vertex  2.356656e-002  2.673077e+002  5.292470e+001
      vertex  1.000000e-002  2.670681e+002  5.293234e+001
      vertex -2.764334e-001  2.673077e+002  5.292470e+001
    endloop
  endfacet
  facet normal  7.320070e-008 -3.185865e-002 -9.994924e-001
    outer loop
      vertex -2.764334e-001  2.673077e+002  5.292470e+001
      vertex  1.000000e-002  2.670681e+002  5.293234e+001
      vertex -4.729955e-002  2.653846e+002  5.298600e+001
    endloop
  endfacet
  facet normal -4.597427e-007 -3.185872e-002 -9.994923e-001
    outer loop
      vertex -2.764334e-001  2.673077e+002  5.292470e+001
      vertex -4.729955e-002  2.653846e+002  5.298600e+001
      vertex -2.900000e-001  2.670681e+002  5.293234e+001
    endloop
  endfacet
  facet normal -6.631034e-006 -1.337280e-001 -9.910181e-001
    outer loop
      vertex  1.230656e-002  2.692308e+002  5.266520e+001
      vertex  1.112000e-001  2.688554e+002  5.271585e+001
      vertex  2.356656e-002  2.673077e+002  5.292470e+001
    endloop
  endfacet
  facet normal  -0.000000e+000 -1.337262e-001 -9.910183e-001
    outer loop
      vertex -2.876934e-001  2.692308e+002  5.266520e+001
      vertex  1.230656e-002  2.692308e+002  5.266520e+001
      vertex -1.888000e-001  2.688554e+002  5.271585e+001
    endloop
  endfacet
  facet normal  3.153843e-006 -1.337279e-001 -9.910181e-001
    outer loop
      vertex -1.888000e-001  2.688554e+002  5.271585e+001
      vertex  1.230656e-002  2.692308e+002  5.266520e+001
      vertex  2.356656e-002  2.673077e+002  5.292470e+001
    endloop
  endfacet
  facet normal  -0.000000e+000 -1.337283e-001 -9.910181e-001
    outer loop
      vertex -1.888000e-001  2.688554e+002  5.271585e+001
      vertex  2.356656e-002  2.673077e+002  5.292470e+001
      vertex -2.764334e-001  2.673077e+002  5.292470e+001
    endloop
  endfacet
  facet normal  0.000000e+000 -9.340195e-002 -9.956284e-001
    outer loop
      vertex  1.230656e-002  2.692308e+002  5.266520e+001
      vertex -2.876934e-001  2.692308e+002  5.266520e+001
      vertex -1.942000e-001  2.700147e+002  5.259166e+001
    endloop
  endfacet
  facet normal -1.245397e-006 -9.340180e-002 -9.956286e-001
    outer loop
      vertex -1.942000e-001  2.700147e+002  5.259166e+001
      vertex -2.876934e-001  2.692308e+002  5.266520e+001
      vertex -1.495234e-001  2.711538e+002  5.248480e+001
    endloop
  endfacet
  facet normal  1.467677e-007 -9.340189e-002 -9.956284e-001
    outer loop
      vertex -1.495234e-001  2.711538e+002  5.248480e+001
      vertex -2.876934e-001  2.692308e+002  5.266520e+001
      vertex -4.942000e-001  2.700147e+002  5.259166e+001
    endloop
  endfacet
  facet normal  0.000000e+000 -9.340186e-002 -9.956285e-001
    outer loop
      vertex -1.495234e-001  2.711538e+002  5.248480e+001
      vertex -4.942000e-001  2.700147e+002  5.259166e+001
      vertex -4.495234e-001  2.711538e+002  5.248480e+001
    endloop
  endfacet
  facet normal  -0.000000e+000 -1.567897e-001 -9.876320e-001
    outer loop
      vertex -3.463773e-001  2.730769e+002  5.217950e+001
      vertex -4.637730e-002  2.730769e+002  5.217950e+001
      vertex -9.170000e-002  2.726281e+002  5.225075e+001
    endloop
  endfacet
  facet normal -2.199707e-007 -1.567899e-001 -9.876320e-001
    outer loop
      vertex -9.170000e-002  2.726281e+002  5.225075e+001
      vertex -1.495234e-001  2.711538e+002  5.248480e+001
      vertex -3.463773e-001  2.730769e+002  5.217950e+001
    endloop
  endfacet
  facet normal  0.000000e+000 -1.567899e-001 -9.876320e-001
    outer loop
      vertex -3.463773e-001  2.730769e+002  5.217950e+001
      vertex -1.495234e-001  2.711538e+002  5.248480e+001
      vertex -4.495234e-001  2.711538e+002  5.248480e+001
    endloop
  endfacet
  facet normal  2.160603e-006 -1.567900e-001 -9.876320e-001
    outer loop
      vertex -3.463773e-001  2.730769e+002  5.217950e+001
      vertex -4.495234e-001  2.711538e+002  5.248480e+001
      vertex -3.917000e-001  2.726281e+002  5.225075e+001
    endloop
  endfacet
  facet normal  0.000000e+000  1.000000e+000  0.000000e+000
    outer loop
      vertex  5.000000e+001  5.000000e+002  3.061617e-015
      vertex  5.622522e+001  5.000000e+002 -1.423816e+001
      vertex  5.311485e+001  5.000000e+002 -2.329833e+001
    endloop
  endfacet
  facet normal  0.000000e+000  1.000000e+000  0.000000e+000
    outer loop
      vertex -5.622522e+001  5.000000e+002  1.423816e+001
      vertex -5.311485e+001  5.000000e+002  2.329833e+001
      vertex -5.780190e+001  5.000000e+002  4.789602e+000
    endloop
  endfacet
  facet normal  -0.000000e+000  1.000000e+000  0.000000e+000
    outer loop
      vertex -5.780190e+001  5.000000e+002  4.789602e+000
      vertex -5.311485e+001  5.000000e+002  2.329833e+001
      vertex -5.000000e+001  5.000000e+002 -9.184851e-015
    endloop
  endfacet
  facet normal  0.000000e+000  1.000000e+000  0.000000e+000
    outer loop
      vertex -5.780190e+001  5.000000e+002  4.789602e+000
      vertex -5.000000e+001  5.000000e+002 -9.184851e-015
      vertex -5.780190e+001  5.000000e+002 -4.789602e+000
    endloop
  endfacet
  facet normal  -0.000000e+000  1.000000e+000  0.000000e+000
    outer loop
      vertex -5.780190e+001  5.000000e+002 -4.789602e+000
      vertex -5.000000e+001  5.000000e+002 -9.184851e-015
      vertex -5.311485e+001  5.000000e+002 -2.329833e+001
    endloop
  endfacet
  facet normal  0.000000e+000  1.000000e+000  0.000000e+000
    outer loop
      vertex -5.780190e+001  5.000000e+002 -4.789602e+000
      vertex -5.311485e+001  5.000000e+002 -2.329833e+001
      vertex -5.622522e+001  5.000000e+002 -1.423816e+001
    endloop
  endfacet
  facet normal  0.000000e+000  1.000000e+000  0.000000e+000
    outer loop
      vertex  5.311485e+001  5.000000e+002  2.329833e+001
      vertex  5.622522e+001  5.000000e+002  1.423816e+001
      vertex  5.000000e+001  5.000000e+002  3.061617e-015
    endloop
  endfacet
  facet normal  0.000000e+000  1.000000e+000  0.000000e+000
    outer loop
      vertex  5.000000e+001  5.000000e+002  3.061617e-015
      vertex  5.622522e+001  5.000000e+002  1.423816e+001
      vertex  5.780190e+001  5.000000e+002  4.789602e+000
    endloop
  endfacet
  facet normal  0.000000e+000  1.000000e+000  0.000000e+000
    outer loop
      vertex  5.000000e+001  5.000000e+002  3.061617e-015
      vertex  5.780190e+001  5.000000e+002  4.789602e+000
      vertex  5.622522e+001  5.000000e+002 -1.423816e+001
    endloop
  endfacet
  facet normal  0.000000e+000  9.999999e-001  0.000000e+000
    outer loop
      vertex  5.622522e+001  5.000000e+002 -1.423816e+001
      vertex  5.780190e+001  5.000000e+002  4.789602e+000
      vertex  5.780190e+001  5.000000e+002 -4.789602e+000
    endloop
  endfacet
  facet normal  0.000000e+000  9.999999e-001  0.000000e+000
    outer loop
      vertex  5.000000e+001  5.000000e+002  3.061617e-015
      vertex  5.311485e+001  5.000000e+002 -2.329833e+001
      vertex  4.924039e+001  5.000000e+002 -8.682409e+000
    endloop
  endfacet
  facet normal  0.000000e+000  1.000000e+000  0.000000e+000
    outer loop
      vertex  4.924039e+001  5.000000e+002 -8.682409e+000
      vertex  5.311485e+001  5.000000e+002 -2.329833e+001
      vertex  4.855566e+001  5.000000e+002 -3.172299e+001
    endloop
  endfacet
  facet normal  0.000000e+000  9.999999e-001  -0.000000e+000
    outer loop
      vertex  4.924039e+001  5.000000e+002 -8.682409e+000
      vertex  4.855566e+001  5.000000e+002 -3.172299e+001
      vertex  4.698463e+001  5.000000e+002 -1.710101e+001
    endloop
  endfacet
  facet normal  0.000000e+000  9.999999e-001  0.000000e+000
    outer loop
      vertex  4.698463e+001  5.000000e+002 -1.710101e+001
      vertex  4.855566e+001  5.000000e+002 -3.172299e+001
      vertex  4.267199e+001  5.000000e+002 -3.928233e+001
    endloop
  endfacet
  facet normal  0.000000e+000  9.999999e-001  0.000000e+000
    outer loop
      vertex  4.698463e+001  5.000000e+002 -1.710101e+001
      vertex  4.267199e+001  5.000000e+002 -3.928233e+001
      vertex  4.330127e+001  5.000000e+002 -2.500000e+001
    endloop
  endfacet
  facet normal  0.000000e+000  1.000000e+000  -0.000000e+000
    outer loop
      vertex  4.330127e+001  5.000000e+002 -2.500000e+001
      vertex  4.267199e+001  5.000000e+002 -3.928233e+001
      vertex  3.830222e+001  5.000000e+002 -3.213938e+001
    endloop
  endfacet
  facet normal  0.000000e+000  1.000000e+000  0.000000e+000
    outer loop
      vertex  3.830222e+001  5.000000e+002 -3.213938e+001
      vertex  4.267199e+001  5.000000e+002 -3.928233e+001
      vertex  3.562434e+001  5.000000e+002 -4.577015e+001
    endloop
  endfacet
  facet normal  0.000000e+000  1.000000e+000  -0.000000e+000
    outer loop
      vertex  3.830222e+001  5.000000e+002 -3.213938e+001
      vertex  3.562434e+001  5.000000e+002 -4.577015e+001
      vertex  3.213938e+001  5.000000e+002 -3.830222e+001
    endloop
  endfacet
  facet normal  0.000000e+000  1.000000e+000  0.000000e+000
    outer loop
      vertex  3.213938e+001  5.000000e+002 -3.830222e+001
      vertex  3.562434e+001  5.000000e+002 -4.577015e+001
      vertex  2.760495e+001  5.000000e+002 -5.100948e+001
    endloop
  endfacet
  facet normal  0.000000e+000  1.000000e+000  -0.000000e+000
    outer loop
      vertex  3.213938e+001  5.000000e+002 -3.830222e+001
      vertex  2.760495e+001  5.000000e+002 -5.100948e+001
      vertex  2.500000e+001  5.000000e+002 -4.330127e+001
    endloop
  endfacet
  facet normal  0.000000e+000  1.000000e+000  0.000000e+000
    outer loop
      vertex  2.500000e+001  5.000000e+002 -4.330127e+001
      vertex  2.760495e+001  5.000000e+002 -5.100948e+001
      vertex  1.710101e+001  5.000000e+002 -4.698463e+001
    endloop
  endfacet
  facet normal  0.000000e+000  1.000000e+000  0.000000e+000
    outer loop
      vertex  1.710101e+001  5.000000e+002 -4.698463e+001
      vertex  2.760495e+001  5.000000e+002 -5.100948e+001
      vertex  1.883257e+001  5.000000e+002 -5.485740e+001
    endloop
  endfacet
  facet normal  0.000000e+000  1.000000e+000  0.000000e+000
    outer loop
      vertex  1.710101e+001  5.000000e+002 -4.698463e+001
      vertex  1.883257e+001  5.000000e+002 -5.485740e+001
      vertex  8.682409e+000  5.000000e+002 -4.924039e+001
    endloop
  endfacet
  facet normal  0.000000e+000  1.000000e+000  0.000000e+000
    outer loop
      vertex  8.682409e+000  5.000000e+002 -4.924039e+001
      vertex  1.883257e+001  5.000000e+002 -5.485740e+001
      vertex  9.546486e+000  5.000000e+002 -5.720895e+001
    endloop
  endfacet
  facet normal  0.000000e+000  1.000000e+000  0.000000e+000
    outer loop
      vertex  8.682409e+000  5.000000e+002 -4.924039e+001
      vertex  9.546486e+000  5.000000e+002 -5.720895e+001
      vertex  6.123234e-015  5.000000e+002 -5.000000e+001
    endloop
  endfacet
  facet normal  0.000000e+000  1.000000e+000  0.000000e+000
    outer loop
      vertex  6.123234e-015  5.000000e+002 -5.000000e+001
      vertex  9.546486e+000  5.000000e+002 -5.720895e+001
      vertex  7.102951e-015  5.000000e+002 -5.800000e+001
    endloop
  endfacet
  facet normal  0.000000e+000  1.000000e+000  0.000000e+000
    outer loop
      vertex  6.123234e-015  5.000000e+002 -5.000000e+001
      vertex  7.102951e-015  5.000000e+002 -5.800000e+001
      vertex -8.682409e+000  5.000000e+002 -4.924039e+001
    endloop
  endfacet
  facet normal  0.000000e+000  9.999999e-001  0.000000e+000
    outer loop
      vertex -8.682409e+000  5.000000e+002 -4.924039e+001
      vertex  7.102951e-015  5.000000e+002 -5.800000e+001
      vertex -9.546486e+000  5.000000e+002 -5.720895e+001
    endloop
  endfacet
  facet normal  0.000000e+000  1.000000e+000  -0.000000e+000
    outer loop
      vertex -8.682409e+000  5.000000e+002 -4.924039e+001
      vertex -9.546486e+000  5.000000e+002 -5.720895e+001
      vertex -1.710101e+001  5.000000e+002 -4.698463e+001
    endloop
  endfacet
  facet normal  0.000000e+000  1.000000e+000  0.000000e+000
    outer loop
      vertex -1.710101e+001  5.000000e+002 -4.698463e+001
      vertex -9.546486e+000  5.000000e+002 -5.720895e+001
      vertex -1.883257e+001  5.000000e+002 -5.485740e+001
    endloop
  endfacet
  facet normal  0.000000e+000  1.000000e+000  -0.000000e+000
    outer loop
      vertex -1.710101e+001  5.000000e+002 -4.698463e+001
      vertex -1.883257e+001  5.000000e+002 -5.485740e+001
      vertex -2.500000e+001  5.000000e+002 -4.330127e+001
    endloop
  endfacet
  facet normal  0.000000e+000  1.000000e+000  0.000000e+000
    outer loop
      vertex -2.500000e+001  5.000000e+002 -4.330127e+001
      vertex -1.883257e+001  5.000000e+002 -5.485740e+001
      vertex -2.760495e+001  5.000000e+002 -5.100948e+001
    endloop
  endfacet
  facet normal  0.000000e+000  1.000000e+000  -0.000000e+000
    outer loop
      vertex -2.500000e+001  5.000000e+002 -4.330127e+001
      vertex -2.760495e+001  5.000000e+002 -5.100948e+001
      vertex -3.213938e+001  5.000000e+002 -3.830222e+001
    endloop
  endfacet
  facet normal  0.000000e+000  1.000000e+000  0.000000e+000
    outer loop
      vertex -3.213938e+001  5.000000e+002 -3.830222e+001
      vertex -2.760495e+001  5.000000e+002 -5.100948e+001
      vertex -3.562434e+001  5.000000e+002 -4.577015e+001
    endloop
  endfacet
  facet normal  0.000000e+000  1.000000e+000  -0.000000e+000
    outer loop
      vertex -3.213938e+001  5.000000e+002 -3.830222e+001
      vertex -3.562434e+001  5.000000e+002 -4.577015e+001
      vertex -3.830222e+001  5.000000e+002 -3.213938e+001
    endloop
  endfacet
  facet normal  0.000000e+000  1.000000e+000  0.000000e+000
    outer loop
      vertex -3.830222e+001  5.000000e+002 -3.213938e+001
      vertex -3.562434e+001  5.000000e+002 -4.577015e+001
      vertex -4.330127e+001  5.000000e+002 -2.500000e+001
    endloop
  endfacet
  facet normal  0.000000e+000  9.999999e-001  0.000000e+000
    outer loop
      vertex -4.330127e+001  5.000000e+002 -2.500000e+001
      vertex -3.562434e+001  5.000000e+002 -4.577015e+001
      vertex -4.267199e+001  5.000000e+002 -3.928233e+001
    endloop
  endfacet
  facet normal  0.000000e+000  9.999999e-001  0.000000e+000
    outer loop
      vertex -4.330127e+001  5.000000e+002 -2.500000e+001
      vertex -4.267199e+001  5.000000e+002 -3.928233e+001
      vertex -4.698463e+001  5.000000e+002 -1.710101e+001
    endloop
  endfacet
  facet normal  0.000000e+000  9.999999e-001  0.000000e+000
    outer loop
      vertex -4.698463e+001  5.000000e+002 -1.710101e+001
      vertex -4.267199e+001  5.000000e+002 -3.928233e+001
      vertex -4.855566e+001  5.000000e+002 -3.172299e+001
    endloop
  endfacet
  facet normal  0.000000e+000  9.999999e-001  -0.000000e+000
    outer loop
      vertex -4.698463e+001  5.000000e+002 -1.710101e+001
      vertex -4.855566e+001  5.000000e+002 -3.172299e+001
      vertex -4.924039e+001  5.000000e+002 -8.682409e+000
    endloop
  endfacet
  facet normal  0.000000e+000  1.000000e+000  0.000000e+000
    outer loop
      vertex -5.311485e+001  5.000000e+002 -2.329833e+001
      vertex -5.000000e+001  5.000000e+002 -9.184851e-015
      vertex -4.855566e+001  5.000000e+002 -3.172299e+001
    endloop
  endfacet
  facet normal  0.000000e+000  1.000000e+000  0.000000e+000
    outer loop
      vertex -4.855566e+001  5.000000e+002 -3.172299e+001
      vertex -5.000000e+001  5.000000e+002 -9.184851e-015
      vertex -4.924039e+001  5.000000e+002 -8.682409e+000
    endloop
  endfacet
  facet normal  0.000000e+000  1.000000e+000  -0.000000e+000
    outer loop
      vertex  5.311485e+001  5.000000e+002  2.329833e+001
      vertex  5.000000e+001  5.000000e+002  3.061617e-015
      vertex  4.855566e+001  5.000000e+002  3.172299e+001
    endloop
  endfacet
  facet normal  0.000000e+000  1.000000e+000  0.000000e+000
    outer loop
      vertex  4.855566e+001  5.000000e+002  3.172299e+001
      vertex  5.000000e+001  5.000000e+002  3.061617e-015
      vertex  4.924039e+001  5.000000e+002  8.682409e+000
    endloop
  endfacet
  facet normal  0.000000e+000  1.000000e+000  0.000000e+000
    outer loop
      vertex  4.855566e+001  5.000000e+002  3.172299e+001
      vertex  4.924039e+001  5.000000e+002  8.682409e+000
      vertex  4.267199e+001  5.000000e+002  3.928233e+001
    endloop
  endfacet
  facet normal  0.000000e+000  1.000000e+000  0.000000e+000
    outer loop
      vertex  4.267199e+001  5.000000e+002  3.928233e+001
      vertex  4.924039e+001  5.000000e+002  8.682409e+000
      vertex  4.698463e+001  5.000000e+002  1.710101e+001
    endloop
  endfacet
  facet normal  0.000000e+000  9.999999e-001  0.000000e+000
    outer loop
      vertex  4.267199e+001  5.000000e+002  3.928233e+001
      vertex  4.698463e+001  5.000000e+002  1.710101e+001
      vertex  4.330127e+001  5.000000e+002  2.500000e+001
    endloop
  endfacet
  facet normal  0.000000e+000  9.999999e-001  0.000000e+000
    outer loop
      vertex  4.267199e+001  5.000000e+002  3.928233e+001
      vertex  4.330127e+001  5.000000e+002  2.500000e+001
      vertex  3.562434e+001  5.000000e+002  4.577015e+001
    endloop
  endfacet
  facet normal  0.000000e+000  1.000000e+000  0.000000e+000
    outer loop
      vertex  3.562434e+001  5.000000e+002  4.577015e+001
      vertex  4.330127e+001  5.000000e+002  2.500000e+001
      vertex  3.830222e+001  5.000000e+002  3.213938e+001
    endloop
  endfacet
  facet normal  0.000000e+000  1.000000e+000  0.000000e+000
    outer loop
      vertex  3.562434e+001  5.000000e+002  4.577015e+001
      vertex  3.830222e+001  5.000000e+002  3.213938e+001
      vertex  2.760495e+001  5.000000e+002  5.100948e+001
    endloop
  endfacet
  facet normal  0.000000e+000  1.000000e+000  0.000000e+000
    outer loop
      vertex  2.760495e+001  5.000000e+002  5.100948e+001
      vertex  3.830222e+001  5.000000e+002  3.213938e+001
      vertex  3.213938e+001  5.000000e+002  3.830222e+001
    endloop
  endfacet
  facet normal  0.000000e+000  1.000000e+000  0.000000e+000
    outer loop
      vertex  2.760495e+001  5.000000e+002  5.100948e+001
      vertex  3.213938e+001  5.000000e+002  3.830222e+001
      vertex  2.500000e+001  5.000000e+002  4.330127e+001
    endloop
  endfacet
  facet normal  0.000000e+000  1.000000e+000  -0.000000e+000
    outer loop
      vertex  2.760495e+001  5.000000e+002  5.100948e+001
      vertex  2.500000e+001  5.000000e+002  4.330127e+001
      vertex  1.883257e+001  5.000000e+002  5.485740e+001
    endloop
  endfacet
  facet normal  0.000000e+000  1.000000e+000  0.000000e+000
    outer loop
      vertex  1.883257e+001  5.000000e+002  5.485740e+001
      vertex  2.500000e+001  5.000000e+002  4.330127e+001
      vertex  1.710101e+001  5.000000e+002  4.698463e+001
    endloop
  endfacet
  facet normal  0.000000e+000  1.000000e+000  -0.000000e+000
    outer loop
      vertex  1.883257e+001  5.000000e+002  5.485740e+001
      vertex  1.710101e+001  5.000000e+002  4.698463e+001
      vertex  9.546486e+000  5.000000e+002  5.720895e+001
    endloop
  endfacet
  facet normal  0.000000e+000  1.000000e+000  0.000000e+000
    outer loop
      vertex  9.546486e+000  5.000000e+002  5.720895e+001
      vertex  1.710101e+001  5.000000e+002  4.698463e+001
      vertex  8.682409e+000  5.000000e+002  4.924039e+001
    endloop
  endfacet
  facet normal  0.000000e+000  9.999999e-001  -0.000000e+000
    outer loop
      vertex  9.546486e+000  5.000000e+002  5.720895e+001
      vertex  8.682409e+000  5.000000e+002  4.924039e+001
      vertex  0.000000e+000  5.000000e+002  5.800000e+001
    endloop
  endfacet
  facet normal  0.000000e+000  1.000000e+000  0.000000e+000
    outer loop
      vertex  0.000000e+000  5.000000e+002  5.800000e+001
      vertex  8.682409e+000  5.000000e+002  4.924039e+001
      vertex  0.000000e+000  5.000000e+002  5.000000e+001
    endloop
  endfacet
  facet normal  0.000000e+000  1.000000e+000  -0.000000e+000
    outer loop
      vertex  0.000000e+000  5.000000e+002  5.800000e+001
      vertex  0.000000e+000  5.000000e+002  5.000000e+001
      vertex -9.546486e+000  5.000000e+002  5.720895e+001
    endloop
  endfacet
  facet normal  0.000000e+000  1.000000e+000  0.000000e+000
    outer loop
      vertex -9.546486e+000  5.000000e+002  5.720895e+001
      vertex  0.000000e+000  5.000000e+002  5.000000e+001
      vertex -8.682409e+000  5.000000e+002  4.924039e+001
    endloop
  endfacet
  facet normal  0.000000e+000  1.000000e+000  0.000000e+000
    outer loop
      vertex -9.546486e+000  5.000000e+002  5.720895e+001
      vertex -8.682409e+000  5.000000e+002  4.924039e+001
      vertex -1.883257e+001  5.000000e+002  5.485740e+001
    endloop
  endfacet
  facet normal  0.000000e+000  1.000000e+000  0.000000e+000
    outer loop
      vertex -1.883257e+001  5.000000e+002  5.485740e+001
      vertex -8.682409e+000  5.000000e+002  4.924039e+001
      vertex -1.710101e+001  5.000000e+002  4.698463e+001
    endloop
  endfacet
  facet normal  0.000000e+000  1.000000e+000  0.000000e+000
    outer loop
      vertex -1.883257e+001  5.000000e+002  5.485740e+001
      vertex -1.710101e+001  5.000000e+002  4.698463e+001
      vertex -2.760495e+001  5.000000e+002  5.100948e+001
    endloop
  endfacet
  facet normal  0.000000e+000  1.000000e+000  0.000000e+000
    outer loop
      vertex -2.760495e+001  5.000000e+002  5.100948e+001
      vertex -1.710101e+001  5.000000e+002  4.698463e+001
      vertex -2.500000e+001  5.000000e+002  4.330127e+001
    endloop
  endfacet
  facet normal  0.000000e+000  1.000000e+000  0.000000e+000
    outer loop
      vertex -2.760495e+001  5.000000e+002  5.100948e+001
      vertex -2.500000e+001  5.000000e+002  4.330127e+001
      vertex -3.562434e+001  5.000000e+002  4.577015e+001
    endloop
  endfacet
  facet normal  0.000000e+000  1.000000e+000  0.000000e+000
    outer loop
      vertex -3.562434e+001  5.000000e+002  4.577015e+001
      vertex -2.500000e+001  5.000000e+002  4.330127e+001
      vertex -3.213938e+001  5.000000e+002  3.830222e+001
    endloop
  endfacet
  facet normal  0.000000e+000  1.000000e+000  0.000000e+000
    outer loop
      vertex -3.562434e+001  5.000000e+002  4.577015e+001
      vertex -3.213938e+001  5.000000e+002  3.830222e+001
      vertex -3.830222e+001  5.000000e+002  3.213938e+001
    endloop
  endfacet
  facet normal  0.000000e+000  1.000000e+000  -0.000000e+000
    outer loop
      vertex -3.562434e+001  5.000000e+002  4.577015e+001
      vertex -3.830222e+001  5.000000e+002  3.213938e+001
      vertex -4.267199e+001  5.000000e+002  3.928233e+001
    endloop
  endfacet
  facet normal  0.000000e+000  1.000000e+000  0.000000e+000
    outer loop
      vertex -4.267199e+001  5.000000e+002  3.928233e+001
      vertex -3.830222e+001  5.000000e+002  3.213938e+001
      vertex -4.330127e+001  5.000000e+002  2.500000e+001
    endloop
  endfacet
  facet normal  0.000000e+000  1.000000e+000  -0.000000e+000
    outer loop
      vertex -4.267199e+001  5.000000e+002  3.928233e+001
      vertex -4.330127e+001  5.000000e+002  2.500000e+001
      vertex -4.855566e+001  5.000000e+002  3.172299e+001
    endloop
  endfacet
  facet normal  0.000000e+000  1.000000e+000  0.000000e+000
    outer loop
      vertex -4.855566e+001  5.000000e+002  3.172299e+001
      vertex -4.330127e+001  5.000000e+002  2.500000e+001
      vertex -4.698463e+001  5.000000e+002  1.710101e+001
    endloop
  endfacet
  facet normal  0.000000e+000  9.999999e-001  0.000000e+000
    outer loop
      vertex -4.855566e+001  5.000000e+002  3.172299e+001
      vertex -4.698463e+001  5.000000e+002  1.710101e+001
      vertex -4.924039e+001  5.000000e+002  8.682409e+000
    endloop
  endfacet
  facet normal  0.000000e+000  1.000000e+000  0.000000e+000
    outer loop
      vertex -4.924039e+001  5.000000e+002  8.682409e+000
      vertex -5.000000e+001  5.000000e+002 -9.184851e-015
      vertex -4.855566e+001  5.000000e+002  3.172299e+001
    endloop
  endfacet
  facet normal  0.000000e+000  1.000000e+000  0.000000e+000
    outer loop
      vertex -4.855566e+001  5.000000e+002  3.172299e+001
      vertex -5.000000e+001  5.000000e+002 -9.184851e-015
      vertex -5.311485e+001  5.000000e+002  2.329833e+001
    endloop
  endfacet
  facet normal  -0.000000e+000 -1.000000e+000  0.000000e+000
    outer loop
      vertex  5.311485e+001  0.000000e+000 -2.329833e+001
      vertex  5.622522e+001  0.000000e+000 -1.423816e+001
      vertex  5.000000e+001  0.000000e+000  3.061617e-015
    endloop
  endfacet
  facet normal  0.000000e+000 -1.000000e+000  0.000000e+000
    outer loop
      vertex -5.622522e+001  0.000000e+000 -1.423816e+001
      vertex -5.311485e+001  0.000000e+000 -2.329833e+001
      vertex -5.780190e+001  0.000000e+000 -4.789602e+000
    endloop
  endfacet
  facet normal  0.000000e+000 -1.000000e+000  0.000000e+000
    outer loop
      vertex -5.780190e+001  0.000000e+000 -4.789602e+000
      vertex -5.311485e+001  0.000000e+000 -2.329833e+001
      vertex -5.000000e+001  0.000000e+000 -9.184851e-015
    endloop
  endfacet
  facet normal  -0.000000e+000 -1.000000e+000  0.000000e+000
    outer loop
      vertex -5.780190e+001  0.000000e+000 -4.789602e+000
      vertex -5.000000e+001  0.000000e+000 -9.184851e-015
      vertex -5.780190e+001  0.000000e+000  4.789602e+000
    endloop
  endfacet
  facet normal  0.000000e+000 -1.000000e+000  0.000000e+000
    outer loop
      vertex -5.780190e+001  0.000000e+000  4.789602e+000
      vertex -5.000000e+001  0.000000e+000 -9.184851e-015
      vertex -5.311485e+001  0.000000e+000  2.329833e+001
    endloop
  endfacet
  facet normal  0.000000e+000 -1.000000e+000  0.000000e+000
    outer loop
      vertex -5.780190e+001  0.000000e+000  4.789602e+000
      vertex -5.311485e+001  0.000000e+000  2.329833e+001
      vertex -5.622522e+001  0.000000e+000  1.423816e+001
    endloop
  endfacet
  facet normal  0.000000e+000 -1.000000e+000  0.000000e+000
    outer loop
      vertex  5.311485e+001  0.000000e+000  2.329833e+001
      vertex  5.000000e+001  0.000000e+000  3.061617e-015
      vertex  5.622522e+001  0.000000e+000  1.423816e+001
    endloop
  endfacet
  facet normal  0.000000e+000 -1.000000e+000  -0.000000e+000
    outer loop
      vertex  5.622522e+001  0.000000e+000  1.423816e+001
      vertex  5.000000e+001  0.000000e+000  3.061617e-015
      vertex  5.780190e+001  0.000000e+000  4.789602e+000
    endloop
  endfacet
  facet normal  0.000000e+000 -1.000000e+000  0.000000e+000
    outer loop
      vertex  5.000000e+001  0.000000e+000  3.061617e-015
      vertex  5.622522e+001  0.000000e+000 -1.423816e+001
      vertex  5.780190e+001  0.000000e+000  4.789602e+000
    endloop
  endfacet
  facet normal  0.000000e+000 -1.000000e+000  -0.000000e+000
    outer loop
      vertex  5.780190e+001  0.000000e+000  4.789602e+000
      vertex  5.622522e+001  0.000000e+000 -1.423816e+001
      vertex  5.780190e+001  0.000000e+000 -4.789602e+000
    endloop
  endfacet
  facet normal  0.000000e+000 -9.999999e-001  0.000000e+000
    outer loop
      vertex  4.330127e+001  0.000000e+000 -2.500000e+001
      vertex  4.267199e+001  0.000000e+000 -3.928233e+001
      vertex  4.698463e+001  0.000000e+000 -1.710101e+001
    endloop
  endfacet
  facet normal  0.000000e+000 -9.999999e-001  -0.000000e+000
    outer loop
      vertex  4.698463e+001  0.000000e+000 -1.710101e+001
      vertex  4.267199e+001  0.000000e+000 -3.928233e+001
      vertex  4.855566e+001  0.000000e+000 -3.172299e+001
    endloop
  endfacet
  facet normal  0.000000e+000 -9.999999e-001  0.000000e+000
    outer loop
      vertex  4.698463e+001  0.000000e+000 -1.710101e+001
      vertex  4.855566e+001  0.000000e+000 -3.172299e+001
      vertex  4.924039e+001  0.000000e+000 -8.682409e+000
    endloop
  endfacet
  facet normal  0.000000e+000 -1.000000e+000  -0.000000e+000
    outer loop
      vertex  4.924039e+001  0.000000e+000 -8.682409e+000
      vertex  4.855566e+001  0.000000e+000 -3.172299e+001
      vertex  5.311485e+001  0.000000e+000 -2.329833e+001
    endloop
  endfacet
  facet normal  0.000000e+000 -9.999999e-001  0.000000e+000
    outer loop
      vertex  4.924039e+001  0.000000e+000 -8.682409e+000
      vertex  5.311485e+001  0.000000e+000 -2.329833e+001
      vertex  5.000000e+001  0.000000e+000  3.061617e-015
    endloop
  endfacet
  facet normal  0.000000e+000 -1.000000e+000  0.000000e+000
    outer loop
      vertex  2.500000e+001  0.000000e+000 -4.330127e+001
      vertex  2.760495e+001  0.000000e+000 -5.100948e+001
      vertex  3.213938e+001  0.000000e+000 -3.830222e+001
    endloop
  endfacet
  facet normal  0.000000e+000 -1.000000e+000  -0.000000e+000
    outer loop
      vertex  3.213938e+001  0.000000e+000 -3.830222e+001
      vertex  2.760495e+001  0.000000e+000 -5.100948e+001
      vertex  3.562434e+001  0.000000e+000 -4.577015e+001
    endloop
  endfacet
  facet normal  0.000000e+000 -1.000000e+000  0.000000e+000
    outer loop
      vertex  3.213938e+001  0.000000e+000 -3.830222e+001
      vertex  3.562434e+001  0.000000e+000 -4.577015e+001
      vertex  3.830222e+001  0.000000e+000 -3.213938e+001
    endloop
  endfacet
  facet normal  0.000000e+000 -1.000000e+000  -0.000000e+000
    outer loop
      vertex  3.830222e+001  0.000000e+000 -3.213938e+001
      vertex  3.562434e+001  0.000000e+000 -4.577015e+001
      vertex  4.267199e+001  0.000000e+000 -3.928233e+001
    endloop
  endfacet
  facet normal  0.000000e+000 -1.000000e+000  0.000000e+000
    outer loop
      vertex  3.830222e+001  0.000000e+000 -3.213938e+001
      vertex  4.267199e+001  0.000000e+000 -3.928233e+001
      vertex  4.330127e+001  0.000000e+000 -2.500000e+001
    endloop
  endfacet
  facet normal  0.000000e+000 -1.000000e+000  0.000000e+000
    outer loop
      vertex -3.830222e+001  0.000000e+000 -3.213938e+001
      vertex -3.562434e+001  0.000000e+000 -4.577015e+001
      vertex -3.213938e+001  0.000000e+000 -3.830222e+001
    endloop
  endfacet
  facet normal  0.000000e+000 -1.000000e+000  -0.000000e+000
    outer loop
      vertex -3.213938e+001  0.000000e+000 -3.830222e+001
      vertex -3.562434e+001  0.000000e+000 -4.577015e+001
      vertex -2.760495e+001  0.000000e+000 -5.100948e+001
    endloop
  endfacet
  facet normal  0.000000e+000 -1.000000e+000  0.000000e+000
    outer loop
      vertex -3.213938e+001  0.000000e+000 -3.830222e+001
      vertex -2.760495e+001  0.000000e+000 -5.100948e+001
      vertex -2.500000e+001  0.000000e+000 -4.330127e+001
    endloop
  endfacet
  facet normal  0.000000e+000 -1.000000e+000  -0.000000e+000
    outer loop
      vertex -2.500000e+001  0.000000e+000 -4.330127e+001
      vertex -2.760495e+001  0.000000e+000 -5.100948e+001
      vertex -1.883257e+001  0.000000e+000 -5.485740e+001
    endloop
  endfacet
  facet normal  0.000000e+000 -1.000000e+000  0.000000e+000
    outer loop
      vertex -2.500000e+001  0.000000e+000 -4.330127e+001
      vertex -1.883257e+001  0.000000e+000 -5.485740e+001
      vertex -1.710101e+001  0.000000e+000 -4.698463e+001
    endloop
  endfacet
  facet normal  0.000000e+000 -1.000000e+000  -0.000000e+000
    outer loop
      vertex -1.710101e+001  0.000000e+000 -4.698463e+001
      vertex -1.883257e+001  0.000000e+000 -5.485740e+001
      vertex -9.546486e+000  0.000000e+000 -5.720895e+001
    endloop
  endfacet
  facet normal  0.000000e+000 -1.000000e+000  0.000000e+000
    outer loop
      vertex -1.710101e+001  0.000000e+000 -4.698463e+001
      vertex -9.546486e+000  0.000000e+000 -5.720895e+001
      vertex -8.682409e+000  0.000000e+000 -4.924039e+001
    endloop
  endfacet
  facet normal  0.000000e+000 -9.999999e-001  -0.000000e+000
    outer loop
      vertex -8.682409e+000  0.000000e+000 -4.924039e+001
      vertex -9.546486e+000  0.000000e+000 -5.720895e+001
      vertex  7.102951e-015  0.000000e+000 -5.800000e+001
    endloop
  endfacet
  facet normal  0.000000e+000 -1.000000e+000  0.000000e+000
    outer loop
      vertex -8.682409e+000  0.000000e+000 -4.924039e+001
      vertex  7.102951e-015  0.000000e+000 -5.800000e+001
      vertex  6.123234e-015  0.000000e+000 -5.000000e+001
    endloop
  endfacet
  facet normal  0.000000e+000 -1.000000e+000  0.000000e+000
    outer loop
      vertex  6.123234e-015  0.000000e+000 -5.000000e+001
      vertex  7.102951e-015  0.000000e+000 -5.800000e+001
      vertex  9.546486e+000  0.000000e+000 -5.720895e+001
    endloop
  endfacet
  facet normal  0.000000e+000 -1.000000e+000  0.000000e+000
    outer loop
      vertex  6.123234e-015  0.000000e+000 -5.000000e+001
      vertex  9.546486e+000  0.000000e+000 -5.720895e+001
      vertex  8.682409e+000  0.000000e+000 -4.924039e+001
    endloop
  endfacet
  facet normal  0.000000e+000 -1.000000e+000  0.000000e+000
    outer loop
      vertex  8.682409e+000  0.000000e+000 -4.924039e+001
      vertex  9.546486e+000  0.000000e+000 -5.720895e+001
      vertex  1.883257e+001  0.000000e+000 -5.485740e+001
    endloop
  endfacet
  facet normal  0.000000e+000 -1.000000e+000  0.000000e+000
    outer loop
      vertex  8.682409e+000  0.000000e+000 -4.924039e+001
      vertex  1.883257e+001  0.000000e+000 -5.485740e+001
      vertex  1.710101e+001  0.000000e+000 -4.698463e+001
    endloop
  endfacet
  facet normal  0.000000e+000 -1.000000e+000  0.000000e+000
    outer loop
      vertex  1.710101e+001  0.000000e+000 -4.698463e+001
      vertex  1.883257e+001  0.000000e+000 -5.485740e+001
      vertex  2.760495e+001  0.000000e+000 -5.100948e+001
    endloop
  endfacet
  facet normal  0.000000e+000 -1.000000e+000  0.000000e+000
    outer loop
      vertex  1.710101e+001  0.000000e+000 -4.698463e+001
      vertex  2.760495e+001  0.000000e+000 -5.100948e+001
      vertex  2.500000e+001  0.000000e+000 -4.330127e+001
    endloop
  endfacet
  facet normal  0.000000e+000 -9.999999e-001  0.000000e+000
    outer loop
      vertex -4.924039e+001  0.000000e+000 -8.682409e+000
      vertex -4.855566e+001  0.000000e+000 -3.172299e+001
      vertex -4.698463e+001  0.000000e+000 -1.710101e+001
    endloop
  endfacet
  facet normal  0.000000e+000 -9.999999e-001  -0.000000e+000
    outer loop
      vertex -4.698463e+001  0.000000e+000 -1.710101e+001
      vertex -4.855566e+001  0.000000e+000 -3.172299e+001
      vertex -4.267199e+001  0.000000e+000 -3.928233e+001
    endloop
  endfacet
  facet normal  0.000000e+000 -9.999999e-001  0.000000e+000
    outer loop
      vertex -4.698463e+001  0.000000e+000 -1.710101e+001
      vertex -4.267199e+001  0.000000e+000 -3.928233e+001
      vertex -4.330127e+001  0.000000e+000 -2.500000e+001
    endloop
  endfacet
  facet normal  0.000000e+000 -9.999999e-001  0.000000e+000
    outer loop
      vertex -4.330127e+001  0.000000e+000 -2.500000e+001
      vertex -4.267199e+001  0.000000e+000 -3.928233e+001
      vertex -3.562434e+001  0.000000e+000 -4.577015e+001
    endloop
  endfacet
  facet normal  0.000000e+000 -1.000000e+000  0.000000e+000
    outer loop
      vertex -4.330127e+001  0.000000e+000 -2.500000e+001
      vertex -3.562434e+001  0.000000e+000 -4.577015e+001
      vertex -3.830222e+001  0.000000e+000 -3.213938e+001
    endloop
  endfacet
  facet normal  0.000000e+000 -1.000000e+000  0.000000e+000
    outer loop
      vertex -5.311485e+001  0.000000e+000 -2.329833e+001
      vertex -4.855566e+001  0.000000e+000 -3.172299e+001
      vertex -5.000000e+001  0.000000e+000 -9.184851e-015
    endloop
  endfacet
  facet normal  0.000000e+000 -1.000000e+000  0.000000e+000
    outer loop
      vertex -5.000000e+001  0.000000e+000 -9.184851e-015
      vertex -4.855566e+001  0.000000e+000 -3.172299e+001
      vertex -4.924039e+001  0.000000e+000 -8.682409e+000
    endloop
  endfacet
  facet normal  0.000000e+000 -9.999999e-001  0.000000e+000
    outer loop
      vertex  4.330127e+001  0.000000e+000  2.500000e+001
      vertex  4.698463e+001  0.000000e+000  1.710101e+001
      vertex  4.267199e+001  0.000000e+000  3.928233e+001
    endloop
  endfacet
  facet normal  0.000000e+000 -1.000000e+000  0.000000e+000
    outer loop
      vertex  4.267199e+001  0.000000e+000  3.928233e+001
      vertex  4.698463e+001  0.000000e+000  1.710101e+001
      vertex  4.924039e+001  0.000000e+000  8.682409e+000
    endloop
  endfacet
  facet normal  0.000000e+000 -1.000000e+000  0.000000e+000
    outer loop
      vertex  4.267199e+001  0.000000e+000  3.928233e+001
      vertex  4.924039e+001  0.000000e+000  8.682409e+000
      vertex  4.855566e+001  0.000000e+000  3.172299e+001
    endloop
  endfacet
  facet normal  0.000000e+000 -1.000000e+000  0.000000e+000
    outer loop
      vertex  4.855566e+001  0.000000e+000  3.172299e+001
      vertex  4.924039e+001  0.000000e+000  8.682409e+000
      vertex  5.000000e+001  0.000000e+000  3.061617e-015
    endloop
  endfacet
  facet normal  0.000000e+000 -1.000000e+000  0.000000e+000
    outer loop
      vertex  4.855566e+001  0.000000e+000  3.172299e+001
      vertex  5.000000e+001  0.000000e+000  3.061617e-015
      vertex  5.311485e+001  0.000000e+000  2.329833e+001
    endloop
  endfacet
  facet normal  0.000000e+000 -1.000000e+000  0.000000e+000
    outer loop
      vertex  2.500000e+001  0.000000e+000  4.330127e+001
      vertex  3.213938e+001  0.000000e+000  3.830222e+001
      vertex  2.760495e+001  0.000000e+000  5.100948e+001
    endloop
  endfacet
  facet normal  0.000000e+000 -1.000000e+000  0.000000e+000
    outer loop
      vertex  2.760495e+001  0.000000e+000  5.100948e+001
      vertex  3.213938e+001  0.000000e+000  3.830222e+001
      vertex  3.830222e+001  0.000000e+000  3.213938e+001
    endloop
  endfacet
  facet normal  0.000000e+000 -1.000000e+000  0.000000e+000
    outer loop
      vertex  2.760495e+001  0.000000e+000  5.100948e+001
      vertex  3.830222e+001  0.000000e+000  3.213938e+001
      vertex  3.562434e+001  0.000000e+000  4.577015e+001
    endloop
  endfacet
  facet normal  0.000000e+000 -1.000000e+000  0.000000e+000
    outer loop
      vertex  3.562434e+001  0.000000e+000  4.577015e+001
      vertex  3.830222e+001  0.000000e+000  3.213938e+001
      vertex  4.330127e+001  0.000000e+000  2.500000e+001
    endloop
  endfacet
  facet normal  0.000000e+000 -9.999999e-001  0.000000e+000
    outer loop
      vertex  3.562434e+001  0.000000e+000  4.577015e+001
      vertex  4.330127e+001  0.000000e+000  2.500000e+001
      vertex  4.267199e+001  0.000000e+000  3.928233e+001
    endloop
  endfacet
  facet normal  -0.000000e+000 -1.000000e+000  0.000000e+000
    outer loop
      vertex -3.830222e+001  0.000000e+000  3.213938e+001
      vertex -3.213938e+001  0.000000e+000  3.830222e+001
      vertex -3.562434e+001  0.000000e+000  4.577015e+001
    endloop
  endfacet
  facet normal  0.000000e+000 -1.000000e+000  0.000000e+000
    outer loop
      vertex -3.562434e+001  0.000000e+000  4.577015e+001
      vertex -3.213938e+001  0.000000e+000  3.830222e+001
      vertex -2.500000e+001  0.000000e+000  4.330127e+001
    endloop
  endfacet
  facet normal  0.000000e+000 -1.000000e+000  0.000000e+000
    outer loop
      vertex -3.562434e+001  0.000000e+000  4.577015e+001
      vertex -2.500000e+001  0.000000e+000  4.330127e+001
      vertex -2.760495e+001  0.000000e+000  5.100948e+001
    endloop
  endfacet
  facet normal  0.000000e+000 -1.000000e+000  0.000000e+000
    outer loop
      vertex -2.760495e+001  0.000000e+000  5.100948e+001
      vertex -2.500000e+001  0.000000e+000  4.330127e+001
      vertex -1.710101e+001  0.000000e+000  4.698463e+001
    endloop
  endfacet
  facet normal  0.000000e+000 -1.000000e+000  0.000000e+000
    outer loop
      vertex -2.760495e+001  0.000000e+000  5.100948e+001
      vertex -1.710101e+001  0.000000e+000  4.698463e+001
      vertex -1.883257e+001  0.000000e+000  5.485740e+001
    endloop
  endfacet
  facet normal  0.000000e+000 -1.000000e+000  0.000000e+000
    outer loop
      vertex -1.883257e+001  0.000000e+000  5.485740e+001
      vertex -1.710101e+001  0.000000e+000  4.698463e+001
      vertex -8.682409e+000  0.000000e+000  4.924039e+001
    endloop
  endfacet
  facet normal  0.000000e+000 -1.000000e+000  0.000000e+000
    outer loop
      vertex -1.883257e+001  0.000000e+000  5.485740e+001
      vertex -8.682409e+000  0.000000e+000  4.924039e+001
      vertex -9.546486e+000  0.000000e+000  5.720895e+001
    endloop
  endfacet
  facet normal  0.000000e+000 -1.000000e+000  0.000000e+000
    outer loop
      vertex -9.546486e+000  0.000000e+000  5.720895e+001
      vertex -8.682409e+000  0.000000e+000  4.924039e+001
      vertex  0.000000e+000  0.000000e+000  5.000000e+001
    endloop
  endfacet
  facet normal  0.000000e+000 -1.000000e+000  0.000000e+000
    outer loop
      vertex -9.546486e+000  0.000000e+000  5.720895e+001
      vertex  0.000000e+000  0.000000e+000  5.000000e+001
      vertex  0.000000e+000  0.000000e+000  5.800000e+001
    endloop
  endfacet
  facet normal  0.000000e+000 -1.000000e+000  0.000000e+000
    outer loop
      vertex  0.000000e+000  0.000000e+000  5.800000e+001
      vertex  0.000000e+000  0.000000e+000  5.000000e+001
      vertex  8.682409e+000  0.000000e+000  4.924039e+001
    endloop
  endfacet
  facet normal  0.000000e+000 -9.999999e-001  0.000000e+000
    outer loop
      vertex  0.000000e+000  0.000000e+000  5.800000e+001
      vertex  8.682409e+000  0.000000e+000  4.924039e+001
      vertex  9.546486e+000  0.000000e+000  5.720895e+001
    endloop
  endfacet
  facet normal  0.000000e+000 -1.000000e+000  -0.000000e+000
    outer loop
      vertex  9.546486e+000  0.000000e+000  5.720895e+001
      vertex  8.682409e+000  0.000000e+000  4.924039e+001
      vertex  1.710101e+001  0.000000e+000  4.698463e+001
    endloop
  endfacet
  facet normal  0.000000e+000 -1.000000e+000  0.000000e+000
    outer loop
      vertex  9.546486e+000  0.000000e+000  5.720895e+001
      vertex  1.710101e+001  0.000000e+000  4.698463e+001
      vertex  1.883257e+001  0.000000e+000  5.485740e+001
    endloop
  endfacet
  facet normal  0.000000e+000 -1.000000e+000  -0.000000e+000
    outer loop
      vertex  1.883257e+001  0.000000e+000  5.485740e+001
      vertex  1.710101e+001  0.000000e+000  4.698463e+001
      vertex  2.500000e+001  0.000000e+000  4.330127e+001
    endloop
  endfacet
  facet normal  0.000000e+000 -1.000000e+000  0.000000e+000
    outer loop
      vertex  1.883257e+001  0.000000e+000  5.485740e+001
      vertex  2.500000e+001  0.000000e+000  4.330127e+001
      vertex  2.760495e+001  0.000000e+000  5.100948e+001
    endloop
  endfacet
  facet normal  -0.000000e+000 -9.999999e-001  0.000000e+000
    outer loop
      vertex -4.924039e+001  0.000000e+000  8.682409e+000
      vertex -4.698463e+001  0.000000e+000  1.710101e+001
      vertex -4.855566e+001  0.000000e+000  3.172299e+001
    endloop
  endfacet
  facet normal  0.000000e+000 -1.000000e+000  0.000000e+000
    outer loop
      vertex -4.855566e+001  0.000000e+000  3.172299e+001
      vertex -4.698463e+001  0.000000e+000  1.710101e+001
      vertex -4.330127e+001  0.000000e+000  2.500000e+001
    endloop
  endfacet
  facet normal  0.000000e+000 -1.000000e+000  0.000000e+000
    outer loop
      vertex -4.855566e+001  0.000000e+000  3.172299e+001
      vertex -4.330127e+001  0.000000e+000  2.500000e+001
      vertex -4.267199e+001  0.000000e+000  3.928233e+001
    endloop
  endfacet
  facet normal  0.000000e+000 -1.000000e+000  -0.000000e+000
    outer loop
      vertex -4.267199e+001  0.000000e+000  3.928233e+001
      vertex -4.330127e+001  0.000000e+000  2.500000e+001
      vertex -3.830222e+001  0.000000e+000  3.213938e+001
    endloop
  endfacet
  facet normal  0.000000e+000 -1.000000e+000  0.000000e+000
    outer loop
      vertex -4.267199e+001  0.000000e+000  3.928233e+001
      vertex -3.830222e+001  0.000000e+000  3.213938e+001
      vertex -3.562434e+001  0.000000e+000  4.577015e+001
    endloop
  endfacet
  facet normal  0.000000e+000 -1.000000e+000  0.000000e+000
    outer loop
      vertex -4.924039e+001  0.000000e+000  8.682409e+000
      vertex -4.855566e+001  0.000000e+000  3.172299e+001
      vertex -5.000000e+001  0.000000e+000 -9.184851e-015
    endloop
  endfacet
  facet normal  0.000000e+000 -1.000000e+000  0.000000e+000
    outer loop
      vertex -5.000000e+001  0.000000e+000 -9.184851e-015
      vertex -4.855566e+001  0.000000e+000  3.172299e+001
      vertex -5.311485e+001  0.000000e+000  2.329833e+001
    endloop
  endfacet
  facet normal -8.257952e-002  0.000000e+000  9.965845e-001
    outer loop
      vertex  0.000000e+000  0.000000e+000  5.800000e+001
      vertex  0.000000e+000  5.000000e+002  5.800000e+001
      vertex -9.546486e+000  0.000000e+000  5.720895e+001
    endloop
  endfacet
  facet normal -8.257952e-002  0.000000e+000  9.965845e-001
    outer loop
      vertex -9.546486e+000  0.000000e+000  5.720895e+001
      vertex  0.000000e+000  5.000000e+002  5.800000e+001
      vertex -9.546486e+000  5.000000e+002  5.720895e+001
    endloop
  endfacet
  facet normal -2.454854e-001  0.000000e+000  9.694003e-001
    outer loop
      vertex -9.546486e+000  0.000000e+000  5.720895e+001
      vertex -9.546486e+000  5.000000e+002  5.720895e+001
      vertex -1.883257e+001  0.000000e+000  5.485740e+001
    endloop
  endfacet
  facet normal -2.454854e-001  0.000000e+000  9.694003e-001
    outer loop
      vertex -1.883257e+001  0.000000e+000  5.485740e+001
      vertex -9.546486e+000  5.000000e+002  5.720895e+001
      vertex -1.883257e+001  5.000000e+002  5.485740e+001
    endloop
  endfacet
  facet normal -4.016955e-001  0.000000e+000  9.157733e-001
    outer loop
      vertex -1.883257e+001  0.000000e+000  5.485740e+001
      vertex -1.883257e+001  5.000000e+002  5.485740e+001
      vertex -2.760495e+001  0.000000e+000  5.100948e+001
    endloop
  endfacet
  facet normal -4.016955e-001  0.000000e+000  9.157733e-001
    outer loop
      vertex -2.760495e+001  0.000000e+000  5.100948e+001
      vertex -1.883257e+001  5.000000e+002  5.485740e+001
      vertex -2.760495e+001  5.000000e+002  5.100948e+001
    endloop
  endfacet
  facet normal -5.469481e-001  0.000000e+000  8.371665e-001
    outer loop
      vertex -2.760495e+001  0.000000e+000  5.100948e+001
      vertex -2.760495e+001  5.000000e+002  5.100948e+001
      vertex -3.562434e+001  0.000000e+000  4.577015e+001
    endloop
  endfacet
  facet normal -5.469481e-001  0.000000e+000  8.371665e-001
    outer loop
      vertex -3.562434e+001  0.000000e+000  4.577015e+001
      vertex -2.760495e+001  5.000000e+002  5.100948e+001
      vertex -3.562434e+001  5.000000e+002  4.577015e+001
    endloop
  endfacet
  facet normal -6.772817e-001  0.000000e+000  7.357239e-001
    outer loop
      vertex -3.562434e+001  0.000000e+000  4.577015e+001
      vertex -3.562434e+001  5.000000e+002  4.577015e+001
      vertex -4.267199e+001  0.000000e+000  3.928233e+001
    endloop
  endfacet
  facet normal -6.772817e-001  0.000000e+000  7.357239e-001
    outer loop
      vertex -4.267199e+001  0.000000e+000  3.928233e+001
      vertex -3.562434e+001  5.000000e+002  4.577015e+001
      vertex -4.267199e+001  5.000000e+002  3.928233e+001
    endloop
  endfacet
  facet normal -7.891403e-001  0.000000e+000  6.142129e-001
    outer loop
      vertex -4.267199e+001  0.000000e+000  3.928233e+001
      vertex -4.267199e+001  5.000000e+002  3.928233e+001
      vertex -4.855566e+001  0.000000e+000  3.172299e+001
    endloop
  endfacet
  facet normal -7.891403e-001  0.000000e+000  6.142129e-001
    outer loop
      vertex -4.855566e+001  0.000000e+000  3.172299e+001
      vertex -4.267199e+001  5.000000e+002  3.928233e+001
      vertex -4.855566e+001  5.000000e+002  3.172299e+001
    endloop
  endfacet
  facet normal -8.794739e-001  0.000000e+000  4.759473e-001
    outer loop
      vertex -4.855566e+001  0.000000e+000  3.172299e+001
      vertex -4.855566e+001  5.000000e+002  3.172299e+001
      vertex -5.311485e+001  0.000000e+000  2.329833e+001
    endloop
  endfacet
  facet normal -8.794739e-001  0.000000e+000  4.759473e-001
    outer loop
      vertex -5.311485e+001  0.000000e+000  2.329833e+001
      vertex -4.855566e+001  5.000000e+002  3.172299e+001
      vertex -5.311485e+001  5.000000e+002  2.329833e+001
    endloop
  endfacet
  facet normal -9.458172e-001  0.000000e+000  3.246995e-001
    outer loop
      vertex -5.311485e+001  0.000000e+000  2.329833e+001
      vertex -5.311485e+001  5.000000e+002  2.329833e+001
      vertex -5.622522e+001  0.000000e+000  1.423816e+001
    endloop
  endfacet
  facet normal -9.458172e-001  0.000000e+000  3.246995e-001
    outer loop
      vertex -5.622522e+001  0.000000e+000  1.423816e+001
      vertex -5.311485e+001  5.000000e+002  2.329833e+001
      vertex -5.622522e+001  5.000000e+002  1.423816e+001
    endloop
  endfacet
  facet normal -9.863613e-001  0.000000e+000  1.645944e-001
    outer loop
      vertex -5.622522e+001  0.000000e+000  1.423816e+001
      vertex -5.622522e+001  5.000000e+002  1.423816e+001
      vertex -5.780190e+001  0.000000e+000  4.789602e+000
    endloop
  endfacet
  facet normal -9.863613e-001  0.000000e+000  1.645944e-001
    outer loop
      vertex -5.780190e+001  0.000000e+000  4.789602e+000
      vertex -5.622522e+001  5.000000e+002  1.423816e+001
      vertex -5.780190e+001  5.000000e+002  4.789602e+000
    endloop
  endfacet
  facet normal -1.000000e+000  -0.000000e+000  0.000000e+000
    outer loop
      vertex -5.780190e+001  0.000000e+000  4.789602e+000
      vertex -5.780190e+001  5.000000e+002  4.789602e+000
      vertex -5.780190e+001  0.000000e+000 -4.789602e+000
    endloop
  endfacet
  facet normal -1.000000e+000  0.000000e+000  0.000000e+000
    outer loop
      vertex -5.780190e+001  0.000000e+000 -4.789602e+000
      vertex -5.780190e+001  5.000000e+002  4.789602e+000
      vertex -5.780190e+001  5.000000e+002 -4.789602e+000
    endloop
  endfacet
  facet normal -9.863613e-001  -0.000000e+000 -1.645944e-001
    outer loop
      vertex -5.780190e+001  0.000000e+000 -4.789602e+000
      vertex -5.780190e+001  5.000000e+002 -4.789602e+000
      vertex -5.622522e+001  0.000000e+000 -1.423816e+001
    endloop
  endfacet
  facet normal -9.863613e-001  0.000000e+000 -1.645944e-001
    outer loop
      vertex -5.622522e+001  0.000000e+000 -1.423816e+001
      vertex -5.780190e+001  5.000000e+002 -4.789602e+000
      vertex -5.622522e+001  5.000000e+002 -1.423816e+001
    endloop
  endfacet
  facet normal -9.458172e-001  -0.000000e+000 -3.246995e-001
    outer loop
      vertex -5.622522e+001  0.000000e+000 -1.423816e+001
      vertex -5.622522e+001  5.000000e+002 -1.423816e+001
      vertex -5.311485e+001  0.000000e+000 -2.329833e+001
    endloop
  endfacet
  facet normal -9.458172e-001  0.000000e+000 -3.246995e-001
    outer loop
      vertex -5.311485e+001  0.000000e+000 -2.329833e+001
      vertex -5.622522e+001  5.000000e+002 -1.423816e+001
      vertex -5.311485e+001  5.000000e+002 -2.329833e+001
    endloop
  endfacet
  facet normal -8.794739e-001  -0.000000e+000 -4.759473e-001
    outer loop
      vertex -5.311485e+001  0.000000e+000 -2.329833e+001
      vertex -5.311485e+001  5.000000e+002 -2.329833e+001
      vertex -4.855566e+001  0.000000e+000 -3.172299e+001
    endloop
  endfacet
  facet normal -8.794739e-001  0.000000e+000 -4.759473e-001
    outer loop
      vertex -4.855566e+001  0.000000e+000 -3.172299e+001
      vertex -5.311485e+001  5.000000e+002 -2.329833e+001
      vertex -4.855566e+001  5.000000e+002 -3.172299e+001
    endloop
  endfacet
  facet normal -7.891403e-001  -0.000000e+000 -6.142129e-001
    outer loop
      vertex -4.855566e+001  0.000000e+000 -3.172299e+001
      vertex -4.855566e+001  5.000000e+002 -3.172299e+001
      vertex -4.267199e+001  0.000000e+000 -3.928233e+001
    endloop
  endfacet
  facet normal -7.891403e-001  0.000000e+000 -6.142129e-001
    outer loop
      vertex -4.267199e+001  0.000000e+000 -3.928233e+001
      vertex -4.855566e+001  5.000000e+002 -3.172299e+001
      vertex -4.267199e+001  5.000000e+002 -3.928233e+001
    endloop
  endfacet
  facet normal -6.772817e-001  -0.000000e+000 -7.357239e-001
    outer loop
      vertex -4.267199e+001  0.000000e+000 -3.928233e+001
      vertex -4.267199e+001  5.000000e+002 -3.928233e+001
      vertex -3.562434e+001  0.000000e+000 -4.577015e+001
    endloop
  endfacet
  facet normal -6.772817e-001  0.000000e+000 -7.357239e-001
    outer loop
      vertex -3.562434e+001  0.000000e+000 -4.577015e+001
      vertex -4.267199e+001  5.000000e+002 -3.928233e+001
      vertex -3.562434e+001  5.000000e+002 -4.577015e+001
    endloop
  endfacet
  facet normal -5.469481e-001  -0.000000e+000 -8.371665e-001
    outer loop
      vertex -3.562434e+001  0.000000e+000 -4.577015e+001
      vertex -3.562434e+001  5.000000e+002 -4.577015e+001
      vertex -2.760495e+001  0.000000e+000 -5.100948e+001
    endloop
  endfacet
  facet normal -5.469481e-001  0.000000e+000 -8.371665e-001
    outer loop
      vertex -2.760495e+001  0.000000e+000 -5.100948e+001
      vertex -3.562434e+001  5.000000e+002 -4.577015e+001
      vertex -2.760495e+001  5.000000e+002 -5.100948e+001
    endloop
  endfacet
  facet normal -4.016955e-001  -0.000000e+000 -9.157733e-001
    outer loop
      vertex -2.760495e+001  0.000000e+000 -5.100948e+001
      vertex -2.760495e+001  5.000000e+002 -5.100948e+001
      vertex -1.883257e+001  0.000000e+000 -5.485740e+001
    endloop
  endfacet
  facet normal -4.016955e-001  0.000000e+000 -9.157733e-001
    outer loop
      vertex -1.883257e+001  0.000000e+000 -5.485740e+001
      vertex -2.760495e+001  5.000000e+002 -5.100948e+001
      vertex -1.883257e+001  5.000000e+002 -5.485740e+001
    endloop
  endfacet
  facet normal -2.454854e-001  -0.000000e+000 -9.694003e-001
    outer loop
      vertex -1.883257e+001  0.000000e+000 -5.485740e+001
      vertex -1.883257e+001  5.000000e+002 -5.485740e+001
      vertex -9.546486e+000  0.000000e+000 -5.720895e+001
    endloop
  endfacet
  facet normal -2.454854e-001  0.000000e+000 -9.694003e-001
    outer loop
      vertex -9.546486e+000  0.000000e+000 -5.720895e+001
      vertex -1.883257e+001  5.000000e+002 -5.485740e+001
      vertex -9.546486e+000  5.000000e+002 -5.720895e+001
    endloop
  endfacet
  facet normal -8.257952e-002  -0.000000e+000 -9.965845e-001
    outer loop
      vertex -9.546486e+000  0.000000e+000 -5.720895e+001
      vertex -9.546486e+000  5.000000e+002 -5.720895e+001
      vertex  7.102951e-015  0.000000e+000 -5.800000e+001
    endloop
  endfacet
  facet normal -8.257952e-002  0.000000e+000 -9.965845e-001
    outer loop
      vertex  7.102951e-015  0.000000e+000 -5.800000e+001
      vertex -9.546486e+000  5.000000e+002 -5.720895e+001
      vertex  7.102951e-015  5.000000e+002 -5.800000e+001
    endloop
  endfacet
  facet normal  8.257952e-002  0.000000e+000 -9.965845e-001
    outer loop
      vertex  7.102951e-015  0.000000e+000 -5.800000e+001
      vertex  7.102951e-015  5.000000e+002 -5.800000e+001
      vertex  9.546486e+000  0.000000e+000 -5.720895e+001
    endloop
  endfacet
  facet normal  8.257952e-002  0.000000e+000 -9.965845e-001
    outer loop
      vertex  9.546486e+000  0.000000e+000 -5.720895e+001
      vertex  7.102951e-015  5.000000e+002 -5.800000e+001
      vertex  9.546486e+000  5.000000e+002 -5.720895e+001
    endloop
  endfacet
  facet normal  2.454854e-001  0.000000e+000 -9.694003e-001
    outer loop
      vertex  9.546486e+000  0.000000e+000 -5.720895e+001
      vertex  9.546486e+000  5.000000e+002 -5.720895e+001
      vertex  1.883257e+001  0.000000e+000 -5.485740e+001
    endloop
  endfacet
  facet normal  2.454854e-001  0.000000e+000 -9.694003e-001
    outer loop
      vertex  1.883257e+001  0.000000e+000 -5.485740e+001
      vertex  9.546486e+000  5.000000e+002 -5.720895e+001
      vertex  1.883257e+001  5.000000e+002 -5.485740e+001
    endloop
  endfacet
  facet normal  4.016955e-001  0.000000e+000 -9.157733e-001
    outer loop
      vertex  1.883257e+001  0.000000e+000 -5.485740e+001
      vertex  1.883257e+001  5.000000e+002 -5.485740e+001
      vertex  2.760495e+001  0.000000e+000 -5.100948e+001
    endloop
  endfacet
  facet normal  4.016955e-001  0.000000e+000 -9.157733e-001
    outer loop
      vertex  2.760495e+001  0.000000e+000 -5.100948e+001
      vertex  1.883257e+001  5.000000e+002 -5.485740e+001
      vertex  2.760495e+001  5.000000e+002 -5.100948e+001
    endloop
  endfacet
  facet normal  5.469481e-001  0.000000e+000 -8.371665e-001
    outer loop
      vertex  2.760495e+001  0.000000e+000 -5.100948e+001
      vertex  2.760495e+001  5.000000e+002 -5.100948e+001
      vertex  3.562434e+001  0.000000e+000 -4.577015e+001
    endloop
  endfacet
  facet normal  5.469481e-001  0.000000e+000 -8.371665e-001
    outer loop
      vertex  3.562434e+001  0.000000e+000 -4.577015e+001
      vertex  2.760495e+001  5.000000e+002 -5.100948e+001
      vertex  3.562434e+001  5.000000e+002 -4.577015e+001
    endloop
  endfacet
  facet normal  6.772817e-001  0.000000e+000 -7.357239e-001
    outer loop
      vertex  3.562434e+001  0.000000e+000 -4.577015e+001
      vertex  3.562434e+001  5.000000e+002 -4.577015e+001
      vertex  4.267199e+001  0.000000e+000 -3.928233e+001
    endloop
  endfacet
  facet normal  6.772817e-001  0.000000e+000 -7.357239e-001
    outer loop
      vertex  4.267199e+001  0.000000e+000 -3.928233e+001
      vertex  3.562434e+001  5.000000e+002 -4.577015e+001
      vertex  4.267199e+001  5.000000e+002 -3.928233e+001
    endloop
  endfacet
  facet normal  7.891403e-001  0.000000e+000 -6.142129e-001
    outer loop
      vertex  4.267199e+001  0.000000e+000 -3.928233e+001
      vertex  4.267199e+001  5.000000e+002 -3.928233e+001
      vertex  4.855566e+001  0.000000e+000 -3.172299e+001
    endloop
  endfacet
  facet normal  7.891403e-001  0.000000e+000 -6.142129e-001
    outer loop
      vertex  4.855566e+001  0.000000e+000 -3.172299e+001
      vertex  4.267199e+001  5.000000e+002 -3.928233e+001
      vertex  4.855566e+001  5.000000e+002 -3.172299e+001
    endloop
  endfacet
  facet normal  8.794739e-001  0.000000e+000 -4.759473e-001
    outer loop
      vertex  4.855566e+001  0.000000e+000 -3.172299e+001
      vertex  4.855566e+001  5.000000e+002 -3.172299e+001
      vertex  5.311485e+001  0.000000e+000 -2.329833e+001
    endloop
  endfacet
  facet normal  8.794739e-001  0.000000e+000 -4.759473e-001
    outer loop
      vertex  5.311485e+001  0.000000e+000 -2.329833e+001
      vertex  4.855566e+001  5.000000e+002 -3.172299e+001
      vertex  5.311485e+001  5.000000e+002 -2.329833e+001
    endloop
  endfacet
  facet normal  9.458172e-001  0.000000e+000 -3.246995e-001
    outer loop
      vertex  5.311485e+001  0.000000e+000 -2.329833e+001
      vertex  5.311485e+001  5.000000e+002 -2.329833e+001
      vertex  5.622522e+001  0.000000e+000 -1.423816e+001
    endloop
  endfacet
  facet normal  9.458172e-001  0.000000e+000 -3.246995e-001
    outer loop
      vertex  5.622522e+001  0.000000e+000 -1.423816e+001
      vertex  5.311485e+001  5.000000e+002 -2.329833e+001
      vertex  5.622522e+001  5.000000e+002 -1.423816e+001
    endloop
  endfacet
  facet normal  9.863613e-001  0.000000e+000 -1.645944e-001
    outer loop
      vertex  5.622522e+001  0.000000e+000 -1.423816e+001
      vertex  5.622522e+001  5.000000e+002 -1.423816e+001
      vertex  5.780190e+001  0.000000e+000 -4.789602e+000
    endloop
  endfacet
  facet normal  9.863613e-001  0.000000e+000 -1.645944e-001
    outer loop
      vertex  5.780190e+001  0.000000e+000 -4.789602e+000
      vertex  5.622522e+001  5.000000e+002 -1.423816e+001
      vertex  5.780190e+001  5.000000e+002 -4.789602e+000
    endloop
  endfacet
  facet normal  1.000000e+000  0.000000e+000  0.000000e+000
    outer loop
      vertex  5.780190e+001  0.000000e+000 -4.789602e+000
      vertex  5.780190e+001  5.000000e+002 -4.789602e+000
      vertex  5.780190e+001  0.000000e+000  4.789602e+000
    endloop
  endfacet
  facet normal  1.000000e+000  -0.000000e+000  0.000000e+000
    outer loop
      vertex  5.780190e+001  0.000000e+000  4.789602e+000
      vertex  5.780190e+001  5.000000e+002 -4.789602e+000
      vertex  5.780190e+001  5.000000e+002  4.789602e+000
    endloop
  endfacet
  facet normal  9.863613e-001  0.000000e+000  1.645944e-001
    outer loop
      vertex  5.780190e+001  0.000000e+000  4.789602e+000
      vertex  5.780190e+001  5.000000e+002  4.789602e+000
      vertex  5.622522e+001  0.000000e+000  1.423816e+001
    endloop
  endfacet
  facet normal  9.863613e-001  -0.000000e+000  1.645944e-001
    outer loop
      vertex  5.622522e+001  0.000000e+000  1.423816e+001
      vertex  5.780190e+001  5.000000e+002  4.789602e+000
      vertex  5.622522e+001  5.000000e+002  1.423816e+001
    endloop
  endfacet
  facet normal  9.458172e-001  0.000000e+000  3.246995e-001
    outer loop
      vertex  5.622522e+001  0.000000e+000  1.423816e+001
      vertex  5.622522e+001  5.000000e+002  1.423816e+001
      vertex  5.311485e+001  0.000000e+000  2.329833e+001
    endloop
  endfacet
  facet normal  9.458172e-001  -0.000000e+000  3.246995e-001
    outer loop
      vertex  5.311485e+001  0.000000e+000  2.329833e+001
      vertex  5.622522e+001  5.000000e+002  1.423816e+001
      vertex  5.311485e+001  5.000000e+002  2.329833e+001
    endloop
  endfacet
  facet normal  8.794739e-001  0.000000e+000  4.759473e-001
    outer loop
      vertex  5.311485e+001  0.000000e+000  2.329833e+001
      vertex  5.311485e+001  5.000000e+002  2.329833e+001
      vertex  4.855566e+001  0.000000e+000  3.172299e+001
    endloop
  endfacet
  facet normal  8.794739e-001  -0.000000e+000  4.759473e-001
    outer loop
      vertex  4.855566e+001  0.000000e+000  3.172299e+001
      vertex  5.311485e+001  5.000000e+002  2.329833e+001
      vertex  4.855566e+001  5.000000e+002  3.172299e+001
    endloop
  endfacet
  facet normal  7.891403e-001  0.000000e+000  6.142129e-001
    outer loop
      vertex  4.855566e+001  0.000000e+000  3.172299e+001
      vertex  4.855566e+001  5.000000e+002  3.172299e+001
      vertex  4.267199e+001  0.000000e+000  3.928233e+001
    endloop
  endfacet
  facet normal  7.891403e-001  -0.000000e+000  6.142129e-001
    outer loop
      vertex  4.267199e+001  0.000000e+000  3.928233e+001
      vertex  4.855566e+001  5.000000e+002  3.172299e+001
      vertex  4.267199e+001  5.000000e+002  3.928233e+001
    endloop
  endfacet
  facet normal  6.772817e-001  0.000000e+000  7.357239e-001
    outer loop
      vertex  4.267199e+001  0.000000e+000  3.928233e+001
      vertex  4.267199e+001  5.000000e+002  3.928233e+001
      vertex  3.562434e+001  0.000000e+000  4.577015e+001
    endloop
  endfacet
  facet normal  6.772817e-001  -0.000000e+000  7.357239e-001
    outer loop
      vertex  3.562434e+001  0.000000e+000  4.577015e+001
      vertex  4.267199e+001  5.000000e+002  3.928233e+001
      vertex  3.562434e+001  5.000000e+002  4.577015e+001
    endloop
  endfacet
  facet normal  5.469481e-001  0.000000e+000  8.371665e-001
    outer loop
      vertex  3.562434e+001  0.000000e+000  4.577015e+001
      vertex  3.562434e+001  5.000000e+002  4.577015e+001
      vertex  2.760495e+001  0.000000e+000  5.100948e+001
    endloop
  endfacet
  facet normal  5.469481e-001  -0.000000e+000  8.371665e-001
    outer loop
      vertex  2.760495e+001  0.000000e+000  5.100948e+001
      vertex  3.562434e+001  5.000000e+002  4.577015e+001
      vertex  2.760495e+001  5.000000e+002  5.100948e+001
    endloop
  endfacet
  facet normal  4.016955e-001  0.000000e+000  9.157733e-001
    outer loop
      vertex  2.760495e+001  0.000000e+000  5.100948e+001
      vertex  2.760495e+001  5.000000e+002  5.100948e+001
      vertex  1.883257e+001  0.000000e+000  5.485740e+001
    endloop
  endfacet
  facet normal  4.016955e-001  -0.000000e+000  9.157733e-001
    outer loop
      vertex  1.883257e+001  0.000000e+000  5.485740e+001
      vertex  2.760495e+001  5.000000e+002  5.100948e+001
      vertex  1.883257e+001  5.000000e+002  5.485740e+001
    endloop
  endfacet
  facet normal  2.454854e-001  0.000000e+000  9.694003e-001
    outer loop
      vertex  1.883257e+001  0.000000e+000  5.485740e+001
      vertex  1.883257e+001  5.000000e+002  5.485740e+001
      vertex  9.546486e+000  0.000000e+000  5.720895e+001
    endloop
  endfacet
  facet normal  2.454854e-001  -0.000000e+000  9.694003e-001
    outer loop
      vertex  9.546486e+000  0.000000e+000  5.720895e+001
      vertex  1.883257e+001  5.000000e+002  5.485740e+001
      vertex  9.546486e+000  5.000000e+002  5.720895e+001
    endloop
  endfacet
  facet normal  8.257952e-002  0.000000e+000  9.965845e-001
    outer loop
      vertex  9.546486e+000  0.000000e+000  5.720895e+001
      vertex  9.546486e+000  5.000000e+002  5.720895e+001
      vertex  0.000000e+000  0.000000e+000  5.800000e+001
    endloop
  endfacet
  facet normal  8.257952e-002  -0.000000e+000  9.965845e-001
    outer loop
      vertex  0.000000e+000  0.000000e+000  5.800000e+001
      vertex  9.546486e+000  5.000000e+002  5.720895e+001
      vertex  0.000000e+000  5.000000e+002  5.800000e+001
    endloop
  endfacet
endsolid CATIA STL
