solid CATIA STL
  facet normal -4.999998e-001 -8.660254e-001  4.916657e-007
    outer loop
      vertex -4.350000e+001 -7.534421e+001  8.300000e+000
      vertex -4.912917e+001 -7.209421e+001  1.125833e+001
      vertex -5.212438e+001 -7.036492e+001  8.356239e+000
    endloop
  endfacet
  facet normal -5.000002e-001 -8.660253e-001  1.115722e-006
    outer loop
      vertex -4.858269e+001 -7.240971e+001  5.868986e+000
      vertex -5.407937e+001 -6.923621e+001  4.446262e+000
      vertex -5.014086e+001 -7.151011e+001  3.176272e+000
    endloop
  endfacet
  facet normal -4.999998e-001 -8.660255e-001 -4.421668e-007
    outer loop
      vertex -5.212438e+001 -7.036492e+001 -8.356239e+000
      vertex -4.350000e+001 -7.534421e+001 -8.300000e+000
      vertex -4.625073e+001 -7.375607e+001 -7.668200e+000
    endloop
  endfacet
  facet normal -5.000004e-001 -8.660252e-001 -6.485110e-006
    outer loop
      vertex -3.487562e+001 -8.032350e+001 -8.356239e+000
      vertex -4.074927e+001 -7.693235e+001 -7.668200e+000
      vertex -4.350000e+001 -7.534421e+001 -8.300000e+000
    endloop
  endfacet
  facet normal -4.999987e-001 -8.660261e-001 -3.283018e-006
    outer loop
      vertex -3.787083e+001 -7.859421e+001 -1.125833e+001
      vertex -3.487562e+001 -8.032350e+001 -8.356239e+000
      vertex -4.154501e+001 -7.647292e+001 -1.280250e+001
    endloop
  endfacet
  facet normal -5.000004e-001 -8.660252e-001  5.332370e-008
    outer loop
      vertex -4.154501e+001 -7.647292e+001 -1.280250e+001
      vertex -3.487562e+001 -8.032350e+001 -8.356239e+000
      vertex -4.350000e+001 -7.534421e+001 -8.300000e+000
    endloop
  endfacet
  facet normal -4.999992e-001 -8.660259e-001  7.388957e-007
    outer loop
      vertex -4.154501e+001 -7.647292e+001 -1.280250e+001
      vertex -4.350000e+001 -7.534421e+001 -8.300000e+000
      vertex -4.545499e+001 -7.421550e+001 -1.280250e+001
    endloop
  endfacet
  facet normal -4.999998e-001 -8.660256e-001  1.087804e-006
    outer loop
      vertex -4.545499e+001 -7.421550e+001 -1.280250e+001
      vertex -4.350000e+001 -7.534421e+001 -8.300000e+000
      vertex -5.212438e+001 -7.036492e+001 -8.356239e+000
    endloop
  endfacet
  facet normal -5.000024e-001 -8.660241e-001 -3.966971e-006
    outer loop
      vertex -4.545499e+001 -7.421550e+001 -1.280250e+001
      vertex -5.212438e+001 -7.036492e+001 -8.356239e+000
      vertex -4.912917e+001 -7.209421e+001 -1.125833e+001
    endloop
  endfacet
  facet normal -4.999998e-001 -8.660255e-001 -3.377626e-007
    outer loop
      vertex -3.787083e+001 -7.859421e+001  1.125833e+001
      vertex -4.154501e+001 -7.647292e+001  1.280250e+001
      vertex -4.350000e+001 -7.534421e+001  8.300000e+000
    endloop
  endfacet
  facet normal -4.999992e-001 -8.660259e-001 -7.388957e-007
    outer loop
      vertex -4.350000e+001 -7.534421e+001  8.300000e+000
      vertex -4.154501e+001 -7.647292e+001  1.280250e+001
      vertex -4.545499e+001 -7.421550e+001  1.280250e+001
    endloop
  endfacet
  facet normal -5.000005e-001 -8.660250e-001 -1.562151e-006
    outer loop
      vertex -4.350000e+001 -7.534421e+001  8.300000e+000
      vertex -4.545499e+001 -7.421550e+001  1.280250e+001
      vertex -4.912917e+001 -7.209421e+001  1.125833e+001
    endloop
  endfacet
  facet normal -4.999997e-001 -8.660256e-001 -9.269690e-007
    outer loop
      vertex -5.407937e+001 -6.923621e+001  4.446262e+000
      vertex -4.858269e+001 -7.240971e+001  5.868986e+000
      vertex -5.212438e+001 -7.036492e+001  8.356239e+000
    endloop
  endfacet
  facet normal -4.999999e-001 -8.660255e-001 -1.221310e-006
    outer loop
      vertex -5.212438e+001 -7.036492e+001  8.356239e+000
      vertex -4.858269e+001 -7.240971e+001  5.868986e+000
      vertex -4.625073e+001 -7.375607e+001  7.668200e+000
    endloop
  endfacet
  facet normal -4.999998e-001 -8.660256e-001  4.421668e-007
    outer loop
      vertex -5.212438e+001 -7.036492e+001  8.356239e+000
      vertex -4.625073e+001 -7.375607e+001  7.668200e+000
      vertex -4.350000e+001 -7.534421e+001  8.300000e+000
    endloop
  endfacet
  facet normal -5.000001e-001 -8.660253e-001  1.157111e-006
    outer loop
      vertex -5.014086e+001 -7.151011e+001  3.176272e+000
      vertex -5.407937e+001 -6.923621e+001  4.446262e+000
      vertex -5.068801e+001 -7.119421e+001 -2.669484e-015
    endloop
  endfacet
  facet normal -5.000009e-001 -8.660249e-001  3.650874e-007
    outer loop
      vertex -5.068801e+001 -7.119421e+001 -2.669484e-015
      vertex -5.407937e+001 -6.923621e+001  4.446262e+000
      vertex -5.475833e+001 -6.884421e+001 -9.954279e-015
    endloop
  endfacet
  facet normal -5.000009e-001 -8.660249e-001 -1.341539e-006
    outer loop
      vertex -5.068801e+001 -7.119421e+001 -2.669484e-015
      vertex -5.475833e+001 -6.884421e+001 -9.954279e-015
      vertex -5.014086e+001 -7.151011e+001 -3.176272e+000
    endloop
  endfacet
  facet normal -5.000004e-001 -8.660251e-001 -2.696993e-007
    outer loop
      vertex -5.014086e+001 -7.151011e+001 -3.176272e+000
      vertex -5.475833e+001 -6.884421e+001 -9.954279e-015
      vertex -5.407937e+001 -6.923621e+001 -4.446262e+000
    endloop
  endfacet
  facet normal -5.000002e-001 -8.660253e-001 -1.115722e-006
    outer loop
      vertex -5.014086e+001 -7.151011e+001 -3.176272e+000
      vertex -5.407937e+001 -6.923621e+001 -4.446262e+000
      vertex -4.858269e+001 -7.240971e+001 -5.868986e+000
    endloop
  endfacet
  facet normal -4.999997e-001 -8.660256e-001  9.269690e-007
    outer loop
      vertex -4.858269e+001 -7.240971e+001 -5.868986e+000
      vertex -5.407937e+001 -6.923621e+001 -4.446262e+000
      vertex -5.212438e+001 -7.036492e+001 -8.356239e+000
    endloop
  endfacet
  facet normal -4.999999e-001 -8.660255e-001  1.221310e-006
    outer loop
      vertex -4.858269e+001 -7.240971e+001 -5.868986e+000
      vertex -5.212438e+001 -7.036492e+001 -8.356239e+000
      vertex -4.625073e+001 -7.375607e+001 -7.668200e+000
    endloop
  endfacet
  facet normal -5.000004e-001 -8.660252e-001  9.833311e-007
    outer loop
      vertex -3.787083e+001 -7.859421e+001  1.125833e+001
      vertex -4.350000e+001 -7.534421e+001  8.300000e+000
      vertex -3.487562e+001 -8.032350e+001  8.356239e+000
    endloop
  endfacet
  facet normal -5.000004e-001 -8.660252e-001  6.485110e-006
    outer loop
      vertex -3.487562e+001 -8.032350e+001  8.356239e+000
      vertex -4.350000e+001 -7.534421e+001  8.300000e+000
      vertex -4.074927e+001 -7.693235e+001  7.668200e+000
    endloop
  endfacet
  facet normal -4.999997e-001 -8.660255e-001 -7.473975e-007
    outer loop
      vertex -3.487562e+001 -8.032350e+001  8.356239e+000
      vertex -4.074927e+001 -7.693235e+001  7.668200e+000
      vertex -3.292063e+001 -8.145221e+001  4.446262e+000
    endloop
  endfacet
  facet normal -5.000007e-001 -8.660250e-001 -3.770132e-006
    outer loop
      vertex -3.292063e+001 -8.145221e+001  4.446262e+000
      vertex -4.074927e+001 -7.693235e+001  7.668200e+000
      vertex -3.841731e+001 -7.827870e+001  5.868986e+000
    endloop
  endfacet
  facet normal -5.000002e-001 -8.660253e-001 -1.082907e-006
    outer loop
      vertex -3.292063e+001 -8.145221e+001  4.446262e+000
      vertex -3.841731e+001 -7.827870e+001  5.868986e+000
      vertex -3.685914e+001 -7.917831e+001  3.176272e+000
    endloop
  endfacet
  facet normal -5.000004e-001 -8.660251e-001 -2.696993e-007
    outer loop
      vertex -3.292063e+001 -8.145221e+001  4.446262e+000
      vertex -3.685914e+001 -7.917831e+001  3.176272e+000
      vertex -3.224167e+001 -8.184421e+001  2.664535e-015
    endloop
  endfacet
  facet normal -4.999997e-001 -8.660256e-001  1.022126e-006
    outer loop
      vertex -3.224167e+001 -8.184421e+001  2.664535e-015
      vertex -3.685914e+001 -7.917831e+001  3.176272e+000
      vertex -3.631199e+001 -7.949421e+001  8.881784e-016
    endloop
  endfacet
  facet normal -4.999997e-001 -8.660256e-001  1.369079e-007
    outer loop
      vertex -3.224167e+001 -8.184421e+001  2.664535e-015
      vertex -3.631199e+001 -7.949421e+001  8.881784e-016
      vertex -3.292063e+001 -8.145221e+001 -4.446262e+000
    endloop
  endfacet
  facet normal -5.000006e-001 -8.660250e-001 -8.131049e-007
    outer loop
      vertex -3.292063e+001 -8.145221e+001 -4.446262e+000
      vertex -3.631199e+001 -7.949421e+001  8.881784e-016
      vertex -3.685914e+001 -7.917831e+001 -3.176272e+000
    endloop
  endfacet
  facet normal -5.000002e-001 -8.660253e-001  1.039178e-006
    outer loop
      vertex -3.292063e+001 -8.145221e+001 -4.446262e+000
      vertex -3.685914e+001 -7.917831e+001 -3.176272e+000
      vertex -3.487562e+001 -8.032350e+001 -8.356239e+000
    endloop
  endfacet
  facet normal -5.000001e-001 -8.660253e-001  1.077618e-006
    outer loop
      vertex -3.487562e+001 -8.032350e+001 -8.356239e+000
      vertex -3.685914e+001 -7.917831e+001 -3.176272e+000
      vertex -3.841731e+001 -7.827870e+001 -5.868986e+000
    endloop
  endfacet
  facet normal -4.999996e-001 -8.660256e-001  1.967667e-006
    outer loop
      vertex -3.487562e+001 -8.032350e+001 -8.356239e+000
      vertex -3.841731e+001 -7.827870e+001 -5.868986e+000
      vertex -4.074927e+001 -7.693235e+001 -7.668200e+000
    endloop
  endfacet
  facet normal -1.689532e-001  9.754516e-002  9.807853e-001
    outer loop
      vertex -2.650000e+001 -4.589935e+001 -8.300000e+000
      vertex -4.074927e+001 -7.693235e+001 -7.668200e+000
      vertex -2.374927e+001 -4.748748e+001 -7.668200e+000
    endloop
  endfacet
  facet normal -4.811383e-001  2.777853e-001  8.314694e-001
    outer loop
      vertex -2.374927e+001 -4.748748e+001 -7.668200e+000
      vertex -4.074927e+001 -7.693235e+001 -7.668200e+000
      vertex -3.841731e+001 -7.827870e+001 -5.868986e+000
    endloop
  endfacet
  facet normal -4.811381e-001  2.777852e-001  8.314694e-001
    outer loop
      vertex -2.374927e+001 -4.748748e+001 -7.668200e+000
      vertex -3.841731e+001 -7.827870e+001 -5.868986e+000
      vertex -2.141731e+001 -4.883384e+001 -5.868986e+000
    endloop
  endfacet
  facet normal -7.200736e-001  4.157347e-001  5.555705e-001
    outer loop
      vertex -2.141731e+001 -4.883384e+001 -5.868986e+000
      vertex -3.841731e+001 -7.827870e+001 -5.868986e+000
      vertex -3.685914e+001 -7.917831e+001 -3.176272e+000
    endloop
  endfacet
  facet normal -7.200738e-001  4.157348e-001  5.555704e-001
    outer loop
      vertex -2.141731e+001 -4.883384e+001 -5.868986e+000
      vertex -3.685914e+001 -7.917831e+001 -3.176272e+000
      vertex -1.985914e+001 -4.973345e+001 -3.176272e+000
    endloop
  endfacet
  facet normal -8.493850e-001  4.903927e-001  1.950904e-001
    outer loop
      vertex -1.985914e+001 -4.973345e+001 -3.176272e+000
      vertex -3.685914e+001 -7.917831e+001 -3.176272e+000
      vertex -3.631199e+001 -7.949421e+001  8.881784e-016
    endloop
  endfacet
  facet normal -8.493850e-001  4.903927e-001  1.950904e-001
    outer loop
      vertex -1.985914e+001 -4.973345e+001 -3.176272e+000
      vertex -3.631199e+001 -7.949421e+001  8.881784e-016
      vertex -1.931199e+001 -5.004935e+001  8.881784e-016
    endloop
  endfacet
  facet normal -1.689531e-001  9.754510e-002  9.807853e-001
    outer loop
      vertex -4.074927e+001 -7.693235e+001 -7.668200e+000
      vertex -2.650000e+001 -4.589935e+001 -8.300000e+000
      vertex -4.350000e+001 -7.534421e+001 -8.300000e+000
    endloop
  endfacet
  facet normal  1.689533e-001 -9.754521e-002  9.807853e-001
    outer loop
      vertex -4.350000e+001 -7.534421e+001 -8.300000e+000
      vertex -2.650000e+001 -4.589935e+001 -8.300000e+000
      vertex -2.925073e+001 -4.431121e+001 -7.668200e+000
    endloop
  endfacet
  facet normal  1.689533e-001 -9.754521e-002  9.807853e-001
    outer loop
      vertex -4.350000e+001 -7.534421e+001 -8.300000e+000
      vertex -2.925073e+001 -4.431121e+001 -7.668200e+000
      vertex -4.625073e+001 -7.375607e+001 -7.668200e+000
    endloop
  endfacet
  facet normal  4.811379e-001 -2.777851e-001  8.314697e-001
    outer loop
      vertex -4.625073e+001 -7.375607e+001 -7.668200e+000
      vertex -2.925073e+001 -4.431121e+001 -7.668200e+000
      vertex -3.158269e+001 -4.296485e+001 -5.868986e+000
    endloop
  endfacet
  facet normal  4.811379e-001 -2.777851e-001  8.314697e-001
    outer loop
      vertex -4.625073e+001 -7.375607e+001 -7.668200e+000
      vertex -3.158269e+001 -4.296485e+001 -5.868986e+000
      vertex -4.858269e+001 -7.240971e+001 -5.868986e+000
    endloop
  endfacet
  facet normal  7.200736e-001 -4.157347e-001  5.555705e-001
    outer loop
      vertex -4.858269e+001 -7.240971e+001 -5.868986e+000
      vertex -3.158269e+001 -4.296485e+001 -5.868986e+000
      vertex -3.314086e+001 -4.206525e+001 -3.176272e+000
    endloop
  endfacet
  facet normal  7.200736e-001 -4.157347e-001  5.555705e-001
    outer loop
      vertex -4.858269e+001 -7.240971e+001 -5.868986e+000
      vertex -3.314086e+001 -4.206525e+001 -3.176272e+000
      vertex -5.014086e+001 -7.151011e+001 -3.176272e+000
    endloop
  endfacet
  facet normal  8.493850e-001 -4.903927e-001  1.950898e-001
    outer loop
      vertex -5.014086e+001 -7.151011e+001 -3.176272e+000
      vertex -3.314086e+001 -4.206525e+001 -3.176272e+000
      vertex -3.368801e+001 -4.174935e+001 -2.669484e-015
    endloop
  endfacet
  facet normal  8.493852e-001 -4.903927e-001  1.950893e-001
    outer loop
      vertex -5.014086e+001 -7.151011e+001 -3.176272e+000
      vertex -3.368801e+001 -4.174935e+001 -2.669484e-015
      vertex -5.068801e+001 -7.119421e+001 -2.669484e-015
    endloop
  endfacet
  facet normal  1.689533e-001 -9.754521e-002 -9.807853e-001
    outer loop
      vertex -2.650000e+001 -4.589935e+001  8.300000e+000
      vertex -4.625073e+001 -7.375607e+001  7.668200e+000
      vertex -2.925073e+001 -4.431121e+001  7.668200e+000
    endloop
  endfacet
  facet normal  4.811378e-001 -2.777851e-001 -8.314698e-001
    outer loop
      vertex -2.925073e+001 -4.431121e+001  7.668200e+000
      vertex -4.625073e+001 -7.375607e+001  7.668200e+000
      vertex -4.858269e+001 -7.240971e+001  5.868986e+000
    endloop
  endfacet
  facet normal  4.811378e-001 -2.777851e-001 -8.314698e-001
    outer loop
      vertex -2.925073e+001 -4.431121e+001  7.668200e+000
      vertex -4.858269e+001 -7.240971e+001  5.868986e+000
      vertex -3.158269e+001 -4.296485e+001  5.868986e+000
    endloop
  endfacet
  facet normal  7.200736e-001 -4.157347e-001 -5.555705e-001
    outer loop
      vertex -3.158269e+001 -4.296485e+001  5.868986e+000
      vertex -4.858269e+001 -7.240971e+001  5.868986e+000
      vertex -5.014086e+001 -7.151011e+001  3.176272e+000
    endloop
  endfacet
  facet normal  7.200736e-001 -4.157347e-001 -5.555705e-001
    outer loop
      vertex -3.158269e+001 -4.296485e+001  5.868986e+000
      vertex -5.014086e+001 -7.151011e+001  3.176272e+000
      vertex -3.314086e+001 -4.206525e+001  3.176272e+000
    endloop
  endfacet
  facet normal  8.493852e-001 -4.903928e-001 -1.950893e-001
    outer loop
      vertex -3.314086e+001 -4.206525e+001  3.176272e+000
      vertex -5.014086e+001 -7.151011e+001  3.176272e+000
      vertex -5.068801e+001 -7.119421e+001 -2.669484e-015
    endloop
  endfacet
  facet normal  8.493850e-001 -4.903926e-001 -1.950898e-001
    outer loop
      vertex -3.314086e+001 -4.206525e+001  3.176272e+000
      vertex -5.068801e+001 -7.119421e+001 -2.669484e-015
      vertex -3.368801e+001 -4.174935e+001 -2.669484e-015
    endloop
  endfacet
  facet normal  1.689533e-001 -9.754521e-002 -9.807853e-001
    outer loop
      vertex -4.625073e+001 -7.375607e+001  7.668200e+000
      vertex -2.650000e+001 -4.589935e+001  8.300000e+000
      vertex -4.350000e+001 -7.534421e+001  8.300000e+000
    endloop
  endfacet
  facet normal -1.689532e-001  9.754516e-002 -9.807853e-001
    outer loop
      vertex -4.350000e+001 -7.534421e+001  8.300000e+000
      vertex -2.650000e+001 -4.589935e+001  8.300000e+000
      vertex -2.374927e+001 -4.748748e+001  7.668200e+000
    endloop
  endfacet
  facet normal -1.689531e-001  9.754510e-002 -9.807853e-001
    outer loop
      vertex -4.350000e+001 -7.534421e+001  8.300000e+000
      vertex -2.374927e+001 -4.748748e+001  7.668200e+000
      vertex -4.074927e+001 -7.693235e+001  7.668200e+000
    endloop
  endfacet
  facet normal -4.811381e-001  2.777852e-001 -8.314695e-001
    outer loop
      vertex -4.074927e+001 -7.693235e+001  7.668200e+000
      vertex -2.374927e+001 -4.748748e+001  7.668200e+000
      vertex -2.141731e+001 -4.883384e+001  5.868986e+000
    endloop
  endfacet
  facet normal -4.811382e-001  2.777853e-001 -8.314694e-001
    outer loop
      vertex -4.074927e+001 -7.693235e+001  7.668200e+000
      vertex -2.141731e+001 -4.883384e+001  5.868986e+000
      vertex -3.841731e+001 -7.827870e+001  5.868986e+000
    endloop
  endfacet
  facet normal -7.200736e-001  4.157347e-001 -5.555705e-001
    outer loop
      vertex -3.841731e+001 -7.827870e+001  5.868986e+000
      vertex -2.141731e+001 -4.883384e+001  5.868986e+000
      vertex -1.985914e+001 -4.973345e+001  3.176272e+000
    endloop
  endfacet
  facet normal -7.200739e-001  4.157349e-001 -5.555702e-001
    outer loop
      vertex -3.841731e+001 -7.827870e+001  5.868986e+000
      vertex -1.985914e+001 -4.973345e+001  3.176272e+000
      vertex -3.685914e+001 -7.917831e+001  3.176272e+000
    endloop
  endfacet
  facet normal -8.493850e-001  4.903927e-001 -1.950904e-001
    outer loop
      vertex -3.685914e+001 -7.917831e+001  3.176272e+000
      vertex -1.985914e+001 -4.973345e+001  3.176272e+000
      vertex -1.931199e+001 -5.004935e+001  8.881784e-016
    endloop
  endfacet
  facet normal -8.493850e-001  4.903927e-001 -1.950904e-001
    outer loop
      vertex -3.685914e+001 -7.917831e+001  3.176272e+000
      vertex -1.931199e+001 -5.004935e+001  8.881784e-016
      vertex -3.631199e+001 -7.949421e+001  8.881784e-016
    endloop
  endfacet
  facet normal -5.000002e-001 -8.660254e-001  2.613758e-006
    outer loop
      vertex -2.925073e+001 -4.431121e+001  7.668200e+000
      vertex -2.374927e+001 -4.748748e+001  7.668200e+000
      vertex -2.650000e+001 -4.589935e+001  8.300000e+000
    endloop
  endfacet
  facet normal -5.000002e-001 -8.660253e-001 -1.001269e-006
    outer loop
      vertex -2.374927e+001 -4.748748e+001  7.668200e+000
      vertex -2.925073e+001 -4.431121e+001  7.668200e+000
      vertex -2.141731e+001 -4.883384e+001  5.868986e+000
    endloop
  endfacet
  facet normal -5.000001e-001 -8.660253e-001 -9.031380e-007
    outer loop
      vertex -2.141731e+001 -4.883384e+001  5.868986e+000
      vertex -2.925073e+001 -4.431121e+001  7.668200e+000
      vertex -3.158269e+001 -4.296485e+001  5.868986e+000
    endloop
  endfacet
  facet normal -5.000001e-001 -8.660253e-001  4.827661e-007
    outer loop
      vertex -2.141731e+001 -4.883384e+001  5.868986e+000
      vertex -3.158269e+001 -4.296485e+001  5.868986e+000
      vertex -1.985914e+001 -4.973345e+001  3.176272e+000
    endloop
  endfacet
  facet normal -5.000001e-001 -8.660254e-001  9.237329e-007
    outer loop
      vertex -1.985914e+001 -4.973345e+001  3.176272e+000
      vertex -3.158269e+001 -4.296485e+001  5.868986e+000
      vertex -3.314086e+001 -4.206525e+001  3.176272e+000
    endloop
  endfacet
  facet normal -5.000000e-001 -8.660254e-001 -3.132412e-007
    outer loop
      vertex -1.985914e+001 -4.973345e+001  3.176272e+000
      vertex -3.314086e+001 -4.206525e+001  3.176272e+000
      vertex -1.931199e+001 -5.004935e+001  8.881784e-016
    endloop
  endfacet
  facet normal -4.999999e-001 -8.660254e-001  0.000000e+000
    outer loop
      vertex -1.931199e+001 -5.004935e+001  8.881784e-016
      vertex -3.314086e+001 -4.206525e+001  3.176272e+000
      vertex -3.368801e+001 -4.174935e+001 -2.669484e-015
    endloop
  endfacet
  facet normal -4.999999e-001 -8.660254e-001  2.893971e-007
    outer loop
      vertex -1.931199e+001 -5.004935e+001  8.881784e-016
      vertex -3.368801e+001 -4.174935e+001 -2.669484e-015
      vertex -1.985914e+001 -4.973345e+001 -3.176272e+000
    endloop
  endfacet
  facet normal -5.000000e-001 -8.660254e-001  0.000000e+000
    outer loop
      vertex -1.985914e+001 -4.973345e+001 -3.176272e+000
      vertex -3.368801e+001 -4.174935e+001 -2.669484e-015
      vertex -3.314086e+001 -4.206525e+001 -3.176272e+000
    endloop
  endfacet
  facet normal -5.000001e-001 -8.660254e-001 -5.542398e-007
    outer loop
      vertex -1.985914e+001 -4.973345e+001 -3.176272e+000
      vertex -3.314086e+001 -4.206525e+001 -3.176272e+000
      vertex -2.141731e+001 -4.883384e+001 -5.868986e+000
    endloop
  endfacet
  facet normal -5.000001e-001 -8.660253e-001 -9.655322e-007
    outer loop
      vertex -2.141731e+001 -4.883384e+001 -5.868986e+000
      vertex -3.314086e+001 -4.206525e+001 -3.176272e+000
      vertex -3.158269e+001 -4.296485e+001 -5.868986e+000
    endloop
  endfacet
  facet normal -5.000001e-001 -8.660253e-001  9.031380e-007
    outer loop
      vertex -2.141731e+001 -4.883384e+001 -5.868986e+000
      vertex -3.158269e+001 -4.296485e+001 -5.868986e+000
      vertex -2.374927e+001 -4.748748e+001 -7.668200e+000
    endloop
  endfacet
  facet normal -5.000002e-001 -8.660253e-001  8.343909e-007
    outer loop
      vertex -2.374927e+001 -4.748748e+001 -7.668200e+000
      vertex -3.158269e+001 -4.296485e+001 -5.868986e+000
      vertex -2.925073e+001 -4.431121e+001 -7.668200e+000
    endloop
  endfacet
  facet normal -5.000002e-001 -8.660254e-001 -2.613758e-006
    outer loop
      vertex -2.374927e+001 -4.748748e+001 -7.668200e+000
      vertex -2.925073e+001 -4.431121e+001 -7.668200e+000
      vertex -2.650000e+001 -4.589935e+001 -8.300000e+000
    endloop
  endfacet
  facet normal -4.999998e-001  8.660254e-001 -4.916657e-007
    outer loop
      vertex -4.350000e+001  7.534421e+001 -8.300000e+000
      vertex -4.912917e+001  7.209421e+001 -1.125833e+001
      vertex -5.212438e+001  7.036492e+001 -8.356239e+000
    endloop
  endfacet
  facet normal -5.000002e-001  8.660253e-001 -1.115722e-006
    outer loop
      vertex -4.858269e+001  7.240971e+001 -5.868986e+000
      vertex -5.407937e+001  6.923621e+001 -4.446262e+000
      vertex -5.014086e+001  7.151011e+001 -3.176272e+000
    endloop
  endfacet
  facet normal -4.999998e-001  8.660255e-001  4.421668e-007
    outer loop
      vertex -5.212438e+001  7.036492e+001  8.356239e+000
      vertex -4.350000e+001  7.534421e+001  8.300000e+000
      vertex -4.625073e+001  7.375607e+001  7.668200e+000
    endloop
  endfacet
  facet normal -5.000001e-001  8.660253e-001  1.115722e-006
    outer loop
      vertex -3.841731e+001  7.827870e+001 -5.868986e+000
      vertex -3.685914e+001  7.917831e+001 -3.176272e+000
      vertex -3.292063e+001  8.145221e+001 -4.446262e+000
    endloop
  endfacet
  facet normal -5.000004e-001  8.660252e-001  6.485110e-006
    outer loop
      vertex -3.487562e+001  8.032350e+001  8.356239e+000
      vertex -4.074927e+001  7.693235e+001  7.668200e+000
      vertex -4.350000e+001  7.534421e+001  8.300000e+000
    endloop
  endfacet
  facet normal -4.999987e-001  8.660261e-001  3.283018e-006
    outer loop
      vertex -3.787083e+001  7.859421e+001  1.125833e+001
      vertex -3.487562e+001  8.032350e+001  8.356239e+000
      vertex -4.154501e+001  7.647292e+001  1.280250e+001
    endloop
  endfacet
  facet normal -5.000004e-001  8.660252e-001 -5.332370e-008
    outer loop
      vertex -4.154501e+001  7.647292e+001  1.280250e+001
      vertex -3.487562e+001  8.032350e+001  8.356239e+000
      vertex -4.350000e+001  7.534421e+001  8.300000e+000
    endloop
  endfacet
  facet normal -4.999992e-001  8.660259e-001 -7.388957e-007
    outer loop
      vertex -4.154501e+001  7.647292e+001  1.280250e+001
      vertex -4.350000e+001  7.534421e+001  8.300000e+000
      vertex -4.545499e+001  7.421550e+001  1.280250e+001
    endloop
  endfacet
  facet normal -4.999998e-001  8.660256e-001 -1.087804e-006
    outer loop
      vertex -4.545499e+001  7.421550e+001  1.280250e+001
      vertex -4.350000e+001  7.534421e+001  8.300000e+000
      vertex -5.212438e+001  7.036492e+001  8.356239e+000
    endloop
  endfacet
  facet normal -5.000024e-001  8.660241e-001  3.966971e-006
    outer loop
      vertex -4.545499e+001  7.421550e+001  1.280250e+001
      vertex -5.212438e+001  7.036492e+001  8.356239e+000
      vertex -4.912917e+001  7.209421e+001  1.125833e+001
    endloop
  endfacet
  facet normal -5.000004e-001  8.660252e-001 -9.833311e-007
    outer loop
      vertex -3.487562e+001  8.032350e+001 -8.356239e+000
      vertex -3.787083e+001  7.859421e+001 -1.125833e+001
      vertex -4.350000e+001  7.534421e+001 -8.300000e+000
    endloop
  endfacet
  facet normal -4.999998e-001  8.660255e-001  3.377626e-007
    outer loop
      vertex -4.350000e+001  7.534421e+001 -8.300000e+000
      vertex -3.787083e+001  7.859421e+001 -1.125833e+001
      vertex -4.154501e+001  7.647292e+001 -1.280250e+001
    endloop
  endfacet
  facet normal -5.000001e-001  8.660254e-001  2.122550e-007
    outer loop
      vertex -4.350000e+001  7.534421e+001 -8.300000e+000
      vertex -4.154501e+001  7.647292e+001 -1.280250e+001
      vertex -4.912917e+001  7.209421e+001 -1.125833e+001
    endloop
  endfacet
  facet normal -4.999992e-001  8.660260e-001  6.018854e-006
    outer loop
      vertex -4.912917e+001  7.209421e+001 -1.125833e+001
      vertex -4.154501e+001  7.647292e+001 -1.280250e+001
      vertex -4.545499e+001  7.421550e+001 -1.280250e+001
    endloop
  endfacet
  facet normal -4.999997e-001  8.660256e-001  9.269690e-007
    outer loop
      vertex -5.407937e+001  6.923621e+001 -4.446262e+000
      vertex -4.858269e+001  7.240971e+001 -5.868986e+000
      vertex -5.212438e+001  7.036492e+001 -8.356239e+000
    endloop
  endfacet
  facet normal -4.999999e-001  8.660255e-001  1.221310e-006
    outer loop
      vertex -5.212438e+001  7.036492e+001 -8.356239e+000
      vertex -4.858269e+001  7.240971e+001 -5.868986e+000
      vertex -4.625073e+001  7.375607e+001 -7.668200e+000
    endloop
  endfacet
  facet normal -4.999998e-001  8.660256e-001 -4.421668e-007
    outer loop
      vertex -5.212438e+001  7.036492e+001 -8.356239e+000
      vertex -4.625073e+001  7.375607e+001 -7.668200e+000
      vertex -4.350000e+001  7.534421e+001 -8.300000e+000
    endloop
  endfacet
  facet normal -5.000001e-001  8.660253e-001 -1.157111e-006
    outer loop
      vertex -5.014086e+001  7.151011e+001 -3.176272e+000
      vertex -5.407937e+001  6.923621e+001 -4.446262e+000
      vertex -5.068801e+001  7.119421e+001 -1.016457e-015
    endloop
  endfacet
  facet normal -5.000009e-001  8.660249e-001 -3.650874e-007
    outer loop
      vertex -5.068801e+001  7.119421e+001 -1.016457e-015
      vertex -5.407937e+001  6.923621e+001 -4.446262e+000
      vertex -5.475833e+001  6.884421e+001  4.181119e-015
    endloop
  endfacet
  facet normal -5.000009e-001  8.660249e-001  1.341539e-006
    outer loop
      vertex -5.068801e+001  7.119421e+001 -1.016457e-015
      vertex -5.475833e+001  6.884421e+001  4.181119e-015
      vertex -5.014086e+001  7.151011e+001  3.176272e+000
    endloop
  endfacet
  facet normal -5.000004e-001  8.660251e-001  2.696993e-007
    outer loop
      vertex -5.014086e+001  7.151011e+001  3.176272e+000
      vertex -5.475833e+001  6.884421e+001  4.181119e-015
      vertex -5.407937e+001  6.923621e+001  4.446262e+000
    endloop
  endfacet
  facet normal -5.000002e-001  8.660253e-001  1.115722e-006
    outer loop
      vertex -5.014086e+001  7.151011e+001  3.176272e+000
      vertex -5.407937e+001  6.923621e+001  4.446262e+000
      vertex -4.858269e+001  7.240971e+001  5.868986e+000
    endloop
  endfacet
  facet normal -4.999997e-001  8.660256e-001 -9.269690e-007
    outer loop
      vertex -4.858269e+001  7.240971e+001  5.868986e+000
      vertex -5.407937e+001  6.923621e+001  4.446262e+000
      vertex -5.212438e+001  7.036492e+001  8.356239e+000
    endloop
  endfacet
  facet normal -4.999999e-001  8.660255e-001 -1.221310e-006
    outer loop
      vertex -4.858269e+001  7.240971e+001  5.868986e+000
      vertex -5.212438e+001  7.036492e+001  8.356239e+000
      vertex -4.625073e+001  7.375607e+001  7.668200e+000
    endloop
  endfacet
  facet normal -5.000007e-001  8.660250e-001  3.770132e-006
    outer loop
      vertex -3.841731e+001  7.827870e+001 -5.868986e+000
      vertex -3.292063e+001  8.145221e+001 -4.446262e+000
      vertex -4.074927e+001  7.693235e+001 -7.668200e+000
    endloop
  endfacet
  facet normal -4.999997e-001  8.660255e-001  7.473975e-007
    outer loop
      vertex -4.074927e+001  7.693235e+001 -7.668200e+000
      vertex -3.292063e+001  8.145221e+001 -4.446262e+000
      vertex -3.487562e+001  8.032350e+001 -8.356239e+000
    endloop
  endfacet
  facet normal -5.000004e-001  8.660252e-001 -6.485110e-006
    outer loop
      vertex -4.074927e+001  7.693235e+001 -7.668200e+000
      vertex -3.487562e+001  8.032350e+001 -8.356239e+000
      vertex -4.350000e+001  7.534421e+001 -8.300000e+000
    endloop
  endfacet
  facet normal -5.000004e-001  8.660251e-001  2.696993e-007
    outer loop
      vertex -3.292063e+001  8.145221e+001 -4.446262e+000
      vertex -3.685914e+001  7.917831e+001 -3.176272e+000
      vertex -3.224167e+001  8.184421e+001 -8.881784e-016
    endloop
  endfacet
  facet normal -4.999997e-001  8.660256e-001 -1.022126e-006
    outer loop
      vertex -3.224167e+001  8.184421e+001 -8.881784e-016
      vertex -3.685914e+001  7.917831e+001 -3.176272e+000
      vertex -3.631199e+001  7.949421e+001 -2.220446e-015
    endloop
  endfacet
  facet normal -4.999997e-001  8.660256e-001 -1.369079e-007
    outer loop
      vertex -3.224167e+001  8.184421e+001 -8.881784e-016
      vertex -3.631199e+001  7.949421e+001 -2.220446e-015
      vertex -3.292063e+001  8.145221e+001  4.446262e+000
    endloop
  endfacet
  facet normal -5.000006e-001  8.660250e-001  8.131049e-007
    outer loop
      vertex -3.292063e+001  8.145221e+001  4.446262e+000
      vertex -3.631199e+001  7.949421e+001 -2.220446e-015
      vertex -3.685914e+001  7.917831e+001  3.176272e+000
    endloop
  endfacet
  facet normal -5.000002e-001  8.660253e-001 -1.039178e-006
    outer loop
      vertex -3.292063e+001  8.145221e+001  4.446262e+000
      vertex -3.685914e+001  7.917831e+001  3.176272e+000
      vertex -3.487562e+001  8.032350e+001  8.356239e+000
    endloop
  endfacet
  facet normal -5.000001e-001  8.660253e-001 -1.077618e-006
    outer loop
      vertex -3.487562e+001  8.032350e+001  8.356239e+000
      vertex -3.685914e+001  7.917831e+001  3.176272e+000
      vertex -3.841731e+001  7.827870e+001  5.868986e+000
    endloop
  endfacet
  facet normal -4.999996e-001  8.660256e-001 -1.967667e-006
    outer loop
      vertex -3.487562e+001  8.032350e+001  8.356239e+000
      vertex -3.841731e+001  7.827870e+001  5.868986e+000
      vertex -4.074927e+001  7.693235e+001  7.668200e+000
    endloop
  endfacet
  facet normal -1.689532e-001 -9.754516e-002 -9.807853e-001
    outer loop
      vertex -2.650000e+001  4.589935e+001  8.300000e+000
      vertex -4.074927e+001  7.693235e+001  7.668200e+000
      vertex -2.374927e+001  4.748748e+001  7.668200e+000
    endloop
  endfacet
  facet normal -4.811383e-001 -2.777853e-001 -8.314694e-001
    outer loop
      vertex -2.374927e+001  4.748748e+001  7.668200e+000
      vertex -4.074927e+001  7.693235e+001  7.668200e+000
      vertex -3.841731e+001  7.827870e+001  5.868986e+000
    endloop
  endfacet
  facet normal -4.811381e-001 -2.777852e-001 -8.314694e-001
    outer loop
      vertex -2.374927e+001  4.748748e+001  7.668200e+000
      vertex -3.841731e+001  7.827870e+001  5.868986e+000
      vertex -2.141731e+001  4.883384e+001  5.868986e+000
    endloop
  endfacet
  facet normal -7.200736e-001 -4.157347e-001 -5.555705e-001
    outer loop
      vertex -2.141731e+001  4.883384e+001  5.868986e+000
      vertex -3.841731e+001  7.827870e+001  5.868986e+000
      vertex -3.685914e+001  7.917831e+001  3.176272e+000
    endloop
  endfacet
  facet normal -7.200738e-001 -4.157348e-001 -5.555704e-001
    outer loop
      vertex -2.141731e+001  4.883384e+001  5.868986e+000
      vertex -3.685914e+001  7.917831e+001  3.176272e+000
      vertex -1.985914e+001  4.973345e+001  3.176272e+000
    endloop
  endfacet
  facet normal -8.493850e-001 -4.903927e-001 -1.950904e-001
    outer loop
      vertex -1.985914e+001  4.973345e+001  3.176272e+000
      vertex -3.685914e+001  7.917831e+001  3.176272e+000
      vertex -3.631199e+001  7.949421e+001 -2.220446e-015
    endloop
  endfacet
  facet normal -8.493850e-001 -4.903927e-001 -1.950904e-001
    outer loop
      vertex -1.985914e+001  4.973345e+001  3.176272e+000
      vertex -3.631199e+001  7.949421e+001 -2.220446e-015
      vertex -1.931199e+001  5.004935e+001 -2.220446e-015
    endloop
  endfacet
  facet normal -1.689531e-001 -9.754510e-002 -9.807853e-001
    outer loop
      vertex -4.074927e+001  7.693235e+001  7.668200e+000
      vertex -2.650000e+001  4.589935e+001  8.300000e+000
      vertex -4.350000e+001  7.534421e+001  8.300000e+000
    endloop
  endfacet
  facet normal  1.689533e-001  9.754521e-002 -9.807853e-001
    outer loop
      vertex -4.350000e+001  7.534421e+001  8.300000e+000
      vertex -2.650000e+001  4.589935e+001  8.300000e+000
      vertex -2.925073e+001  4.431121e+001  7.668200e+000
    endloop
  endfacet
  facet normal  1.689533e-001  9.754521e-002 -9.807853e-001
    outer loop
      vertex -4.350000e+001  7.534421e+001  8.300000e+000
      vertex -2.925073e+001  4.431121e+001  7.668200e+000
      vertex -4.625073e+001  7.375607e+001  7.668200e+000
    endloop
  endfacet
  facet normal  4.811379e-001  2.777851e-001 -8.314697e-001
    outer loop
      vertex -4.625073e+001  7.375607e+001  7.668200e+000
      vertex -2.925073e+001  4.431121e+001  7.668200e+000
      vertex -3.158269e+001  4.296485e+001  5.868986e+000
    endloop
  endfacet
  facet normal  4.811379e-001  2.777851e-001 -8.314697e-001
    outer loop
      vertex -4.625073e+001  7.375607e+001  7.668200e+000
      vertex -3.158269e+001  4.296485e+001  5.868986e+000
      vertex -4.858269e+001  7.240971e+001  5.868986e+000
    endloop
  endfacet
  facet normal  7.200736e-001  4.157347e-001 -5.555705e-001
    outer loop
      vertex -4.858269e+001  7.240971e+001  5.868986e+000
      vertex -3.158269e+001  4.296485e+001  5.868986e+000
      vertex -3.314086e+001  4.206525e+001  3.176272e+000
    endloop
  endfacet
  facet normal  7.200736e-001  4.157347e-001 -5.555705e-001
    outer loop
      vertex -4.858269e+001  7.240971e+001  5.868986e+000
      vertex -3.314086e+001  4.206525e+001  3.176272e+000
      vertex -5.014086e+001  7.151011e+001  3.176272e+000
    endloop
  endfacet
  facet normal  8.493850e-001  4.903927e-001 -1.950898e-001
    outer loop
      vertex -5.014086e+001  7.151011e+001  3.176272e+000
      vertex -3.314086e+001  4.206525e+001  3.176272e+000
      vertex -3.368801e+001  4.174935e+001 -1.016457e-015
    endloop
  endfacet
  facet normal  8.493852e-001  4.903927e-001 -1.950893e-001
    outer loop
      vertex -5.014086e+001  7.151011e+001  3.176272e+000
      vertex -3.368801e+001  4.174935e+001 -1.016457e-015
      vertex -5.068801e+001  7.119421e+001 -1.016457e-015
    endloop
  endfacet
  facet normal  1.689533e-001  9.754521e-002  9.807853e-001
    outer loop
      vertex -2.650000e+001  4.589935e+001 -8.300000e+000
      vertex -4.625073e+001  7.375607e+001 -7.668200e+000
      vertex -2.925073e+001  4.431121e+001 -7.668200e+000
    endloop
  endfacet
  facet normal  4.811378e-001  2.777851e-001  8.314698e-001
    outer loop
      vertex -2.925073e+001  4.431121e+001 -7.668200e+000
      vertex -4.625073e+001  7.375607e+001 -7.668200e+000
      vertex -4.858269e+001  7.240971e+001 -5.868986e+000
    endloop
  endfacet
  facet normal  4.811378e-001  2.777851e-001  8.314698e-001
    outer loop
      vertex -2.925073e+001  4.431121e+001 -7.668200e+000
      vertex -4.858269e+001  7.240971e+001 -5.868986e+000
      vertex -3.158269e+001  4.296485e+001 -5.868986e+000
    endloop
  endfacet
  facet normal  7.200736e-001  4.157347e-001  5.555705e-001
    outer loop
      vertex -3.158269e+001  4.296485e+001 -5.868986e+000
      vertex -4.858269e+001  7.240971e+001 -5.868986e+000
      vertex -5.014086e+001  7.151011e+001 -3.176272e+000
    endloop
  endfacet
  facet normal  7.200736e-001  4.157347e-001  5.555705e-001
    outer loop
      vertex -3.158269e+001  4.296485e+001 -5.868986e+000
      vertex -5.014086e+001  7.151011e+001 -3.176272e+000
      vertex -3.314086e+001  4.206525e+001 -3.176272e+000
    endloop
  endfacet
  facet normal  8.493852e-001  4.903928e-001  1.950893e-001
    outer loop
      vertex -3.314086e+001  4.206525e+001 -3.176272e+000
      vertex -5.014086e+001  7.151011e+001 -3.176272e+000
      vertex -5.068801e+001  7.119421e+001 -1.016457e-015
    endloop
  endfacet
  facet normal  8.493850e-001  4.903926e-001  1.950898e-001
    outer loop
      vertex -3.314086e+001  4.206525e+001 -3.176272e+000
      vertex -5.068801e+001  7.119421e+001 -1.016457e-015
      vertex -3.368801e+001  4.174935e+001 -1.016457e-015
    endloop
  endfacet
  facet normal  1.689533e-001  9.754521e-002  9.807853e-001
    outer loop
      vertex -4.625073e+001  7.375607e+001 -7.668200e+000
      vertex -2.650000e+001  4.589935e+001 -8.300000e+000
      vertex -4.350000e+001  7.534421e+001 -8.300000e+000
    endloop
  endfacet
  facet normal -1.689532e-001 -9.754516e-002  9.807853e-001
    outer loop
      vertex -4.350000e+001  7.534421e+001 -8.300000e+000
      vertex -2.650000e+001  4.589935e+001 -8.300000e+000
      vertex -2.374927e+001  4.748748e+001 -7.668200e+000
    endloop
  endfacet
  facet normal -1.689531e-001 -9.754510e-002  9.807853e-001
    outer loop
      vertex -4.350000e+001  7.534421e+001 -8.300000e+000
      vertex -2.374927e+001  4.748748e+001 -7.668200e+000
      vertex -4.074927e+001  7.693235e+001 -7.668200e+000
    endloop
  endfacet
  facet normal -4.811381e-001 -2.777852e-001  8.314695e-001
    outer loop
      vertex -4.074927e+001  7.693235e+001 -7.668200e+000
      vertex -2.374927e+001  4.748748e+001 -7.668200e+000
      vertex -2.141731e+001  4.883384e+001 -5.868986e+000
    endloop
  endfacet
  facet normal -4.811382e-001 -2.777853e-001  8.314694e-001
    outer loop
      vertex -4.074927e+001  7.693235e+001 -7.668200e+000
      vertex -2.141731e+001  4.883384e+001 -5.868986e+000
      vertex -3.841731e+001  7.827870e+001 -5.868986e+000
    endloop
  endfacet
  facet normal -7.200736e-001 -4.157347e-001  5.555705e-001
    outer loop
      vertex -3.841731e+001  7.827870e+001 -5.868986e+000
      vertex -2.141731e+001  4.883384e+001 -5.868986e+000
      vertex -1.985914e+001  4.973345e+001 -3.176272e+000
    endloop
  endfacet
  facet normal -7.200739e-001 -4.157349e-001  5.555702e-001
    outer loop
      vertex -3.841731e+001  7.827870e+001 -5.868986e+000
      vertex -1.985914e+001  4.973345e+001 -3.176272e+000
      vertex -3.685914e+001  7.917831e+001 -3.176272e+000
    endloop
  endfacet
  facet normal -8.493850e-001 -4.903927e-001  1.950904e-001
    outer loop
      vertex -3.685914e+001  7.917831e+001 -3.176272e+000
      vertex -1.985914e+001  4.973345e+001 -3.176272e+000
      vertex -1.931199e+001  5.004935e+001 -2.220446e-015
    endloop
  endfacet
  facet normal -8.493850e-001 -4.903927e-001  1.950904e-001
    outer loop
      vertex -3.685914e+001  7.917831e+001 -3.176272e+000
      vertex -1.931199e+001  5.004935e+001 -2.220446e-015
      vertex -3.631199e+001  7.949421e+001 -2.220446e-015
    endloop
  endfacet
  facet normal -5.000002e-001  8.660254e-001 -2.613758e-006
    outer loop
      vertex -2.925073e+001  4.431121e+001 -7.668200e+000
      vertex -2.374927e+001  4.748748e+001 -7.668200e+000
      vertex -2.650000e+001  4.589935e+001 -8.300000e+000
    endloop
  endfacet
  facet normal -5.000002e-001  8.660253e-001  1.001269e-006
    outer loop
      vertex -2.374927e+001  4.748748e+001 -7.668200e+000
      vertex -2.925073e+001  4.431121e+001 -7.668200e+000
      vertex -2.141731e+001  4.883384e+001 -5.868986e+000
    endloop
  endfacet
  facet normal -5.000001e-001  8.660253e-001  9.031380e-007
    outer loop
      vertex -2.141731e+001  4.883384e+001 -5.868986e+000
      vertex -2.925073e+001  4.431121e+001 -7.668200e+000
      vertex -3.158269e+001  4.296485e+001 -5.868986e+000
    endloop
  endfacet
  facet normal -5.000001e-001  8.660253e-001 -4.827661e-007
    outer loop
      vertex -2.141731e+001  4.883384e+001 -5.868986e+000
      vertex -3.158269e+001  4.296485e+001 -5.868986e+000
      vertex -1.985914e+001  4.973345e+001 -3.176272e+000
    endloop
  endfacet
  facet normal -5.000001e-001  8.660254e-001 -9.237329e-007
    outer loop
      vertex -1.985914e+001  4.973345e+001 -3.176272e+000
      vertex -3.158269e+001  4.296485e+001 -5.868986e+000
      vertex -3.314086e+001  4.206525e+001 -3.176272e+000
    endloop
  endfacet
  facet normal -5.000000e-001  8.660254e-001  3.132412e-007
    outer loop
      vertex -1.985914e+001  4.973345e+001 -3.176272e+000
      vertex -3.314086e+001  4.206525e+001 -3.176272e+000
      vertex -1.931199e+001  5.004935e+001 -2.220446e-015
    endloop
  endfacet
  facet normal -4.999999e-001  8.660254e-001  0.000000e+000
    outer loop
      vertex -1.931199e+001  5.004935e+001 -2.220446e-015
      vertex -3.314086e+001  4.206525e+001 -3.176272e+000
      vertex -3.368801e+001  4.174935e+001 -1.016457e-015
    endloop
  endfacet
  facet normal -4.999999e-001  8.660254e-001 -2.893971e-007
    outer loop
      vertex -1.931199e+001  5.004935e+001 -2.220446e-015
      vertex -3.368801e+001  4.174935e+001 -1.016457e-015
      vertex -1.985914e+001  4.973345e+001  3.176272e+000
    endloop
  endfacet
  facet normal -5.000000e-001  8.660254e-001  0.000000e+000
    outer loop
      vertex -1.985914e+001  4.973345e+001  3.176272e+000
      vertex -3.368801e+001  4.174935e+001 -1.016457e-015
      vertex -3.314086e+001  4.206525e+001  3.176272e+000
    endloop
  endfacet
  facet normal -5.000001e-001  8.660254e-001  5.542398e-007
    outer loop
      vertex -1.985914e+001  4.973345e+001  3.176272e+000
      vertex -3.314086e+001  4.206525e+001  3.176272e+000
      vertex -2.141731e+001  4.883384e+001  5.868986e+000
    endloop
  endfacet
  facet normal -5.000001e-001  8.660253e-001  9.655322e-007
    outer loop
      vertex -2.141731e+001  4.883384e+001  5.868986e+000
      vertex -3.314086e+001  4.206525e+001  3.176272e+000
      vertex -3.158269e+001  4.296485e+001  5.868986e+000
    endloop
  endfacet
  facet normal -5.000001e-001  8.660253e-001 -9.031380e-007
    outer loop
      vertex -2.141731e+001  4.883384e+001  5.868986e+000
      vertex -3.158269e+001  4.296485e+001  5.868986e+000
      vertex -2.374927e+001  4.748748e+001  7.668200e+000
    endloop
  endfacet
  facet normal -5.000002e-001  8.660253e-001 -8.343909e-007
    outer loop
      vertex -2.374927e+001  4.748748e+001  7.668200e+000
      vertex -3.158269e+001  4.296485e+001  5.868986e+000
      vertex -2.925073e+001  4.431121e+001  7.668200e+000
    endloop
  endfacet
  facet normal -5.000002e-001  8.660254e-001  2.613758e-006
    outer loop
      vertex -2.374927e+001  4.748748e+001  7.668200e+000
      vertex -2.925073e+001  4.431121e+001  7.668200e+000
      vertex -2.650000e+001  4.589935e+001  8.300000e+000
    endloop
  endfacet
  facet normal  1.000000e+000  0.000000e+000  0.000000e+000
    outer loop
      vertex  8.700000e+001  5.082284e-016  8.300000e+000
      vertex  8.700000e+001 -6.500000e+000  1.125833e+001
      vertex  8.700000e+001 -9.958578e+000  8.356239e+000
    endloop
  endfacet
  facet normal  1.000000e+000  -0.000000e+000  0.000000e+000
    outer loop
      vertex  8.700000e+001 -5.868986e+000  5.868986e+000
      vertex  8.700000e+001 -1.221600e+001  4.446262e+000
      vertex  8.700000e+001 -7.668200e+000  3.176272e+000
    endloop
  endfacet
  facet normal  1.000000e+000  0.000000e+000  0.000000e+000
    outer loop
      vertex  8.700000e+001 -9.958578e+000 -8.356239e+000
      vertex  8.700000e+001 -1.524685e-015 -8.300000e+000
      vertex  8.700000e+001 -3.176272e+000 -7.668200e+000
    endloop
  endfacet
  facet normal  1.000000e+000  0.000000e+000  -0.000000e+000
    outer loop
      vertex  8.700000e+001  5.868986e+000  5.868986e+000
      vertex  8.700000e+001  7.668200e+000  3.176272e+000
      vertex  8.700000e+001  1.221600e+001  4.446262e+000
    endloop
  endfacet
  facet normal  9.999999e-001  0.000000e+000  0.000000e+000
    outer loop
      vertex  8.700000e+001  9.958578e+000 -8.356239e+000
      vertex  8.700000e+001  3.176272e+000 -7.668200e+000
      vertex  8.700000e+001 -1.524685e-015 -8.300000e+000
    endloop
  endfacet
  facet normal  1.000000e+000  0.000000e+000  0.000000e+000
    outer loop
      vertex  8.700000e+001  6.500000e+000 -1.125833e+001
      vertex  8.700000e+001  9.958578e+000 -8.356239e+000
      vertex  8.700000e+001  2.257426e+000 -1.280250e+001
    endloop
  endfacet
  facet normal  1.000000e+000  0.000000e+000  -0.000000e+000
    outer loop
      vertex  8.700000e+001  2.257426e+000 -1.280250e+001
      vertex  8.700000e+001  9.958578e+000 -8.356239e+000
      vertex  8.700000e+001 -1.524685e-015 -8.300000e+000
    endloop
  endfacet
  facet normal  1.000000e+000  0.000000e+000  0.000000e+000
    outer loop
      vertex  8.700000e+001  2.257426e+000 -1.280250e+001
      vertex  8.700000e+001 -1.524685e-015 -8.300000e+000
      vertex  8.700000e+001 -2.257426e+000 -1.280250e+001
    endloop
  endfacet
  facet normal  1.000000e+000  0.000000e+000  -0.000000e+000
    outer loop
      vertex  8.700000e+001 -2.257426e+000 -1.280250e+001
      vertex  8.700000e+001 -1.524685e-015 -8.300000e+000
      vertex  8.700000e+001 -9.958578e+000 -8.356239e+000
    endloop
  endfacet
  facet normal  1.000000e+000  0.000000e+000  0.000000e+000
    outer loop
      vertex  8.700000e+001 -2.257426e+000 -1.280250e+001
      vertex  8.700000e+001 -9.958578e+000 -8.356239e+000
      vertex  8.700000e+001 -6.500000e+000 -1.125833e+001
    endloop
  endfacet
  facet normal  1.000000e+000  0.000000e+000  0.000000e+000
    outer loop
      vertex  8.700000e+001  9.958578e+000  8.356239e+000
      vertex  8.700000e+001  6.500000e+000  1.125833e+001
      vertex  8.700000e+001  5.082284e-016  8.300000e+000
    endloop
  endfacet
  facet normal  9.999999e-001  0.000000e+000  0.000000e+000
    outer loop
      vertex  8.700000e+001  5.082284e-016  8.300000e+000
      vertex  8.700000e+001  6.500000e+000  1.125833e+001
      vertex  8.700000e+001  2.257426e+000  1.280250e+001
    endloop
  endfacet
  facet normal  1.000000e+000  0.000000e+000  0.000000e+000
    outer loop
      vertex  8.700000e+001  5.082284e-016  8.300000e+000
      vertex  8.700000e+001  2.257426e+000  1.280250e+001
      vertex  8.700000e+001 -6.500000e+000  1.125833e+001
    endloop
  endfacet
  facet normal  1.000000e+000  0.000000e+000  0.000000e+000
    outer loop
      vertex  8.700000e+001 -6.500000e+000  1.125833e+001
      vertex  8.700000e+001  2.257426e+000  1.280250e+001
      vertex  8.700000e+001 -2.257426e+000  1.280250e+001
    endloop
  endfacet
  facet normal  9.999999e-001  0.000000e+000  0.000000e+000
    outer loop
      vertex  8.700000e+001 -1.221600e+001  4.446262e+000
      vertex  8.700000e+001 -5.868986e+000  5.868986e+000
      vertex  8.700000e+001 -9.958578e+000  8.356239e+000
    endloop
  endfacet
  facet normal  1.000000e+000  0.000000e+000  0.000000e+000
    outer loop
      vertex  8.700000e+001 -9.958578e+000  8.356239e+000
      vertex  8.700000e+001 -5.868986e+000  5.868986e+000
      vertex  8.700000e+001 -3.176272e+000  7.668200e+000
    endloop
  endfacet
  facet normal  9.999999e-001  0.000000e+000  -0.000000e+000
    outer loop
      vertex  8.700000e+001 -9.958578e+000  8.356239e+000
      vertex  8.700000e+001 -3.176272e+000  7.668200e+000
      vertex  8.700000e+001  5.082284e-016  8.300000e+000
    endloop
  endfacet
  facet normal  1.000000e+000  0.000000e+000  0.000000e+000
    outer loop
      vertex  8.700000e+001 -7.668200e+000  3.176272e+000
      vertex  8.700000e+001 -1.221600e+001  4.446262e+000
      vertex  8.700000e+001 -8.300000e+000  1.016457e-015
    endloop
  endfacet
  facet normal  1.000000e+000  0.000000e+000  0.000000e+000
    outer loop
      vertex  8.700000e+001 -8.300000e+000  1.016457e-015
      vertex  8.700000e+001 -1.221600e+001  4.446262e+000
      vertex  8.700000e+001 -1.300000e+001 -4.181119e-015
    endloop
  endfacet
  facet normal  1.000000e+000  -0.000000e+000  0.000000e+000
    outer loop
      vertex  8.700000e+001 -8.300000e+000  1.016457e-015
      vertex  8.700000e+001 -1.300000e+001 -4.181119e-015
      vertex  8.700000e+001 -7.668200e+000 -3.176272e+000
    endloop
  endfacet
  facet normal  9.999999e-001  0.000000e+000  0.000000e+000
    outer loop
      vertex  8.700000e+001 -7.668200e+000 -3.176272e+000
      vertex  8.700000e+001 -1.300000e+001 -4.181119e-015
      vertex  8.700000e+001 -1.221600e+001 -4.446262e+000
    endloop
  endfacet
  facet normal  1.000000e+000  -0.000000e+000  0.000000e+000
    outer loop
      vertex  8.700000e+001 -7.668200e+000 -3.176272e+000
      vertex  8.700000e+001 -1.221600e+001 -4.446262e+000
      vertex  8.700000e+001 -5.868986e+000 -5.868986e+000
    endloop
  endfacet
  facet normal  9.999999e-001  0.000000e+000  0.000000e+000
    outer loop
      vertex  8.700000e+001 -5.868986e+000 -5.868986e+000
      vertex  8.700000e+001 -1.221600e+001 -4.446262e+000
      vertex  8.700000e+001 -9.958578e+000 -8.356239e+000
    endloop
  endfacet
  facet normal  1.000000e+000  0.000000e+000  0.000000e+000
    outer loop
      vertex  8.700000e+001 -5.868986e+000 -5.868986e+000
      vertex  8.700000e+001 -9.958578e+000 -8.356239e+000
      vertex  8.700000e+001 -3.176272e+000 -7.668200e+000
    endloop
  endfacet
  facet normal  9.999999e-001  0.000000e+000  0.000000e+000
    outer loop
      vertex  8.700000e+001  5.868986e+000  5.868986e+000
      vertex  8.700000e+001  1.221600e+001  4.446262e+000
      vertex  8.700000e+001  3.176272e+000  7.668200e+000
    endloop
  endfacet
  facet normal  9.999999e-001  -0.000000e+000  0.000000e+000
    outer loop
      vertex  8.700000e+001  3.176272e+000  7.668200e+000
      vertex  8.700000e+001  1.221600e+001  4.446262e+000
      vertex  8.700000e+001  9.958578e+000  8.356239e+000
    endloop
  endfacet
  facet normal  9.999999e-001  0.000000e+000  0.000000e+000
    outer loop
      vertex  8.700000e+001  3.176272e+000  7.668200e+000
      vertex  8.700000e+001  9.958578e+000  8.356239e+000
      vertex  8.700000e+001  5.082284e-016  8.300000e+000
    endloop
  endfacet
  facet normal  9.999999e-001  -0.000000e+000  0.000000e+000
    outer loop
      vertex  8.700000e+001  1.221600e+001  4.446262e+000
      vertex  8.700000e+001  7.668200e+000  3.176272e+000
      vertex  8.700000e+001  1.300000e+001  0.000000e+000
    endloop
  endfacet
  facet normal  1.000000e+000  0.000000e+000  0.000000e+000
    outer loop
      vertex  8.700000e+001  1.300000e+001  0.000000e+000
      vertex  8.700000e+001  7.668200e+000  3.176272e+000
      vertex  8.700000e+001  8.300000e+000  0.000000e+000
    endloop
  endfacet
  facet normal  1.000000e+000  -0.000000e+000  0.000000e+000
    outer loop
      vertex  8.700000e+001  1.300000e+001  0.000000e+000
      vertex  8.700000e+001  8.300000e+000  0.000000e+000
      vertex  8.700000e+001  1.221600e+001 -4.446262e+000
    endloop
  endfacet
  facet normal  1.000000e+000  0.000000e+000  0.000000e+000
    outer loop
      vertex  8.700000e+001  1.221600e+001 -4.446262e+000
      vertex  8.700000e+001  8.300000e+000  0.000000e+000
      vertex  8.700000e+001  7.668200e+000 -3.176272e+000
    endloop
  endfacet
  facet normal  1.000000e+000  0.000000e+000  0.000000e+000
    outer loop
      vertex  8.700000e+001  1.221600e+001 -4.446262e+000
      vertex  8.700000e+001  7.668200e+000 -3.176272e+000
      vertex  8.700000e+001  9.958578e+000 -8.356239e+000
    endloop
  endfacet
  facet normal  1.000000e+000  0.000000e+000  0.000000e+000
    outer loop
      vertex  8.700000e+001  9.958578e+000 -8.356239e+000
      vertex  8.700000e+001  7.668200e+000 -3.176272e+000
      vertex  8.700000e+001  5.868986e+000 -5.868986e+000
    endloop
  endfacet
  facet normal  9.999999e-001  0.000000e+000  0.000000e+000
    outer loop
      vertex  8.700000e+001  9.958578e+000 -8.356239e+000
      vertex  8.700000e+001  5.868986e+000 -5.868986e+000
      vertex  8.700000e+001  3.176272e+000 -7.668200e+000
    endloop
  endfacet
  facet normal  0.000000e+000 -1.950904e-001  9.807853e-001
    outer loop
      vertex  5.300000e+001 -1.524685e-015 -8.300000e+000
      vertex  8.700000e+001  3.176272e+000 -7.668200e+000
      vertex  5.300000e+001  3.176272e+000 -7.668200e+000
    endloop
  endfacet
  facet normal  0.000000e+000 -5.555702e-001  8.314696e-001
    outer loop
      vertex  5.300000e+001  3.176272e+000 -7.668200e+000
      vertex  8.700000e+001  3.176272e+000 -7.668200e+000
      vertex  8.700000e+001  5.868986e+000 -5.868986e+000
    endloop
  endfacet
  facet normal  0.000000e+000 -5.555702e-001  8.314696e-001
    outer loop
      vertex  5.300000e+001  3.176272e+000 -7.668200e+000
      vertex  8.700000e+001  5.868986e+000 -5.868986e+000
      vertex  5.300000e+001  5.868986e+000 -5.868986e+000
    endloop
  endfacet
  facet normal  0.000000e+000 -8.314696e-001  5.555702e-001
    outer loop
      vertex  5.300000e+001  5.868986e+000 -5.868986e+000
      vertex  8.700000e+001  5.868986e+000 -5.868986e+000
      vertex  8.700000e+001  7.668200e+000 -3.176272e+000
    endloop
  endfacet
  facet normal  0.000000e+000 -8.314696e-001  5.555702e-001
    outer loop
      vertex  5.300000e+001  5.868986e+000 -5.868986e+000
      vertex  8.700000e+001  7.668200e+000 -3.176272e+000
      vertex  5.300000e+001  7.668200e+000 -3.176272e+000
    endloop
  endfacet
  facet normal  0.000000e+000 -9.807853e-001  1.950904e-001
    outer loop
      vertex  5.300000e+001  7.668200e+000 -3.176272e+000
      vertex  8.700000e+001  7.668200e+000 -3.176272e+000
      vertex  8.700000e+001  8.300000e+000  0.000000e+000
    endloop
  endfacet
  facet normal  0.000000e+000 -9.807853e-001  1.950904e-001
    outer loop
      vertex  5.300000e+001  7.668200e+000 -3.176272e+000
      vertex  8.700000e+001  8.300000e+000  0.000000e+000
      vertex  5.300000e+001  8.300000e+000  0.000000e+000
    endloop
  endfacet
  facet normal  0.000000e+000 -1.950904e-001  9.807853e-001
    outer loop
      vertex  8.700000e+001  3.176272e+000 -7.668200e+000
      vertex  5.300000e+001 -1.524685e-015 -8.300000e+000
      vertex  8.700000e+001 -1.524685e-015 -8.300000e+000
    endloop
  endfacet
  facet normal  0.000000e+000  1.950904e-001  9.807853e-001
    outer loop
      vertex  8.700000e+001 -1.524685e-015 -8.300000e+000
      vertex  5.300000e+001 -1.524685e-015 -8.300000e+000
      vertex  5.300000e+001 -3.176272e+000 -7.668200e+000
    endloop
  endfacet
  facet normal  -0.000000e+000  1.950904e-001  9.807853e-001
    outer loop
      vertex  8.700000e+001 -1.524685e-015 -8.300000e+000
      vertex  5.300000e+001 -3.176272e+000 -7.668200e+000
      vertex  8.700000e+001 -3.176272e+000 -7.668200e+000
    endloop
  endfacet
  facet normal  0.000000e+000  5.555702e-001  8.314696e-001
    outer loop
      vertex  8.700000e+001 -3.176272e+000 -7.668200e+000
      vertex  5.300000e+001 -3.176272e+000 -7.668200e+000
      vertex  5.300000e+001 -5.868986e+000 -5.868986e+000
    endloop
  endfacet
  facet normal  -0.000000e+000  5.555702e-001  8.314696e-001
    outer loop
      vertex  8.700000e+001 -3.176272e+000 -7.668200e+000
      vertex  5.300000e+001 -5.868986e+000 -5.868986e+000
      vertex  8.700000e+001 -5.868986e+000 -5.868986e+000
    endloop
  endfacet
  facet normal  0.000000e+000  8.314696e-001  5.555702e-001
    outer loop
      vertex  8.700000e+001 -5.868986e+000 -5.868986e+000
      vertex  5.300000e+001 -5.868986e+000 -5.868986e+000
      vertex  5.300000e+001 -7.668200e+000 -3.176272e+000
    endloop
  endfacet
  facet normal  -0.000000e+000  8.314696e-001  5.555702e-001
    outer loop
      vertex  8.700000e+001 -5.868986e+000 -5.868986e+000
      vertex  5.300000e+001 -7.668200e+000 -3.176272e+000
      vertex  8.700000e+001 -7.668200e+000 -3.176272e+000
    endloop
  endfacet
  facet normal  0.000000e+000  9.807853e-001  1.950904e-001
    outer loop
      vertex  8.700000e+001 -7.668200e+000 -3.176272e+000
      vertex  5.300000e+001 -7.668200e+000 -3.176272e+000
      vertex  5.300000e+001 -8.300000e+000  1.016457e-015
    endloop
  endfacet
  facet normal  -0.000000e+000  9.807853e-001  1.950904e-001
    outer loop
      vertex  8.700000e+001 -7.668200e+000 -3.176272e+000
      vertex  5.300000e+001 -8.300000e+000  1.016457e-015
      vertex  8.700000e+001 -8.300000e+000  1.016457e-015
    endloop
  endfacet
  facet normal  0.000000e+000  1.950904e-001 -9.807853e-001
    outer loop
      vertex  5.300000e+001  5.082284e-016  8.300000e+000
      vertex  8.700000e+001 -3.176272e+000  7.668200e+000
      vertex  5.300000e+001 -3.176272e+000  7.668200e+000
    endloop
  endfacet
  facet normal  0.000000e+000  5.555702e-001 -8.314696e-001
    outer loop
      vertex  5.300000e+001 -3.176272e+000  7.668200e+000
      vertex  8.700000e+001 -3.176272e+000  7.668200e+000
      vertex  8.700000e+001 -5.868986e+000  5.868986e+000
    endloop
  endfacet
  facet normal  0.000000e+000  5.555702e-001 -8.314696e-001
    outer loop
      vertex  5.300000e+001 -3.176272e+000  7.668200e+000
      vertex  8.700000e+001 -5.868986e+000  5.868986e+000
      vertex  5.300000e+001 -5.868986e+000  5.868986e+000
    endloop
  endfacet
  facet normal  0.000000e+000  8.314696e-001 -5.555702e-001
    outer loop
      vertex  5.300000e+001 -5.868986e+000  5.868986e+000
      vertex  8.700000e+001 -5.868986e+000  5.868986e+000
      vertex  8.700000e+001 -7.668200e+000  3.176272e+000
    endloop
  endfacet
  facet normal  0.000000e+000  8.314696e-001 -5.555702e-001
    outer loop
      vertex  5.300000e+001 -5.868986e+000  5.868986e+000
      vertex  8.700000e+001 -7.668200e+000  3.176272e+000
      vertex  5.300000e+001 -7.668200e+000  3.176272e+000
    endloop
  endfacet
  facet normal  0.000000e+000  9.807853e-001 -1.950904e-001
    outer loop
      vertex  5.300000e+001 -7.668200e+000  3.176272e+000
      vertex  8.700000e+001 -7.668200e+000  3.176272e+000
      vertex  8.700000e+001 -8.300000e+000  1.016457e-015
    endloop
  endfacet
  facet normal  0.000000e+000  9.807853e-001 -1.950904e-001
    outer loop
      vertex  5.300000e+001 -7.668200e+000  3.176272e+000
      vertex  8.700000e+001 -8.300000e+000  1.016457e-015
      vertex  5.300000e+001 -8.300000e+000  1.016457e-015
    endloop
  endfacet
  facet normal  0.000000e+000  1.950904e-001 -9.807853e-001
    outer loop
      vertex  8.700000e+001 -3.176272e+000  7.668200e+000
      vertex  5.300000e+001  5.082284e-016  8.300000e+000
      vertex  8.700000e+001  5.082284e-016  8.300000e+000
    endloop
  endfacet
  facet normal  -0.000000e+000 -1.950904e-001 -9.807853e-001
    outer loop
      vertex  8.700000e+001  5.082284e-016  8.300000e+000
      vertex  5.300000e+001  5.082284e-016  8.300000e+000
      vertex  5.300000e+001  3.176272e+000  7.668200e+000
    endloop
  endfacet
  facet normal  0.000000e+000 -1.950904e-001 -9.807853e-001
    outer loop
      vertex  8.700000e+001  5.082284e-016  8.300000e+000
      vertex  5.300000e+001  3.176272e+000  7.668200e+000
      vertex  8.700000e+001  3.176272e+000  7.668200e+000
    endloop
  endfacet
  facet normal  -0.000000e+000 -5.555702e-001 -8.314696e-001
    outer loop
      vertex  8.700000e+001  3.176272e+000  7.668200e+000
      vertex  5.300000e+001  3.176272e+000  7.668200e+000
      vertex  5.300000e+001  5.868986e+000  5.868986e+000
    endloop
  endfacet
  facet normal  0.000000e+000 -5.555702e-001 -8.314696e-001
    outer loop
      vertex  8.700000e+001  3.176272e+000  7.668200e+000
      vertex  5.300000e+001  5.868986e+000  5.868986e+000
      vertex  8.700000e+001  5.868986e+000  5.868986e+000
    endloop
  endfacet
  facet normal  -0.000000e+000 -8.314696e-001 -5.555702e-001
    outer loop
      vertex  8.700000e+001  5.868986e+000  5.868986e+000
      vertex  5.300000e+001  5.868986e+000  5.868986e+000
      vertex  5.300000e+001  7.668200e+000  3.176272e+000
    endloop
  endfacet
  facet normal  0.000000e+000 -8.314696e-001 -5.555702e-001
    outer loop
      vertex  8.700000e+001  5.868986e+000  5.868986e+000
      vertex  5.300000e+001  7.668200e+000  3.176272e+000
      vertex  8.700000e+001  7.668200e+000  3.176272e+000
    endloop
  endfacet
  facet normal  -0.000000e+000 -9.807853e-001 -1.950904e-001
    outer loop
      vertex  8.700000e+001  7.668200e+000  3.176272e+000
      vertex  5.300000e+001  7.668200e+000  3.176272e+000
      vertex  5.300000e+001  8.300000e+000  0.000000e+000
    endloop
  endfacet
  facet normal  0.000000e+000 -9.807853e-001 -1.950904e-001
    outer loop
      vertex  8.700000e+001  7.668200e+000  3.176272e+000
      vertex  5.300000e+001  8.300000e+000  0.000000e+000
      vertex  8.700000e+001  8.300000e+000  0.000000e+000
    endloop
  endfacet
  facet normal  1.000000e+000  0.000000e+000  0.000000e+000
    outer loop
      vertex  5.300000e+001 -3.176272e+000  7.668200e+000
      vertex  5.300000e+001  3.176272e+000  7.668200e+000
      vertex  5.300000e+001  5.082284e-016  8.300000e+000
    endloop
  endfacet
  facet normal  1.000000e+000  -0.000000e+000  0.000000e+000
    outer loop
      vertex  5.300000e+001  3.176272e+000  7.668200e+000
      vertex  5.300000e+001 -3.176272e+000  7.668200e+000
      vertex  5.300000e+001  5.868986e+000  5.868986e+000
    endloop
  endfacet
  facet normal  1.000000e+000  0.000000e+000  0.000000e+000
    outer loop
      vertex  5.300000e+001  5.868986e+000  5.868986e+000
      vertex  5.300000e+001 -3.176272e+000  7.668200e+000
      vertex  5.300000e+001 -5.868986e+000  5.868986e+000
    endloop
  endfacet
  facet normal  1.000000e+000  -0.000000e+000  0.000000e+000
    outer loop
      vertex  5.300000e+001  5.868986e+000  5.868986e+000
      vertex  5.300000e+001 -5.868986e+000  5.868986e+000
      vertex  5.300000e+001  7.668200e+000  3.176272e+000
    endloop
  endfacet
  facet normal  1.000000e+000  0.000000e+000  0.000000e+000
    outer loop
      vertex  5.300000e+001  7.668200e+000  3.176272e+000
      vertex  5.300000e+001 -5.868986e+000  5.868986e+000
      vertex  5.300000e+001 -7.668200e+000  3.176272e+000
    endloop
  endfacet
  facet normal  1.000000e+000  -0.000000e+000  0.000000e+000
    outer loop
      vertex  5.300000e+001  7.668200e+000  3.176272e+000
      vertex  5.300000e+001 -7.668200e+000  3.176272e+000
      vertex  5.300000e+001  8.300000e+000  0.000000e+000
    endloop
  endfacet
  facet normal  9.999999e-001  0.000000e+000  0.000000e+000
    outer loop
      vertex  5.300000e+001  8.300000e+000  0.000000e+000
      vertex  5.300000e+001 -7.668200e+000  3.176272e+000
      vertex  5.300000e+001 -8.300000e+000  1.016457e-015
    endloop
  endfacet
  facet normal  9.999999e-001  0.000000e+000  0.000000e+000
    outer loop
      vertex  5.300000e+001  8.300000e+000  0.000000e+000
      vertex  5.300000e+001 -8.300000e+000  1.016457e-015
      vertex  5.300000e+001  7.668200e+000 -3.176272e+000
    endloop
  endfacet
  facet normal  1.000000e+000  0.000000e+000  0.000000e+000
    outer loop
      vertex  5.300000e+001  7.668200e+000 -3.176272e+000
      vertex  5.300000e+001 -8.300000e+000  1.016457e-015
      vertex  5.300000e+001 -7.668200e+000 -3.176272e+000
    endloop
  endfacet
  facet normal  1.000000e+000  -0.000000e+000  0.000000e+000
    outer loop
      vertex  5.300000e+001  7.668200e+000 -3.176272e+000
      vertex  5.300000e+001 -7.668200e+000 -3.176272e+000
      vertex  5.300000e+001  5.868986e+000 -5.868986e+000
    endloop
  endfacet
  facet normal  1.000000e+000  0.000000e+000  0.000000e+000
    outer loop
      vertex  5.300000e+001  5.868986e+000 -5.868986e+000
      vertex  5.300000e+001 -7.668200e+000 -3.176272e+000
      vertex  5.300000e+001 -5.868986e+000 -5.868986e+000
    endloop
  endfacet
  facet normal  1.000000e+000  -0.000000e+000  0.000000e+000
    outer loop
      vertex  5.300000e+001  5.868986e+000 -5.868986e+000
      vertex  5.300000e+001 -5.868986e+000 -5.868986e+000
      vertex  5.300000e+001  3.176272e+000 -7.668200e+000
    endloop
  endfacet
  facet normal  1.000000e+000  0.000000e+000  0.000000e+000
    outer loop
      vertex  5.300000e+001  3.176272e+000 -7.668200e+000
      vertex  5.300000e+001 -5.868986e+000 -5.868986e+000
      vertex  5.300000e+001 -3.176272e+000 -7.668200e+000
    endloop
  endfacet
  facet normal  1.000000e+000  -0.000000e+000  0.000000e+000
    outer loop
      vertex  5.300000e+001  3.176272e+000 -7.668200e+000
      vertex  5.300000e+001 -3.176272e+000 -7.668200e+000
      vertex  5.300000e+001 -1.524685e-015 -8.300000e+000
    endloop
  endfacet
  facet normal  9.921846e-001 -1.247786e-001 -3.275475e-004
    outer loop
      vertex  4.727077e+001 -8.335113e+000 -1.240000e+002
      vertex  4.778434e+001 -4.544971e+000 -1.217962e+001
      vertex  4.742425e+001 -7.412202e+000 -1.067984e+001
    endloop
  endfacet
  facet normal  9.837787e-001 -1.793869e-001  1.285822e-004
    outer loop
      vertex  4.727077e+001 -8.335113e+000 -1.240000e+002
      vertex  4.742425e+001 -7.412202e+000 -1.067984e+001
      vertex  4.698600e+001 -9.814059e+000 -8.525506e+000
    endloop
  endfacet
  facet normal -5.669128e-001 -8.237759e-001 -1.766935e-003
    outer loop
      vertex -3.085381e+001 -3.677013e+001 -1.240000e+002
      vertex -2.601217e+001 -4.034064e+001 -1.278457e+001
      vertex -2.834532e+001 -3.873684e+001 -1.192369e+001
    endloop
  endfacet
  facet normal -6.119978e-001 -7.908595e-001 -1.802309e-004
    outer loop
      vertex -3.085381e+001 -3.677013e+001 -1.240000e+002
      vertex -2.834532e+001 -3.873684e+001 -1.192369e+001
      vertex -3.037768e+001 -3.716445e+001 -1.045537e+001
    endloop
  endfacet
  facet normal -7.034575e-001 -7.107353e-001 -1.694066e-003
    outer loop
      vertex -3.677013e+001 -3.085381e+001 -1.240000e+002
      vertex -3.327155e+001 -3.459775e+001 -6.033391e+000
      vertex -3.397937e+001 -3.390284e+001 -3.655121e+000
    endloop
  endfacet
  facet normal  9.659255e-001 -2.588186e-001 -9.327720e-004
    outer loop
      vertex  4.510525e+001 -1.641697e+001 -1.240000e+002
      vertex  4.727077e+001 -8.335113e+000 -1.240000e+002
      vertex  4.698600e+001 -9.814059e+000 -8.525506e+000
    endloop
  endfacet
  facet normal  9.748281e-001 -2.229353e-001 -3.129604e-003
    outer loop
      vertex  4.510525e+001 -1.641697e+001 -1.240000e+002
      vertex  4.698600e+001 -9.814059e+000 -8.525506e+000
      vertex  4.667765e+001 -1.118917e+001 -6.618345e+000
    endloop
  endfacet
  facet normal  9.688791e-001 -2.475270e-001 -1.954678e-003
    outer loop
      vertex  4.510525e+001 -1.641697e+001 -1.240000e+002
      vertex  4.667765e+001 -1.118917e+001 -6.618345e+000
      vertex  4.642358e+001 -1.220048e+001 -4.488694e+000
    endloop
  endfacet
  facet normal  9.642876e-001 -2.648538e-001 -1.292720e-003
    outer loop
      vertex  4.510525e+001 -1.641697e+001 -1.240000e+002
      vertex  4.642358e+001 -1.220048e+001 -4.488694e+000
      vertex  4.626238e+001 -1.279813e+001 -2.282089e+000
    endloop
  endfacet
  facet normal  9.606198e-001 -2.778651e-001 -8.710077e-004
    outer loop
      vertex  4.510525e+001 -1.641697e+001 -1.240000e+002
      vertex  4.626238e+001 -1.279813e+001 -2.282089e+000
      vertex  4.620606e+001 -1.300000e+001 -4.181119e-015
    endloop
  endfacet
  facet normal  9.518254e-001 -3.066403e-001  0.000000e+000
    outer loop
      vertex  4.510525e+001 -1.641697e+001 -1.240000e+002
      vertex  4.620606e+001 -1.300000e+001 -4.181119e-015
      vertex  4.510525e+001 -1.641697e+001 -2.327461e-002
    endloop
  endfacet
  facet normal -2.588184e-001 -9.659248e-001 -1.488059e-003
    outer loop
      vertex -1.641697e+001 -4.510525e+001 -1.240000e+002
      vertex -8.335113e+000 -4.727077e+001 -1.240000e+002
      vertex -1.205007e+001 -4.646284e+001 -2.295359e+000
    endloop
  endfacet
  facet normal -2.514226e-001 -9.678758e-001 -1.775192e-003
    outer loop
      vertex -1.641697e+001 -4.510525e+001 -1.240000e+002
      vertex -1.205007e+001 -4.646284e+001 -2.295359e+000
      vertex -1.266663e+001 -4.629856e+001 -4.544878e+000
    endloop
  endfacet
  facet normal -2.721981e-001 -9.622406e-001 -1.066645e-003
    outer loop
      vertex -1.641697e+001 -4.510525e+001 -1.240000e+002
      vertex -1.266663e+001 -4.629856e+001 -4.544878e+000
      vertex -1.366229e+001 -4.601458e+001 -6.641575e+000
    endloop
  endfacet
  facet normal -3.003912e-001 -9.538159e-001 -3.396098e-004
    outer loop
      vertex -1.641697e+001 -4.510525e+001 -1.240000e+002
      vertex -1.366229e+001 -4.601458e+001 -6.641575e+000
      vertex -1.521219e+001 -4.552570e+001 -8.778196e+000
    endloop
  endfacet
  facet normal -3.368811e-001 -9.415472e-001  8.670310e-005
    outer loop
      vertex -1.641697e+001 -4.510525e+001 -1.240000e+002
      vertex -1.521219e+001 -4.552570e+001 -8.778196e+000
      vertex -1.711429e+001 -4.484530e+001 -1.054614e+001
    endloop
  endfacet
  facet normal -4.226186e-001 -9.063075e-001 -5.210041e-004
    outer loop
      vertex -1.641697e+001 -4.510525e+001 -1.240000e+002
      vertex -1.711429e+001 -4.484530e+001 -1.054614e+001
      vertex -2.400000e+001 -4.156922e+001 -1.240000e+002
    endloop
  endfacet
  facet normal -3.766792e-001 -9.263356e-001 -3.887475e-003
    outer loop
      vertex -2.400000e+001 -4.156922e+001 -1.240000e+002
      vertex -1.711429e+001 -4.484530e+001 -1.054614e+001
      vertex -1.923452e+001 -4.397765e+001 -1.185655e+001
    endloop
  endfacet
  facet normal -4.240598e-001 -9.056330e-001 -1.429440e-003
    outer loop
      vertex -2.400000e+001 -4.156922e+001 -1.240000e+002
      vertex -1.923452e+001 -4.397765e+001 -1.185655e+001
      vertex -2.150256e+001 -4.291433e+001 -1.268702e+001
    endloop
  endfacet
  facet normal -4.719407e-001 -8.816302e-001 -6.512496e-005
    outer loop
      vertex -2.400000e+001 -4.156922e+001 -1.240000e+002
      vertex -2.150256e+001 -4.291433e+001 -1.268702e+001
      vertex -2.378792e+001 -4.169094e+001 -1.299770e+001
    endloop
  endfacet
  facet normal -5.189372e-001 -8.548123e-001  5.407535e-005
    outer loop
      vertex -2.400000e+001 -4.156922e+001 -1.240000e+002
      vertex -2.378792e+001 -4.169094e+001 -1.299770e+001
      vertex -2.601217e+001 -4.034064e+001 -1.278457e+001
    endloop
  endfacet
  facet normal -5.735758e-001 -8.191515e-001 -1.328411e-003
    outer loop
      vertex -2.400000e+001 -4.156922e+001 -1.240000e+002
      vertex -2.601217e+001 -4.034064e+001 -1.278457e+001
      vertex -3.085381e+001 -3.677013e+001 -1.240000e+002
    endloop
  endfacet
  facet normal  9.659256e-001 -2.588187e-001  7.549017e-004
    outer loop
      vertex  4.727077e+001 -8.335113e+000  1.240000e+002
      vertex  4.510525e+001 -1.641697e+001  1.240000e+002
      vertex  4.705632e+001 -9.471155e+000  8.904899e+000
    endloop
  endfacet
  facet normal  9.847806e-001 -1.738026e-001 -1.193782e-004
    outer loop
      vertex  4.727077e+001 -8.335113e+000  1.240000e+002
      vertex  4.705632e+001 -9.471155e+000  8.904899e+000
      vertex  4.745412e+001 -7.218515e+000  1.081170e+001
    endloop
  endfacet
  facet normal  9.923810e-001 -1.232065e-001  3.920621e-004
    outer loop
      vertex  4.727077e+001 -8.335113e+000  1.240000e+002
      vertex  4.745412e+001 -7.218515e+000  1.081170e+001
      vertex  4.778044e+001 -4.585823e+000  1.216430e+001
    endloop
  endfacet
  facet normal  9.973536e-001 -7.267299e-002  2.108858e-003
    outer loop
      vertex  4.727077e+001 -8.335113e+000  1.240000e+002
      vertex  4.778044e+001 -4.585823e+000  1.216430e+001
      vertex  4.794326e+001 -2.333089e+000  1.278893e+001
    endloop
  endfacet
  facet normal  9.996829e-001 -2.473637e-002  4.710065e-003
    outer loop
      vertex  4.727077e+001 -8.335113e+000  1.240000e+002
      vertex  4.794326e+001 -2.333089e+000  1.278893e+001
      vertex  4.800000e+001  0.000000e+000  1.300000e+001
    endloop
  endfacet
  facet normal  9.961947e-001 -8.715587e-002  0.000000e+000
    outer loop
      vertex  4.727077e+001 -8.335113e+000  1.240000e+002
      vertex  4.800000e+001  0.000000e+000  1.300000e+001
      vertex  4.800000e+001  0.000000e+000  1.240000e+002
    endloop
  endfacet
  facet normal  9.518254e-001 -3.066403e-001  0.000000e+000
    outer loop
      vertex  4.510525e+001 -1.641697e+001  1.240000e+002
      vertex  4.510525e+001 -1.641697e+001 -2.327461e-002
      vertex  4.620606e+001 -1.300000e+001 -4.181119e-015
    endloop
  endfacet
  facet normal  9.606325e-001 -2.778206e-001  8.723448e-004
    outer loop
      vertex  4.510525e+001 -1.641697e+001  1.240000e+002
      vertex  4.620606e+001 -1.300000e+001 -4.181119e-015
      vertex  4.626278e+001 -1.279670e+001  2.290091e+000
    endloop
  endfacet
  facet normal  9.642875e-001 -2.648546e-001  1.292782e-003
    outer loop
      vertex  4.510525e+001 -1.641697e+001  1.240000e+002
      vertex  4.626278e+001 -1.279670e+001  2.290091e+000
      vertex  4.642324e+001 -1.220174e+001  4.485250e+000
    endloop
  endfacet
  facet normal  9.692227e-001 -2.461774e-001  2.005941e-003
    outer loop
      vertex  4.510525e+001 -1.641697e+001  1.240000e+002
      vertex  4.642324e+001 -1.220174e+001  4.485250e+000
      vertex  4.670900e+001 -1.105754e+001  6.835982e+000
    endloop
  endfacet
  facet normal  9.759253e-001 -2.180789e-001  3.382996e-003
    outer loop
      vertex  4.510525e+001 -1.641697e+001  1.240000e+002
      vertex  4.670900e+001 -1.105754e+001  6.835982e+000
      vertex  4.705632e+001 -9.471155e+000  8.904899e+000
    endloop
  endfacet
  facet normal -3.415403e-001 -9.398671e-001 -1.190139e-004
    outer loop
      vertex -1.641697e+001 -4.510525e+001  1.240000e+002
      vertex -1.745831e+001 -4.471250e+001  1.079940e+001
      vertex -1.531124e+001 -4.549249e+001  8.888740e+000
    endloop
  endfacet
  facet normal -3.025753e-001 -9.531254e-001  2.998752e-004
    outer loop
      vertex -1.641697e+001 -4.510525e+001  1.240000e+002
      vertex -1.531124e+001 -4.549249e+001  8.888740e+000
      vertex -1.376711e+001 -4.598333e+001  6.817415e+000
    endloop
  endfacet
  facet normal -2.730771e-001 -9.619916e-001  1.033358e-003
    outer loop
      vertex -1.641697e+001 -4.510525e+001  1.240000e+002
      vertex -1.376711e+001 -4.598333e+001  6.817415e+000
      vertex -1.263722e+001 -4.630659e+001  4.465055e+000
    endloop
  endfacet
  facet normal -2.508883e-001 -9.680143e-001  1.795506e-003
    outer loop
      vertex -1.641697e+001 -4.510525e+001  1.240000e+002
      vertex -1.263722e+001 -4.630659e+001  4.465055e+000
      vertex -1.204547e+001 -4.646404e+001  2.269658e+000
    endloop
  endfacet
  facet normal -2.149697e-001 -9.766154e-001  3.181401e-003
    outer loop
      vertex -1.641697e+001 -4.510525e+001  1.240000e+002
      vertex -1.204547e+001 -4.646404e+001  2.269658e+000
      vertex -1.184470e+001 -4.651562e+001  2.664535e-015
    endloop
  endfacet
  facet normal -2.103309e-001 -9.776245e-001  3.363925e-003
    outer loop
      vertex -1.641697e+001 -4.510525e+001  1.240000e+002
      vertex -1.184470e+001 -4.651562e+001  2.664535e-015
      vertex -8.335113e+000 -4.727077e+001 -2.327461e-002
    endloop
  endfacet
  facet normal -2.588187e-001 -9.659259e-001  0.000000e+000
    outer loop
      vertex -1.641697e+001 -4.510525e+001  1.240000e+002
      vertex -8.335113e+000 -4.727077e+001 -2.327461e-002
      vertex -8.335113e+000 -4.727077e+001  1.240000e+002
    endloop
  endfacet
  facet normal -4.940167e-001 -8.694525e-001 -1.888124e-004
    outer loop
      vertex -2.400000e+001 -4.156922e+001  1.240000e+002
      vertex -2.496848e+001 -4.099482e+001  1.295115e+001
      vertex -2.243489e+001 -4.243437e+001  1.287645e+001
    endloop
  endfacet
  facet normal -4.409996e-001 -8.975069e-001  7.763227e-004
    outer loop
      vertex -2.400000e+001 -4.156922e+001  1.240000e+002
      vertex -2.243489e+001 -4.243437e+001  1.287645e+001
      vertex -1.989984e+001 -4.368062e+001  1.215647e+001
    endloop
  endfacet
  facet normal -3.877918e-001 -9.217415e-001  3.184417e-003
    outer loop
      vertex -2.400000e+001 -4.156922e+001  1.240000e+002
      vertex -1.989984e+001 -4.368062e+001  1.215647e+001
      vertex -1.745831e+001 -4.471250e+001  1.079940e+001
    endloop
  endfacet
  facet normal -4.226185e-001 -9.063073e-001  7.432671e-004
    outer loop
      vertex -2.400000e+001 -4.156922e+001  1.240000e+002
      vertex -1.745831e+001 -4.471250e+001  1.079940e+001
      vertex -1.641697e+001 -4.510525e+001  1.240000e+002
    endloop
  endfacet
  facet normal -6.263714e-001 -7.795248e-001 -4.342005e-005
    outer loop
      vertex -3.085381e+001 -3.677013e+001  1.240000e+002
      vertex -3.101556e+001 -3.663380e+001  9.798510e+000
      vertex -2.909866e+001 -3.817418e+001  1.147302e+001
    endloop
  endfacet
  facet normal -5.862361e-001 -8.101397e-001  9.645843e-004
    outer loop
      vertex -3.085381e+001 -3.677013e+001  1.240000e+002
      vertex -2.909866e+001 -3.817418e+001  1.147302e+001
      vertex -2.713143e+001 -3.959653e+001  1.246286e+001
    endloop
  endfacet
  facet normal -5.434003e-001 -8.394678e-001  3.137351e-003
    outer loop
      vertex -3.085381e+001 -3.677013e+001  1.240000e+002
      vertex -2.713143e+001 -3.959653e+001  1.246286e+001
      vertex -2.496848e+001 -4.099482e+001  1.295115e+001
    endloop
  endfacet
  facet normal -5.735760e-001 -8.191519e-001  7.652246e-004
    outer loop
      vertex -3.085381e+001 -3.677013e+001  1.240000e+002
      vertex -2.496848e+001 -4.099482e+001  1.295115e+001
      vertex -2.400000e+001 -4.156922e+001  1.240000e+002
    endloop
  endfacet
  facet normal -7.414722e-001 -6.709836e-001  0.000000e+000
    outer loop
      vertex -3.677013e+001 -3.085381e+001  1.240000e+002
      vertex -3.677013e+001 -3.085381e+001 -2.327461e-002
      vertex -3.436136e+001 -3.351563e+001  1.592041e-015
    endloop
  endfacet
  facet normal -7.175264e-001 -6.965305e-001  1.013559e-003
    outer loop
      vertex -3.677013e+001 -3.085381e+001  1.240000e+002
      vertex -3.436136e+001 -3.351563e+001  1.592041e-015
      vertex -3.402961e+001 -3.385241e+001  3.411806e+000
    endloop
  endfacet
  facet normal -7.056352e-001 -7.085735e-001  1.583271e-003
    outer loop
      vertex -3.677013e+001 -3.085381e+001  1.240000e+002
      vertex -3.402961e+001 -3.385241e+001  3.411806e+000
      vertex -3.342831e+001 -3.444630e+001  5.611282e+000
    endloop
  endfacet
  facet normal -6.901206e-001 -7.236901e-001  2.479917e-003
    outer loop
      vertex -3.677013e+001 -3.085381e+001  1.240000e+002
      vertex -3.342831e+001 -3.444630e+001  5.611282e+000
      vertex -3.253555e+001 -3.529076e+001  7.621880e+000
    endloop
  endfacet
  facet normal -6.655351e-001 -7.463546e-001  4.238586e-003
    outer loop
      vertex -3.677013e+001 -3.085381e+001  1.240000e+002
      vertex -3.253555e+001 -3.529076e+001  7.621880e+000
      vertex -3.101556e+001 -3.663380e+001  9.798510e+000
    endloop
  endfacet
  facet normal -7.071068e-001 -7.071068e-001  1.573895e-004
    outer loop
      vertex -3.677013e+001 -3.085381e+001  1.240000e+002
      vertex -3.101556e+001 -3.663380e+001  9.798510e+000
      vertex -3.085381e+001 -3.677013e+001  1.240000e+002
    endloop
  endfacet
  facet normal -2.103752e-001 -9.776139e-001 -3.655175e-003
    outer loop
      vertex -1.184470e+001 -4.651562e+001  2.664535e-015
      vertex -1.205007e+001 -4.646284e+001 -2.295359e+000
      vertex -8.335113e+000 -4.727077e+001 -2.327461e-002
    endloop
  endfacet
  facet normal -2.125117e-001 -9.771585e-001  -0.000000e+000
    outer loop
      vertex -8.335113e+000 -4.727077e+001 -2.327461e-002
      vertex -1.205007e+001 -4.646284e+001 -2.295359e+000
      vertex -8.335113e+000 -4.727077e+001 -1.240000e+002
    endloop
  endfacet
  facet normal -8.715587e-002 -9.961947e-001  0.000000e+000
    outer loop
      vertex -8.335113e+000 -4.727077e+001 -2.327461e-002
      vertex -8.335113e+000 -4.727077e+001 -1.240000e+002
      vertex -8.817457e-015 -4.800000e+001 -2.327461e-002
    endloop
  endfacet
  facet normal -8.715587e-002 -9.961947e-001  -0.000000e+000
    outer loop
      vertex -8.817457e-015 -4.800000e+001 -2.327461e-002
      vertex -8.335113e+000 -4.727077e+001 -1.240000e+002
      vertex -8.817457e-015 -4.800000e+001 -1.240000e+002
    endloop
  endfacet
  facet normal  8.715587e-002 -9.961947e-001  0.000000e+000
    outer loop
      vertex -8.817457e-015 -4.800000e+001 -2.327461e-002
      vertex -8.817457e-015 -4.800000e+001 -1.240000e+002
      vertex  8.335113e+000 -4.727077e+001 -2.327461e-002
    endloop
  endfacet
  facet normal  8.715587e-002 -9.961947e-001  0.000000e+000
    outer loop
      vertex  8.335113e+000 -4.727077e+001 -2.327461e-002
      vertex -8.817457e-015 -4.800000e+001 -1.240000e+002
      vertex  8.335113e+000 -4.727077e+001 -1.240000e+002
    endloop
  endfacet
  facet normal  2.588187e-001 -9.659259e-001  0.000000e+000
    outer loop
      vertex  8.335113e+000 -4.727077e+001 -2.327461e-002
      vertex  8.335113e+000 -4.727077e+001 -1.240000e+002
      vertex  1.641697e+001 -4.510525e+001 -2.327461e-002
    endloop
  endfacet
  facet normal  2.588187e-001 -9.659259e-001  0.000000e+000
    outer loop
      vertex  1.641697e+001 -4.510525e+001 -2.327461e-002
      vertex  8.335113e+000 -4.727077e+001 -1.240000e+002
      vertex  1.641697e+001 -4.510525e+001 -1.240000e+002
    endloop
  endfacet
  facet normal  4.226186e-001 -9.063076e-001  0.000000e+000
    outer loop
      vertex  1.641697e+001 -4.510525e+001 -2.327461e-002
      vertex  1.641697e+001 -4.510525e+001 -1.240000e+002
      vertex  2.400000e+001 -4.156922e+001 -2.327461e-002
    endloop
  endfacet
  facet normal  4.226186e-001 -9.063076e-001  0.000000e+000
    outer loop
      vertex  2.400000e+001 -4.156922e+001 -2.327461e-002
      vertex  1.641697e+001 -4.510525e+001 -1.240000e+002
      vertex  2.400000e+001 -4.156922e+001 -1.240000e+002
    endloop
  endfacet
  facet normal  5.735763e-001 -8.191522e-001  0.000000e+000
    outer loop
      vertex  2.400000e+001 -4.156922e+001 -2.327461e-002
      vertex  2.400000e+001 -4.156922e+001 -1.240000e+002
      vertex  3.085381e+001 -3.677013e+001 -2.327461e-002
    endloop
  endfacet
  facet normal  5.735763e-001 -8.191522e-001  0.000000e+000
    outer loop
      vertex  3.085381e+001 -3.677013e+001 -2.327461e-002
      vertex  2.400000e+001 -4.156922e+001 -1.240000e+002
      vertex  3.085381e+001 -3.677013e+001 -1.240000e+002
    endloop
  endfacet
  facet normal  7.071068e-001 -7.071068e-001  0.000000e+000
    outer loop
      vertex  3.085381e+001 -3.677013e+001 -2.327461e-002
      vertex  3.085381e+001 -3.677013e+001 -1.240000e+002
      vertex  3.677013e+001 -3.085381e+001 -2.327461e-002
    endloop
  endfacet
  facet normal  7.071068e-001 -7.071068e-001  0.000000e+000
    outer loop
      vertex  3.677013e+001 -3.085381e+001 -2.327461e-002
      vertex  3.085381e+001 -3.677013e+001 -1.240000e+002
      vertex  3.677013e+001 -3.085381e+001 -1.240000e+002
    endloop
  endfacet
  facet normal  8.191522e-001 -5.735763e-001  0.000000e+000
    outer loop
      vertex  3.677013e+001 -3.085381e+001 -2.327461e-002
      vertex  3.677013e+001 -3.085381e+001 -1.240000e+002
      vertex  4.156922e+001 -2.400000e+001 -2.327461e-002
    endloop
  endfacet
  facet normal  8.191522e-001 -5.735763e-001  0.000000e+000
    outer loop
      vertex  4.156922e+001 -2.400000e+001 -2.327461e-002
      vertex  3.677013e+001 -3.085381e+001 -1.240000e+002
      vertex  4.156922e+001 -2.400000e+001 -1.240000e+002
    endloop
  endfacet
  facet normal  9.063076e-001 -4.226186e-001  0.000000e+000
    outer loop
      vertex  4.156922e+001 -2.400000e+001 -2.327461e-002
      vertex  4.156922e+001 -2.400000e+001 -1.240000e+002
      vertex  4.510525e+001 -1.641697e+001 -2.327461e-002
    endloop
  endfacet
  facet normal  9.063076e-001 -4.226186e-001  0.000000e+000
    outer loop
      vertex  4.510525e+001 -1.641697e+001 -2.327461e-002
      vertex  4.156922e+001 -2.400000e+001 -1.240000e+002
      vertex  4.510525e+001 -1.641697e+001 -1.240000e+002
    endloop
  endfacet
  facet normal -7.167990e-001 -6.972791e-001 -1.043758e-003
    outer loop
      vertex -3.397937e+001 -3.390284e+001 -3.655121e+000
      vertex -3.436136e+001 -3.351563e+001  1.592041e-015
      vertex -3.677013e+001 -3.085381e+001 -1.240000e+002
    endloop
  endfacet
  facet normal -7.414722e-001 -6.709836e-001  0.000000e+000
    outer loop
      vertex -3.677013e+001 -3.085381e+001 -1.240000e+002
      vertex -3.436136e+001 -3.351563e+001  1.592041e-015
      vertex -3.677013e+001 -3.085381e+001 -2.327461e-002
    endloop
  endfacet
  facet normal -8.191522e-001 -5.735763e-001  -0.000000e+000
    outer loop
      vertex -3.677013e+001 -3.085381e+001 -1.240000e+002
      vertex -3.677013e+001 -3.085381e+001 -2.327461e-002
      vertex -4.156922e+001 -2.400000e+001 -1.240000e+002
    endloop
  endfacet
  facet normal -8.191522e-001 -5.735763e-001  0.000000e+000
    outer loop
      vertex -4.156922e+001 -2.400000e+001 -1.240000e+002
      vertex -3.677013e+001 -3.085381e+001 -2.327461e-002
      vertex -4.156922e+001 -2.400000e+001 -2.327461e-002
    endloop
  endfacet
  facet normal -9.063076e-001 -4.226186e-001  -0.000000e+000
    outer loop
      vertex -4.156922e+001 -2.400000e+001 -1.240000e+002
      vertex -4.156922e+001 -2.400000e+001 -2.327461e-002
      vertex -4.510525e+001 -1.641697e+001 -1.240000e+002
    endloop
  endfacet
  facet normal -9.063076e-001 -4.226186e-001  0.000000e+000
    outer loop
      vertex -4.510525e+001 -1.641697e+001 -1.240000e+002
      vertex -4.156922e+001 -2.400000e+001 -2.327461e-002
      vertex -4.510525e+001 -1.641697e+001 -2.327461e-002
    endloop
  endfacet
  facet normal -9.659259e-001 -2.588187e-001  -0.000000e+000
    outer loop
      vertex -4.510525e+001 -1.641697e+001 -1.240000e+002
      vertex -4.510525e+001 -1.641697e+001 -2.327461e-002
      vertex -4.727077e+001 -8.335113e+000 -1.240000e+002
    endloop
  endfacet
  facet normal -9.659259e-001 -2.588187e-001  0.000000e+000
    outer loop
      vertex -4.727077e+001 -8.335113e+000 -1.240000e+002
      vertex -4.510525e+001 -1.641697e+001 -2.327461e-002
      vertex -4.727077e+001 -8.335113e+000 -2.327461e-002
    endloop
  endfacet
  facet normal -9.961947e-001 -8.715587e-002  -0.000000e+000
    outer loop
      vertex -4.727077e+001 -8.335113e+000 -1.240000e+002
      vertex -4.727077e+001 -8.335113e+000 -2.327461e-002
      vertex -4.800000e+001  5.878304e-015 -1.240000e+002
    endloop
  endfacet
  facet normal -9.961947e-001 -8.715588e-002  0.000000e+000
    outer loop
      vertex -4.800000e+001  5.878304e-015 -1.240000e+002
      vertex -4.727077e+001 -8.335113e+000 -2.327461e-002
      vertex -4.800000e+001  5.878304e-015  1.240000e+002
    endloop
  endfacet
  facet normal  9.961947e-001 -8.715587e-002  0.000000e+000
    outer loop
      vertex  4.800000e+001  0.000000e+000 -1.240000e+002
      vertex  4.800000e+001  0.000000e+000 -1.300000e+001
      vertex  4.727077e+001 -8.335113e+000 -1.240000e+002
    endloop
  endfacet
  facet normal  9.996884e-001 -2.450839e-002 -4.727222e-003
    outer loop
      vertex  4.727077e+001 -8.335113e+000 -1.240000e+002
      vertex  4.800000e+001  0.000000e+000 -1.300000e+001
      vertex  4.794431e+001 -2.311563e+000 -1.279284e+001
    endloop
  endfacet
  facet normal  9.974003e-001 -7.202693e-002 -2.139516e-003
    outer loop
      vertex  4.727077e+001 -8.335113e+000 -1.240000e+002
      vertex  4.794431e+001 -2.311563e+000 -1.279284e+001
      vertex  4.778434e+001 -4.544971e+000 -1.217962e+001
    endloop
  endfacet
  facet normal -6.834298e-001 -7.300104e-001 -2.899778e-003
    outer loop
      vertex -3.327155e+001 -3.459775e+001 -6.033391e+000
      vertex -3.677013e+001 -3.085381e+001 -1.240000e+002
      vertex -3.203493e+001 -3.574581e+001 -8.460485e+000
    endloop
  endfacet
  facet normal -7.071064e-001 -7.071064e-001 -9.596649e-004
    outer loop
      vertex -3.203493e+001 -3.574581e+001 -8.460485e+000
      vertex -3.677013e+001 -3.085381e+001 -1.240000e+002
      vertex -3.085381e+001 -3.677013e+001 -1.240000e+002
    endloop
  endfacet
  facet normal -6.502382e-001 -7.597305e-001  8.822542e-005
    outer loop
      vertex -3.203493e+001 -3.574581e+001 -8.460485e+000
      vertex -3.085381e+001 -3.677013e+001 -1.240000e+002
      vertex -3.037768e+001 -3.716445e+001 -1.045537e+001
    endloop
  endfacet
  facet normal  9.063075e-001 -4.226186e-001  0.000000e+000
    outer loop
      vertex  4.510525e+001 -1.641697e+001 -2.327461e-002
      vertex  4.510525e+001 -1.641697e+001  1.240000e+002
      vertex  4.156922e+001 -2.400000e+001 -2.327461e-002
    endloop
  endfacet
  facet normal  9.063075e-001 -4.226186e-001  0.000000e+000
    outer loop
      vertex  4.156922e+001 -2.400000e+001 -2.327461e-002
      vertex  4.510525e+001 -1.641697e+001  1.240000e+002
      vertex  4.156922e+001 -2.400000e+001  1.240000e+002
    endloop
  endfacet
  facet normal  8.191521e-001 -5.735762e-001  0.000000e+000
    outer loop
      vertex  4.156922e+001 -2.400000e+001 -2.327461e-002
      vertex  4.156922e+001 -2.400000e+001  1.240000e+002
      vertex  3.677013e+001 -3.085381e+001 -2.327461e-002
    endloop
  endfacet
  facet normal  8.191521e-001 -5.735762e-001  0.000000e+000
    outer loop
      vertex  3.677013e+001 -3.085381e+001 -2.327461e-002
      vertex  4.156922e+001 -2.400000e+001  1.240000e+002
      vertex  3.677013e+001 -3.085381e+001  1.240000e+002
    endloop
  endfacet
  facet normal  7.071068e-001 -7.071068e-001  0.000000e+000
    outer loop
      vertex  3.677013e+001 -3.085381e+001 -2.327461e-002
      vertex  3.677013e+001 -3.085381e+001  1.240000e+002
      vertex  3.085381e+001 -3.677013e+001 -2.327461e-002
    endloop
  endfacet
  facet normal  7.071068e-001 -7.071068e-001  0.000000e+000
    outer loop
      vertex  3.085381e+001 -3.677013e+001 -2.327461e-002
      vertex  3.677013e+001 -3.085381e+001  1.240000e+002
      vertex  3.085381e+001 -3.677013e+001  1.240000e+002
    endloop
  endfacet
  facet normal  5.735762e-001 -8.191521e-001  0.000000e+000
    outer loop
      vertex  3.085381e+001 -3.677013e+001 -2.327461e-002
      vertex  3.085381e+001 -3.677013e+001  1.240000e+002
      vertex  2.400000e+001 -4.156922e+001 -2.327461e-002
    endloop
  endfacet
  facet normal  5.735762e-001 -8.191521e-001  0.000000e+000
    outer loop
      vertex  2.400000e+001 -4.156922e+001 -2.327461e-002
      vertex  3.085381e+001 -3.677013e+001  1.240000e+002
      vertex  2.400000e+001 -4.156922e+001  1.240000e+002
    endloop
  endfacet
  facet normal  4.226186e-001 -9.063075e-001  0.000000e+000
    outer loop
      vertex  2.400000e+001 -4.156922e+001 -2.327461e-002
      vertex  2.400000e+001 -4.156922e+001  1.240000e+002
      vertex  1.641697e+001 -4.510525e+001 -2.327461e-002
    endloop
  endfacet
  facet normal  4.226186e-001 -9.063075e-001  0.000000e+000
    outer loop
      vertex  1.641697e+001 -4.510525e+001 -2.327461e-002
      vertex  2.400000e+001 -4.156922e+001  1.240000e+002
      vertex  1.641697e+001 -4.510525e+001  1.240000e+002
    endloop
  endfacet
  facet normal  2.588187e-001 -9.659259e-001  0.000000e+000
    outer loop
      vertex  1.641697e+001 -4.510525e+001 -2.327461e-002
      vertex  1.641697e+001 -4.510525e+001  1.240000e+002
      vertex  8.335113e+000 -4.727077e+001 -2.327461e-002
    endloop
  endfacet
  facet normal  2.588187e-001 -9.659259e-001  0.000000e+000
    outer loop
      vertex  8.335113e+000 -4.727077e+001 -2.327461e-002
      vertex  1.641697e+001 -4.510525e+001  1.240000e+002
      vertex  8.335113e+000 -4.727077e+001  1.240000e+002
    endloop
  endfacet
  facet normal  8.715589e-002 -9.961947e-001  0.000000e+000
    outer loop
      vertex  8.335113e+000 -4.727077e+001 -2.327461e-002
      vertex  8.335113e+000 -4.727077e+001  1.240000e+002
      vertex -8.817457e-015 -4.800000e+001 -2.327461e-002
    endloop
  endfacet
  facet normal  8.715589e-002 -9.961947e-001  0.000000e+000
    outer loop
      vertex -8.817457e-015 -4.800000e+001 -2.327461e-002
      vertex  8.335113e+000 -4.727077e+001  1.240000e+002
      vertex -8.817457e-015 -4.800000e+001  1.240000e+002
    endloop
  endfacet
  facet normal -8.715589e-002 -9.961947e-001  -0.000000e+000
    outer loop
      vertex -8.817457e-015 -4.800000e+001 -2.327461e-002
      vertex -8.817457e-015 -4.800000e+001  1.240000e+002
      vertex -8.335113e+000 -4.727077e+001 -2.327461e-002
    endloop
  endfacet
  facet normal -8.715589e-002 -9.961947e-001  0.000000e+000
    outer loop
      vertex -8.335113e+000 -4.727077e+001 -2.327461e-002
      vertex -8.817457e-015 -4.800000e+001  1.240000e+002
      vertex -8.335113e+000 -4.727077e+001  1.240000e+002
    endloop
  endfacet
  facet normal -8.191521e-001 -5.735762e-001  -0.000000e+000
    outer loop
      vertex -3.677013e+001 -3.085381e+001 -2.327461e-002
      vertex -3.677013e+001 -3.085381e+001  1.240000e+002
      vertex -4.156922e+001 -2.400000e+001 -2.327461e-002
    endloop
  endfacet
  facet normal -8.191521e-001 -5.735762e-001  0.000000e+000
    outer loop
      vertex -4.156922e+001 -2.400000e+001 -2.327461e-002
      vertex -3.677013e+001 -3.085381e+001  1.240000e+002
      vertex -4.156922e+001 -2.400000e+001  1.240000e+002
    endloop
  endfacet
  facet normal -9.063075e-001 -4.226186e-001  -0.000000e+000
    outer loop
      vertex -4.156922e+001 -2.400000e+001 -2.327461e-002
      vertex -4.156922e+001 -2.400000e+001  1.240000e+002
      vertex -4.510525e+001 -1.641697e+001 -2.327461e-002
    endloop
  endfacet
  facet normal -9.063075e-001 -4.226186e-001  0.000000e+000
    outer loop
      vertex -4.510525e+001 -1.641697e+001 -2.327461e-002
      vertex -4.156922e+001 -2.400000e+001  1.240000e+002
      vertex -4.510525e+001 -1.641697e+001  1.240000e+002
    endloop
  endfacet
  facet normal -9.659259e-001 -2.588187e-001  -0.000000e+000
    outer loop
      vertex -4.510525e+001 -1.641697e+001 -2.327461e-002
      vertex -4.510525e+001 -1.641697e+001  1.240000e+002
      vertex -4.727077e+001 -8.335113e+000 -2.327461e-002
    endloop
  endfacet
  facet normal -9.659259e-001 -2.588187e-001  0.000000e+000
    outer loop
      vertex -4.727077e+001 -8.335113e+000 -2.327461e-002
      vertex -4.510525e+001 -1.641697e+001  1.240000e+002
      vertex -4.727077e+001 -8.335113e+000  1.240000e+002
    endloop
  endfacet
  facet normal -9.961947e-001 -8.715589e-002  -0.000000e+000
    outer loop
      vertex -4.727077e+001 -8.335113e+000 -2.327461e-002
      vertex -4.727077e+001 -8.335113e+000  1.240000e+002
      vertex -4.800000e+001  5.878304e-015  1.240000e+002
    endloop
  endfacet
  facet normal -5.591176e-001  3.171398e-001  7.660351e-001
    outer loop
      vertex -5.212438e+001 -7.036492e+001  8.356239e+000
      vertex -4.912917e+001 -7.209421e+001  1.125833e+001
      vertex -3.101556e+001 -3.663380e+001  9.798510e+000
    endloop
  endfacet
  facet normal  2.148470e-001 -1.227257e-001  9.689062e-001
    outer loop
      vertex -1.989984e+001 -4.368062e+001  1.215647e+001
      vertex -2.243489e+001 -4.243437e+001  1.287645e+001
      vertex -4.154501e+001 -7.647292e+001  1.280250e+001
    endloop
  endfacet
  facet normal  2.936912e-001 -1.753440e-001  9.396808e-001
    outer loop
      vertex -4.154501e+001 -7.647292e+001  1.280250e+001
      vertex -3.787083e+001 -7.859421e+001  1.125833e+001
      vertex -1.989984e+001 -4.368062e+001  1.215647e+001
    endloop
  endfacet
  facet normal  8.626937e-001 -4.980764e-001  8.763238e-002
    outer loop
      vertex -1.184470e+001 -4.651562e+001  2.664535e-015
      vertex -1.204547e+001 -4.646404e+001  2.269658e+000
      vertex -3.224167e+001 -8.184421e+001  2.664535e-015
    endloop
  endfacet
  facet normal -8.584026e-001  4.955990e-001  1.323886e-001
    outer loop
      vertex -3.436136e+001 -3.351563e+001  1.592041e-015
      vertex -5.475833e+001 -6.884421e+001 -9.954279e-015
      vertex -3.402961e+001 -3.385241e+001  3.411806e+000
    endloop
  endfacet
  facet normal -8.546296e-001  4.893411e-001  1.736478e-001
    outer loop
      vertex -3.402961e+001 -3.385241e+001  3.411806e+000
      vertex -5.475833e+001 -6.884421e+001 -9.954279e-015
      vertex -5.407937e+001 -6.923621e+001  4.446262e+000
    endloop
  endfacet
  facet normal -8.110580e-001  4.697659e-001  3.485755e-001
    outer loop
      vertex -3.402961e+001 -3.385241e+001  3.411806e+000
      vertex -5.407937e+001 -6.923621e+001  4.446262e+000
      vertex -3.342831e+001 -3.444630e+001  5.611282e+000
    endloop
  endfacet
  facet normal -7.467746e-001  4.261824e-001  5.105842e-001
    outer loop
      vertex -3.342831e+001 -3.444630e+001  5.611282e+000
      vertex -5.407937e+001 -6.923621e+001  4.446262e+000
      vertex -3.253555e+001 -3.529076e+001  7.621880e+000
    endloop
  endfacet
  facet normal -7.515988e-001  4.302346e-001  4.999974e-001
    outer loop
      vertex -3.253555e+001 -3.529076e+001  7.621880e+000
      vertex -5.407937e+001 -6.923621e+001  4.446262e+000
      vertex -5.212438e+001 -7.036492e+001  8.356239e+000
    endloop
  endfacet
  facet normal -6.384232e-001  3.706809e-001  6.745453e-001
    outer loop
      vertex -3.253555e+001 -3.529076e+001  7.621880e+000
      vertex -5.212438e+001 -7.036492e+001  8.356239e+000
      vertex -3.101556e+001 -3.663380e+001  9.798510e+000
    endloop
  endfacet
  facet normal -2.984130e-001  1.671668e-001  9.396834e-001
    outer loop
      vertex -4.545499e+001 -7.421550e+001  1.280250e+001
      vertex -2.713143e+001 -3.959653e+001  1.246286e+001
      vertex -4.912917e+001 -7.209421e+001  1.125833e+001
    endloop
  endfacet
  facet normal -3.292187e-001  1.885547e-001  9.252363e-001
    outer loop
      vertex -4.912917e+001 -7.209421e+001  1.125833e+001
      vertex -2.713143e+001 -3.959653e+001  1.246286e+001
      vertex -2.909866e+001 -3.817418e+001  1.147302e+001
    endloop
  endfacet
  facet normal -4.907238e-001  2.845706e-001  8.235349e-001
    outer loop
      vertex -4.912917e+001 -7.209421e+001  1.125833e+001
      vertex -2.909866e+001 -3.817418e+001  1.147302e+001
      vertex -3.101556e+001 -3.663380e+001  9.798510e+000
    endloop
  endfacet
  facet normal -9.472613e-004 -1.640710e-003  9.999982e-001
    outer loop
      vertex -4.154501e+001 -7.647292e+001  1.280250e+001
      vertex -2.243489e+001 -4.243437e+001  1.287645e+001
      vertex -4.545499e+001 -7.421550e+001  1.280250e+001
    endloop
  endfacet
  facet normal  1.994359e-002 -1.677185e-002  9.996604e-001
    outer loop
      vertex -4.545499e+001 -7.421550e+001  1.280250e+001
      vertex -2.243489e+001 -4.243437e+001  1.287645e+001
      vertex -2.496848e+001 -4.099482e+001  1.295115e+001
    endloop
  endfacet
  facet normal -1.606066e-001  9.464663e-002  9.824701e-001
    outer loop
      vertex -4.545499e+001 -7.421550e+001  1.280250e+001
      vertex -2.496848e+001 -4.099482e+001  1.295115e+001
      vertex -2.713143e+001 -3.959653e+001  1.246286e+001
    endloop
  endfacet
  facet normal  5.553620e-001 -3.236550e-001  7.660421e-001
    outer loop
      vertex -3.487562e+001 -8.032350e+001  8.356239e+000
      vertex -1.531124e+001 -4.549249e+001  8.888740e+000
      vertex -3.787083e+001 -7.859421e+001  1.125833e+001
    endloop
  endfacet
  facet normal  5.593221e-001 -3.266519e-001  7.618776e-001
    outer loop
      vertex -3.787083e+001 -7.859421e+001  1.125833e+001
      vertex -1.531124e+001 -4.549249e+001  8.888740e+000
      vertex -1.745831e+001 -4.471250e+001  1.079940e+001
    endloop
  endfacet
  facet normal  3.978074e-001 -2.276262e-001  8.887832e-001
    outer loop
      vertex -3.787083e+001 -7.859421e+001  1.125833e+001
      vertex -1.745831e+001 -4.471250e+001  1.079940e+001
      vertex -1.989984e+001 -4.368062e+001  1.215647e+001
    endloop
  endfacet
  facet normal  8.504346e-001 -4.965964e-001  1.736464e-001
    outer loop
      vertex -3.224167e+001 -8.184421e+001  2.664535e-015
      vertex -1.204547e+001 -4.646404e+001  2.269658e+000
      vertex -3.292063e+001 -8.145221e+001  4.446262e+000
    endloop
  endfacet
  facet normal  8.362570e-001 -4.827640e-001  2.600253e-001
    outer loop
      vertex -3.292063e+001 -8.145221e+001  4.446262e+000
      vertex -1.204547e+001 -4.646404e+001  2.269658e+000
      vertex -1.263722e+001 -4.630659e+001  4.465055e+000
    endloop
  endfacet
  facet normal  7.499579e-001 -4.330868e-001  4.999990e-001
    outer loop
      vertex -3.292063e+001 -8.145221e+001  4.446262e+000
      vertex -1.263722e+001 -4.630659e+001  4.465055e+000
      vertex -3.487562e+001 -8.032350e+001  8.356239e+000
    endloop
  endfacet
  facet normal  7.755316e-001 -4.572025e-001  4.353348e-001
    outer loop
      vertex -3.487562e+001 -8.032350e+001  8.356239e+000
      vertex -1.263722e+001 -4.630659e+001  4.465055e+000
      vertex -1.376711e+001 -4.598333e+001  6.817415e+000
    endloop
  endfacet
  facet normal  6.886959e-001 -3.961207e-001  6.072779e-001
    outer loop
      vertex -3.487562e+001 -8.032350e+001  8.356239e+000
      vertex -1.376711e+001 -4.598333e+001  6.817415e+000
      vertex -1.531124e+001 -4.549249e+001  8.888740e+000
    endloop
  endfacet
  facet normal -2.502464e-003 -4.334404e-003 -9.999875e-001
    outer loop
      vertex -4.154501e+001 -7.647292e+001 -1.280250e+001
      vertex -4.545499e+001 -7.421550e+001 -1.280250e+001
      vertex -2.378792e+001 -4.169094e+001 -1.299770e+001
    endloop
  endfacet
  facet normal -7.166814e-001  4.142002e-001 -5.610756e-001
    outer loop
      vertex -3.327155e+001 -3.459775e+001 -6.033391e+000
      vertex -3.203493e+001 -3.574581e+001 -8.460485e+000
      vertex -5.212438e+001 -7.036492e+001 -8.356239e+000
    endloop
  endfacet
  facet normal -7.523012e-001  4.290086e-001 -4.999946e-001
    outer loop
      vertex -5.212438e+001 -7.036492e+001 -8.356239e+000
      vertex -5.407937e+001 -6.923621e+001 -4.446262e+000
      vertex -3.327155e+001 -3.459775e+001 -6.033391e+000
    endloop
  endfacet
  facet normal  8.626171e-001 -4.980322e-001 -8.863166e-002
    outer loop
      vertex -1.184470e+001 -4.651562e+001  2.664535e-015
      vertex -3.224167e+001 -8.184421e+001  2.664535e-015
      vertex -1.205007e+001 -4.646284e+001 -2.295359e+000
    endloop
  endfacet
  facet normal  8.504351e-001 -4.965954e-001 -1.736465e-001
    outer loop
      vertex -1.205007e+001 -4.646284e+001 -2.295359e+000
      vertex -3.224167e+001 -8.184421e+001  2.664535e-015
      vertex -3.292063e+001 -8.145221e+001 -4.446262e+000
    endloop
  endfacet
  facet normal  8.353723e-001 -4.820462e-001 -2.641676e-001
    outer loop
      vertex -1.205007e+001 -4.646284e+001 -2.295359e+000
      vertex -3.292063e+001 -8.145221e+001 -4.446262e+000
      vertex -1.266663e+001 -4.629856e+001 -4.544878e+000
    endloop
  endfacet
  facet normal  7.809435e-001 -4.511573e-001 -4.319540e-001
    outer loop
      vertex -1.266663e+001 -4.629856e+001 -4.544878e+000
      vertex -3.292063e+001 -8.145221e+001 -4.446262e+000
      vertex -1.366229e+001 -4.601458e+001 -6.641575e+000
    endloop
  endfacet
  facet normal  7.475553e-001 -4.372277e-001 -4.999931e-001
    outer loop
      vertex -1.366229e+001 -4.601458e+001 -6.641575e+000
      vertex -3.292063e+001 -8.145221e+001 -4.446262e+000
      vertex -3.487562e+001 -8.032350e+001 -8.356239e+000
    endloop
  endfacet
  facet normal  6.957653e-001 -4.003916e-001 -5.963197e-001
    outer loop
      vertex -1.366229e+001 -4.601458e+001 -6.641575e+000
      vertex -3.487562e+001 -8.032350e+001 -8.356239e+000
      vertex -1.521219e+001 -4.552570e+001 -8.778196e+000
    endloop
  endfacet
  facet normal  5.748792e-001 -3.339090e-001 -7.470064e-001
    outer loop
      vertex -1.521219e+001 -4.552570e+001 -8.778196e+000
      vertex -3.487562e+001 -8.032350e+001 -8.356239e+000
      vertex -1.711429e+001 -4.484530e+001 -1.054614e+001
    endloop
  endfacet
  facet normal  5.546165e-001 -3.249396e-001 -7.660384e-001
    outer loop
      vertex -1.711429e+001 -4.484530e+001 -1.054614e+001
      vertex -3.487562e+001 -8.032350e+001 -8.356239e+000
      vertex -3.787083e+001 -7.859421e+001 -1.125833e+001
    endloop
  endfacet
  facet normal  4.336597e-001 -2.484351e-001 -8.661520e-001
    outer loop
      vertex -1.711429e+001 -4.484530e+001 -1.054614e+001
      vertex -3.787083e+001 -7.859421e+001 -1.125833e+001
      vertex -1.923452e+001 -4.397765e+001 -1.185655e+001
    endloop
  endfacet
  facet normal  2.712355e-001 -1.624185e-001 -9.487104e-001
    outer loop
      vertex -1.923452e+001 -4.397765e+001 -1.185655e+001
      vertex -3.787083e+001 -7.859421e+001 -1.125833e+001
      vertex -2.150256e+001 -4.291433e+001 -1.268702e+001
    endloop
  endfacet
  facet normal  2.950568e-001 -1.729854e-001 -9.396901e-001
    outer loop
      vertex -2.150256e+001 -4.291433e+001 -1.268702e+001
      vertex -3.787083e+001 -7.859421e+001 -1.125833e+001
      vertex -4.154501e+001 -7.647292e+001 -1.280250e+001
    endloop
  endfacet
  facet normal  1.036634e-001 -5.849497e-002 -9.928908e-001
    outer loop
      vertex -2.150256e+001 -4.291433e+001 -1.268702e+001
      vertex -4.154501e+001 -7.647292e+001 -1.280250e+001
      vertex -2.378792e+001 -4.169094e+001 -1.299770e+001
    endloop
  endfacet
  facet normal -2.984041e-001  1.671823e-001 -9.396835e-001
    outer loop
      vertex -4.912917e+001 -7.209421e+001 -1.125833e+001
      vertex -2.834532e+001 -3.873684e+001 -1.192369e+001
      vertex -4.545499e+001 -7.421550e+001 -1.280250e+001
    endloop
  endfacet
  facet normal -2.528259e-001  1.456184e-001 -9.564906e-001
    outer loop
      vertex -4.545499e+001 -7.421550e+001 -1.280250e+001
      vertex -2.834532e+001 -3.873684e+001 -1.192369e+001
      vertex -2.601217e+001 -4.034064e+001 -1.278457e+001
    endloop
  endfacet
  facet normal -7.058679e-002  4.104169e-002 -9.966609e-001
    outer loop
      vertex -4.545499e+001 -7.421550e+001 -1.280250e+001
      vertex -2.601217e+001 -4.034064e+001 -1.278457e+001
      vertex -2.378792e+001 -4.169094e+001 -1.299770e+001
    endloop
  endfacet
  facet normal -5.569580e-001  3.208956e-001 -7.660443e-001
    outer loop
      vertex -5.212438e+001 -7.036492e+001 -8.356239e+000
      vertex -3.203493e+001 -3.574581e+001 -8.460485e+000
      vertex -4.912917e+001 -7.209421e+001 -1.125833e+001
    endloop
  endfacet
  facet normal -5.935078e-001  3.354330e-001 -7.315962e-001
    outer loop
      vertex -4.912917e+001 -7.209421e+001 -1.125833e+001
      vertex -3.203493e+001 -3.574581e+001 -8.460485e+000
      vertex -3.037768e+001 -3.716445e+001 -1.045537e+001
    endloop
  endfacet
  facet normal -4.313765e-001  2.514945e-001 -8.664092e-001
    outer loop
      vertex -4.912917e+001 -7.209421e+001 -1.125833e+001
      vertex -3.037768e+001 -3.716445e+001 -1.045537e+001
      vertex -2.834532e+001 -3.873684e+001 -1.192369e+001
    endloop
  endfacet
  facet normal -8.528684e-001  4.924039e-001 -1.736486e-001
    outer loop
      vertex -5.475833e+001 -6.884421e+001 -9.954279e-015
      vertex -3.436136e+001 -3.351563e+001  1.592041e-015
      vertex -5.407937e+001 -6.923621e+001 -4.446262e+000
    endloop
  endfacet
  facet normal -8.590385e-001  4.918558e-001 -1.418831e-001
    outer loop
      vertex -5.407937e+001 -6.923621e+001 -4.446262e+000
      vertex -3.436136e+001 -3.351563e+001  1.592041e-015
      vertex -3.397937e+001 -3.390284e+001 -3.655121e+000
    endloop
  endfacet
  facet normal -8.022873e-001  4.647823e-001 -3.745831e-001
    outer loop
      vertex -5.407937e+001 -6.923621e+001 -4.446262e+000
      vertex -3.397937e+001 -3.390284e+001 -3.655121e+000
      vertex -3.327155e+001 -3.459775e+001 -6.033391e+000
    endloop
  endfacet
  facet normal -5.866253e-001  8.098556e-001 -2.146249e-003
    outer loop
      vertex -2.400000e+001  4.156922e+001 -1.240000e+002
      vertex -2.909866e+001  3.817418e+001 -1.147302e+001
      vertex -2.713143e+001  3.959653e+001 -1.246286e+001
    endloop
  endfacet
  facet normal -5.429659e-001  8.397546e-001 -3.916993e-004
    outer loop
      vertex -2.400000e+001  4.156922e+001 -1.240000e+002
      vertex -2.713143e+001  3.959653e+001 -1.246286e+001
      vertex -2.496848e+001  4.099482e+001 -1.295115e+001
    endloop
  endfacet
  facet normal -3.891151e-001  9.211891e-001 -3.834350e-004
    outer loop
      vertex -1.641697e+001  4.510525e+001 -1.240000e+002
      vertex -1.989984e+001  4.368062e+001 -1.215647e+001
      vertex -1.745831e+001  4.471250e+001 -1.079940e+001
    endloop
  endfacet
  facet normal -3.415403e-001  9.398671e-001  1.190139e-004
    outer loop
      vertex -1.641697e+001  4.510525e+001 -1.240000e+002
      vertex -1.745831e+001  4.471250e+001 -1.079940e+001
      vertex -1.531124e+001  4.549249e+001 -8.888740e+000
    endloop
  endfacet
  facet normal -6.502382e-001  7.597304e-001 -8.822529e-005
    outer loop
      vertex -3.085381e+001  3.677013e+001  1.240000e+002
      vertex -3.037768e+001  3.716445e+001  1.045537e+001
      vertex -3.203493e+001  3.574581e+001  8.460485e+000
    endloop
  endfacet
  facet normal -6.808742e-001  7.324002e-001  4.672561e-004
    outer loop
      vertex -3.085381e+001  3.677013e+001  1.240000e+002
      vertex -3.203493e+001  3.574581e+001  8.460485e+000
      vertex -3.327155e+001  3.459775e+001  6.033391e+000
    endloop
  endfacet
  facet normal -7.027918e-001  7.113945e-001  1.303286e-003
    outer loop
      vertex -3.085381e+001  3.677013e+001  1.240000e+002
      vertex -3.327155e+001  3.459775e+001  6.033391e+000
      vertex -3.397937e+001  3.390284e+001  3.655121e+000
    endloop
  endfacet
  facet normal -7.226609e-001  6.911989e-001  2.300494e-003
    outer loop
      vertex -3.085381e+001  3.677013e+001  1.240000e+002
      vertex -3.397937e+001  3.390284e+001  3.655121e+000
      vertex -3.436136e+001  3.351563e+001  4.181119e-015
    endloop
  endfacet
  facet normal -7.414534e-001  6.709960e-001  3.362320e-003
    outer loop
      vertex -3.085381e+001  3.677013e+001  1.240000e+002
      vertex -3.436136e+001  3.351563e+001  4.181119e-015
      vertex -3.677013e+001  3.085381e+001  2.327461e-002
    endloop
  endfacet
  facet normal -7.071068e-001  7.071068e-001  0.000000e+000
    outer loop
      vertex -3.085381e+001  3.677013e+001  1.240000e+002
      vertex -3.677013e+001  3.085381e+001  2.327461e-002
      vertex -3.677013e+001  3.085381e+001  1.240000e+002
    endloop
  endfacet
  facet normal  9.847189e-001  1.741515e-001 -1.189965e-004
    outer loop
      vertex  4.727077e+001  8.335113e+000  1.240000e+002
      vertex  4.745131e+001  7.236910e+000  1.079940e+001
      vertex  4.705326e+001  9.486322e+000  8.888740e+000
    endloop
  endfacet
  facet normal  9.767189e-001  2.145226e-001  2.998654e-004
    outer loop
      vertex  4.727077e+001  8.335113e+000  1.240000e+002
      vertex  4.705326e+001  9.486322e+000  8.888740e+000
      vertex  4.670629e+001  1.106900e+001  6.817415e+000
    endloop
  endfacet
  facet normal  9.696472e-001  2.445063e-001  1.033456e-003
    outer loop
      vertex  4.727077e+001  8.335113e+000  1.240000e+002
      vertex  4.670629e+001  1.106900e+001  6.817415e+000
      vertex  4.642130e+001  1.220915e+001  4.465055e+000
    endloop
  endfacet
  facet normal  9.637692e-001  2.667317e-001  1.795535e-003
    outer loop
      vertex  4.727077e+001  8.335113e+000  1.240000e+002
      vertex  4.642130e+001  1.220915e+001  4.465055e+000
      vertex  4.626177e+001  1.280034e+001  2.269658e+000
    endloop
  endfacet
  facet normal  9.532570e-001  3.021439e-001  3.181637e-003
    outer loop
      vertex  4.727077e+001  8.335113e+000  1.240000e+002
      vertex  4.626177e+001  1.280034e+001  2.269658e+000
      vertex  4.620606e+001  1.300000e+001  0.000000e+000
    endloop
  endfacet
  facet normal  9.518269e-001  3.066179e-001  3.362224e-003
    outer loop
      vertex  4.727077e+001  8.335113e+000  1.240000e+002
      vertex  4.620606e+001  1.300000e+001  0.000000e+000
      vertex  4.510525e+001  1.641697e+001  2.327461e-002
    endloop
  endfacet
  facet normal  9.659259e-001  2.588187e-001  -0.000000e+000
    outer loop
      vertex  4.727077e+001  8.335113e+000  1.240000e+002
      vertex  4.510525e+001  1.641697e+001  2.327461e-002
      vertex  4.510525e+001  1.641697e+001  1.240000e+002
    endloop
  endfacet
  facet normal -7.071068e-001  7.071068e-001  0.000000e+000
    outer loop
      vertex -3.085381e+001  3.677013e+001 -1.240000e+002
      vertex -3.677013e+001  3.085381e+001 -1.240000e+002
      vertex -3.677013e+001  3.085381e+001  2.327461e-002
    endloop
  endfacet
  facet normal -7.414827e-001  6.709636e-001 -3.363997e-003
    outer loop
      vertex -3.085381e+001  3.677013e+001 -1.240000e+002
      vertex -3.677013e+001  3.085381e+001  2.327461e-002
      vertex -3.436136e+001  3.351563e+001  4.181119e-015
    endloop
  endfacet
  facet normal -7.244645e-001  6.893079e-001 -2.401143e-003
    outer loop
      vertex -3.085381e+001  3.677013e+001 -1.240000e+002
      vertex -3.436136e+001  3.351563e+001  4.181119e-015
      vertex -3.402961e+001  3.385241e+001 -3.411806e+000
    endloop
  endfacet
  facet normal -7.053422e-001  7.088655e-001 -1.424326e-003
    outer loop
      vertex -3.085381e+001  3.677013e+001 -1.240000e+002
      vertex -3.402961e+001  3.385241e+001 -3.411806e+000
      vertex -3.342831e+001  3.444630e+001 -5.611282e+000
    endloop
  endfacet
  facet normal -6.880334e-001  7.256787e-001 -7.179035e-004
    outer loop
      vertex -3.085381e+001  3.677013e+001 -1.240000e+002
      vertex -3.342831e+001  3.444630e+001 -5.611282e+000
      vertex -3.253555e+001  3.529076e+001 -7.621880e+000
    endloop
  endfacet
  facet normal -6.621742e-001  7.493500e-001 -4.331444e-005
    outer loop
      vertex -3.085381e+001  3.677013e+001 -1.240000e+002
      vertex -3.253555e+001  3.529076e+001 -7.621880e+000
      vertex -3.101556e+001  3.663380e+001 -9.798510e+000
    endloop
  endfacet
  facet normal -6.263714e-001  7.795248e-001  4.342005e-005
    outer loop
      vertex -3.085381e+001  3.677013e+001 -1.240000e+002
      vertex -3.101556e+001  3.663380e+001 -9.798510e+000
      vertex -2.909866e+001  3.817418e+001 -1.147302e+001
    endloop
  endfacet
  facet normal -5.735758e-001  8.191515e-001 -1.274499e-003
    outer loop
      vertex -3.085381e+001  3.677013e+001 -1.240000e+002
      vertex -2.909866e+001  3.817418e+001 -1.147302e+001
      vertex -2.400000e+001  4.156922e+001 -1.240000e+002
    endloop
  endfacet
  facet normal -2.588186e-001  9.659256e-001 -7.632519e-004
    outer loop
      vertex -8.335113e+000  4.727077e+001 -1.240000e+002
      vertex -1.641697e+001  4.510525e+001 -1.240000e+002
      vertex -1.531124e+001  4.549249e+001 -8.888740e+000
    endloop
  endfacet
  facet normal -2.988331e-001  9.542994e-001 -3.367864e-003
    outer loop
      vertex -8.335113e+000  4.727077e+001 -1.240000e+002
      vertex -1.531124e+001  4.549249e+001 -8.888740e+000
      vertex -1.376711e+001  4.598333e+001 -6.817415e+000
    endloop
  endfacet
  facet normal -2.712196e-001  9.625156e-001 -1.997574e-003
    outer loop
      vertex -8.335113e+000  4.727077e+001 -1.240000e+002
      vertex -1.376711e+001  4.598333e+001 -6.817415e+000
      vertex -1.263722e+001  4.630659e+001 -4.465055e+000
    endloop
  endfacet
  facet normal -2.526478e-001  9.675574e-001 -1.288502e-003
    outer loop
      vertex -8.335113e+000  4.727077e+001 -1.240000e+002
      vertex -1.263722e+001  4.630659e+001 -4.465055e+000
      vertex -1.204547e+001  4.646404e+001 -2.269658e+000
    endloop
  endfacet
  facet normal -2.396259e-001  9.708648e-001 -8.696730e-004
    outer loop
      vertex -8.335113e+000  4.727077e+001 -1.240000e+002
      vertex -1.204547e+001  4.646404e+001 -2.269658e+000
      vertex -1.184470e+001  4.651562e+001 -8.881784e-016
    endloop
  endfacet
  facet normal -2.103534e-001  9.776254e-001  0.000000e+000
    outer loop
      vertex -8.335113e+000  4.727077e+001 -1.240000e+002
      vertex -1.184470e+001  4.651562e+001 -8.881784e-016
      vertex -8.335113e+000  4.727077e+001  2.327461e-002
    endloop
  endfacet
  facet normal  9.659259e-001  2.588187e-001  -0.000000e+000
    outer loop
      vertex  4.727077e+001  8.335113e+000 -1.240000e+002
      vertex  4.510525e+001  1.641697e+001 -1.240000e+002
      vertex  4.510525e+001  1.641697e+001  2.327461e-002
    endloop
  endfacet
  facet normal  9.518134e-001  3.066593e-001 -3.363901e-003
    outer loop
      vertex  4.727077e+001  8.335113e+000 -1.240000e+002
      vertex  4.510525e+001  1.641697e+001  2.327461e-002
      vertex  4.620606e+001  1.300000e+001  0.000000e+000
    endloop
  endfacet
  facet normal  9.532570e-001  3.021439e-001 -3.181636e-003
    outer loop
      vertex  4.727077e+001  8.335113e+000 -1.240000e+002
      vertex  4.620606e+001  1.300000e+001  0.000000e+000
      vertex  4.626177e+001  1.280034e+001 -2.269658e+000
    endloop
  endfacet
  facet normal  9.637692e-001  2.667317e-001 -1.795536e-003
    outer loop
      vertex  4.727077e+001  8.335113e+000 -1.240000e+002
      vertex  4.626177e+001  1.280034e+001 -2.269658e+000
      vertex  4.642130e+001  1.220915e+001 -4.465055e+000
    endloop
  endfacet
  facet normal  9.696472e-001  2.445063e-001 -1.033456e-003
    outer loop
      vertex  4.727077e+001  8.335113e+000 -1.240000e+002
      vertex  4.642130e+001  1.220915e+001 -4.465055e+000
      vertex  4.670629e+001  1.106900e+001 -6.817415e+000
    endloop
  endfacet
  facet normal  9.767190e-001  2.145226e-001 -2.998654e-004
    outer loop
      vertex  4.727077e+001  8.335113e+000 -1.240000e+002
      vertex  4.670629e+001  1.106900e+001 -6.817415e+000
      vertex  4.705326e+001  9.486322e+000 -8.888740e+000
    endloop
  endfacet
  facet normal  9.847189e-001  1.741514e-001  1.189965e-004
    outer loop
      vertex  4.727077e+001  8.335113e+000 -1.240000e+002
      vertex  4.705326e+001  9.486322e+000 -8.888740e+000
      vertex  4.745131e+001  7.236910e+000 -1.079940e+001
    endloop
  endfacet
  facet normal  9.961944e-001  8.715585e-002 -7.432835e-004
    outer loop
      vertex  4.727077e+001  8.335113e+000 -1.240000e+002
      vertex  4.745131e+001  7.236910e+000 -1.079940e+001
      vertex  4.800000e+001  0.000000e+000 -1.240000e+002
    endloop
  endfacet
  facet normal  9.921473e-001  1.250343e-001 -3.184468e-003
    outer loop
      vertex  4.800000e+001  0.000000e+000 -1.240000e+002
      vertex  4.745131e+001  7.236910e+000 -1.079940e+001
      vertex  4.777845e+001  4.606545e+000 -1.215647e+001
    endloop
  endfacet
  facet normal  9.973531e-001  7.270406e-002 -1.018809e-003
    outer loop
      vertex  4.800000e+001  0.000000e+000 -1.240000e+002
      vertex  4.777845e+001  4.606545e+000 -1.215647e+001
      vertex  4.794273e+001  2.344016e+000 -1.278693e+001
    endloop
  endfacet
  facet normal  9.997017e-001  2.442353e-002  0.000000e+000
    outer loop
      vertex  4.800000e+001  0.000000e+000 -1.240000e+002
      vertex  4.794273e+001  2.344016e+000 -1.278693e+001
      vertex  4.800000e+001  0.000000e+000 -1.300000e+001
    endloop
  endfacet
  facet normal -5.189372e-001  8.548123e-001 -5.407535e-005
    outer loop
      vertex -2.400000e+001  4.156922e+001  1.240000e+002
      vertex -2.378792e+001  4.169094e+001  1.299770e+001
      vertex -2.601217e+001  4.034064e+001  1.278457e+001
    endloop
  endfacet
  facet normal -5.667595e-001  8.238824e-001  1.152826e-003
    outer loop
      vertex -2.400000e+001  4.156922e+001  1.240000e+002
      vertex -2.601217e+001  4.034064e+001  1.278457e+001
      vertex -2.834532e+001  3.873684e+001  1.192369e+001
    endloop
  endfacet
  facet normal -6.136448e-001  7.895728e-001  3.837687e-003
    outer loop
      vertex -2.400000e+001  4.156922e+001  1.240000e+002
      vertex -2.834532e+001  3.873684e+001  1.192369e+001
      vertex -3.037768e+001  3.716445e+001  1.045537e+001
    endloop
  endfacet
  facet normal -5.735762e-001  8.191521e-001  4.395974e-004
    outer loop
      vertex -2.400000e+001  4.156922e+001  1.240000e+002
      vertex -3.037768e+001  3.716445e+001  1.045537e+001
      vertex -3.085381e+001  3.677013e+001  1.240000e+002
    endloop
  endfacet
  facet normal -2.588186e-001  9.659256e-001  8.184874e-004
    outer loop
      vertex -1.641697e+001  4.510525e+001  1.240000e+002
      vertex -8.335113e+000  4.727077e+001  1.240000e+002
      vertex -1.521219e+001  4.552570e+001  8.778196e+000
    endloop
  endfacet
  facet normal -3.368811e-001  9.415472e-001 -8.670310e-005
    outer loop
      vertex -1.641697e+001  4.510525e+001  1.240000e+002
      vertex -1.521219e+001  4.552570e+001  8.778196e+000
      vertex -1.711429e+001  4.484530e+001  1.054614e+001
    endloop
  endfacet
  facet normal -3.786317e-001  9.255474e-001  2.065658e-004
    outer loop
      vertex -1.641697e+001  4.510525e+001  1.240000e+002
      vertex -1.711429e+001  4.484530e+001  1.054614e+001
      vertex -1.923452e+001  4.397765e+001  1.185655e+001
    endloop
  endfacet
  facet normal -4.240245e-001  9.056494e-001  1.547114e-003
    outer loop
      vertex -1.641697e+001  4.510525e+001  1.240000e+002
      vertex -1.923452e+001  4.397765e+001  1.185655e+001
      vertex -2.150256e+001  4.291433e+001  1.268702e+001
    endloop
  endfacet
  facet normal -4.715013e-001  8.818555e-001  4.184519e-003
    outer loop
      vertex -1.641697e+001  4.510525e+001  1.240000e+002
      vertex -2.150256e+001  4.291433e+001  1.268702e+001
      vertex -2.378792e+001  4.169094e+001  1.299770e+001
    endloop
  endfacet
  facet normal -4.226186e-001  9.063076e-001  1.864208e-004
    outer loop
      vertex -1.641697e+001  4.510525e+001  1.240000e+002
      vertex -2.378792e+001  4.169094e+001  1.299770e+001
      vertex -2.400000e+001  4.156922e+001  1.240000e+002
    endloop
  endfacet
  facet normal -2.103534e-001  9.776254e-001  0.000000e+000
    outer loop
      vertex -8.335113e+000  4.727077e+001  1.240000e+002
      vertex -8.335113e+000  4.727077e+001  2.327461e-002
      vertex -1.184470e+001  4.651562e+001 -8.881784e-016
    endloop
  endfacet
  facet normal -2.397315e-001  9.708388e-001  8.728218e-004
    outer loop
      vertex -8.335113e+000  4.727077e+001  1.240000e+002
      vertex -1.184470e+001  4.651562e+001 -8.881784e-016
      vertex -1.205007e+001  4.646284e+001  2.295359e+000
    endloop
  endfacet
  facet normal -2.530389e-001  9.674552e-001  1.301482e-003
    outer loop
      vertex -8.335113e+000  4.727077e+001  1.240000e+002
      vertex -1.205007e+001  4.646284e+001  2.295359e+000
      vertex -1.266663e+001  4.629856e+001  4.544878e+000
    endloop
  endfacet
  facet normal -2.704356e-001  9.627361e-001  1.970706e-003
    outer loop
      vertex -8.335113e+000  4.727077e+001  1.240000e+002
      vertex -1.266663e+001  4.629856e+001  4.544878e+000
      vertex -1.366229e+001  4.601458e+001  6.641575e+000
    endloop
  endfacet
  facet normal -2.967403e-001  9.549527e-001  3.248053e-003
    outer loop
      vertex -8.335113e+000  4.727077e+001  1.240000e+002
      vertex -1.366229e+001  4.601458e+001  6.641575e+000
      vertex -1.521219e+001  4.552570e+001  8.778196e+000
    endloop
  endfacet
  facet normal  9.997017e-001  2.442353e-002  -0.000000e+000
    outer loop
      vertex  4.800000e+001  0.000000e+000  1.240000e+002
      vertex  4.800000e+001  0.000000e+000  1.300000e+001
      vertex  4.794273e+001  2.344016e+000  1.278693e+001
    endloop
  endfacet
  facet normal  9.973531e-001  7.270406e-002  1.018809e-003
    outer loop
      vertex  4.800000e+001  0.000000e+000  1.240000e+002
      vertex  4.794273e+001  2.344016e+000  1.278693e+001
      vertex  4.777845e+001  4.606545e+000  1.215647e+001
    endloop
  endfacet
  facet normal  9.921473e-001  1.250343e-001  3.184468e-003
    outer loop
      vertex  4.800000e+001  0.000000e+000  1.240000e+002
      vertex  4.777845e+001  4.606545e+000  1.215647e+001
      vertex  4.745131e+001  7.236910e+000  1.079940e+001
    endloop
  endfacet
  facet normal  9.961944e-001  8.715585e-002  7.432835e-004
    outer loop
      vertex  4.800000e+001  0.000000e+000  1.240000e+002
      vertex  4.745131e+001  7.236910e+000  1.079940e+001
      vertex  4.727077e+001  8.335113e+000  1.240000e+002
    endloop
  endfacet
  facet normal -8.191522e-001  5.735763e-001  0.000000e+000
    outer loop
      vertex -3.677013e+001  3.085381e+001  1.240000e+002
      vertex -3.677013e+001  3.085381e+001  2.327461e-002
      vertex -4.156922e+001  2.400000e+001  1.240000e+002
    endloop
  endfacet
  facet normal -8.191522e-001  5.735763e-001  0.000000e+000
    outer loop
      vertex -4.156922e+001  2.400000e+001  1.240000e+002
      vertex -3.677013e+001  3.085381e+001  2.327461e-002
      vertex -4.156922e+001  2.400000e+001  2.327461e-002
    endloop
  endfacet
  facet normal -9.063076e-001  4.226186e-001  0.000000e+000
    outer loop
      vertex -4.156922e+001  2.400000e+001  1.240000e+002
      vertex -4.156922e+001  2.400000e+001  2.327461e-002
      vertex -4.510525e+001  1.641697e+001  1.240000e+002
    endloop
  endfacet
  facet normal -9.063076e-001  4.226186e-001  0.000000e+000
    outer loop
      vertex -4.510525e+001  1.641697e+001  1.240000e+002
      vertex -4.156922e+001  2.400000e+001  2.327461e-002
      vertex -4.510525e+001  1.641697e+001  2.327461e-002
    endloop
  endfacet
  facet normal -9.659259e-001  2.588187e-001  0.000000e+000
    outer loop
      vertex -4.510525e+001  1.641697e+001  1.240000e+002
      vertex -4.510525e+001  1.641697e+001  2.327461e-002
      vertex -4.727077e+001  8.335113e+000  1.240000e+002
    endloop
  endfacet
  facet normal -9.659259e-001  2.588187e-001  0.000000e+000
    outer loop
      vertex -4.727077e+001  8.335113e+000  1.240000e+002
      vertex -4.510525e+001  1.641697e+001  2.327461e-002
      vertex -4.727077e+001  8.335113e+000  2.327461e-002
    endloop
  endfacet
  facet normal -9.961947e-001  8.715587e-002  0.000000e+000
    outer loop
      vertex -4.727077e+001  8.335113e+000  1.240000e+002
      vertex -4.727077e+001  8.335113e+000  2.327461e-002
      vertex -4.800000e+001  5.878304e-015  1.240000e+002
    endloop
  endfacet
  facet normal -9.961947e-001  8.715588e-002  0.000000e+000
    outer loop
      vertex -4.800000e+001  5.878304e-015  1.240000e+002
      vertex -4.727077e+001  8.335113e+000  2.327461e-002
      vertex -4.800000e+001  5.878304e-015 -1.240000e+002
    endloop
  endfacet
  facet normal -8.191521e-001  5.735762e-001  0.000000e+000
    outer loop
      vertex -3.677013e+001  3.085381e+001  2.327461e-002
      vertex -3.677013e+001  3.085381e+001 -1.240000e+002
      vertex -4.156922e+001  2.400000e+001  2.327461e-002
    endloop
  endfacet
  facet normal -8.191521e-001  5.735762e-001  0.000000e+000
    outer loop
      vertex -4.156922e+001  2.400000e+001  2.327461e-002
      vertex -3.677013e+001  3.085381e+001 -1.240000e+002
      vertex -4.156922e+001  2.400000e+001 -1.240000e+002
    endloop
  endfacet
  facet normal -9.063075e-001  4.226186e-001  0.000000e+000
    outer loop
      vertex -4.156922e+001  2.400000e+001  2.327461e-002
      vertex -4.156922e+001  2.400000e+001 -1.240000e+002
      vertex -4.510525e+001  1.641697e+001  2.327461e-002
    endloop
  endfacet
  facet normal -9.063075e-001  4.226186e-001  0.000000e+000
    outer loop
      vertex -4.510525e+001  1.641697e+001  2.327461e-002
      vertex -4.156922e+001  2.400000e+001 -1.240000e+002
      vertex -4.510525e+001  1.641697e+001 -1.240000e+002
    endloop
  endfacet
  facet normal -9.659259e-001  2.588187e-001  0.000000e+000
    outer loop
      vertex -4.510525e+001  1.641697e+001  2.327461e-002
      vertex -4.510525e+001  1.641697e+001 -1.240000e+002
      vertex -4.727077e+001  8.335113e+000  2.327461e-002
    endloop
  endfacet
  facet normal -9.659259e-001  2.588187e-001  0.000000e+000
    outer loop
      vertex -4.727077e+001  8.335113e+000  2.327461e-002
      vertex -4.510525e+001  1.641697e+001 -1.240000e+002
      vertex -4.727077e+001  8.335113e+000 -1.240000e+002
    endloop
  endfacet
  facet normal -9.961947e-001  8.715589e-002  0.000000e+000
    outer loop
      vertex -4.727077e+001  8.335113e+000  2.327461e-002
      vertex -4.727077e+001  8.335113e+000 -1.240000e+002
      vertex -4.800000e+001  5.878304e-015 -1.240000e+002
    endloop
  endfacet
  facet normal -4.406528e-001  8.976748e-001 -2.287865e-003
    outer loop
      vertex -1.989984e+001  4.368062e+001 -1.215647e+001
      vertex -1.641697e+001  4.510525e+001 -1.240000e+002
      vertex -2.243489e+001  4.243437e+001 -1.287645e+001
    endloop
  endfacet
  facet normal -4.226184e-001  9.063072e-001 -1.103726e-003
    outer loop
      vertex -2.243489e+001  4.243437e+001 -1.287645e+001
      vertex -1.641697e+001  4.510525e+001 -1.240000e+002
      vertex -2.400000e+001  4.156922e+001 -1.240000e+002
    endloop
  endfacet
  facet normal -4.940167e-001  8.694524e-001  1.888124e-004
    outer loop
      vertex -2.243489e+001  4.243437e+001 -1.287645e+001
      vertex -2.400000e+001  4.156922e+001 -1.240000e+002
      vertex -2.496848e+001  4.099482e+001 -1.295115e+001
    endloop
  endfacet
  facet normal -8.715589e-002  9.961947e-001  0.000000e+000
    outer loop
      vertex -8.335113e+000  4.727077e+001 -1.240000e+002
      vertex -8.335113e+000  4.727077e+001  2.327461e-002
      vertex  2.939152e-015  4.800000e+001 -1.240000e+002
    endloop
  endfacet
  facet normal -8.715589e-002  9.961947e-001  0.000000e+000
    outer loop
      vertex  2.939152e-015  4.800000e+001 -1.240000e+002
      vertex -8.335113e+000  4.727077e+001  2.327461e-002
      vertex  2.939152e-015  4.800000e+001  2.327461e-002
    endloop
  endfacet
  facet normal  8.715589e-002  9.961947e-001  0.000000e+000
    outer loop
      vertex  2.939152e-015  4.800000e+001 -1.240000e+002
      vertex  2.939152e-015  4.800000e+001  2.327461e-002
      vertex  8.335113e+000  4.727077e+001 -1.240000e+002
    endloop
  endfacet
  facet normal  8.715589e-002  9.961947e-001  -0.000000e+000
    outer loop
      vertex  8.335113e+000  4.727077e+001 -1.240000e+002
      vertex  2.939152e-015  4.800000e+001  2.327461e-002
      vertex  8.335113e+000  4.727077e+001  2.327461e-002
    endloop
  endfacet
  facet normal  2.588187e-001  9.659259e-001  0.000000e+000
    outer loop
      vertex  8.335113e+000  4.727077e+001 -1.240000e+002
      vertex  8.335113e+000  4.727077e+001  2.327461e-002
      vertex  1.641697e+001  4.510525e+001 -1.240000e+002
    endloop
  endfacet
  facet normal  2.588187e-001  9.659259e-001  -0.000000e+000
    outer loop
      vertex  1.641697e+001  4.510525e+001 -1.240000e+002
      vertex  8.335113e+000  4.727077e+001  2.327461e-002
      vertex  1.641697e+001  4.510525e+001  2.327461e-002
    endloop
  endfacet
  facet normal  4.226186e-001  9.063075e-001  0.000000e+000
    outer loop
      vertex  1.641697e+001  4.510525e+001 -1.240000e+002
      vertex  1.641697e+001  4.510525e+001  2.327461e-002
      vertex  2.400000e+001  4.156922e+001 -1.240000e+002
    endloop
  endfacet
  facet normal  4.226186e-001  9.063075e-001  -0.000000e+000
    outer loop
      vertex  2.400000e+001  4.156922e+001 -1.240000e+002
      vertex  1.641697e+001  4.510525e+001  2.327461e-002
      vertex  2.400000e+001  4.156922e+001  2.327461e-002
    endloop
  endfacet
  facet normal  5.735762e-001  8.191521e-001  0.000000e+000
    outer loop
      vertex  2.400000e+001  4.156922e+001 -1.240000e+002
      vertex  2.400000e+001  4.156922e+001  2.327461e-002
      vertex  3.085381e+001  3.677013e+001 -1.240000e+002
    endloop
  endfacet
  facet normal  5.735762e-001  8.191521e-001  -0.000000e+000
    outer loop
      vertex  3.085381e+001  3.677013e+001 -1.240000e+002
      vertex  2.400000e+001  4.156922e+001  2.327461e-002
      vertex  3.085381e+001  3.677013e+001  2.327461e-002
    endloop
  endfacet
  facet normal  7.071068e-001  7.071068e-001  0.000000e+000
    outer loop
      vertex  3.085381e+001  3.677013e+001 -1.240000e+002
      vertex  3.085381e+001  3.677013e+001  2.327461e-002
      vertex  3.677013e+001  3.085381e+001 -1.240000e+002
    endloop
  endfacet
  facet normal  7.071068e-001  7.071068e-001  -0.000000e+000
    outer loop
      vertex  3.677013e+001  3.085381e+001 -1.240000e+002
      vertex  3.085381e+001  3.677013e+001  2.327461e-002
      vertex  3.677013e+001  3.085381e+001  2.327461e-002
    endloop
  endfacet
  facet normal  8.191521e-001  5.735762e-001  0.000000e+000
    outer loop
      vertex  3.677013e+001  3.085381e+001 -1.240000e+002
      vertex  3.677013e+001  3.085381e+001  2.327461e-002
      vertex  4.156922e+001  2.400000e+001 -1.240000e+002
    endloop
  endfacet
  facet normal  8.191521e-001  5.735762e-001  -0.000000e+000
    outer loop
      vertex  4.156922e+001  2.400000e+001 -1.240000e+002
      vertex  3.677013e+001  3.085381e+001  2.327461e-002
      vertex  4.156922e+001  2.400000e+001  2.327461e-002
    endloop
  endfacet
  facet normal  9.063075e-001  4.226186e-001  0.000000e+000
    outer loop
      vertex  4.156922e+001  2.400000e+001 -1.240000e+002
      vertex  4.156922e+001  2.400000e+001  2.327461e-002
      vertex  4.510525e+001  1.641697e+001 -1.240000e+002
    endloop
  endfacet
  facet normal  9.063075e-001  4.226186e-001  -0.000000e+000
    outer loop
      vertex  4.510525e+001  1.641697e+001 -1.240000e+002
      vertex  4.156922e+001  2.400000e+001  2.327461e-002
      vertex  4.510525e+001  1.641697e+001  2.327461e-002
    endloop
  endfacet
  facet normal -8.715587e-002  9.961947e-001  0.000000e+000
    outer loop
      vertex -8.335113e+000  4.727077e+001  2.327461e-002
      vertex -8.335113e+000  4.727077e+001  1.240000e+002
      vertex  2.939152e-015  4.800000e+001  2.327461e-002
    endloop
  endfacet
  facet normal -8.715587e-002  9.961947e-001  0.000000e+000
    outer loop
      vertex  2.939152e-015  4.800000e+001  2.327461e-002
      vertex -8.335113e+000  4.727077e+001  1.240000e+002
      vertex  2.939152e-015  4.800000e+001  1.240000e+002
    endloop
  endfacet
  facet normal  8.715587e-002  9.961947e-001  0.000000e+000
    outer loop
      vertex  2.939152e-015  4.800000e+001  2.327461e-002
      vertex  2.939152e-015  4.800000e+001  1.240000e+002
      vertex  8.335113e+000  4.727077e+001  2.327461e-002
    endloop
  endfacet
  facet normal  8.715587e-002  9.961947e-001  -0.000000e+000
    outer loop
      vertex  8.335113e+000  4.727077e+001  2.327461e-002
      vertex  2.939152e-015  4.800000e+001  1.240000e+002
      vertex  8.335113e+000  4.727077e+001  1.240000e+002
    endloop
  endfacet
  facet normal  2.588187e-001  9.659259e-001  0.000000e+000
    outer loop
      vertex  8.335113e+000  4.727077e+001  2.327461e-002
      vertex  8.335113e+000  4.727077e+001  1.240000e+002
      vertex  1.641697e+001  4.510525e+001  2.327461e-002
    endloop
  endfacet
  facet normal  2.588187e-001  9.659259e-001  -0.000000e+000
    outer loop
      vertex  1.641697e+001  4.510525e+001  2.327461e-002
      vertex  8.335113e+000  4.727077e+001  1.240000e+002
      vertex  1.641697e+001  4.510525e+001  1.240000e+002
    endloop
  endfacet
  facet normal  4.226186e-001  9.063076e-001  0.000000e+000
    outer loop
      vertex  1.641697e+001  4.510525e+001  2.327461e-002
      vertex  1.641697e+001  4.510525e+001  1.240000e+002
      vertex  2.400000e+001  4.156922e+001  2.327461e-002
    endloop
  endfacet
  facet normal  4.226186e-001  9.063076e-001  -0.000000e+000
    outer loop
      vertex  2.400000e+001  4.156922e+001  2.327461e-002
      vertex  1.641697e+001  4.510525e+001  1.240000e+002
      vertex  2.400000e+001  4.156922e+001  1.240000e+002
    endloop
  endfacet
  facet normal  5.735763e-001  8.191522e-001  0.000000e+000
    outer loop
      vertex  2.400000e+001  4.156922e+001  2.327461e-002
      vertex  2.400000e+001  4.156922e+001  1.240000e+002
      vertex  3.085381e+001  3.677013e+001  2.327461e-002
    endloop
  endfacet
  facet normal  5.735763e-001  8.191522e-001  -0.000000e+000
    outer loop
      vertex  3.085381e+001  3.677013e+001  2.327461e-002
      vertex  2.400000e+001  4.156922e+001  1.240000e+002
      vertex  3.085381e+001  3.677013e+001  1.240000e+002
    endloop
  endfacet
  facet normal  7.071068e-001  7.071068e-001  0.000000e+000
    outer loop
      vertex  3.085381e+001  3.677013e+001  2.327461e-002
      vertex  3.085381e+001  3.677013e+001  1.240000e+002
      vertex  3.677013e+001  3.085381e+001  2.327461e-002
    endloop
  endfacet
  facet normal  7.071068e-001  7.071068e-001  -0.000000e+000
    outer loop
      vertex  3.677013e+001  3.085381e+001  2.327461e-002
      vertex  3.085381e+001  3.677013e+001  1.240000e+002
      vertex  3.677013e+001  3.085381e+001  1.240000e+002
    endloop
  endfacet
  facet normal  8.191522e-001  5.735763e-001  0.000000e+000
    outer loop
      vertex  3.677013e+001  3.085381e+001  2.327461e-002
      vertex  3.677013e+001  3.085381e+001  1.240000e+002
      vertex  4.156922e+001  2.400000e+001  2.327461e-002
    endloop
  endfacet
  facet normal  8.191522e-001  5.735763e-001  -0.000000e+000
    outer loop
      vertex  4.156922e+001  2.400000e+001  2.327461e-002
      vertex  3.677013e+001  3.085381e+001  1.240000e+002
      vertex  4.156922e+001  2.400000e+001  1.240000e+002
    endloop
  endfacet
  facet normal  9.063076e-001  4.226186e-001  0.000000e+000
    outer loop
      vertex  4.156922e+001  2.400000e+001  2.327461e-002
      vertex  4.156922e+001  2.400000e+001  1.240000e+002
      vertex  4.510525e+001  1.641697e+001  2.327461e-002
    endloop
  endfacet
  facet normal  9.063076e-001  4.226186e-001  -0.000000e+000
    outer loop
      vertex  4.510525e+001  1.641697e+001  2.327461e-002
      vertex  4.156922e+001  2.400000e+001  1.240000e+002
      vertex  4.510525e+001  1.641697e+001  1.240000e+002
    endloop
  endfacet
  facet normal -5.591176e-001 -3.171398e-001 -7.660351e-001
    outer loop
      vertex -5.212438e+001  7.036492e+001 -8.356239e+000
      vertex -4.912917e+001  7.209421e+001 -1.125833e+001
      vertex -3.101556e+001  3.663380e+001 -9.798510e+000
    endloop
  endfacet
  facet normal  2.148470e-001  1.227257e-001 -9.689062e-001
    outer loop
      vertex -1.989984e+001  4.368062e+001 -1.215647e+001
      vertex -2.243489e+001  4.243437e+001 -1.287645e+001
      vertex -4.154501e+001  7.647292e+001 -1.280250e+001
    endloop
  endfacet
  facet normal  2.936912e-001  1.753440e-001 -9.396808e-001
    outer loop
      vertex -4.154501e+001  7.647292e+001 -1.280250e+001
      vertex -3.787083e+001  7.859421e+001 -1.125833e+001
      vertex -1.989984e+001  4.368062e+001 -1.215647e+001
    endloop
  endfacet
  facet normal  8.626937e-001  4.980764e-001 -8.763238e-002
    outer loop
      vertex -1.184470e+001  4.651562e+001 -8.881784e-016
      vertex -1.204547e+001  4.646404e+001 -2.269658e+000
      vertex -3.224167e+001  8.184421e+001 -8.881784e-016
    endloop
  endfacet
  facet normal -8.584026e-001 -4.955990e-001 -1.323886e-001
    outer loop
      vertex -3.436136e+001  3.351563e+001  4.181119e-015
      vertex -5.475833e+001  6.884421e+001  4.181119e-015
      vertex -3.402961e+001  3.385241e+001 -3.411806e+000
    endloop
  endfacet
  facet normal -8.546296e-001 -4.893411e-001 -1.736478e-001
    outer loop
      vertex -3.402961e+001  3.385241e+001 -3.411806e+000
      vertex -5.475833e+001  6.884421e+001  4.181119e-015
      vertex -5.407937e+001  6.923621e+001 -4.446262e+000
    endloop
  endfacet
  facet normal -8.110580e-001 -4.697659e-001 -3.485755e-001
    outer loop
      vertex -3.402961e+001  3.385241e+001 -3.411806e+000
      vertex -5.407937e+001  6.923621e+001 -4.446262e+000
      vertex -3.342831e+001  3.444630e+001 -5.611282e+000
    endloop
  endfacet
  facet normal -7.467746e-001 -4.261824e-001 -5.105842e-001
    outer loop
      vertex -3.342831e+001  3.444630e+001 -5.611282e+000
      vertex -5.407937e+001  6.923621e+001 -4.446262e+000
      vertex -3.253555e+001  3.529076e+001 -7.621880e+000
    endloop
  endfacet
  facet normal -7.515988e-001 -4.302346e-001 -4.999974e-001
    outer loop
      vertex -3.253555e+001  3.529076e+001 -7.621880e+000
      vertex -5.407937e+001  6.923621e+001 -4.446262e+000
      vertex -5.212438e+001  7.036492e+001 -8.356239e+000
    endloop
  endfacet
  facet normal -6.384232e-001 -3.706809e-001 -6.745453e-001
    outer loop
      vertex -3.253555e+001  3.529076e+001 -7.621880e+000
      vertex -5.212438e+001  7.036492e+001 -8.356239e+000
      vertex -3.101556e+001  3.663380e+001 -9.798510e+000
    endloop
  endfacet
  facet normal -2.984130e-001 -1.671668e-001 -9.396834e-001
    outer loop
      vertex -4.545499e+001  7.421550e+001 -1.280250e+001
      vertex -2.713143e+001  3.959653e+001 -1.246286e+001
      vertex -4.912917e+001  7.209421e+001 -1.125833e+001
    endloop
  endfacet
  facet normal -3.292187e-001 -1.885547e-001 -9.252363e-001
    outer loop
      vertex -4.912917e+001  7.209421e+001 -1.125833e+001
      vertex -2.713143e+001  3.959653e+001 -1.246286e+001
      vertex -2.909866e+001  3.817418e+001 -1.147302e+001
    endloop
  endfacet
  facet normal -4.907238e-001 -2.845706e-001 -8.235349e-001
    outer loop
      vertex -4.912917e+001  7.209421e+001 -1.125833e+001
      vertex -2.909866e+001  3.817418e+001 -1.147302e+001
      vertex -3.101556e+001  3.663380e+001 -9.798510e+000
    endloop
  endfacet
  facet normal -9.472613e-004  1.640710e-003 -9.999982e-001
    outer loop
      vertex -4.154501e+001  7.647292e+001 -1.280250e+001
      vertex -2.243489e+001  4.243437e+001 -1.287645e+001
      vertex -4.545499e+001  7.421550e+001 -1.280250e+001
    endloop
  endfacet
  facet normal  1.994359e-002  1.677185e-002 -9.996604e-001
    outer loop
      vertex -4.545499e+001  7.421550e+001 -1.280250e+001
      vertex -2.243489e+001  4.243437e+001 -1.287645e+001
      vertex -2.496848e+001  4.099482e+001 -1.295115e+001
    endloop
  endfacet
  facet normal -1.606066e-001 -9.464663e-002 -9.824701e-001
    outer loop
      vertex -4.545499e+001  7.421550e+001 -1.280250e+001
      vertex -2.496848e+001  4.099482e+001 -1.295115e+001
      vertex -2.713143e+001  3.959653e+001 -1.246286e+001
    endloop
  endfacet
  facet normal  5.553620e-001  3.236550e-001 -7.660421e-001
    outer loop
      vertex -3.487562e+001  8.032350e+001 -8.356239e+000
      vertex -1.531124e+001  4.549249e+001 -8.888740e+000
      vertex -3.787083e+001  7.859421e+001 -1.125833e+001
    endloop
  endfacet
  facet normal  5.593221e-001  3.266519e-001 -7.618776e-001
    outer loop
      vertex -3.787083e+001  7.859421e+001 -1.125833e+001
      vertex -1.531124e+001  4.549249e+001 -8.888740e+000
      vertex -1.745831e+001  4.471250e+001 -1.079940e+001
    endloop
  endfacet
  facet normal  3.978074e-001  2.276262e-001 -8.887832e-001
    outer loop
      vertex -3.787083e+001  7.859421e+001 -1.125833e+001
      vertex -1.745831e+001  4.471250e+001 -1.079940e+001
      vertex -1.989984e+001  4.368062e+001 -1.215647e+001
    endloop
  endfacet
  facet normal  8.504346e-001  4.965964e-001 -1.736464e-001
    outer loop
      vertex -3.224167e+001  8.184421e+001 -8.881784e-016
      vertex -1.204547e+001  4.646404e+001 -2.269658e+000
      vertex -3.292063e+001  8.145221e+001 -4.446262e+000
    endloop
  endfacet
  facet normal  8.362570e-001  4.827640e-001 -2.600253e-001
    outer loop
      vertex -3.292063e+001  8.145221e+001 -4.446262e+000
      vertex -1.204547e+001  4.646404e+001 -2.269658e+000
      vertex -1.263722e+001  4.630659e+001 -4.465055e+000
    endloop
  endfacet
  facet normal  7.499579e-001  4.330868e-001 -4.999990e-001
    outer loop
      vertex -3.292063e+001  8.145221e+001 -4.446262e+000
      vertex -1.263722e+001  4.630659e+001 -4.465055e+000
      vertex -3.487562e+001  8.032350e+001 -8.356239e+000
    endloop
  endfacet
  facet normal  7.755316e-001  4.572025e-001 -4.353348e-001
    outer loop
      vertex -3.487562e+001  8.032350e+001 -8.356239e+000
      vertex -1.263722e+001  4.630659e+001 -4.465055e+000
      vertex -1.376711e+001  4.598333e+001 -6.817415e+000
    endloop
  endfacet
  facet normal  6.886959e-001  3.961207e-001 -6.072779e-001
    outer loop
      vertex -3.487562e+001  8.032350e+001 -8.356239e+000
      vertex -1.376711e+001  4.598333e+001 -6.817415e+000
      vertex -1.531124e+001  4.549249e+001 -8.888740e+000
    endloop
  endfacet
  facet normal -2.502464e-003  4.334404e-003  9.999875e-001
    outer loop
      vertex -4.154501e+001  7.647292e+001  1.280250e+001
      vertex -4.545499e+001  7.421550e+001  1.280250e+001
      vertex -2.378792e+001  4.169094e+001  1.299770e+001
    endloop
  endfacet
  facet normal -7.166814e-001 -4.142002e-001  5.610756e-001
    outer loop
      vertex -3.327155e+001  3.459775e+001  6.033391e+000
      vertex -3.203493e+001  3.574581e+001  8.460485e+000
      vertex -5.212438e+001  7.036492e+001  8.356239e+000
    endloop
  endfacet
  facet normal -7.523012e-001 -4.290086e-001  4.999946e-001
    outer loop
      vertex -5.212438e+001  7.036492e+001  8.356239e+000
      vertex -5.407937e+001  6.923621e+001  4.446262e+000
      vertex -3.327155e+001  3.459775e+001  6.033391e+000
    endloop
  endfacet
  facet normal  8.626171e-001  4.980322e-001  8.863166e-002
    outer loop
      vertex -1.184470e+001  4.651562e+001 -8.881784e-016
      vertex -3.224167e+001  8.184421e+001 -8.881784e-016
      vertex -1.205007e+001  4.646284e+001  2.295359e+000
    endloop
  endfacet
  facet normal  8.504351e-001  4.965954e-001  1.736465e-001
    outer loop
      vertex -1.205007e+001  4.646284e+001  2.295359e+000
      vertex -3.224167e+001  8.184421e+001 -8.881784e-016
      vertex -3.292063e+001  8.145221e+001  4.446262e+000
    endloop
  endfacet
  facet normal  8.353723e-001  4.820462e-001  2.641676e-001
    outer loop
      vertex -1.205007e+001  4.646284e+001  2.295359e+000
      vertex -3.292063e+001  8.145221e+001  4.446262e+000
      vertex -1.266663e+001  4.629856e+001  4.544878e+000
    endloop
  endfacet
  facet normal  7.809435e-001  4.511573e-001  4.319540e-001
    outer loop
      vertex -1.266663e+001  4.629856e+001  4.544878e+000
      vertex -3.292063e+001  8.145221e+001  4.446262e+000
      vertex -1.366229e+001  4.601458e+001  6.641575e+000
    endloop
  endfacet
  facet normal  7.475553e-001  4.372277e-001  4.999931e-001
    outer loop
      vertex -1.366229e+001  4.601458e+001  6.641575e+000
      vertex -3.292063e+001  8.145221e+001  4.446262e+000
      vertex -3.487562e+001  8.032350e+001  8.356239e+000
    endloop
  endfacet
  facet normal  6.957653e-001  4.003916e-001  5.963197e-001
    outer loop
      vertex -1.366229e+001  4.601458e+001  6.641575e+000
      vertex -3.487562e+001  8.032350e+001  8.356239e+000
      vertex -1.521219e+001  4.552570e+001  8.778196e+000
    endloop
  endfacet
  facet normal  5.748792e-001  3.339090e-001  7.470064e-001
    outer loop
      vertex -1.521219e+001  4.552570e+001  8.778196e+000
      vertex -3.487562e+001  8.032350e+001  8.356239e+000
      vertex -1.711429e+001  4.484530e+001  1.054614e+001
    endloop
  endfacet
  facet normal  5.546165e-001  3.249396e-001  7.660384e-001
    outer loop
      vertex -1.711429e+001  4.484530e+001  1.054614e+001
      vertex -3.487562e+001  8.032350e+001  8.356239e+000
      vertex -3.787083e+001  7.859421e+001  1.125833e+001
    endloop
  endfacet
  facet normal  4.336597e-001  2.484351e-001  8.661520e-001
    outer loop
      vertex -1.711429e+001  4.484530e+001  1.054614e+001
      vertex -3.787083e+001  7.859421e+001  1.125833e+001
      vertex -1.923452e+001  4.397765e+001  1.185655e+001
    endloop
  endfacet
  facet normal  2.712355e-001  1.624185e-001  9.487104e-001
    outer loop
      vertex -1.923452e+001  4.397765e+001  1.185655e+001
      vertex -3.787083e+001  7.859421e+001  1.125833e+001
      vertex -2.150256e+001  4.291433e+001  1.268702e+001
    endloop
  endfacet
  facet normal  2.950568e-001  1.729854e-001  9.396901e-001
    outer loop
      vertex -2.150256e+001  4.291433e+001  1.268702e+001
      vertex -3.787083e+001  7.859421e+001  1.125833e+001
      vertex -4.154501e+001  7.647292e+001  1.280250e+001
    endloop
  endfacet
  facet normal  1.036634e-001  5.849497e-002  9.928908e-001
    outer loop
      vertex -2.150256e+001  4.291433e+001  1.268702e+001
      vertex -4.154501e+001  7.647292e+001  1.280250e+001
      vertex -2.378792e+001  4.169094e+001  1.299770e+001
    endloop
  endfacet
  facet normal -2.984041e-001 -1.671823e-001  9.396835e-001
    outer loop
      vertex -4.912917e+001  7.209421e+001  1.125833e+001
      vertex -2.834532e+001  3.873684e+001  1.192369e+001
      vertex -4.545499e+001  7.421550e+001  1.280250e+001
    endloop
  endfacet
  facet normal -2.528259e-001 -1.456184e-001  9.564906e-001
    outer loop
      vertex -4.545499e+001  7.421550e+001  1.280250e+001
      vertex -2.834532e+001  3.873684e+001  1.192369e+001
      vertex -2.601217e+001  4.034064e+001  1.278457e+001
    endloop
  endfacet
  facet normal -7.058679e-002 -4.104169e-002  9.966609e-001
    outer loop
      vertex -4.545499e+001  7.421550e+001  1.280250e+001
      vertex -2.601217e+001  4.034064e+001  1.278457e+001
      vertex -2.378792e+001  4.169094e+001  1.299770e+001
    endloop
  endfacet
  facet normal -5.569580e-001 -3.208956e-001  7.660443e-001
    outer loop
      vertex -5.212438e+001  7.036492e+001  8.356239e+000
      vertex -3.203493e+001  3.574581e+001  8.460485e+000
      vertex -4.912917e+001  7.209421e+001  1.125833e+001
    endloop
  endfacet
  facet normal -5.935078e-001 -3.354330e-001  7.315962e-001
    outer loop
      vertex -4.912917e+001  7.209421e+001  1.125833e+001
      vertex -3.203493e+001  3.574581e+001  8.460485e+000
      vertex -3.037768e+001  3.716445e+001  1.045537e+001
    endloop
  endfacet
  facet normal -4.313765e-001 -2.514945e-001  8.664092e-001
    outer loop
      vertex -4.912917e+001  7.209421e+001  1.125833e+001
      vertex -3.037768e+001  3.716445e+001  1.045537e+001
      vertex -2.834532e+001  3.873684e+001  1.192369e+001
    endloop
  endfacet
  facet normal -8.528684e-001 -4.924039e-001  1.736486e-001
    outer loop
      vertex -5.475833e+001  6.884421e+001  4.181119e-015
      vertex -3.436136e+001  3.351563e+001  4.181119e-015
      vertex -5.407937e+001  6.923621e+001  4.446262e+000
    endloop
  endfacet
  facet normal -8.590385e-001 -4.918558e-001  1.418831e-001
    outer loop
      vertex -5.407937e+001  6.923621e+001  4.446262e+000
      vertex -3.436136e+001  3.351563e+001  4.181119e-015
      vertex -3.397937e+001  3.390284e+001  3.655121e+000
    endloop
  endfacet
  facet normal -8.022873e-001 -4.647823e-001  3.745831e-001
    outer loop
      vertex -5.407937e+001  6.923621e+001  4.446262e+000
      vertex -3.397937e+001  3.390284e+001  3.655121e+000
      vertex -3.327155e+001  3.459775e+001  6.033391e+000
    endloop
  endfacet
  facet normal -1.715585e-004 -9.009678e-002  9.959330e-001
    outer loop
      vertex  4.800000e+001  0.000000e+000  1.300000e+001
      vertex  4.794326e+001 -2.333089e+000  1.278893e+001
      vertex  8.700000e+001 -2.257426e+000  1.280250e+001
    endloop
  endfacet
  facet normal  5.064019e-003  -0.000000e+000  9.999872e-001
    outer loop
      vertex  4.800000e+001  0.000000e+000  1.300000e+001
      vertex  8.700000e+001 -2.257426e+000  1.280250e+001
      vertex  8.700000e+001  2.257426e+000  1.280250e+001
    endloop
  endfacet
  facet normal -1.963621e-004  9.052191e-002  9.958945e-001
    outer loop
      vertex  4.800000e+001  0.000000e+000  1.300000e+001
      vertex  8.700000e+001  2.257426e+000  1.280250e+001
      vertex  4.794273e+001  2.344016e+000  1.278693e+001
    endloop
  endfacet
  facet normal  0.000000e+000 -9.960827e-001  8.842747e-002
    outer loop
      vertex  4.620606e+001 -1.300000e+001 -4.181119e-015
      vertex  8.700000e+001 -1.300000e+001 -4.181119e-015
      vertex  4.626278e+001 -1.279670e+001  2.290091e+000
    endloop
  endfacet
  facet normal  4.846990e-003 -9.847962e-001  1.736461e-001
    outer loop
      vertex  4.626278e+001 -1.279670e+001  2.290091e+000
      vertex  8.700000e+001 -1.300000e+001 -4.181119e-015
      vertex  8.700000e+001 -1.221600e+001  4.446262e+000
    endloop
  endfacet
  facet normal -8.786523e-005 -9.651769e-001  2.615981e-001
    outer loop
      vertex  4.626278e+001 -1.279670e+001  2.290091e+000
      vertex  8.700000e+001 -1.221600e+001  4.446262e+000
      vertex  4.642324e+001 -1.220174e+001  4.485250e+000
    endloop
  endfacet
  facet normal  1.044933e-004 -8.991499e-001  4.376408e-001
    outer loop
      vertex  4.642324e+001 -1.220174e+001  4.485250e+000
      vertex  8.700000e+001 -1.221600e+001  4.446262e+000
      vertex  4.670900e+001 -1.105754e+001  6.835982e+000
    endloop
  endfacet
  facet normal  4.755464e-003 -8.660156e-001  4.999943e-001
    outer loop
      vertex  4.670900e+001 -1.105754e+001  6.835982e+000
      vertex  8.700000e+001 -1.221600e+001  4.446262e+000
      vertex  8.700000e+001 -9.958578e+000  8.356239e+000
    endloop
  endfacet
  facet normal -1.322417e-003 -7.934576e-001  6.086240e-001
    outer loop
      vertex  4.670900e+001 -1.105754e+001  6.835982e+000
      vertex  8.700000e+001 -9.958578e+000  8.356239e+000
      vertex  4.705632e+001 -9.471155e+000  8.904899e+000
    endloop
  endfacet
  facet normal  2.593686e-003 -6.463500e-001  7.630367e-001
    outer loop
      vertex  4.705632e+001 -9.471155e+000  8.904899e+000
      vertex  8.700000e+001 -9.958578e+000  8.356239e+000
      vertex  4.745412e+001 -7.218515e+000  1.081170e+001
    endloop
  endfacet
  facet normal  3.027268e-003 -6.427846e-001  7.660410e-001
    outer loop
      vertex  4.745412e+001 -7.218515e+000  1.081170e+001
      vertex  8.700000e+001 -9.958578e+000  8.356239e+000
      vertex  8.700000e+001 -6.500000e+000  1.125833e+001
    endloop
  endfacet
  facet normal -1.746694e-003 -4.568132e-001  8.895609e-001
    outer loop
      vertex  4.745412e+001 -7.218515e+000  1.081170e+001
      vertex  8.700000e+001 -6.500000e+000  1.125833e+001
      vertex  4.778044e+001 -4.585823e+000  1.216430e+001
    endloop
  endfacet
  facet normal  1.827702e-004 -2.672061e-001  9.636393e-001
    outer loop
      vertex  4.794326e+001 -2.333089e+000  1.278893e+001
      vertex  4.778044e+001 -4.585823e+000  1.216430e+001
      vertex  8.700000e+001 -2.257426e+000  1.280250e+001
    endloop
  endfacet
  facet normal  5.013956e-003 -3.420158e-001  9.396809e-001
    outer loop
      vertex  8.700000e+001 -2.257426e+000  1.280250e+001
      vertex  4.778044e+001 -4.585823e+000  1.216430e+001
      vertex  8.700000e+001 -6.500000e+000  1.125833e+001
    endloop
  endfacet
  facet normal  2.110802e-004  2.684405e-001  9.632962e-001
    outer loop
      vertex  4.794273e+001  2.344016e+000  1.278693e+001
      vertex  8.700000e+001  2.257426e+000  1.280250e+001
      vertex  4.777845e+001  4.606545e+000  1.215647e+001
    endloop
  endfacet
  facet normal  5.006749e-003  3.420158e-001  9.396809e-001
    outer loop
      vertex  4.777845e+001  4.606545e+000  1.215647e+001
      vertex  8.700000e+001  2.257426e+000  1.280250e+001
      vertex  8.700000e+001  6.500000e+000  1.125833e+001
    endloop
  endfacet
  facet normal -1.773669e-003  4.583245e-001  8.887832e-001
    outer loop
      vertex  4.777845e+001  4.606545e+000  1.215647e+001
      vertex  8.700000e+001  6.500000e+000  1.125833e+001
      vertex  4.745131e+001  7.236910e+000  1.079940e+001
    endloop
  endfacet
  facet normal  3.227841e-003  6.477129e-001  7.618776e-001
    outer loop
      vertex  4.745131e+001  7.236910e+000  1.079940e+001
      vertex  8.700000e+001  6.500000e+000  1.125833e+001
      vertex  4.705326e+001  9.486322e+000  8.888740e+000
    endloop
  endfacet
  facet normal  2.612440e-003  6.427853e-001  7.660419e-001
    outer loop
      vertex  4.705326e+001  9.486322e+000  8.888740e+000
      vertex  8.700000e+001  6.500000e+000  1.125833e+001
      vertex  8.700000e+001  9.958578e+000  8.356239e+000
    endloop
  endfacet
  facet normal -1.297374e-003  7.944883e-001  6.072780e-001
    outer loop
      vertex  4.705326e+001  9.486322e+000  8.888740e+000
      vertex  8.700000e+001  9.958578e+000  8.356239e+000
      vertex  4.670629e+001  1.106900e+001  6.817415e+000
    endloop
  endfacet
  facet normal  8.183284e-003  9.002317e-001  4.353344e-001
    outer loop
      vertex  4.670629e+001  1.106900e+001  6.817415e+000
      vertex  8.700000e+001  9.958578e+000  8.356239e+000
      vertex  4.642130e+001  1.220915e+001  4.465055e+000
    endloop
  endfacet
  facet normal  8.521829e-005  8.660254e-001  4.999999e-001
    outer loop
      vertex  4.642130e+001  1.220915e+001  4.465055e+000
      vertex  8.700000e+001  9.958578e+000  8.356239e+000
      vertex  8.700000e+001  1.221600e+001  4.446262e+000
    endloop
  endfacet
  facet normal -4.274358e-005  9.656016e-001  2.600260e-001
    outer loop
      vertex  4.642130e+001  1.220915e+001  4.465055e+000
      vertex  8.700000e+001  1.221600e+001  4.446262e+000
      vertex  4.626177e+001  1.280034e+001  2.269658e+000
    endloop
  endfacet
  facet normal  4.847772e-003  9.847962e-001  1.736461e-001
    outer loop
      vertex  4.626177e+001  1.280034e+001  2.269658e+000
      vertex  8.700000e+001  1.221600e+001  4.446262e+000
      vertex  8.700000e+001  1.300000e+001  0.000000e+000
    endloop
  endfacet
  facet normal  0.000000e+000  9.961529e-001  8.763216e-002
    outer loop
      vertex  4.626177e+001  1.280034e+001  2.269658e+000
      vertex  8.700000e+001  1.300000e+001  0.000000e+000
      vertex  4.620606e+001  1.300000e+001  0.000000e+000
    endloop
  endfacet
  facet normal -1.963621e-004  9.052191e-002 -9.958945e-001
    outer loop
      vertex  4.800000e+001  0.000000e+000 -1.300000e+001
      vertex  4.794273e+001  2.344016e+000 -1.278693e+001
      vertex  8.700000e+001  2.257426e+000 -1.280250e+001
    endloop
  endfacet
  facet normal  5.064019e-003  0.000000e+000 -9.999872e-001
    outer loop
      vertex  4.800000e+001  0.000000e+000 -1.300000e+001
      vertex  8.700000e+001  2.257426e+000 -1.280250e+001
      vertex  8.700000e+001 -2.257426e+000 -1.280250e+001
    endloop
  endfacet
  facet normal -1.227399e-004 -8.925995e-002 -9.960083e-001
    outer loop
      vertex  4.800000e+001  0.000000e+000 -1.300000e+001
      vertex  8.700000e+001 -2.257426e+000 -1.280250e+001
      vertex  4.794431e+001 -2.311563e+000 -1.279284e+001
    endloop
  endfacet
  facet normal  0.000000e+000  9.961529e-001 -8.763216e-002
    outer loop
      vertex  4.620606e+001  1.300000e+001  0.000000e+000
      vertex  8.700000e+001  1.300000e+001  0.000000e+000
      vertex  4.626177e+001  1.280034e+001 -2.269658e+000
    endloop
  endfacet
  facet normal  4.847772e-003  9.847962e-001 -1.736461e-001
    outer loop
      vertex  4.626177e+001  1.280034e+001 -2.269658e+000
      vertex  8.700000e+001  1.300000e+001  0.000000e+000
      vertex  8.700000e+001  1.221600e+001 -4.446262e+000
    endloop
  endfacet
  facet normal -4.274358e-005  9.656016e-001 -2.600260e-001
    outer loop
      vertex  4.626177e+001  1.280034e+001 -2.269658e+000
      vertex  8.700000e+001  1.221600e+001 -4.446262e+000
      vertex  4.642130e+001  1.220915e+001 -4.465055e+000
    endloop
  endfacet
  facet normal  4.992716e-005  8.998754e-001 -4.361471e-001
    outer loop
      vertex  4.642130e+001  1.220915e+001 -4.465055e+000
      vertex  8.700000e+001  1.221600e+001 -4.446262e+000
      vertex  4.670629e+001  1.106900e+001 -6.817415e+000
    endloop
  endfacet
  facet normal  4.770979e-003  8.660156e-001 -4.999942e-001
    outer loop
      vertex  4.670629e+001  1.106900e+001 -6.817415e+000
      vertex  8.700000e+001  1.221600e+001 -4.446262e+000
      vertex  8.700000e+001  9.958578e+000 -8.356239e+000
    endloop
  endfacet
  facet normal -1.297374e-003  7.944883e-001 -6.072780e-001
    outer loop
      vertex  4.670629e+001  1.106900e+001 -6.817415e+000
      vertex  8.700000e+001  9.958578e+000 -8.356239e+000
      vertex  4.705326e+001  9.486322e+000 -8.888740e+000
    endloop
  endfacet
  facet normal  2.500410e-003  6.476396e-001 -7.619427e-001
    outer loop
      vertex  4.705326e+001  9.486322e+000 -8.888740e+000
      vertex  8.700000e+001  9.958578e+000 -8.356239e+000
      vertex  4.745131e+001  7.236910e+000 -1.079940e+001
    endloop
  endfacet
  facet normal  3.087696e-003  6.427845e-001 -7.660409e-001
    outer loop
      vertex  4.745131e+001  7.236910e+000 -1.079940e+001
      vertex  8.700000e+001  9.958578e+000 -8.356239e+000
      vertex  8.700000e+001  6.500000e+000 -1.125833e+001
    endloop
  endfacet
  facet normal -1.773669e-003  4.583245e-001 -8.887832e-001
    outer loop
      vertex  4.745131e+001  7.236910e+000 -1.079940e+001
      vertex  8.700000e+001  6.500000e+000 -1.125833e+001
      vertex  4.777845e+001  4.606545e+000 -1.215647e+001
    endloop
  endfacet
  facet normal  2.110795e-004  2.684405e-001 -9.632962e-001
    outer loop
      vertex  4.794273e+001  2.344016e+000 -1.278693e+001
      vertex  4.777845e+001  4.606545e+000 -1.215647e+001
      vertex  8.700000e+001  2.257426e+000 -1.280250e+001
    endloop
  endfacet
  facet normal  5.006748e-003  3.420158e-001 -9.396808e-001
    outer loop
      vertex  8.700000e+001  2.257426e+000 -1.280250e+001
      vertex  4.777845e+001  4.606545e+000 -1.215647e+001
      vertex  8.700000e+001  6.500000e+000 -1.125833e+001
    endloop
  endfacet
  facet normal  1.283923e-004 -2.647739e-001 -9.643105e-001
    outer loop
      vertex  4.794431e+001 -2.311563e+000 -1.279284e+001
      vertex  8.700000e+001 -2.257426e+000 -1.280250e+001
      vertex  4.778434e+001 -4.544971e+000 -1.217962e+001
    endloop
  endfacet
  facet normal  5.025304e-003 -3.420158e-001 -9.396808e-001
    outer loop
      vertex  4.778434e+001 -4.544971e+000 -1.217962e+001
      vertex  8.700000e+001 -2.257426e+000 -1.280250e+001
      vertex  8.700000e+001 -6.500000e+000 -1.125833e+001
    endloop
  endfacet
  facet normal -2.275766e-003 -4.632710e-001 -8.862138e-001
    outer loop
      vertex  4.778434e+001 -4.544971e+000 -1.217962e+001
      vertex  8.700000e+001 -6.500000e+000 -1.125833e+001
      vertex  4.742425e+001 -7.412202e+000 -1.067984e+001
    endloop
  endfacet
  facet normal  4.525489e-003 -6.681588e-001 -7.440050e-001
    outer loop
      vertex  4.742425e+001 -7.412202e+000 -1.067984e+001
      vertex  8.700000e+001 -6.500000e+000 -1.125833e+001
      vertex  4.698600e+001 -9.814059e+000 -8.525506e+000
    endloop
  endfacet
  facet normal  9.189507e-004 -6.427873e-001 -7.660441e-001
    outer loop
      vertex  4.698600e+001 -9.814059e+000 -8.525506e+000
      vertex  8.700000e+001 -6.500000e+000 -1.125833e+001
      vertex  8.700000e+001 -9.958578e+000 -8.356239e+000
    endloop
  endfacet
  facet normal -4.552382e-004 -8.111052e-001 -5.848999e-001
    outer loop
      vertex  4.698600e+001 -9.814059e+000 -8.525506e+000
      vertex  8.700000e+001 -9.958578e+000 -8.356239e+000
      vertex  4.667765e+001 -1.118917e+001 -6.618345e+000
    endloop
  endfacet
  facet normal  9.130894e-003 -9.037068e-001 -4.280545e-001
    outer loop
      vertex  4.667765e+001 -1.118917e+001 -6.618345e+000
      vertex  8.700000e+001 -9.958578e+000 -8.356239e+000
      vertex  4.642358e+001 -1.220048e+001 -4.488694e+000
    endloop
  endfacet
  facet normal  1.914596e-004 -8.660254e-001 -4.999999e-001
    outer loop
      vertex  4.642358e+001 -1.220048e+001 -4.488694e+000
      vertex  8.700000e+001 -9.958578e+000 -8.356239e+000
      vertex  8.700000e+001 -1.221600e+001 -4.446262e+000
    endloop
  endfacet
  facet normal -9.597895e-005 -9.652216e-001 -2.614332e-001
    outer loop
      vertex  4.642358e+001 -1.220048e+001 -4.488694e+000
      vertex  8.700000e+001 -1.221600e+001 -4.446262e+000
      vertex  4.626238e+001 -1.279813e+001 -2.282089e+000
    endloop
  endfacet
  facet normal  0.000000e+000 -9.961101e-001 -8.811598e-002
    outer loop
      vertex  4.620606e+001 -1.300000e+001 -4.181119e-015
      vertex  4.626238e+001 -1.279813e+001 -2.282089e+000
      vertex  8.700000e+001 -1.300000e+001 -4.181119e-015
    endloop
  endfacet
  facet normal  4.847395e-003 -9.847963e-001 -1.736461e-001
    outer loop
      vertex  8.700000e+001 -1.300000e+001 -4.181119e-015
      vertex  4.626238e+001 -1.279813e+001 -2.282089e+000
      vertex  8.700000e+001 -1.221600e+001 -4.446262e+000
    endloop
  endfacet
  facet normal -9.951847e-001  9.801719e-002  0.000000e+000
    outer loop
      vertex -3.900000e+001  4.776122e-015  1.240000e+002
      vertex -3.900000e+001  4.776122e-015  1.320000e+002
      vertex -3.825063e+001  7.608522e+000  1.240000e+002
    endloop
  endfacet
  facet normal -9.951847e-001  9.801719e-002  0.000000e+000
    outer loop
      vertex -3.825063e+001  7.608522e+000  1.240000e+002
      vertex -3.900000e+001  4.776122e-015  1.320000e+002
      vertex -3.825063e+001  7.608522e+000  1.320000e+002
    endloop
  endfacet
  facet normal -9.569404e-001  2.902844e-001  0.000000e+000
    outer loop
      vertex -3.825063e+001  7.608522e+000  1.240000e+002
      vertex -3.825063e+001  7.608522e+000  1.320000e+002
      vertex -3.603130e+001  1.492465e+001  1.240000e+002
    endloop
  endfacet
  facet normal -9.569404e-001  2.902844e-001  0.000000e+000
    outer loop
      vertex -3.603130e+001  1.492465e+001  1.240000e+002
      vertex -3.825063e+001  7.608522e+000  1.320000e+002
      vertex -3.603130e+001  1.492465e+001  1.320000e+002
    endloop
  endfacet
  facet normal -8.819211e-001  4.713970e-001  0.000000e+000
    outer loop
      vertex -3.603130e+001  1.492465e+001  1.240000e+002
      vertex -3.603130e+001  1.492465e+001  1.320000e+002
      vertex -3.242731e+001  2.166724e+001  1.240000e+002
    endloop
  endfacet
  facet normal -8.819211e-001  4.713970e-001  0.000000e+000
    outer loop
      vertex -3.242731e+001  2.166724e+001  1.240000e+002
      vertex -3.603130e+001  1.492465e+001  1.320000e+002
      vertex -3.242731e+001  2.166724e+001  1.320000e+002
    endloop
  endfacet
  facet normal -7.730104e-001  6.343933e-001  0.000000e+000
    outer loop
      vertex -3.242731e+001  2.166724e+001  1.240000e+002
      vertex -3.242731e+001  2.166724e+001  1.320000e+002
      vertex -2.757716e+001  2.757716e+001  1.240000e+002
    endloop
  endfacet
  facet normal -7.730104e-001  6.343933e-001  0.000000e+000
    outer loop
      vertex -2.757716e+001  2.757716e+001  1.240000e+002
      vertex -3.242731e+001  2.166724e+001  1.320000e+002
      vertex -2.757716e+001  2.757716e+001  1.320000e+002
    endloop
  endfacet
  facet normal -6.343933e-001  7.730104e-001  0.000000e+000
    outer loop
      vertex -2.757716e+001  2.757716e+001  1.240000e+002
      vertex -2.757716e+001  2.757716e+001  1.320000e+002
      vertex -2.166724e+001  3.242731e+001  1.240000e+002
    endloop
  endfacet
  facet normal -6.343933e-001  7.730104e-001  0.000000e+000
    outer loop
      vertex -2.166724e+001  3.242731e+001  1.240000e+002
      vertex -2.757716e+001  2.757716e+001  1.320000e+002
      vertex -2.166724e+001  3.242731e+001  1.320000e+002
    endloop
  endfacet
  facet normal -4.713970e-001  8.819211e-001  0.000000e+000
    outer loop
      vertex -2.166724e+001  3.242731e+001  1.240000e+002
      vertex -2.166724e+001  3.242731e+001  1.320000e+002
      vertex -1.492465e+001  3.603130e+001  1.240000e+002
    endloop
  endfacet
  facet normal -4.713970e-001  8.819211e-001  0.000000e+000
    outer loop
      vertex -1.492465e+001  3.603130e+001  1.240000e+002
      vertex -2.166724e+001  3.242731e+001  1.320000e+002
      vertex -1.492465e+001  3.603130e+001  1.320000e+002
    endloop
  endfacet
  facet normal -2.902844e-001  9.569404e-001  0.000000e+000
    outer loop
      vertex -1.492465e+001  3.603130e+001  1.240000e+002
      vertex -1.492465e+001  3.603130e+001  1.320000e+002
      vertex -7.608522e+000  3.825063e+001  1.240000e+002
    endloop
  endfacet
  facet normal -2.902844e-001  9.569404e-001  0.000000e+000
    outer loop
      vertex -7.608522e+000  3.825063e+001  1.240000e+002
      vertex -1.492465e+001  3.603130e+001  1.320000e+002
      vertex -7.608522e+000  3.825063e+001  1.320000e+002
    endloop
  endfacet
  facet normal -9.801719e-002  9.951847e-001  0.000000e+000
    outer loop
      vertex -7.608522e+000  3.825063e+001  1.240000e+002
      vertex -7.608522e+000  3.825063e+001  1.320000e+002
      vertex  2.388061e-015  3.900000e+001  1.240000e+002
    endloop
  endfacet
  facet normal -9.801719e-002  9.951847e-001  0.000000e+000
    outer loop
      vertex  2.388061e-015  3.900000e+001  1.240000e+002
      vertex -7.608522e+000  3.825063e+001  1.320000e+002
      vertex  2.388061e-015  3.900000e+001  1.320000e+002
    endloop
  endfacet
  facet normal  9.801719e-002  9.951847e-001  0.000000e+000
    outer loop
      vertex  2.388061e-015  3.900000e+001  1.240000e+002
      vertex  2.388061e-015  3.900000e+001  1.320000e+002
      vertex  7.608522e+000  3.825063e+001  1.240000e+002
    endloop
  endfacet
  facet normal  9.801719e-002  9.951847e-001  -0.000000e+000
    outer loop
      vertex  7.608522e+000  3.825063e+001  1.240000e+002
      vertex  2.388061e-015  3.900000e+001  1.320000e+002
      vertex  7.608522e+000  3.825063e+001  1.320000e+002
    endloop
  endfacet
  facet normal  2.902844e-001  9.569404e-001  0.000000e+000
    outer loop
      vertex  7.608522e+000  3.825063e+001  1.240000e+002
      vertex  7.608522e+000  3.825063e+001  1.320000e+002
      vertex  1.492465e+001  3.603130e+001  1.240000e+002
    endloop
  endfacet
  facet normal  2.902844e-001  9.569404e-001  -0.000000e+000
    outer loop
      vertex  1.492465e+001  3.603130e+001  1.240000e+002
      vertex  7.608522e+000  3.825063e+001  1.320000e+002
      vertex  1.492465e+001  3.603130e+001  1.320000e+002
    endloop
  endfacet
  facet normal  4.713970e-001  8.819211e-001  0.000000e+000
    outer loop
      vertex  1.492465e+001  3.603130e+001  1.240000e+002
      vertex  1.492465e+001  3.603130e+001  1.320000e+002
      vertex  2.166724e+001  3.242731e+001  1.240000e+002
    endloop
  endfacet
  facet normal  4.713970e-001  8.819211e-001  -0.000000e+000
    outer loop
      vertex  2.166724e+001  3.242731e+001  1.240000e+002
      vertex  1.492465e+001  3.603130e+001  1.320000e+002
      vertex  2.166724e+001  3.242731e+001  1.320000e+002
    endloop
  endfacet
  facet normal  6.343933e-001  7.730104e-001  0.000000e+000
    outer loop
      vertex  2.166724e+001  3.242731e+001  1.240000e+002
      vertex  2.166724e+001  3.242731e+001  1.320000e+002
      vertex  2.757716e+001  2.757716e+001  1.240000e+002
    endloop
  endfacet
  facet normal  6.343933e-001  7.730104e-001  -0.000000e+000
    outer loop
      vertex  2.757716e+001  2.757716e+001  1.240000e+002
      vertex  2.166724e+001  3.242731e+001  1.320000e+002
      vertex  2.757716e+001  2.757716e+001  1.320000e+002
    endloop
  endfacet
  facet normal  7.730104e-001  6.343933e-001  0.000000e+000
    outer loop
      vertex  2.757716e+001  2.757716e+001  1.240000e+002
      vertex  2.757716e+001  2.757716e+001  1.320000e+002
      vertex  3.242731e+001  2.166724e+001  1.240000e+002
    endloop
  endfacet
  facet normal  7.730104e-001  6.343933e-001  -0.000000e+000
    outer loop
      vertex  3.242731e+001  2.166724e+001  1.240000e+002
      vertex  2.757716e+001  2.757716e+001  1.320000e+002
      vertex  3.242731e+001  2.166724e+001  1.320000e+002
    endloop
  endfacet
  facet normal  8.819211e-001  4.713970e-001  0.000000e+000
    outer loop
      vertex  3.242731e+001  2.166724e+001  1.240000e+002
      vertex  3.242731e+001  2.166724e+001  1.320000e+002
      vertex  3.603130e+001  1.492465e+001  1.240000e+002
    endloop
  endfacet
  facet normal  8.819211e-001  4.713970e-001  -0.000000e+000
    outer loop
      vertex  3.603130e+001  1.492465e+001  1.240000e+002
      vertex  3.242731e+001  2.166724e+001  1.320000e+002
      vertex  3.603130e+001  1.492465e+001  1.320000e+002
    endloop
  endfacet
  facet normal  9.569404e-001  2.902844e-001  0.000000e+000
    outer loop
      vertex  3.603130e+001  1.492465e+001  1.240000e+002
      vertex  3.603130e+001  1.492465e+001  1.320000e+002
      vertex  3.825063e+001  7.608522e+000  1.240000e+002
    endloop
  endfacet
  facet normal  9.569404e-001  2.902844e-001  -0.000000e+000
    outer loop
      vertex  3.825063e+001  7.608522e+000  1.240000e+002
      vertex  3.603130e+001  1.492465e+001  1.320000e+002
      vertex  3.825063e+001  7.608522e+000  1.320000e+002
    endloop
  endfacet
  facet normal  9.951847e-001  9.801719e-002  0.000000e+000
    outer loop
      vertex  3.825063e+001  7.608522e+000  1.240000e+002
      vertex  3.825063e+001  7.608522e+000  1.320000e+002
      vertex  3.900000e+001  0.000000e+000  1.240000e+002
    endloop
  endfacet
  facet normal  9.951847e-001  9.801719e-002  -0.000000e+000
    outer loop
      vertex  3.900000e+001  0.000000e+000  1.240000e+002
      vertex  3.825063e+001  7.608522e+000  1.320000e+002
      vertex  3.900000e+001  0.000000e+000  1.320000e+002
    endloop
  endfacet
  facet normal -9.951847e-001  9.801719e-002  0.000000e+000
    outer loop
      vertex -3.900000e+001  4.776122e-015  1.420000e+002
      vertex -3.900000e+001  4.776122e-015  1.500000e+002
      vertex -3.825063e+001  7.608522e+000  1.420000e+002
    endloop
  endfacet
  facet normal -9.951847e-001  9.801719e-002  0.000000e+000
    outer loop
      vertex -3.825063e+001  7.608522e+000  1.420000e+002
      vertex -3.900000e+001  4.776122e-015  1.500000e+002
      vertex -3.825063e+001  7.608522e+000  1.500000e+002
    endloop
  endfacet
  facet normal -9.569404e-001  2.902844e-001  0.000000e+000
    outer loop
      vertex -3.825063e+001  7.608522e+000  1.420000e+002
      vertex -3.825063e+001  7.608522e+000  1.500000e+002
      vertex -3.603130e+001  1.492465e+001  1.420000e+002
    endloop
  endfacet
  facet normal -9.569404e-001  2.902844e-001  0.000000e+000
    outer loop
      vertex -3.603130e+001  1.492465e+001  1.420000e+002
      vertex -3.825063e+001  7.608522e+000  1.500000e+002
      vertex -3.603130e+001  1.492465e+001  1.500000e+002
    endloop
  endfacet
  facet normal -8.819211e-001  4.713970e-001  0.000000e+000
    outer loop
      vertex -3.603130e+001  1.492465e+001  1.420000e+002
      vertex -3.603130e+001  1.492465e+001  1.500000e+002
      vertex -3.242731e+001  2.166724e+001  1.420000e+002
    endloop
  endfacet
  facet normal -8.819211e-001  4.713970e-001  0.000000e+000
    outer loop
      vertex -3.242731e+001  2.166724e+001  1.420000e+002
      vertex -3.603130e+001  1.492465e+001  1.500000e+002
      vertex -3.242731e+001  2.166724e+001  1.500000e+002
    endloop
  endfacet
  facet normal -7.730104e-001  6.343933e-001  0.000000e+000
    outer loop
      vertex -3.242731e+001  2.166724e+001  1.420000e+002
      vertex -3.242731e+001  2.166724e+001  1.500000e+002
      vertex -2.757716e+001  2.757716e+001  1.420000e+002
    endloop
  endfacet
  facet normal -7.730104e-001  6.343933e-001  0.000000e+000
    outer loop
      vertex -2.757716e+001  2.757716e+001  1.420000e+002
      vertex -3.242731e+001  2.166724e+001  1.500000e+002
      vertex -2.757716e+001  2.757716e+001  1.500000e+002
    endloop
  endfacet
  facet normal -6.343933e-001  7.730104e-001  0.000000e+000
    outer loop
      vertex -2.757716e+001  2.757716e+001  1.420000e+002
      vertex -2.757716e+001  2.757716e+001  1.500000e+002
      vertex -2.166724e+001  3.242731e+001  1.420000e+002
    endloop
  endfacet
  facet normal -6.343933e-001  7.730104e-001  0.000000e+000
    outer loop
      vertex -2.166724e+001  3.242731e+001  1.420000e+002
      vertex -2.757716e+001  2.757716e+001  1.500000e+002
      vertex -2.166724e+001  3.242731e+001  1.500000e+002
    endloop
  endfacet
  facet normal -4.713970e-001  8.819211e-001  0.000000e+000
    outer loop
      vertex -2.166724e+001  3.242731e+001  1.420000e+002
      vertex -2.166724e+001  3.242731e+001  1.500000e+002
      vertex -1.492465e+001  3.603130e+001  1.420000e+002
    endloop
  endfacet
  facet normal -4.713970e-001  8.819211e-001  0.000000e+000
    outer loop
      vertex -1.492465e+001  3.603130e+001  1.420000e+002
      vertex -2.166724e+001  3.242731e+001  1.500000e+002
      vertex -1.492465e+001  3.603130e+001  1.500000e+002
    endloop
  endfacet
  facet normal -2.902844e-001  9.569404e-001  0.000000e+000
    outer loop
      vertex -1.492465e+001  3.603130e+001  1.420000e+002
      vertex -1.492465e+001  3.603130e+001  1.500000e+002
      vertex -7.608522e+000  3.825063e+001  1.420000e+002
    endloop
  endfacet
  facet normal -2.902844e-001  9.569404e-001  0.000000e+000
    outer loop
      vertex -7.608522e+000  3.825063e+001  1.420000e+002
      vertex -1.492465e+001  3.603130e+001  1.500000e+002
      vertex -7.608522e+000  3.825063e+001  1.500000e+002
    endloop
  endfacet
  facet normal -9.801719e-002  9.951847e-001  0.000000e+000
    outer loop
      vertex -7.608522e+000  3.825063e+001  1.420000e+002
      vertex -7.608522e+000  3.825063e+001  1.500000e+002
      vertex  2.388061e-015  3.900000e+001  1.420000e+002
    endloop
  endfacet
  facet normal -9.801719e-002  9.951847e-001  0.000000e+000
    outer loop
      vertex  2.388061e-015  3.900000e+001  1.420000e+002
      vertex -7.608522e+000  3.825063e+001  1.500000e+002
      vertex  2.388061e-015  3.900000e+001  1.500000e+002
    endloop
  endfacet
  facet normal  9.801719e-002  9.951847e-001  0.000000e+000
    outer loop
      vertex  2.388061e-015  3.900000e+001  1.420000e+002
      vertex  2.388061e-015  3.900000e+001  1.500000e+002
      vertex  7.608522e+000  3.825063e+001  1.420000e+002
    endloop
  endfacet
  facet normal  9.801719e-002  9.951847e-001  -0.000000e+000
    outer loop
      vertex  7.608522e+000  3.825063e+001  1.420000e+002
      vertex  2.388061e-015  3.900000e+001  1.500000e+002
      vertex  7.608522e+000  3.825063e+001  1.500000e+002
    endloop
  endfacet
  facet normal  2.902844e-001  9.569404e-001  0.000000e+000
    outer loop
      vertex  7.608522e+000  3.825063e+001  1.420000e+002
      vertex  7.608522e+000  3.825063e+001  1.500000e+002
      vertex  1.492465e+001  3.603130e+001  1.420000e+002
    endloop
  endfacet
  facet normal  2.902844e-001  9.569404e-001  -0.000000e+000
    outer loop
      vertex  1.492465e+001  3.603130e+001  1.420000e+002
      vertex  7.608522e+000  3.825063e+001  1.500000e+002
      vertex  1.492465e+001  3.603130e+001  1.500000e+002
    endloop
  endfacet
  facet normal  4.713970e-001  8.819211e-001  0.000000e+000
    outer loop
      vertex  1.492465e+001  3.603130e+001  1.420000e+002
      vertex  1.492465e+001  3.603130e+001  1.500000e+002
      vertex  2.166724e+001  3.242731e+001  1.420000e+002
    endloop
  endfacet
  facet normal  4.713970e-001  8.819211e-001  -0.000000e+000
    outer loop
      vertex  2.166724e+001  3.242731e+001  1.420000e+002
      vertex  1.492465e+001  3.603130e+001  1.500000e+002
      vertex  2.166724e+001  3.242731e+001  1.500000e+002
    endloop
  endfacet
  facet normal  6.343933e-001  7.730104e-001  0.000000e+000
    outer loop
      vertex  2.166724e+001  3.242731e+001  1.420000e+002
      vertex  2.166724e+001  3.242731e+001  1.500000e+002
      vertex  2.757716e+001  2.757716e+001  1.420000e+002
    endloop
  endfacet
  facet normal  6.343933e-001  7.730104e-001  -0.000000e+000
    outer loop
      vertex  2.757716e+001  2.757716e+001  1.420000e+002
      vertex  2.166724e+001  3.242731e+001  1.500000e+002
      vertex  2.757716e+001  2.757716e+001  1.500000e+002
    endloop
  endfacet
  facet normal  7.730104e-001  6.343933e-001  0.000000e+000
    outer loop
      vertex  2.757716e+001  2.757716e+001  1.420000e+002
      vertex  2.757716e+001  2.757716e+001  1.500000e+002
      vertex  3.242731e+001  2.166724e+001  1.420000e+002
    endloop
  endfacet
  facet normal  7.730104e-001  6.343933e-001  -0.000000e+000
    outer loop
      vertex  3.242731e+001  2.166724e+001  1.420000e+002
      vertex  2.757716e+001  2.757716e+001  1.500000e+002
      vertex  3.242731e+001  2.166724e+001  1.500000e+002
    endloop
  endfacet
  facet normal  8.819211e-001  4.713970e-001  0.000000e+000
    outer loop
      vertex  3.242731e+001  2.166724e+001  1.420000e+002
      vertex  3.242731e+001  2.166724e+001  1.500000e+002
      vertex  3.603130e+001  1.492465e+001  1.420000e+002
    endloop
  endfacet
  facet normal  8.819211e-001  4.713970e-001  -0.000000e+000
    outer loop
      vertex  3.603130e+001  1.492465e+001  1.420000e+002
      vertex  3.242731e+001  2.166724e+001  1.500000e+002
      vertex  3.603130e+001  1.492465e+001  1.500000e+002
    endloop
  endfacet
  facet normal  9.569404e-001  2.902844e-001  0.000000e+000
    outer loop
      vertex  3.603130e+001  1.492465e+001  1.420000e+002
      vertex  3.603130e+001  1.492465e+001  1.500000e+002
      vertex  3.825063e+001  7.608522e+000  1.420000e+002
    endloop
  endfacet
  facet normal  9.569404e-001  2.902844e-001  -0.000000e+000
    outer loop
      vertex  3.825063e+001  7.608522e+000  1.420000e+002
      vertex  3.603130e+001  1.492465e+001  1.500000e+002
      vertex  3.825063e+001  7.608522e+000  1.500000e+002
    endloop
  endfacet
  facet normal  9.951847e-001  9.801719e-002  0.000000e+000
    outer loop
      vertex  3.825063e+001  7.608522e+000  1.420000e+002
      vertex  3.825063e+001  7.608522e+000  1.500000e+002
      vertex  3.900000e+001  0.000000e+000  1.420000e+002
    endloop
  endfacet
  facet normal  9.951847e-001  9.801719e-002  -0.000000e+000
    outer loop
      vertex  3.900000e+001  0.000000e+000  1.420000e+002
      vertex  3.825063e+001  7.608522e+000  1.500000e+002
      vertex  3.900000e+001  0.000000e+000  1.500000e+002
    endloop
  endfacet
  facet normal  9.951847e-001 -9.801719e-002  0.000000e+000
    outer loop
      vertex  3.900000e+001  0.000000e+000  1.240000e+002
      vertex  3.900000e+001  0.000000e+000  1.320000e+002
      vertex  3.825063e+001 -7.608522e+000  1.240000e+002
    endloop
  endfacet
  facet normal  9.951847e-001 -9.801719e-002  0.000000e+000
    outer loop
      vertex  3.825063e+001 -7.608522e+000  1.240000e+002
      vertex  3.900000e+001  0.000000e+000  1.320000e+002
      vertex  3.825063e+001 -7.608522e+000  1.320000e+002
    endloop
  endfacet
  facet normal  9.569404e-001 -2.902844e-001  0.000000e+000
    outer loop
      vertex  3.825063e+001 -7.608522e+000  1.240000e+002
      vertex  3.825063e+001 -7.608522e+000  1.320000e+002
      vertex  3.603130e+001 -1.492465e+001  1.240000e+002
    endloop
  endfacet
  facet normal  9.569404e-001 -2.902844e-001  0.000000e+000
    outer loop
      vertex  3.603130e+001 -1.492465e+001  1.240000e+002
      vertex  3.825063e+001 -7.608522e+000  1.320000e+002
      vertex  3.603130e+001 -1.492465e+001  1.320000e+002
    endloop
  endfacet
  facet normal  8.819211e-001 -4.713970e-001  0.000000e+000
    outer loop
      vertex  3.603130e+001 -1.492465e+001  1.240000e+002
      vertex  3.603130e+001 -1.492465e+001  1.320000e+002
      vertex  3.242731e+001 -2.166724e+001  1.240000e+002
    endloop
  endfacet
  facet normal  8.819211e-001 -4.713970e-001  0.000000e+000
    outer loop
      vertex  3.242731e+001 -2.166724e+001  1.240000e+002
      vertex  3.603130e+001 -1.492465e+001  1.320000e+002
      vertex  3.242731e+001 -2.166724e+001  1.320000e+002
    endloop
  endfacet
  facet normal  7.730104e-001 -6.343933e-001  0.000000e+000
    outer loop
      vertex  3.242731e+001 -2.166724e+001  1.240000e+002
      vertex  3.242731e+001 -2.166724e+001  1.320000e+002
      vertex  2.757716e+001 -2.757716e+001  1.240000e+002
    endloop
  endfacet
  facet normal  7.730104e-001 -6.343933e-001  0.000000e+000
    outer loop
      vertex  2.757716e+001 -2.757716e+001  1.240000e+002
      vertex  3.242731e+001 -2.166724e+001  1.320000e+002
      vertex  2.757716e+001 -2.757716e+001  1.320000e+002
    endloop
  endfacet
  facet normal  6.343933e-001 -7.730104e-001  0.000000e+000
    outer loop
      vertex  2.757716e+001 -2.757716e+001  1.240000e+002
      vertex  2.757716e+001 -2.757716e+001  1.320000e+002
      vertex  2.166724e+001 -3.242731e+001  1.240000e+002
    endloop
  endfacet
  facet normal  6.343933e-001 -7.730104e-001  0.000000e+000
    outer loop
      vertex  2.166724e+001 -3.242731e+001  1.240000e+002
      vertex  2.757716e+001 -2.757716e+001  1.320000e+002
      vertex  2.166724e+001 -3.242731e+001  1.320000e+002
    endloop
  endfacet
  facet normal  4.713970e-001 -8.819211e-001  0.000000e+000
    outer loop
      vertex  2.166724e+001 -3.242731e+001  1.240000e+002
      vertex  2.166724e+001 -3.242731e+001  1.320000e+002
      vertex  1.492465e+001 -3.603130e+001  1.240000e+002
    endloop
  endfacet
  facet normal  4.713970e-001 -8.819211e-001  0.000000e+000
    outer loop
      vertex  1.492465e+001 -3.603130e+001  1.240000e+002
      vertex  2.166724e+001 -3.242731e+001  1.320000e+002
      vertex  1.492465e+001 -3.603130e+001  1.320000e+002
    endloop
  endfacet
  facet normal  2.902844e-001 -9.569404e-001  0.000000e+000
    outer loop
      vertex  1.492465e+001 -3.603130e+001  1.240000e+002
      vertex  1.492465e+001 -3.603130e+001  1.320000e+002
      vertex  7.608522e+000 -3.825063e+001  1.240000e+002
    endloop
  endfacet
  facet normal  2.902844e-001 -9.569404e-001  0.000000e+000
    outer loop
      vertex  7.608522e+000 -3.825063e+001  1.240000e+002
      vertex  1.492465e+001 -3.603130e+001  1.320000e+002
      vertex  7.608522e+000 -3.825063e+001  1.320000e+002
    endloop
  endfacet
  facet normal  9.801719e-002 -9.951847e-001  0.000000e+000
    outer loop
      vertex  7.608522e+000 -3.825063e+001  1.240000e+002
      vertex  7.608522e+000 -3.825063e+001  1.320000e+002
      vertex -7.164183e-015 -3.900000e+001  1.240000e+002
    endloop
  endfacet
  facet normal  9.801719e-002 -9.951847e-001  0.000000e+000
    outer loop
      vertex -7.164183e-015 -3.900000e+001  1.240000e+002
      vertex  7.608522e+000 -3.825063e+001  1.320000e+002
      vertex -7.164183e-015 -3.900000e+001  1.320000e+002
    endloop
  endfacet
  facet normal -9.801719e-002 -9.951847e-001  -0.000000e+000
    outer loop
      vertex -7.164183e-015 -3.900000e+001  1.240000e+002
      vertex -7.164183e-015 -3.900000e+001  1.320000e+002
      vertex -7.608522e+000 -3.825063e+001  1.240000e+002
    endloop
  endfacet
  facet normal -9.801719e-002 -9.951847e-001  0.000000e+000
    outer loop
      vertex -7.608522e+000 -3.825063e+001  1.240000e+002
      vertex -7.164183e-015 -3.900000e+001  1.320000e+002
      vertex -7.608522e+000 -3.825063e+001  1.320000e+002
    endloop
  endfacet
  facet normal -2.902844e-001 -9.569404e-001  -0.000000e+000
    outer loop
      vertex -7.608522e+000 -3.825063e+001  1.240000e+002
      vertex -7.608522e+000 -3.825063e+001  1.320000e+002
      vertex -1.492465e+001 -3.603130e+001  1.240000e+002
    endloop
  endfacet
  facet normal -2.902844e-001 -9.569404e-001  0.000000e+000
    outer loop
      vertex -1.492465e+001 -3.603130e+001  1.240000e+002
      vertex -7.608522e+000 -3.825063e+001  1.320000e+002
      vertex -1.492465e+001 -3.603130e+001  1.320000e+002
    endloop
  endfacet
  facet normal -4.713970e-001 -8.819211e-001  -0.000000e+000
    outer loop
      vertex -1.492465e+001 -3.603130e+001  1.240000e+002
      vertex -1.492465e+001 -3.603130e+001  1.320000e+002
      vertex -2.166724e+001 -3.242731e+001  1.240000e+002
    endloop
  endfacet
  facet normal -4.713970e-001 -8.819211e-001  0.000000e+000
    outer loop
      vertex -2.166724e+001 -3.242731e+001  1.240000e+002
      vertex -1.492465e+001 -3.603130e+001  1.320000e+002
      vertex -2.166724e+001 -3.242731e+001  1.320000e+002
    endloop
  endfacet
  facet normal -6.343933e-001 -7.730104e-001  -0.000000e+000
    outer loop
      vertex -2.166724e+001 -3.242731e+001  1.240000e+002
      vertex -2.166724e+001 -3.242731e+001  1.320000e+002
      vertex -2.757716e+001 -2.757716e+001  1.240000e+002
    endloop
  endfacet
  facet normal -6.343933e-001 -7.730104e-001  0.000000e+000
    outer loop
      vertex -2.757716e+001 -2.757716e+001  1.240000e+002
      vertex -2.166724e+001 -3.242731e+001  1.320000e+002
      vertex -2.757716e+001 -2.757716e+001  1.320000e+002
    endloop
  endfacet
  facet normal -7.730104e-001 -6.343933e-001  -0.000000e+000
    outer loop
      vertex -2.757716e+001 -2.757716e+001  1.240000e+002
      vertex -2.757716e+001 -2.757716e+001  1.320000e+002
      vertex -3.242731e+001 -2.166724e+001  1.240000e+002
    endloop
  endfacet
  facet normal -7.730104e-001 -6.343933e-001  0.000000e+000
    outer loop
      vertex -3.242731e+001 -2.166724e+001  1.240000e+002
      vertex -2.757716e+001 -2.757716e+001  1.320000e+002
      vertex -3.242731e+001 -2.166724e+001  1.320000e+002
    endloop
  endfacet
  facet normal -8.819211e-001 -4.713970e-001  -0.000000e+000
    outer loop
      vertex -3.242731e+001 -2.166724e+001  1.240000e+002
      vertex -3.242731e+001 -2.166724e+001  1.320000e+002
      vertex -3.603130e+001 -1.492465e+001  1.240000e+002
    endloop
  endfacet
  facet normal -8.819211e-001 -4.713970e-001  0.000000e+000
    outer loop
      vertex -3.603130e+001 -1.492465e+001  1.240000e+002
      vertex -3.242731e+001 -2.166724e+001  1.320000e+002
      vertex -3.603130e+001 -1.492465e+001  1.320000e+002
    endloop
  endfacet
  facet normal -9.569404e-001 -2.902844e-001  -0.000000e+000
    outer loop
      vertex -3.603130e+001 -1.492465e+001  1.240000e+002
      vertex -3.603130e+001 -1.492465e+001  1.320000e+002
      vertex -3.825063e+001 -7.608522e+000  1.240000e+002
    endloop
  endfacet
  facet normal -9.569404e-001 -2.902844e-001  0.000000e+000
    outer loop
      vertex -3.825063e+001 -7.608522e+000  1.240000e+002
      vertex -3.603130e+001 -1.492465e+001  1.320000e+002
      vertex -3.825063e+001 -7.608522e+000  1.320000e+002
    endloop
  endfacet
  facet normal -9.951847e-001 -9.801719e-002  -0.000000e+000
    outer loop
      vertex -3.825063e+001 -7.608522e+000  1.240000e+002
      vertex -3.825063e+001 -7.608522e+000  1.320000e+002
      vertex -3.900000e+001  4.776122e-015  1.240000e+002
    endloop
  endfacet
  facet normal -9.951847e-001 -9.801719e-002  0.000000e+000
    outer loop
      vertex -3.900000e+001  4.776122e-015  1.240000e+002
      vertex -3.825063e+001 -7.608522e+000  1.320000e+002
      vertex -3.900000e+001  4.776122e-015  1.320000e+002
    endloop
  endfacet
  facet normal  9.951847e-001 -9.801719e-002  0.000000e+000
    outer loop
      vertex  3.900000e+001  0.000000e+000  1.420000e+002
      vertex  3.900000e+001  0.000000e+000  1.500000e+002
      vertex  3.825063e+001 -7.608522e+000  1.420000e+002
    endloop
  endfacet
  facet normal  9.951847e-001 -9.801719e-002  0.000000e+000
    outer loop
      vertex  3.825063e+001 -7.608522e+000  1.420000e+002
      vertex  3.900000e+001  0.000000e+000  1.500000e+002
      vertex  3.825063e+001 -7.608522e+000  1.500000e+002
    endloop
  endfacet
  facet normal  9.569404e-001 -2.902844e-001  0.000000e+000
    outer loop
      vertex  3.825063e+001 -7.608522e+000  1.420000e+002
      vertex  3.825063e+001 -7.608522e+000  1.500000e+002
      vertex  3.603130e+001 -1.492465e+001  1.420000e+002
    endloop
  endfacet
  facet normal  9.569404e-001 -2.902844e-001  0.000000e+000
    outer loop
      vertex  3.603130e+001 -1.492465e+001  1.420000e+002
      vertex  3.825063e+001 -7.608522e+000  1.500000e+002
      vertex  3.603130e+001 -1.492465e+001  1.500000e+002
    endloop
  endfacet
  facet normal  8.819211e-001 -4.713970e-001  0.000000e+000
    outer loop
      vertex  3.603130e+001 -1.492465e+001  1.420000e+002
      vertex  3.603130e+001 -1.492465e+001  1.500000e+002
      vertex  3.242731e+001 -2.166724e+001  1.420000e+002
    endloop
  endfacet
  facet normal  8.819211e-001 -4.713970e-001  0.000000e+000
    outer loop
      vertex  3.242731e+001 -2.166724e+001  1.420000e+002
      vertex  3.603130e+001 -1.492465e+001  1.500000e+002
      vertex  3.242731e+001 -2.166724e+001  1.500000e+002
    endloop
  endfacet
  facet normal  7.730104e-001 -6.343933e-001  0.000000e+000
    outer loop
      vertex  3.242731e+001 -2.166724e+001  1.420000e+002
      vertex  3.242731e+001 -2.166724e+001  1.500000e+002
      vertex  2.757716e+001 -2.757716e+001  1.420000e+002
    endloop
  endfacet
  facet normal  7.730104e-001 -6.343933e-001  0.000000e+000
    outer loop
      vertex  2.757716e+001 -2.757716e+001  1.420000e+002
      vertex  3.242731e+001 -2.166724e+001  1.500000e+002
      vertex  2.757716e+001 -2.757716e+001  1.500000e+002
    endloop
  endfacet
  facet normal  6.343933e-001 -7.730104e-001  0.000000e+000
    outer loop
      vertex  2.757716e+001 -2.757716e+001  1.420000e+002
      vertex  2.757716e+001 -2.757716e+001  1.500000e+002
      vertex  2.166724e+001 -3.242731e+001  1.420000e+002
    endloop
  endfacet
  facet normal  6.343933e-001 -7.730104e-001  0.000000e+000
    outer loop
      vertex  2.166724e+001 -3.242731e+001  1.420000e+002
      vertex  2.757716e+001 -2.757716e+001  1.500000e+002
      vertex  2.166724e+001 -3.242731e+001  1.500000e+002
    endloop
  endfacet
  facet normal  4.713970e-001 -8.819211e-001  0.000000e+000
    outer loop
      vertex  2.166724e+001 -3.242731e+001  1.420000e+002
      vertex  2.166724e+001 -3.242731e+001  1.500000e+002
      vertex  1.492465e+001 -3.603130e+001  1.420000e+002
    endloop
  endfacet
  facet normal  4.713970e-001 -8.819211e-001  0.000000e+000
    outer loop
      vertex  1.492465e+001 -3.603130e+001  1.420000e+002
      vertex  2.166724e+001 -3.242731e+001  1.500000e+002
      vertex  1.492465e+001 -3.603130e+001  1.500000e+002
    endloop
  endfacet
  facet normal  2.902844e-001 -9.569404e-001  0.000000e+000
    outer loop
      vertex  1.492465e+001 -3.603130e+001  1.420000e+002
      vertex  1.492465e+001 -3.603130e+001  1.500000e+002
      vertex  7.608522e+000 -3.825063e+001  1.420000e+002
    endloop
  endfacet
  facet normal  2.902844e-001 -9.569404e-001  0.000000e+000
    outer loop
      vertex  7.608522e+000 -3.825063e+001  1.420000e+002
      vertex  1.492465e+001 -3.603130e+001  1.500000e+002
      vertex  7.608522e+000 -3.825063e+001  1.500000e+002
    endloop
  endfacet
  facet normal  9.801719e-002 -9.951847e-001  0.000000e+000
    outer loop
      vertex  7.608522e+000 -3.825063e+001  1.420000e+002
      vertex  7.608522e+000 -3.825063e+001  1.500000e+002
      vertex -7.164183e-015 -3.900000e+001  1.420000e+002
    endloop
  endfacet
  facet normal  9.801719e-002 -9.951847e-001  0.000000e+000
    outer loop
      vertex -7.164183e-015 -3.900000e+001  1.420000e+002
      vertex  7.608522e+000 -3.825063e+001  1.500000e+002
      vertex -7.164183e-015 -3.900000e+001  1.500000e+002
    endloop
  endfacet
  facet normal -9.801719e-002 -9.951847e-001  -0.000000e+000
    outer loop
      vertex -7.164183e-015 -3.900000e+001  1.420000e+002
      vertex -7.164183e-015 -3.900000e+001  1.500000e+002
      vertex -7.608522e+000 -3.825063e+001  1.420000e+002
    endloop
  endfacet
  facet normal -9.801719e-002 -9.951847e-001  0.000000e+000
    outer loop
      vertex -7.608522e+000 -3.825063e+001  1.420000e+002
      vertex -7.164183e-015 -3.900000e+001  1.500000e+002
      vertex -7.608522e+000 -3.825063e+001  1.500000e+002
    endloop
  endfacet
  facet normal -2.902844e-001 -9.569404e-001  -0.000000e+000
    outer loop
      vertex -7.608522e+000 -3.825063e+001  1.420000e+002
      vertex -7.608522e+000 -3.825063e+001  1.500000e+002
      vertex -1.492465e+001 -3.603130e+001  1.420000e+002
    endloop
  endfacet
  facet normal -2.902844e-001 -9.569404e-001  0.000000e+000
    outer loop
      vertex -1.492465e+001 -3.603130e+001  1.420000e+002
      vertex -7.608522e+000 -3.825063e+001  1.500000e+002
      vertex -1.492465e+001 -3.603130e+001  1.500000e+002
    endloop
  endfacet
  facet normal -4.713970e-001 -8.819211e-001  -0.000000e+000
    outer loop
      vertex -1.492465e+001 -3.603130e+001  1.420000e+002
      vertex -1.492465e+001 -3.603130e+001  1.500000e+002
      vertex -2.166724e+001 -3.242731e+001  1.420000e+002
    endloop
  endfacet
  facet normal -4.713970e-001 -8.819211e-001  0.000000e+000
    outer loop
      vertex -2.166724e+001 -3.242731e+001  1.420000e+002
      vertex -1.492465e+001 -3.603130e+001  1.500000e+002
      vertex -2.166724e+001 -3.242731e+001  1.500000e+002
    endloop
  endfacet
  facet normal -6.343933e-001 -7.730104e-001  -0.000000e+000
    outer loop
      vertex -2.166724e+001 -3.242731e+001  1.420000e+002
      vertex -2.166724e+001 -3.242731e+001  1.500000e+002
      vertex -2.757716e+001 -2.757716e+001  1.420000e+002
    endloop
  endfacet
  facet normal -6.343933e-001 -7.730104e-001  0.000000e+000
    outer loop
      vertex -2.757716e+001 -2.757716e+001  1.420000e+002
      vertex -2.166724e+001 -3.242731e+001  1.500000e+002
      vertex -2.757716e+001 -2.757716e+001  1.500000e+002
    endloop
  endfacet
  facet normal -7.730104e-001 -6.343933e-001  -0.000000e+000
    outer loop
      vertex -2.757716e+001 -2.757716e+001  1.420000e+002
      vertex -2.757716e+001 -2.757716e+001  1.500000e+002
      vertex -3.242731e+001 -2.166724e+001  1.420000e+002
    endloop
  endfacet
  facet normal -7.730104e-001 -6.343933e-001  0.000000e+000
    outer loop
      vertex -3.242731e+001 -2.166724e+001  1.420000e+002
      vertex -2.757716e+001 -2.757716e+001  1.500000e+002
      vertex -3.242731e+001 -2.166724e+001  1.500000e+002
    endloop
  endfacet
  facet normal -8.819211e-001 -4.713970e-001  -0.000000e+000
    outer loop
      vertex -3.242731e+001 -2.166724e+001  1.420000e+002
      vertex -3.242731e+001 -2.166724e+001  1.500000e+002
      vertex -3.603130e+001 -1.492465e+001  1.420000e+002
    endloop
  endfacet
  facet normal -8.819211e-001 -4.713970e-001  0.000000e+000
    outer loop
      vertex -3.603130e+001 -1.492465e+001  1.420000e+002
      vertex -3.242731e+001 -2.166724e+001  1.500000e+002
      vertex -3.603130e+001 -1.492465e+001  1.500000e+002
    endloop
  endfacet
  facet normal -9.569404e-001 -2.902844e-001  -0.000000e+000
    outer loop
      vertex -3.603130e+001 -1.492465e+001  1.420000e+002
      vertex -3.603130e+001 -1.492465e+001  1.500000e+002
      vertex -3.825063e+001 -7.608522e+000  1.420000e+002
    endloop
  endfacet
  facet normal -9.569404e-001 -2.902844e-001  0.000000e+000
    outer loop
      vertex -3.825063e+001 -7.608522e+000  1.420000e+002
      vertex -3.603130e+001 -1.492465e+001  1.500000e+002
      vertex -3.825063e+001 -7.608522e+000  1.500000e+002
    endloop
  endfacet
  facet normal -9.951847e-001 -9.801719e-002  -0.000000e+000
    outer loop
      vertex -3.825063e+001 -7.608522e+000  1.420000e+002
      vertex -3.825063e+001 -7.608522e+000  1.500000e+002
      vertex -3.900000e+001  4.776122e-015  1.420000e+002
    endloop
  endfacet
  facet normal -9.951847e-001 -9.801719e-002  0.000000e+000
    outer loop
      vertex -3.900000e+001  4.776122e-015  1.420000e+002
      vertex -3.825063e+001 -7.608522e+000  1.500000e+002
      vertex -3.900000e+001  4.776122e-015  1.500000e+002
    endloop
  endfacet
  facet normal  0.000000e+000  0.000000e+000 -1.000000e+000
    outer loop
      vertex -1.492465e+001  3.603130e+001  1.320000e+002
      vertex -3.085381e+001  3.677013e+001  1.320000e+002
      vertex -7.608522e+000  3.825063e+001  1.320000e+002
    endloop
  endfacet
  facet normal  0.000000e+000  0.000000e+000 -1.000000e+000
    outer loop
      vertex -1.641697e+001 -4.510525e+001  1.320000e+002
      vertex -2.400000e+001 -4.156922e+001  1.320000e+002
      vertex -8.817457e-015 -4.800000e+001  1.320000e+002
    endloop
  endfacet
  facet normal  0.000000e+000  0.000000e+000 -1.000000e+000
    outer loop
      vertex -8.335113e+000 -4.727077e+001  1.320000e+002
      vertex -1.641697e+001 -4.510525e+001  1.320000e+002
      vertex -8.817457e-015 -4.800000e+001  1.320000e+002
    endloop
  endfacet
  facet normal  0.000000e+000  0.000000e+000 -1.000000e+000
    outer loop
      vertex  3.085381e+001  3.677013e+001  1.320000e+002
      vertex  1.492465e+001  3.603130e+001  1.320000e+002
      vertex  7.608522e+000  3.825063e+001  1.320000e+002
    endloop
  endfacet
  facet normal  -0.000000e+000  0.000000e+000 -1.000000e+000
    outer loop
      vertex  2.400000e+001 -4.156922e+001  1.320000e+002
      vertex  1.641697e+001 -4.510525e+001  1.320000e+002
      vertex -8.817457e-015 -4.800000e+001  1.320000e+002
    endloop
  endfacet
  facet normal  -0.000000e+000  0.000000e+000 -1.000000e+000
    outer loop
      vertex  1.641697e+001 -4.510525e+001  1.320000e+002
      vertex  8.335113e+000 -4.727077e+001  1.320000e+002
      vertex -8.817457e-015 -4.800000e+001  1.320000e+002
    endloop
  endfacet
  facet normal  -0.000000e+000  0.000000e+000 -1.000000e+000
    outer loop
      vertex  2.388061e-015  3.900000e+001  1.320000e+002
      vertex -7.608522e+000  3.825063e+001  1.320000e+002
      vertex -3.085381e+001  3.677013e+001  1.320000e+002
    endloop
  endfacet
  facet normal  0.000000e+000  0.000000e+000 -1.000000e+000
    outer loop
      vertex  2.388061e-015  3.900000e+001  1.320000e+002
      vertex -3.085381e+001  3.677013e+001  1.320000e+002
      vertex -2.400000e+001  4.156922e+001  1.320000e+002
    endloop
  endfacet
  facet normal  0.000000e+000  0.000000e+000 -1.000000e+000
    outer loop
      vertex  2.388061e-015  3.900000e+001  1.320000e+002
      vertex -2.400000e+001  4.156922e+001  1.320000e+002
      vertex -1.641697e+001  4.510525e+001  1.320000e+002
    endloop
  endfacet
  facet normal  0.000000e+000  0.000000e+000 -1.000000e+000
    outer loop
      vertex  2.388061e-015  3.900000e+001  1.320000e+002
      vertex -1.641697e+001  4.510525e+001  1.320000e+002
      vertex -8.335113e+000  4.727077e+001  1.320000e+002
    endloop
  endfacet
  facet normal  0.000000e+000  0.000000e+000 -1.000000e+000
    outer loop
      vertex  2.388061e-015  3.900000e+001  1.320000e+002
      vertex -8.335113e+000  4.727077e+001  1.320000e+002
      vertex  2.939152e-015  4.800000e+001  1.320000e+002
    endloop
  endfacet
  facet normal  0.000000e+000  -0.000000e+000 -1.000000e+000
    outer loop
      vertex  2.388061e-015  3.900000e+001  1.320000e+002
      vertex  2.939152e-015  4.800000e+001  1.320000e+002
      vertex  8.335113e+000  4.727077e+001  1.320000e+002
    endloop
  endfacet
  facet normal  0.000000e+000  -0.000000e+000 -1.000000e+000
    outer loop
      vertex  2.388061e-015  3.900000e+001  1.320000e+002
      vertex  8.335113e+000  4.727077e+001  1.320000e+002
      vertex  1.641697e+001  4.510525e+001  1.320000e+002
    endloop
  endfacet
  facet normal  0.000000e+000  -0.000000e+000 -1.000000e+000
    outer loop
      vertex  2.388061e-015  3.900000e+001  1.320000e+002
      vertex  1.641697e+001  4.510525e+001  1.320000e+002
      vertex  2.400000e+001  4.156922e+001  1.320000e+002
    endloop
  endfacet
  facet normal  0.000000e+000  -0.000000e+000 -1.000000e+000
    outer loop
      vertex  2.388061e-015  3.900000e+001  1.320000e+002
      vertex  2.400000e+001  4.156922e+001  1.320000e+002
      vertex  3.085381e+001  3.677013e+001  1.320000e+002
    endloop
  endfacet
  facet normal  0.000000e+000  0.000000e+000 -9.999999e-001
    outer loop
      vertex  2.388061e-015  3.900000e+001  1.320000e+002
      vertex  3.085381e+001  3.677013e+001  1.320000e+002
      vertex  7.608522e+000  3.825063e+001  1.320000e+002
    endloop
  endfacet
  facet normal  0.000000e+000  0.000000e+000 -1.000000e+000
    outer loop
      vertex -3.242731e+001  2.166724e+001  1.320000e+002
      vertex -4.156922e+001  2.400000e+001  1.320000e+002
      vertex -2.757716e+001  2.757716e+001  1.320000e+002
    endloop
  endfacet
  facet normal  -0.000000e+000  0.000000e+000 -1.000000e+000
    outer loop
      vertex -2.757716e+001  2.757716e+001  1.320000e+002
      vertex -4.156922e+001  2.400000e+001  1.320000e+002
      vertex -3.677013e+001  3.085381e+001  1.320000e+002
    endloop
  endfacet
  facet normal  0.000000e+000  0.000000e+000 -1.000000e+000
    outer loop
      vertex -2.757716e+001  2.757716e+001  1.320000e+002
      vertex -3.677013e+001  3.085381e+001  1.320000e+002
      vertex -2.166724e+001  3.242731e+001  1.320000e+002
    endloop
  endfacet
  facet normal  -0.000000e+000  0.000000e+000 -1.000000e+000
    outer loop
      vertex -2.166724e+001  3.242731e+001  1.320000e+002
      vertex -3.677013e+001  3.085381e+001  1.320000e+002
      vertex -3.085381e+001  3.677013e+001  1.320000e+002
    endloop
  endfacet
  facet normal  0.000000e+000  0.000000e+000 -1.000000e+000
    outer loop
      vertex -2.166724e+001  3.242731e+001  1.320000e+002
      vertex -3.085381e+001  3.677013e+001  1.320000e+002
      vertex -1.492465e+001  3.603130e+001  1.320000e+002
    endloop
  endfacet
  facet normal  0.000000e+000  0.000000e+000 -1.000000e+000
    outer loop
      vertex -2.166724e+001 -3.242731e+001  1.320000e+002
      vertex -3.677013e+001 -3.085381e+001  1.320000e+002
      vertex -2.757716e+001 -2.757716e+001  1.320000e+002
    endloop
  endfacet
  facet normal  -0.000000e+000  0.000000e+000 -1.000000e+000
    outer loop
      vertex -2.757716e+001 -2.757716e+001  1.320000e+002
      vertex -3.677013e+001 -3.085381e+001  1.320000e+002
      vertex -4.156922e+001 -2.400000e+001  1.320000e+002
    endloop
  endfacet
  facet normal  0.000000e+000  0.000000e+000 -1.000000e+000
    outer loop
      vertex -2.757716e+001 -2.757716e+001  1.320000e+002
      vertex -4.156922e+001 -2.400000e+001  1.320000e+002
      vertex -3.242731e+001 -2.166724e+001  1.320000e+002
    endloop
  endfacet
  facet normal  -0.000000e+000  0.000000e+000 -1.000000e+000
    outer loop
      vertex -3.242731e+001 -2.166724e+001  1.320000e+002
      vertex -4.156922e+001 -2.400000e+001  1.320000e+002
      vertex -4.510525e+001 -1.641697e+001  1.320000e+002
    endloop
  endfacet
  facet normal  0.000000e+000  0.000000e+000 -1.000000e+000
    outer loop
      vertex -3.242731e+001 -2.166724e+001  1.320000e+002
      vertex -4.510525e+001 -1.641697e+001  1.320000e+002
      vertex -3.603130e+001 -1.492465e+001  1.320000e+002
    endloop
  endfacet
  facet normal  -0.000000e+000  0.000000e+000 -1.000000e+000
    outer loop
      vertex -3.603130e+001 -1.492465e+001  1.320000e+002
      vertex -4.510525e+001 -1.641697e+001  1.320000e+002
      vertex -4.727077e+001 -8.335113e+000  1.320000e+002
    endloop
  endfacet
  facet normal  0.000000e+000  0.000000e+000 -1.000000e+000
    outer loop
      vertex -3.603130e+001 -1.492465e+001  1.320000e+002
      vertex -4.727077e+001 -8.335113e+000  1.320000e+002
      vertex -3.825063e+001 -7.608522e+000  1.320000e+002
    endloop
  endfacet
  facet normal  -0.000000e+000  0.000000e+000 -1.000000e+000
    outer loop
      vertex -3.825063e+001 -7.608522e+000  1.320000e+002
      vertex -4.727077e+001 -8.335113e+000  1.320000e+002
      vertex -4.800000e+001  5.878304e-015  1.320000e+002
    endloop
  endfacet
  facet normal  0.000000e+000  0.000000e+000 -1.000000e+000
    outer loop
      vertex -3.825063e+001 -7.608522e+000  1.320000e+002
      vertex -4.800000e+001  5.878304e-015  1.320000e+002
      vertex -3.900000e+001  4.776122e-015  1.320000e+002
    endloop
  endfacet
  facet normal  0.000000e+000  0.000000e+000 -1.000000e+000
    outer loop
      vertex -3.900000e+001  4.776122e-015  1.320000e+002
      vertex -4.800000e+001  5.878304e-015  1.320000e+002
      vertex -4.727077e+001  8.335113e+000  1.320000e+002
    endloop
  endfacet
  facet normal  0.000000e+000  0.000000e+000 -1.000000e+000
    outer loop
      vertex -3.900000e+001  4.776122e-015  1.320000e+002
      vertex -4.727077e+001  8.335113e+000  1.320000e+002
      vertex -3.825063e+001  7.608522e+000  1.320000e+002
    endloop
  endfacet
  facet normal  0.000000e+000  0.000000e+000 -1.000000e+000
    outer loop
      vertex -3.825063e+001  7.608522e+000  1.320000e+002
      vertex -4.727077e+001  8.335113e+000  1.320000e+002
      vertex -4.510525e+001  1.641697e+001  1.320000e+002
    endloop
  endfacet
  facet normal  0.000000e+000  0.000000e+000 -1.000000e+000
    outer loop
      vertex -3.825063e+001  7.608522e+000  1.320000e+002
      vertex -4.510525e+001  1.641697e+001  1.320000e+002
      vertex -3.603130e+001  1.492465e+001  1.320000e+002
    endloop
  endfacet
  facet normal  0.000000e+000  0.000000e+000 -1.000000e+000
    outer loop
      vertex -3.603130e+001  1.492465e+001  1.320000e+002
      vertex -4.510525e+001  1.641697e+001  1.320000e+002
      vertex -4.156922e+001  2.400000e+001  1.320000e+002
    endloop
  endfacet
  facet normal  0.000000e+000  0.000000e+000 -1.000000e+000
    outer loop
      vertex -3.603130e+001  1.492465e+001  1.320000e+002
      vertex -4.156922e+001  2.400000e+001  1.320000e+002
      vertex -3.242731e+001  2.166724e+001  1.320000e+002
    endloop
  endfacet
  facet normal  -0.000000e+000  0.000000e+000 -1.000000e+000
    outer loop
      vertex  2.757716e+001 -2.757716e+001  1.320000e+002
      vertex  3.677013e+001 -3.085381e+001  1.320000e+002
      vertex  2.166724e+001 -3.242731e+001  1.320000e+002
    endloop
  endfacet
  facet normal  0.000000e+000  0.000000e+000 -1.000000e+000
    outer loop
      vertex  2.166724e+001 -3.242731e+001  1.320000e+002
      vertex  3.677013e+001 -3.085381e+001  1.320000e+002
      vertex  3.085381e+001 -3.677013e+001  1.320000e+002
    endloop
  endfacet
  facet normal  0.000000e+000  0.000000e+000 -1.000000e+000
    outer loop
      vertex  2.166724e+001 -3.242731e+001  1.320000e+002
      vertex  3.085381e+001 -3.677013e+001  1.320000e+002
      vertex  1.492465e+001 -3.603130e+001  1.320000e+002
    endloop
  endfacet
  facet normal  0.000000e+000  0.000000e+000 -1.000000e+000
    outer loop
      vertex  1.492465e+001 -3.603130e+001  1.320000e+002
      vertex  3.085381e+001 -3.677013e+001  1.320000e+002
      vertex  2.400000e+001 -4.156922e+001  1.320000e+002
    endloop
  endfacet
  facet normal  0.000000e+000  0.000000e+000 -1.000000e+000
    outer loop
      vertex  1.492465e+001 -3.603130e+001  1.320000e+002
      vertex  2.400000e+001 -4.156922e+001  1.320000e+002
      vertex  7.608522e+000 -3.825063e+001  1.320000e+002
    endloop
  endfacet
  facet normal  0.000000e+000  -0.000000e+000 -1.000000e+000
    outer loop
      vertex  7.608522e+000 -3.825063e+001  1.320000e+002
      vertex  2.400000e+001 -4.156922e+001  1.320000e+002
      vertex -8.817457e-015 -4.800000e+001  1.320000e+002
    endloop
  endfacet
  facet normal  0.000000e+000  0.000000e+000 -1.000000e+000
    outer loop
      vertex  7.608522e+000 -3.825063e+001  1.320000e+002
      vertex -8.817457e-015 -4.800000e+001  1.320000e+002
      vertex -7.164183e-015 -3.900000e+001  1.320000e+002
    endloop
  endfacet
  facet normal  0.000000e+000  0.000000e+000 -1.000000e+000
    outer loop
      vertex -7.164183e-015 -3.900000e+001  1.320000e+002
      vertex -8.817457e-015 -4.800000e+001  1.320000e+002
      vertex -2.400000e+001 -4.156922e+001  1.320000e+002
    endloop
  endfacet
  facet normal  0.000000e+000  0.000000e+000 -1.000000e+000
    outer loop
      vertex -7.164183e-015 -3.900000e+001  1.320000e+002
      vertex -2.400000e+001 -4.156922e+001  1.320000e+002
      vertex -7.608522e+000 -3.825063e+001  1.320000e+002
    endloop
  endfacet
  facet normal  -0.000000e+000  0.000000e+000 -1.000000e+000
    outer loop
      vertex -7.608522e+000 -3.825063e+001  1.320000e+002
      vertex -2.400000e+001 -4.156922e+001  1.320000e+002
      vertex -3.085381e+001 -3.677013e+001  1.320000e+002
    endloop
  endfacet
  facet normal  0.000000e+000  0.000000e+000 -1.000000e+000
    outer loop
      vertex -7.608522e+000 -3.825063e+001  1.320000e+002
      vertex -3.085381e+001 -3.677013e+001  1.320000e+002
      vertex -1.492465e+001 -3.603130e+001  1.320000e+002
    endloop
  endfacet
  facet normal  -0.000000e+000  0.000000e+000 -1.000000e+000
    outer loop
      vertex -1.492465e+001 -3.603130e+001  1.320000e+002
      vertex -3.085381e+001 -3.677013e+001  1.320000e+002
      vertex -3.677013e+001 -3.085381e+001  1.320000e+002
    endloop
  endfacet
  facet normal  0.000000e+000  0.000000e+000 -9.999999e-001
    outer loop
      vertex -1.492465e+001 -3.603130e+001  1.320000e+002
      vertex -3.677013e+001 -3.085381e+001  1.320000e+002
      vertex -2.166724e+001 -3.242731e+001  1.320000e+002
    endloop
  endfacet
  facet normal  0.000000e+000  0.000000e+000 -1.000000e+000
    outer loop
      vertex  3.242731e+001  2.166724e+001  1.320000e+002
      vertex  2.757716e+001  2.757716e+001  1.320000e+002
      vertex  4.156922e+001  2.400000e+001  1.320000e+002
    endloop
  endfacet
  facet normal  0.000000e+000  0.000000e+000 -1.000000e+000
    outer loop
      vertex  4.156922e+001  2.400000e+001  1.320000e+002
      vertex  2.757716e+001  2.757716e+001  1.320000e+002
      vertex  2.166724e+001  3.242731e+001  1.320000e+002
    endloop
  endfacet
  facet normal  0.000000e+000  0.000000e+000 -1.000000e+000
    outer loop
      vertex  4.156922e+001  2.400000e+001  1.320000e+002
      vertex  2.166724e+001  3.242731e+001  1.320000e+002
      vertex  3.677013e+001  3.085381e+001  1.320000e+002
    endloop
  endfacet
  facet normal  0.000000e+000  0.000000e+000 -9.999999e-001
    outer loop
      vertex  3.677013e+001  3.085381e+001  1.320000e+002
      vertex  2.166724e+001  3.242731e+001  1.320000e+002
      vertex  1.492465e+001  3.603130e+001  1.320000e+002
    endloop
  endfacet
  facet normal  0.000000e+000  0.000000e+000 -1.000000e+000
    outer loop
      vertex  3.677013e+001  3.085381e+001  1.320000e+002
      vertex  1.492465e+001  3.603130e+001  1.320000e+002
      vertex  3.085381e+001  3.677013e+001  1.320000e+002
    endloop
  endfacet
  facet normal  0.000000e+000  0.000000e+000 -1.000000e+000
    outer loop
      vertex  4.800000e+001  0.000000e+000  1.320000e+002
      vertex  3.825063e+001  7.608522e+000  1.320000e+002
      vertex  4.727077e+001  8.335113e+000  1.320000e+002
    endloop
  endfacet
  facet normal  -0.000000e+000  0.000000e+000 -1.000000e+000
    outer loop
      vertex  4.727077e+001  8.335113e+000  1.320000e+002
      vertex  3.825063e+001  7.608522e+000  1.320000e+002
      vertex  3.603130e+001  1.492465e+001  1.320000e+002
    endloop
  endfacet
  facet normal  0.000000e+000  0.000000e+000 -1.000000e+000
    outer loop
      vertex  4.727077e+001  8.335113e+000  1.320000e+002
      vertex  3.603130e+001  1.492465e+001  1.320000e+002
      vertex  4.510525e+001  1.641697e+001  1.320000e+002
    endloop
  endfacet
  facet normal  -0.000000e+000  0.000000e+000 -1.000000e+000
    outer loop
      vertex  4.510525e+001  1.641697e+001  1.320000e+002
      vertex  3.603130e+001  1.492465e+001  1.320000e+002
      vertex  3.242731e+001  2.166724e+001  1.320000e+002
    endloop
  endfacet
  facet normal  0.000000e+000  0.000000e+000 -1.000000e+000
    outer loop
      vertex  4.510525e+001  1.641697e+001  1.320000e+002
      vertex  3.242731e+001  2.166724e+001  1.320000e+002
      vertex  4.156922e+001  2.400000e+001  1.320000e+002
    endloop
  endfacet
  facet normal  0.000000e+000  0.000000e+000 -1.000000e+000
    outer loop
      vertex  3.825063e+001  7.608522e+000  1.320000e+002
      vertex  4.800000e+001  0.000000e+000  1.320000e+002
      vertex  3.900000e+001  0.000000e+000  1.320000e+002
    endloop
  endfacet
  facet normal  0.000000e+000  0.000000e+000 -1.000000e+000
    outer loop
      vertex  3.900000e+001  0.000000e+000  1.320000e+002
      vertex  4.800000e+001  0.000000e+000  1.320000e+002
      vertex  4.727077e+001 -8.335113e+000  1.320000e+002
    endloop
  endfacet
  facet normal  0.000000e+000  0.000000e+000 -1.000000e+000
    outer loop
      vertex  3.900000e+001  0.000000e+000  1.320000e+002
      vertex  4.727077e+001 -8.335113e+000  1.320000e+002
      vertex  3.825063e+001 -7.608522e+000  1.320000e+002
    endloop
  endfacet
  facet normal  0.000000e+000  0.000000e+000 -1.000000e+000
    outer loop
      vertex  3.825063e+001 -7.608522e+000  1.320000e+002
      vertex  4.727077e+001 -8.335113e+000  1.320000e+002
      vertex  4.510525e+001 -1.641697e+001  1.320000e+002
    endloop
  endfacet
  facet normal  0.000000e+000  0.000000e+000 -1.000000e+000
    outer loop
      vertex  3.825063e+001 -7.608522e+000  1.320000e+002
      vertex  4.510525e+001 -1.641697e+001  1.320000e+002
      vertex  3.603130e+001 -1.492465e+001  1.320000e+002
    endloop
  endfacet
  facet normal  0.000000e+000  0.000000e+000 -1.000000e+000
    outer loop
      vertex  3.603130e+001 -1.492465e+001  1.320000e+002
      vertex  4.510525e+001 -1.641697e+001  1.320000e+002
      vertex  4.156922e+001 -2.400000e+001  1.320000e+002
    endloop
  endfacet
  facet normal  0.000000e+000  0.000000e+000 -1.000000e+000
    outer loop
      vertex  3.603130e+001 -1.492465e+001  1.320000e+002
      vertex  4.156922e+001 -2.400000e+001  1.320000e+002
      vertex  3.242731e+001 -2.166724e+001  1.320000e+002
    endloop
  endfacet
  facet normal  0.000000e+000  0.000000e+000 -1.000000e+000
    outer loop
      vertex  3.242731e+001 -2.166724e+001  1.320000e+002
      vertex  4.156922e+001 -2.400000e+001  1.320000e+002
      vertex  3.677013e+001 -3.085381e+001  1.320000e+002
    endloop
  endfacet
  facet normal  0.000000e+000  0.000000e+000 -1.000000e+000
    outer loop
      vertex  3.242731e+001 -2.166724e+001  1.320000e+002
      vertex  3.677013e+001 -3.085381e+001  1.320000e+002
      vertex  2.757716e+001 -2.757716e+001  1.320000e+002
    endloop
  endfacet
  facet normal  -0.000000e+000  0.000000e+000  1.000000e+000
    outer loop
      vertex -7.608522e+000  3.825063e+001  1.420000e+002
      vertex -3.085381e+001  3.677013e+001  1.420000e+002
      vertex -1.492465e+001  3.603130e+001  1.420000e+002
    endloop
  endfacet
  facet normal  0.000000e+000  0.000000e+000  1.000000e+000
    outer loop
      vertex -8.817457e-015 -4.800000e+001  1.420000e+002
      vertex -2.400000e+001 -4.156922e+001  1.420000e+002
      vertex -1.641697e+001 -4.510525e+001  1.420000e+002
    endloop
  endfacet
  facet normal  0.000000e+000  0.000000e+000  1.000000e+000
    outer loop
      vertex -8.817457e-015 -4.800000e+001  1.420000e+002
      vertex -1.641697e+001 -4.510525e+001  1.420000e+002
      vertex -8.335113e+000 -4.727077e+001  1.420000e+002
    endloop
  endfacet
  facet normal  0.000000e+000  -0.000000e+000  1.000000e+000
    outer loop
      vertex  7.608522e+000  3.825063e+001  1.420000e+002
      vertex  1.492465e+001  3.603130e+001  1.420000e+002
      vertex  3.085381e+001  3.677013e+001  1.420000e+002
    endloop
  endfacet
  facet normal  0.000000e+000  -0.000000e+000  1.000000e+000
    outer loop
      vertex -8.817457e-015 -4.800000e+001  1.420000e+002
      vertex  1.641697e+001 -4.510525e+001  1.420000e+002
      vertex  2.400000e+001 -4.156922e+001  1.420000e+002
    endloop
  endfacet
  facet normal  0.000000e+000  -0.000000e+000  1.000000e+000
    outer loop
      vertex -8.817457e-015 -4.800000e+001  1.420000e+002
      vertex  8.335113e+000 -4.727077e+001  1.420000e+002
      vertex  1.641697e+001 -4.510525e+001  1.420000e+002
    endloop
  endfacet
  facet normal  -0.000000e+000  -0.000000e+000  1.000000e+000
    outer loop
      vertex  2.388061e-015  3.900000e+001  1.420000e+002
      vertex  7.608522e+000  3.825063e+001  1.420000e+002
      vertex  3.085381e+001  3.677013e+001  1.420000e+002
    endloop
  endfacet
  facet normal  0.000000e+000  0.000000e+000  1.000000e+000
    outer loop
      vertex  2.388061e-015  3.900000e+001  1.420000e+002
      vertex  3.085381e+001  3.677013e+001  1.420000e+002
      vertex  2.400000e+001  4.156922e+001  1.420000e+002
    endloop
  endfacet
  facet normal  0.000000e+000  0.000000e+000  1.000000e+000
    outer loop
      vertex  2.388061e-015  3.900000e+001  1.420000e+002
      vertex  2.400000e+001  4.156922e+001  1.420000e+002
      vertex  1.641697e+001  4.510525e+001  1.420000e+002
    endloop
  endfacet
  facet normal  0.000000e+000  0.000000e+000  1.000000e+000
    outer loop
      vertex  2.388061e-015  3.900000e+001  1.420000e+002
      vertex  1.641697e+001  4.510525e+001  1.420000e+002
      vertex  8.335113e+000  4.727077e+001  1.420000e+002
    endloop
  endfacet
  facet normal  0.000000e+000  0.000000e+000  1.000000e+000
    outer loop
      vertex  2.388061e-015  3.900000e+001  1.420000e+002
      vertex  8.335113e+000  4.727077e+001  1.420000e+002
      vertex  2.939152e-015  4.800000e+001  1.420000e+002
    endloop
  endfacet
  facet normal  0.000000e+000  0.000000e+000  1.000000e+000
    outer loop
      vertex  2.388061e-015  3.900000e+001  1.420000e+002
      vertex  2.939152e-015  4.800000e+001  1.420000e+002
      vertex -8.335113e+000  4.727077e+001  1.420000e+002
    endloop
  endfacet
  facet normal  0.000000e+000  0.000000e+000  1.000000e+000
    outer loop
      vertex  2.388061e-015  3.900000e+001  1.420000e+002
      vertex -8.335113e+000  4.727077e+001  1.420000e+002
      vertex -1.641697e+001  4.510525e+001  1.420000e+002
    endloop
  endfacet
  facet normal  0.000000e+000  0.000000e+000  1.000000e+000
    outer loop
      vertex  2.388061e-015  3.900000e+001  1.420000e+002
      vertex -1.641697e+001  4.510525e+001  1.420000e+002
      vertex -2.400000e+001  4.156922e+001  1.420000e+002
    endloop
  endfacet
  facet normal  0.000000e+000  0.000000e+000  1.000000e+000
    outer loop
      vertex  2.388061e-015  3.900000e+001  1.420000e+002
      vertex -2.400000e+001  4.156922e+001  1.420000e+002
      vertex -3.085381e+001  3.677013e+001  1.420000e+002
    endloop
  endfacet
  facet normal  0.000000e+000  0.000000e+000  9.999999e-001
    outer loop
      vertex  2.388061e-015  3.900000e+001  1.420000e+002
      vertex -3.085381e+001  3.677013e+001  1.420000e+002
      vertex -7.608522e+000  3.825063e+001  1.420000e+002
    endloop
  endfacet
  facet normal  0.000000e+000  0.000000e+000  1.000000e+000
    outer loop
      vertex -1.492465e+001  3.603130e+001  1.420000e+002
      vertex -3.085381e+001  3.677013e+001  1.420000e+002
      vertex -2.166724e+001  3.242731e+001  1.420000e+002
    endloop
  endfacet
  facet normal  0.000000e+000  0.000000e+000  1.000000e+000
    outer loop
      vertex -2.166724e+001  3.242731e+001  1.420000e+002
      vertex -3.085381e+001  3.677013e+001  1.420000e+002
      vertex -3.677013e+001  3.085381e+001  1.420000e+002
    endloop
  endfacet
  facet normal  -0.000000e+000  0.000000e+000  1.000000e+000
    outer loop
      vertex -2.166724e+001  3.242731e+001  1.420000e+002
      vertex -3.677013e+001  3.085381e+001  1.420000e+002
      vertex -2.757716e+001  2.757716e+001  1.420000e+002
    endloop
  endfacet
  facet normal  0.000000e+000  0.000000e+000  1.000000e+000
    outer loop
      vertex -2.757716e+001  2.757716e+001  1.420000e+002
      vertex -3.677013e+001  3.085381e+001  1.420000e+002
      vertex -4.156922e+001  2.400000e+001  1.420000e+002
    endloop
  endfacet
  facet normal  -0.000000e+000  0.000000e+000  1.000000e+000
    outer loop
      vertex -2.757716e+001  2.757716e+001  1.420000e+002
      vertex -4.156922e+001  2.400000e+001  1.420000e+002
      vertex -3.242731e+001  2.166724e+001  1.420000e+002
    endloop
  endfacet
  facet normal  0.000000e+000  0.000000e+000  1.000000e+000
    outer loop
      vertex -3.242731e+001  2.166724e+001  1.420000e+002
      vertex -4.156922e+001  2.400000e+001  1.420000e+002
      vertex -3.603130e+001  1.492465e+001  1.420000e+002
    endloop
  endfacet
  facet normal  0.000000e+000  0.000000e+000  1.000000e+000
    outer loop
      vertex -3.603130e+001  1.492465e+001  1.420000e+002
      vertex -4.156922e+001  2.400000e+001  1.420000e+002
      vertex -4.510525e+001  1.641697e+001  1.420000e+002
    endloop
  endfacet
  facet normal  0.000000e+000  0.000000e+000  1.000000e+000
    outer loop
      vertex -3.603130e+001  1.492465e+001  1.420000e+002
      vertex -4.510525e+001  1.641697e+001  1.420000e+002
      vertex -3.825063e+001  7.608522e+000  1.420000e+002
    endloop
  endfacet
  facet normal  0.000000e+000  0.000000e+000  1.000000e+000
    outer loop
      vertex -3.825063e+001  7.608522e+000  1.420000e+002
      vertex -4.510525e+001  1.641697e+001  1.420000e+002
      vertex -4.727077e+001  8.335113e+000  1.420000e+002
    endloop
  endfacet
  facet normal  0.000000e+000  0.000000e+000  1.000000e+000
    outer loop
      vertex -3.825063e+001  7.608522e+000  1.420000e+002
      vertex -4.727077e+001  8.335113e+000  1.420000e+002
      vertex -3.900000e+001  4.776122e-015  1.420000e+002
    endloop
  endfacet
  facet normal  0.000000e+000  0.000000e+000  1.000000e+000
    outer loop
      vertex -3.900000e+001  4.776122e-015  1.420000e+002
      vertex -4.727077e+001  8.335113e+000  1.420000e+002
      vertex -4.800000e+001  5.878304e-015  1.420000e+002
    endloop
  endfacet
  facet normal  0.000000e+000  0.000000e+000  1.000000e+000
    outer loop
      vertex -3.900000e+001  4.776122e-015  1.420000e+002
      vertex -4.800000e+001  5.878304e-015  1.420000e+002
      vertex -3.825063e+001 -7.608522e+000  1.420000e+002
    endloop
  endfacet
  facet normal  0.000000e+000  0.000000e+000  1.000000e+000
    outer loop
      vertex -3.825063e+001 -7.608522e+000  1.420000e+002
      vertex -4.800000e+001  5.878304e-015  1.420000e+002
      vertex -4.727077e+001 -8.335113e+000  1.420000e+002
    endloop
  endfacet
  facet normal  -0.000000e+000  0.000000e+000  1.000000e+000
    outer loop
      vertex -3.825063e+001 -7.608522e+000  1.420000e+002
      vertex -4.727077e+001 -8.335113e+000  1.420000e+002
      vertex -3.603130e+001 -1.492465e+001  1.420000e+002
    endloop
  endfacet
  facet normal  0.000000e+000  0.000000e+000  1.000000e+000
    outer loop
      vertex -3.603130e+001 -1.492465e+001  1.420000e+002
      vertex -4.727077e+001 -8.335113e+000  1.420000e+002
      vertex -4.510525e+001 -1.641697e+001  1.420000e+002
    endloop
  endfacet
  facet normal  -0.000000e+000  0.000000e+000  1.000000e+000
    outer loop
      vertex -3.603130e+001 -1.492465e+001  1.420000e+002
      vertex -4.510525e+001 -1.641697e+001  1.420000e+002
      vertex -3.242731e+001 -2.166724e+001  1.420000e+002
    endloop
  endfacet
  facet normal  0.000000e+000  0.000000e+000  1.000000e+000
    outer loop
      vertex -3.242731e+001 -2.166724e+001  1.420000e+002
      vertex -4.510525e+001 -1.641697e+001  1.420000e+002
      vertex -4.156922e+001 -2.400000e+001  1.420000e+002
    endloop
  endfacet
  facet normal  -0.000000e+000  0.000000e+000  1.000000e+000
    outer loop
      vertex -3.242731e+001 -2.166724e+001  1.420000e+002
      vertex -4.156922e+001 -2.400000e+001  1.420000e+002
      vertex -2.757716e+001 -2.757716e+001  1.420000e+002
    endloop
  endfacet
  facet normal  0.000000e+000  0.000000e+000  1.000000e+000
    outer loop
      vertex -2.757716e+001 -2.757716e+001  1.420000e+002
      vertex -4.156922e+001 -2.400000e+001  1.420000e+002
      vertex -3.677013e+001 -3.085381e+001  1.420000e+002
    endloop
  endfacet
  facet normal  -0.000000e+000  0.000000e+000  1.000000e+000
    outer loop
      vertex -2.757716e+001 -2.757716e+001  1.420000e+002
      vertex -3.677013e+001 -3.085381e+001  1.420000e+002
      vertex -2.166724e+001 -3.242731e+001  1.420000e+002
    endloop
  endfacet
  facet normal  0.000000e+000  0.000000e+000  9.999999e-001
    outer loop
      vertex -2.166724e+001 -3.242731e+001  1.420000e+002
      vertex -3.677013e+001 -3.085381e+001  1.420000e+002
      vertex -1.492465e+001 -3.603130e+001  1.420000e+002
    endloop
  endfacet
  facet normal  0.000000e+000  0.000000e+000  1.000000e+000
    outer loop
      vertex -1.492465e+001 -3.603130e+001  1.420000e+002
      vertex -3.677013e+001 -3.085381e+001  1.420000e+002
      vertex -3.085381e+001 -3.677013e+001  1.420000e+002
    endloop
  endfacet
  facet normal  -0.000000e+000  0.000000e+000  1.000000e+000
    outer loop
      vertex -1.492465e+001 -3.603130e+001  1.420000e+002
      vertex -3.085381e+001 -3.677013e+001  1.420000e+002
      vertex -7.608522e+000 -3.825063e+001  1.420000e+002
    endloop
  endfacet
  facet normal  0.000000e+000  0.000000e+000  1.000000e+000
    outer loop
      vertex -7.608522e+000 -3.825063e+001  1.420000e+002
      vertex -3.085381e+001 -3.677013e+001  1.420000e+002
      vertex -2.400000e+001 -4.156922e+001  1.420000e+002
    endloop
  endfacet
  facet normal  0.000000e+000  0.000000e+000  1.000000e+000
    outer loop
      vertex -7.608522e+000 -3.825063e+001  1.420000e+002
      vertex -2.400000e+001 -4.156922e+001  1.420000e+002
      vertex -7.164183e-015 -3.900000e+001  1.420000e+002
    endloop
  endfacet
  facet normal  0.000000e+000  0.000000e+000  1.000000e+000
    outer loop
      vertex -7.164183e-015 -3.900000e+001  1.420000e+002
      vertex -2.400000e+001 -4.156922e+001  1.420000e+002
      vertex -8.817457e-015 -4.800000e+001  1.420000e+002
    endloop
  endfacet
  facet normal  0.000000e+000  0.000000e+000  1.000000e+000
    outer loop
      vertex -7.164183e-015 -3.900000e+001  1.420000e+002
      vertex -8.817457e-015 -4.800000e+001  1.420000e+002
      vertex  7.608522e+000 -3.825063e+001  1.420000e+002
    endloop
  endfacet
  facet normal  0.000000e+000  0.000000e+000  1.000000e+000
    outer loop
      vertex  7.608522e+000 -3.825063e+001  1.420000e+002
      vertex -8.817457e-015 -4.800000e+001  1.420000e+002
      vertex  2.400000e+001 -4.156922e+001  1.420000e+002
    endloop
  endfacet
  facet normal  0.000000e+000  0.000000e+000  1.000000e+000
    outer loop
      vertex  7.608522e+000 -3.825063e+001  1.420000e+002
      vertex  2.400000e+001 -4.156922e+001  1.420000e+002
      vertex  1.492465e+001 -3.603130e+001  1.420000e+002
    endloop
  endfacet
  facet normal  0.000000e+000  0.000000e+000  1.000000e+000
    outer loop
      vertex  1.492465e+001 -3.603130e+001  1.420000e+002
      vertex  2.400000e+001 -4.156922e+001  1.420000e+002
      vertex  3.085381e+001 -3.677013e+001  1.420000e+002
    endloop
  endfacet
  facet normal  0.000000e+000  0.000000e+000  1.000000e+000
    outer loop
      vertex  1.492465e+001 -3.603130e+001  1.420000e+002
      vertex  3.085381e+001 -3.677013e+001  1.420000e+002
      vertex  2.166724e+001 -3.242731e+001  1.420000e+002
    endloop
  endfacet
  facet normal  -0.000000e+000  0.000000e+000  1.000000e+000
    outer loop
      vertex  2.166724e+001 -3.242731e+001  1.420000e+002
      vertex  3.085381e+001 -3.677013e+001  1.420000e+002
      vertex  3.677013e+001 -3.085381e+001  1.420000e+002
    endloop
  endfacet
  facet normal  0.000000e+000  0.000000e+000  1.000000e+000
    outer loop
      vertex  2.166724e+001 -3.242731e+001  1.420000e+002
      vertex  3.677013e+001 -3.085381e+001  1.420000e+002
      vertex  2.757716e+001 -2.757716e+001  1.420000e+002
    endloop
  endfacet
  facet normal  -0.000000e+000  0.000000e+000  1.000000e+000
    outer loop
      vertex  3.085381e+001  3.677013e+001  1.420000e+002
      vertex  1.492465e+001  3.603130e+001  1.420000e+002
      vertex  3.677013e+001  3.085381e+001  1.420000e+002
    endloop
  endfacet
  facet normal  0.000000e+000  0.000000e+000  9.999999e-001
    outer loop
      vertex  3.677013e+001  3.085381e+001  1.420000e+002
      vertex  1.492465e+001  3.603130e+001  1.420000e+002
      vertex  2.166724e+001  3.242731e+001  1.420000e+002
    endloop
  endfacet
  facet normal  0.000000e+000  0.000000e+000  1.000000e+000
    outer loop
      vertex  3.677013e+001  3.085381e+001  1.420000e+002
      vertex  2.166724e+001  3.242731e+001  1.420000e+002
      vertex  4.156922e+001  2.400000e+001  1.420000e+002
    endloop
  endfacet
  facet normal  0.000000e+000  0.000000e+000  1.000000e+000
    outer loop
      vertex  4.156922e+001  2.400000e+001  1.420000e+002
      vertex  2.166724e+001  3.242731e+001  1.420000e+002
      vertex  2.757716e+001  2.757716e+001  1.420000e+002
    endloop
  endfacet
  facet normal  0.000000e+000  0.000000e+000  1.000000e+000
    outer loop
      vertex  4.156922e+001  2.400000e+001  1.420000e+002
      vertex  2.757716e+001  2.757716e+001  1.420000e+002
      vertex  3.242731e+001  2.166724e+001  1.420000e+002
    endloop
  endfacet
  facet normal  -0.000000e+000  0.000000e+000  1.000000e+000
    outer loop
      vertex  4.156922e+001  2.400000e+001  1.420000e+002
      vertex  3.242731e+001  2.166724e+001  1.420000e+002
      vertex  4.510525e+001  1.641697e+001  1.420000e+002
    endloop
  endfacet
  facet normal  0.000000e+000  0.000000e+000  1.000000e+000
    outer loop
      vertex  4.510525e+001  1.641697e+001  1.420000e+002
      vertex  3.242731e+001  2.166724e+001  1.420000e+002
      vertex  3.603130e+001  1.492465e+001  1.420000e+002
    endloop
  endfacet
  facet normal  -0.000000e+000  0.000000e+000  1.000000e+000
    outer loop
      vertex  4.510525e+001  1.641697e+001  1.420000e+002
      vertex  3.603130e+001  1.492465e+001  1.420000e+002
      vertex  4.727077e+001  8.335113e+000  1.420000e+002
    endloop
  endfacet
  facet normal  0.000000e+000  0.000000e+000  1.000000e+000
    outer loop
      vertex  4.727077e+001  8.335113e+000  1.420000e+002
      vertex  3.603130e+001  1.492465e+001  1.420000e+002
      vertex  3.825063e+001  7.608522e+000  1.420000e+002
    endloop
  endfacet
  facet normal  -0.000000e+000  0.000000e+000  1.000000e+000
    outer loop
      vertex  4.727077e+001  8.335113e+000  1.420000e+002
      vertex  3.825063e+001  7.608522e+000  1.420000e+002
      vertex  4.800000e+001  0.000000e+000  1.420000e+002
    endloop
  endfacet
  facet normal  0.000000e+000  0.000000e+000  1.000000e+000
    outer loop
      vertex  4.800000e+001  0.000000e+000  1.420000e+002
      vertex  3.825063e+001  7.608522e+000  1.420000e+002
      vertex  3.900000e+001  0.000000e+000  1.420000e+002
    endloop
  endfacet
  facet normal  -0.000000e+000  0.000000e+000  1.000000e+000
    outer loop
      vertex  4.800000e+001  0.000000e+000  1.420000e+002
      vertex  3.900000e+001  0.000000e+000  1.420000e+002
      vertex  4.727077e+001 -8.335113e+000  1.420000e+002
    endloop
  endfacet
  facet normal  0.000000e+000  0.000000e+000  1.000000e+000
    outer loop
      vertex  4.727077e+001 -8.335113e+000  1.420000e+002
      vertex  3.900000e+001  0.000000e+000  1.420000e+002
      vertex  3.825063e+001 -7.608522e+000  1.420000e+002
    endloop
  endfacet
  facet normal  0.000000e+000  0.000000e+000  1.000000e+000
    outer loop
      vertex  4.727077e+001 -8.335113e+000  1.420000e+002
      vertex  3.825063e+001 -7.608522e+000  1.420000e+002
      vertex  4.510525e+001 -1.641697e+001  1.420000e+002
    endloop
  endfacet
  facet normal  0.000000e+000  0.000000e+000  1.000000e+000
    outer loop
      vertex  4.510525e+001 -1.641697e+001  1.420000e+002
      vertex  3.825063e+001 -7.608522e+000  1.420000e+002
      vertex  3.603130e+001 -1.492465e+001  1.420000e+002
    endloop
  endfacet
  facet normal  0.000000e+000  0.000000e+000  1.000000e+000
    outer loop
      vertex  4.510525e+001 -1.641697e+001  1.420000e+002
      vertex  3.603130e+001 -1.492465e+001  1.420000e+002
      vertex  4.156922e+001 -2.400000e+001  1.420000e+002
    endloop
  endfacet
  facet normal  0.000000e+000  0.000000e+000  1.000000e+000
    outer loop
      vertex  4.156922e+001 -2.400000e+001  1.420000e+002
      vertex  3.603130e+001 -1.492465e+001  1.420000e+002
      vertex  3.242731e+001 -2.166724e+001  1.420000e+002
    endloop
  endfacet
  facet normal  0.000000e+000  0.000000e+000  1.000000e+000
    outer loop
      vertex  4.156922e+001 -2.400000e+001  1.420000e+002
      vertex  3.242731e+001 -2.166724e+001  1.420000e+002
      vertex  3.677013e+001 -3.085381e+001  1.420000e+002
    endloop
  endfacet
  facet normal  0.000000e+000  0.000000e+000  1.000000e+000
    outer loop
      vertex  3.677013e+001 -3.085381e+001  1.420000e+002
      vertex  3.242731e+001 -2.166724e+001  1.420000e+002
      vertex  2.757716e+001 -2.757716e+001  1.420000e+002
    endloop
  endfacet
  facet normal  9.961947e-001 -8.715587e-002  0.000000e+000
    outer loop
      vertex  4.800000e+001  0.000000e+000  1.320000e+002
      vertex  4.800000e+001  0.000000e+000  1.420000e+002
      vertex  4.727077e+001 -8.335113e+000  1.320000e+002
    endloop
  endfacet
  facet normal  9.961947e-001 -8.715587e-002  0.000000e+000
    outer loop
      vertex  4.727077e+001 -8.335113e+000  1.320000e+002
      vertex  4.800000e+001  0.000000e+000  1.420000e+002
      vertex  4.727077e+001 -8.335113e+000  1.420000e+002
    endloop
  endfacet
  facet normal  9.659260e-001 -2.588187e-001  0.000000e+000
    outer loop
      vertex  4.727077e+001 -8.335113e+000  1.320000e+002
      vertex  4.727077e+001 -8.335113e+000  1.420000e+002
      vertex  4.510525e+001 -1.641697e+001  1.320000e+002
    endloop
  endfacet
  facet normal  9.659260e-001 -2.588187e-001  0.000000e+000
    outer loop
      vertex  4.510525e+001 -1.641697e+001  1.320000e+002
      vertex  4.727077e+001 -8.335113e+000  1.420000e+002
      vertex  4.510525e+001 -1.641697e+001  1.420000e+002
    endloop
  endfacet
  facet normal  9.063076e-001 -4.226186e-001  0.000000e+000
    outer loop
      vertex  4.510525e+001 -1.641697e+001  1.320000e+002
      vertex  4.510525e+001 -1.641697e+001  1.420000e+002
      vertex  4.156922e+001 -2.400000e+001  1.320000e+002
    endloop
  endfacet
  facet normal  9.063076e-001 -4.226186e-001  0.000000e+000
    outer loop
      vertex  4.156922e+001 -2.400000e+001  1.320000e+002
      vertex  4.510525e+001 -1.641697e+001  1.420000e+002
      vertex  4.156922e+001 -2.400000e+001  1.420000e+002
    endloop
  endfacet
  facet normal  8.191523e-001 -5.735763e-001  0.000000e+000
    outer loop
      vertex  4.156922e+001 -2.400000e+001  1.320000e+002
      vertex  4.156922e+001 -2.400000e+001  1.420000e+002
      vertex  3.677013e+001 -3.085381e+001  1.320000e+002
    endloop
  endfacet
  facet normal  8.191523e-001 -5.735763e-001  0.000000e+000
    outer loop
      vertex  3.677013e+001 -3.085381e+001  1.320000e+002
      vertex  4.156922e+001 -2.400000e+001  1.420000e+002
      vertex  3.677013e+001 -3.085381e+001  1.420000e+002
    endloop
  endfacet
  facet normal  7.071068e-001 -7.071068e-001  0.000000e+000
    outer loop
      vertex  3.677013e+001 -3.085381e+001  1.320000e+002
      vertex  3.677013e+001 -3.085381e+001  1.420000e+002
      vertex  3.085381e+001 -3.677013e+001  1.320000e+002
    endloop
  endfacet
  facet normal  7.071068e-001 -7.071068e-001  0.000000e+000
    outer loop
      vertex  3.085381e+001 -3.677013e+001  1.320000e+002
      vertex  3.677013e+001 -3.085381e+001  1.420000e+002
      vertex  3.085381e+001 -3.677013e+001  1.420000e+002
    endloop
  endfacet
  facet normal  5.735763e-001 -8.191523e-001  0.000000e+000
    outer loop
      vertex  3.085381e+001 -3.677013e+001  1.320000e+002
      vertex  3.085381e+001 -3.677013e+001  1.420000e+002
      vertex  2.400000e+001 -4.156922e+001  1.320000e+002
    endloop
  endfacet
  facet normal  5.735763e-001 -8.191523e-001  0.000000e+000
    outer loop
      vertex  2.400000e+001 -4.156922e+001  1.320000e+002
      vertex  3.085381e+001 -3.677013e+001  1.420000e+002
      vertex  2.400000e+001 -4.156922e+001  1.420000e+002
    endloop
  endfacet
  facet normal  4.226186e-001 -9.063076e-001  0.000000e+000
    outer loop
      vertex  2.400000e+001 -4.156922e+001  1.320000e+002
      vertex  2.400000e+001 -4.156922e+001  1.420000e+002
      vertex  1.641697e+001 -4.510525e+001  1.320000e+002
    endloop
  endfacet
  facet normal  4.226186e-001 -9.063076e-001  0.000000e+000
    outer loop
      vertex  1.641697e+001 -4.510525e+001  1.320000e+002
      vertex  2.400000e+001 -4.156922e+001  1.420000e+002
      vertex  1.641697e+001 -4.510525e+001  1.420000e+002
    endloop
  endfacet
  facet normal  2.588187e-001 -9.659260e-001  0.000000e+000
    outer loop
      vertex  1.641697e+001 -4.510525e+001  1.320000e+002
      vertex  1.641697e+001 -4.510525e+001  1.420000e+002
      vertex  8.335113e+000 -4.727077e+001  1.320000e+002
    endloop
  endfacet
  facet normal  2.588187e-001 -9.659260e-001  0.000000e+000
    outer loop
      vertex  8.335113e+000 -4.727077e+001  1.320000e+002
      vertex  1.641697e+001 -4.510525e+001  1.420000e+002
      vertex  8.335113e+000 -4.727077e+001  1.420000e+002
    endloop
  endfacet
  facet normal  8.715587e-002 -9.961947e-001  0.000000e+000
    outer loop
      vertex  8.335113e+000 -4.727077e+001  1.320000e+002
      vertex  8.335113e+000 -4.727077e+001  1.420000e+002
      vertex -8.817457e-015 -4.800000e+001  1.320000e+002
    endloop
  endfacet
  facet normal  8.715587e-002 -9.961947e-001  0.000000e+000
    outer loop
      vertex -8.817457e-015 -4.800000e+001  1.320000e+002
      vertex  8.335113e+000 -4.727077e+001  1.420000e+002
      vertex -8.817457e-015 -4.800000e+001  1.420000e+002
    endloop
  endfacet
  facet normal -8.715587e-002 -9.961947e-001  -0.000000e+000
    outer loop
      vertex -8.817457e-015 -4.800000e+001  1.320000e+002
      vertex -8.817457e-015 -4.800000e+001  1.420000e+002
      vertex -8.335113e+000 -4.727077e+001  1.320000e+002
    endloop
  endfacet
  facet normal -8.715587e-002 -9.961947e-001  0.000000e+000
    outer loop
      vertex -8.335113e+000 -4.727077e+001  1.320000e+002
      vertex -8.817457e-015 -4.800000e+001  1.420000e+002
      vertex -8.335113e+000 -4.727077e+001  1.420000e+002
    endloop
  endfacet
  facet normal -2.588187e-001 -9.659260e-001  -0.000000e+000
    outer loop
      vertex -8.335113e+000 -4.727077e+001  1.320000e+002
      vertex -8.335113e+000 -4.727077e+001  1.420000e+002
      vertex -1.641697e+001 -4.510525e+001  1.320000e+002
    endloop
  endfacet
  facet normal -2.588187e-001 -9.659260e-001  0.000000e+000
    outer loop
      vertex -1.641697e+001 -4.510525e+001  1.320000e+002
      vertex -8.335113e+000 -4.727077e+001  1.420000e+002
      vertex -1.641697e+001 -4.510525e+001  1.420000e+002
    endloop
  endfacet
  facet normal -4.226186e-001 -9.063076e-001  -0.000000e+000
    outer loop
      vertex -1.641697e+001 -4.510525e+001  1.320000e+002
      vertex -1.641697e+001 -4.510525e+001  1.420000e+002
      vertex -2.400000e+001 -4.156922e+001  1.320000e+002
    endloop
  endfacet
  facet normal -4.226186e-001 -9.063076e-001  0.000000e+000
    outer loop
      vertex -2.400000e+001 -4.156922e+001  1.320000e+002
      vertex -1.641697e+001 -4.510525e+001  1.420000e+002
      vertex -2.400000e+001 -4.156922e+001  1.420000e+002
    endloop
  endfacet
  facet normal -5.735763e-001 -8.191523e-001  -0.000000e+000
    outer loop
      vertex -2.400000e+001 -4.156922e+001  1.320000e+002
      vertex -2.400000e+001 -4.156922e+001  1.420000e+002
      vertex -3.085381e+001 -3.677013e+001  1.320000e+002
    endloop
  endfacet
  facet normal -5.735763e-001 -8.191523e-001  0.000000e+000
    outer loop
      vertex -3.085381e+001 -3.677013e+001  1.320000e+002
      vertex -2.400000e+001 -4.156922e+001  1.420000e+002
      vertex -3.085381e+001 -3.677013e+001  1.420000e+002
    endloop
  endfacet
  facet normal -7.071068e-001 -7.071068e-001  -0.000000e+000
    outer loop
      vertex -3.085381e+001 -3.677013e+001  1.320000e+002
      vertex -3.085381e+001 -3.677013e+001  1.420000e+002
      vertex -3.677013e+001 -3.085381e+001  1.320000e+002
    endloop
  endfacet
  facet normal -7.071068e-001 -7.071068e-001  0.000000e+000
    outer loop
      vertex -3.677013e+001 -3.085381e+001  1.320000e+002
      vertex -3.085381e+001 -3.677013e+001  1.420000e+002
      vertex -3.677013e+001 -3.085381e+001  1.420000e+002
    endloop
  endfacet
  facet normal -8.191523e-001 -5.735763e-001  -0.000000e+000
    outer loop
      vertex -3.677013e+001 -3.085381e+001  1.320000e+002
      vertex -3.677013e+001 -3.085381e+001  1.420000e+002
      vertex -4.156922e+001 -2.400000e+001  1.320000e+002
    endloop
  endfacet
  facet normal -8.191523e-001 -5.735763e-001  0.000000e+000
    outer loop
      vertex -4.156922e+001 -2.400000e+001  1.320000e+002
      vertex -3.677013e+001 -3.085381e+001  1.420000e+002
      vertex -4.156922e+001 -2.400000e+001  1.420000e+002
    endloop
  endfacet
  facet normal -9.063076e-001 -4.226186e-001  -0.000000e+000
    outer loop
      vertex -4.156922e+001 -2.400000e+001  1.320000e+002
      vertex -4.156922e+001 -2.400000e+001  1.420000e+002
      vertex -4.510525e+001 -1.641697e+001  1.320000e+002
    endloop
  endfacet
  facet normal -9.063076e-001 -4.226186e-001  0.000000e+000
    outer loop
      vertex -4.510525e+001 -1.641697e+001  1.320000e+002
      vertex -4.156922e+001 -2.400000e+001  1.420000e+002
      vertex -4.510525e+001 -1.641697e+001  1.420000e+002
    endloop
  endfacet
  facet normal -9.659260e-001 -2.588187e-001  -0.000000e+000
    outer loop
      vertex -4.510525e+001 -1.641697e+001  1.320000e+002
      vertex -4.510525e+001 -1.641697e+001  1.420000e+002
      vertex -4.727077e+001 -8.335113e+000  1.320000e+002
    endloop
  endfacet
  facet normal -9.659260e-001 -2.588187e-001  0.000000e+000
    outer loop
      vertex -4.727077e+001 -8.335113e+000  1.320000e+002
      vertex -4.510525e+001 -1.641697e+001  1.420000e+002
      vertex -4.727077e+001 -8.335113e+000  1.420000e+002
    endloop
  endfacet
  facet normal -9.961947e-001 -8.715587e-002  -0.000000e+000
    outer loop
      vertex -4.727077e+001 -8.335113e+000  1.320000e+002
      vertex -4.727077e+001 -8.335113e+000  1.420000e+002
      vertex -4.800000e+001  5.878304e-015  1.320000e+002
    endloop
  endfacet
  facet normal -9.961947e-001 -8.715587e-002  0.000000e+000
    outer loop
      vertex -4.800000e+001  5.878304e-015  1.320000e+002
      vertex -4.727077e+001 -8.335113e+000  1.420000e+002
      vertex -4.800000e+001  5.878304e-015  1.420000e+002
    endloop
  endfacet
  facet normal -9.961947e-001  8.715587e-002  0.000000e+000
    outer loop
      vertex -4.800000e+001  5.878304e-015  1.320000e+002
      vertex -4.800000e+001  5.878304e-015  1.420000e+002
      vertex -4.727077e+001  8.335113e+000  1.320000e+002
    endloop
  endfacet
  facet normal -9.961947e-001  8.715587e-002  0.000000e+000
    outer loop
      vertex -4.727077e+001  8.335113e+000  1.320000e+002
      vertex -4.800000e+001  5.878304e-015  1.420000e+002
      vertex -4.727077e+001  8.335113e+000  1.420000e+002
    endloop
  endfacet
  facet normal -9.659260e-001  2.588187e-001  0.000000e+000
    outer loop
      vertex -4.727077e+001  8.335113e+000  1.320000e+002
      vertex -4.727077e+001  8.335113e+000  1.420000e+002
      vertex -4.510525e+001  1.641697e+001  1.320000e+002
    endloop
  endfacet
  facet normal -9.659260e-001  2.588187e-001  0.000000e+000
    outer loop
      vertex -4.510525e+001  1.641697e+001  1.320000e+002
      vertex -4.727077e+001  8.335113e+000  1.420000e+002
      vertex -4.510525e+001  1.641697e+001  1.420000e+002
    endloop
  endfacet
  facet normal -9.063076e-001  4.226186e-001  0.000000e+000
    outer loop
      vertex -4.510525e+001  1.641697e+001  1.320000e+002
      vertex -4.510525e+001  1.641697e+001  1.420000e+002
      vertex -4.156922e+001  2.400000e+001  1.320000e+002
    endloop
  endfacet
  facet normal -9.063076e-001  4.226186e-001  0.000000e+000
    outer loop
      vertex -4.156922e+001  2.400000e+001  1.320000e+002
      vertex -4.510525e+001  1.641697e+001  1.420000e+002
      vertex -4.156922e+001  2.400000e+001  1.420000e+002
    endloop
  endfacet
  facet normal -8.191523e-001  5.735763e-001  0.000000e+000
    outer loop
      vertex -4.156922e+001  2.400000e+001  1.320000e+002
      vertex -4.156922e+001  2.400000e+001  1.420000e+002
      vertex -3.677013e+001  3.085381e+001  1.320000e+002
    endloop
  endfacet
  facet normal -8.191523e-001  5.735763e-001  0.000000e+000
    outer loop
      vertex -3.677013e+001  3.085381e+001  1.320000e+002
      vertex -4.156922e+001  2.400000e+001  1.420000e+002
      vertex -3.677013e+001  3.085381e+001  1.420000e+002
    endloop
  endfacet
  facet normal -7.071068e-001  7.071068e-001  0.000000e+000
    outer loop
      vertex -3.677013e+001  3.085381e+001  1.320000e+002
      vertex -3.677013e+001  3.085381e+001  1.420000e+002
      vertex -3.085381e+001  3.677013e+001  1.320000e+002
    endloop
  endfacet
  facet normal -7.071068e-001  7.071068e-001  0.000000e+000
    outer loop
      vertex -3.085381e+001  3.677013e+001  1.320000e+002
      vertex -3.677013e+001  3.085381e+001  1.420000e+002
      vertex -3.085381e+001  3.677013e+001  1.420000e+002
    endloop
  endfacet
  facet normal -5.735763e-001  8.191523e-001  0.000000e+000
    outer loop
      vertex -3.085381e+001  3.677013e+001  1.320000e+002
      vertex -3.085381e+001  3.677013e+001  1.420000e+002
      vertex -2.400000e+001  4.156922e+001  1.320000e+002
    endloop
  endfacet
  facet normal -5.735763e-001  8.191523e-001  0.000000e+000
    outer loop
      vertex -2.400000e+001  4.156922e+001  1.320000e+002
      vertex -3.085381e+001  3.677013e+001  1.420000e+002
      vertex -2.400000e+001  4.156922e+001  1.420000e+002
    endloop
  endfacet
  facet normal -4.226186e-001  9.063076e-001  0.000000e+000
    outer loop
      vertex -2.400000e+001  4.156922e+001  1.320000e+002
      vertex -2.400000e+001  4.156922e+001  1.420000e+002
      vertex -1.641697e+001  4.510525e+001  1.320000e+002
    endloop
  endfacet
  facet normal -4.226186e-001  9.063076e-001  0.000000e+000
    outer loop
      vertex -1.641697e+001  4.510525e+001  1.320000e+002
      vertex -2.400000e+001  4.156922e+001  1.420000e+002
      vertex -1.641697e+001  4.510525e+001  1.420000e+002
    endloop
  endfacet
  facet normal -2.588187e-001  9.659260e-001  0.000000e+000
    outer loop
      vertex -1.641697e+001  4.510525e+001  1.320000e+002
      vertex -1.641697e+001  4.510525e+001  1.420000e+002
      vertex -8.335113e+000  4.727077e+001  1.320000e+002
    endloop
  endfacet
  facet normal -2.588187e-001  9.659260e-001  0.000000e+000
    outer loop
      vertex -8.335113e+000  4.727077e+001  1.320000e+002
      vertex -1.641697e+001  4.510525e+001  1.420000e+002
      vertex -8.335113e+000  4.727077e+001  1.420000e+002
    endloop
  endfacet
  facet normal -8.715587e-002  9.961947e-001  0.000000e+000
    outer loop
      vertex -8.335113e+000  4.727077e+001  1.320000e+002
      vertex -8.335113e+000  4.727077e+001  1.420000e+002
      vertex  2.939152e-015  4.800000e+001  1.320000e+002
    endloop
  endfacet
  facet normal -8.715587e-002  9.961947e-001  0.000000e+000
    outer loop
      vertex  2.939152e-015  4.800000e+001  1.320000e+002
      vertex -8.335113e+000  4.727077e+001  1.420000e+002
      vertex  2.939152e-015  4.800000e+001  1.420000e+002
    endloop
  endfacet
  facet normal  8.715587e-002  9.961947e-001  0.000000e+000
    outer loop
      vertex  2.939152e-015  4.800000e+001  1.320000e+002
      vertex  2.939152e-015  4.800000e+001  1.420000e+002
      vertex  8.335113e+000  4.727077e+001  1.320000e+002
    endloop
  endfacet
  facet normal  8.715587e-002  9.961947e-001  -0.000000e+000
    outer loop
      vertex  8.335113e+000  4.727077e+001  1.320000e+002
      vertex  2.939152e-015  4.800000e+001  1.420000e+002
      vertex  8.335113e+000  4.727077e+001  1.420000e+002
    endloop
  endfacet
  facet normal  2.588187e-001  9.659260e-001  0.000000e+000
    outer loop
      vertex  8.335113e+000  4.727077e+001  1.320000e+002
      vertex  8.335113e+000  4.727077e+001  1.420000e+002
      vertex  1.641697e+001  4.510525e+001  1.320000e+002
    endloop
  endfacet
  facet normal  2.588187e-001  9.659260e-001  -0.000000e+000
    outer loop
      vertex  1.641697e+001  4.510525e+001  1.320000e+002
      vertex  8.335113e+000  4.727077e+001  1.420000e+002
      vertex  1.641697e+001  4.510525e+001  1.420000e+002
    endloop
  endfacet
  facet normal  4.226186e-001  9.063076e-001  0.000000e+000
    outer loop
      vertex  1.641697e+001  4.510525e+001  1.320000e+002
      vertex  1.641697e+001  4.510525e+001  1.420000e+002
      vertex  2.400000e+001  4.156922e+001  1.320000e+002
    endloop
  endfacet
  facet normal  4.226186e-001  9.063076e-001  -0.000000e+000
    outer loop
      vertex  2.400000e+001  4.156922e+001  1.320000e+002
      vertex  1.641697e+001  4.510525e+001  1.420000e+002
      vertex  2.400000e+001  4.156922e+001  1.420000e+002
    endloop
  endfacet
  facet normal  5.735763e-001  8.191523e-001  0.000000e+000
    outer loop
      vertex  2.400000e+001  4.156922e+001  1.320000e+002
      vertex  2.400000e+001  4.156922e+001  1.420000e+002
      vertex  3.085381e+001  3.677013e+001  1.320000e+002
    endloop
  endfacet
  facet normal  5.735763e-001  8.191523e-001  -0.000000e+000
    outer loop
      vertex  3.085381e+001  3.677013e+001  1.320000e+002
      vertex  2.400000e+001  4.156922e+001  1.420000e+002
      vertex  3.085381e+001  3.677013e+001  1.420000e+002
    endloop
  endfacet
  facet normal  7.071068e-001  7.071068e-001  0.000000e+000
    outer loop
      vertex  3.085381e+001  3.677013e+001  1.320000e+002
      vertex  3.085381e+001  3.677013e+001  1.420000e+002
      vertex  3.677013e+001  3.085381e+001  1.320000e+002
    endloop
  endfacet
  facet normal  7.071068e-001  7.071068e-001  -0.000000e+000
    outer loop
      vertex  3.677013e+001  3.085381e+001  1.320000e+002
      vertex  3.085381e+001  3.677013e+001  1.420000e+002
      vertex  3.677013e+001  3.085381e+001  1.420000e+002
    endloop
  endfacet
  facet normal  8.191523e-001  5.735763e-001  0.000000e+000
    outer loop
      vertex  3.677013e+001  3.085381e+001  1.320000e+002
      vertex  3.677013e+001  3.085381e+001  1.420000e+002
      vertex  4.156922e+001  2.400000e+001  1.320000e+002
    endloop
  endfacet
  facet normal  8.191523e-001  5.735763e-001  -0.000000e+000
    outer loop
      vertex  4.156922e+001  2.400000e+001  1.320000e+002
      vertex  3.677013e+001  3.085381e+001  1.420000e+002
      vertex  4.156922e+001  2.400000e+001  1.420000e+002
    endloop
  endfacet
  facet normal  9.063076e-001  4.226186e-001  0.000000e+000
    outer loop
      vertex  4.156922e+001  2.400000e+001  1.320000e+002
      vertex  4.156922e+001  2.400000e+001  1.420000e+002
      vertex  4.510525e+001  1.641697e+001  1.320000e+002
    endloop
  endfacet
  facet normal  9.063076e-001  4.226186e-001  -0.000000e+000
    outer loop
      vertex  4.510525e+001  1.641697e+001  1.320000e+002
      vertex  4.156922e+001  2.400000e+001  1.420000e+002
      vertex  4.510525e+001  1.641697e+001  1.420000e+002
    endloop
  endfacet
  facet normal  9.659260e-001  2.588187e-001  0.000000e+000
    outer loop
      vertex  4.510525e+001  1.641697e+001  1.320000e+002
      vertex  4.510525e+001  1.641697e+001  1.420000e+002
      vertex  4.727077e+001  8.335113e+000  1.320000e+002
    endloop
  endfacet
  facet normal  9.659260e-001  2.588187e-001  -0.000000e+000
    outer loop
      vertex  4.727077e+001  8.335113e+000  1.320000e+002
      vertex  4.510525e+001  1.641697e+001  1.420000e+002
      vertex  4.727077e+001  8.335113e+000  1.420000e+002
    endloop
  endfacet
  facet normal  9.961947e-001  8.715587e-002  0.000000e+000
    outer loop
      vertex  4.727077e+001  8.335113e+000  1.320000e+002
      vertex  4.727077e+001  8.335113e+000  1.420000e+002
      vertex  4.800000e+001  0.000000e+000  1.320000e+002
    endloop
  endfacet
  facet normal  9.961947e-001  8.715587e-002  -0.000000e+000
    outer loop
      vertex  4.800000e+001  0.000000e+000  1.320000e+002
      vertex  4.727077e+001  8.335113e+000  1.420000e+002
      vertex  4.800000e+001  0.000000e+000  1.420000e+002
    endloop
  endfacet
  facet normal  9.951847e-001 -9.801719e-002  0.000000e+000
    outer loop
      vertex  3.900000e+001  0.000000e+000 -1.320000e+002
      vertex  3.900000e+001  0.000000e+000 -1.240000e+002
      vertex  3.825063e+001 -7.608522e+000 -1.320000e+002
    endloop
  endfacet
  facet normal  9.951847e-001 -9.801719e-002  0.000000e+000
    outer loop
      vertex  3.825063e+001 -7.608522e+000 -1.320000e+002
      vertex  3.900000e+001  0.000000e+000 -1.240000e+002
      vertex  3.825063e+001 -7.608522e+000 -1.240000e+002
    endloop
  endfacet
  facet normal  9.569404e-001 -2.902844e-001  0.000000e+000
    outer loop
      vertex  3.825063e+001 -7.608522e+000 -1.320000e+002
      vertex  3.825063e+001 -7.608522e+000 -1.240000e+002
      vertex  3.603130e+001 -1.492465e+001 -1.320000e+002
    endloop
  endfacet
  facet normal  9.569404e-001 -2.902844e-001  0.000000e+000
    outer loop
      vertex  3.603130e+001 -1.492465e+001 -1.320000e+002
      vertex  3.825063e+001 -7.608522e+000 -1.240000e+002
      vertex  3.603130e+001 -1.492465e+001 -1.240000e+002
    endloop
  endfacet
  facet normal  8.819211e-001 -4.713970e-001  0.000000e+000
    outer loop
      vertex  3.603130e+001 -1.492465e+001 -1.320000e+002
      vertex  3.603130e+001 -1.492465e+001 -1.240000e+002
      vertex  3.242731e+001 -2.166724e+001 -1.320000e+002
    endloop
  endfacet
  facet normal  8.819211e-001 -4.713970e-001  0.000000e+000
    outer loop
      vertex  3.242731e+001 -2.166724e+001 -1.320000e+002
      vertex  3.603130e+001 -1.492465e+001 -1.240000e+002
      vertex  3.242731e+001 -2.166724e+001 -1.240000e+002
    endloop
  endfacet
  facet normal  7.730104e-001 -6.343933e-001  0.000000e+000
    outer loop
      vertex  3.242731e+001 -2.166724e+001 -1.320000e+002
      vertex  3.242731e+001 -2.166724e+001 -1.240000e+002
      vertex  2.757716e+001 -2.757716e+001 -1.320000e+002
    endloop
  endfacet
  facet normal  7.730104e-001 -6.343933e-001  0.000000e+000
    outer loop
      vertex  2.757716e+001 -2.757716e+001 -1.320000e+002
      vertex  3.242731e+001 -2.166724e+001 -1.240000e+002
      vertex  2.757716e+001 -2.757716e+001 -1.240000e+002
    endloop
  endfacet
  facet normal  6.343933e-001 -7.730104e-001  0.000000e+000
    outer loop
      vertex  2.757716e+001 -2.757716e+001 -1.320000e+002
      vertex  2.757716e+001 -2.757716e+001 -1.240000e+002
      vertex  2.166724e+001 -3.242731e+001 -1.320000e+002
    endloop
  endfacet
  facet normal  6.343933e-001 -7.730104e-001  0.000000e+000
    outer loop
      vertex  2.166724e+001 -3.242731e+001 -1.320000e+002
      vertex  2.757716e+001 -2.757716e+001 -1.240000e+002
      vertex  2.166724e+001 -3.242731e+001 -1.240000e+002
    endloop
  endfacet
  facet normal  4.713970e-001 -8.819211e-001  0.000000e+000
    outer loop
      vertex  2.166724e+001 -3.242731e+001 -1.320000e+002
      vertex  2.166724e+001 -3.242731e+001 -1.240000e+002
      vertex  1.492465e+001 -3.603130e+001 -1.320000e+002
    endloop
  endfacet
  facet normal  4.713970e-001 -8.819211e-001  0.000000e+000
    outer loop
      vertex  1.492465e+001 -3.603130e+001 -1.320000e+002
      vertex  2.166724e+001 -3.242731e+001 -1.240000e+002
      vertex  1.492465e+001 -3.603130e+001 -1.240000e+002
    endloop
  endfacet
  facet normal  2.902844e-001 -9.569404e-001  0.000000e+000
    outer loop
      vertex  1.492465e+001 -3.603130e+001 -1.320000e+002
      vertex  1.492465e+001 -3.603130e+001 -1.240000e+002
      vertex  7.608522e+000 -3.825063e+001 -1.320000e+002
    endloop
  endfacet
  facet normal  2.902844e-001 -9.569404e-001  0.000000e+000
    outer loop
      vertex  7.608522e+000 -3.825063e+001 -1.320000e+002
      vertex  1.492465e+001 -3.603130e+001 -1.240000e+002
      vertex  7.608522e+000 -3.825063e+001 -1.240000e+002
    endloop
  endfacet
  facet normal  9.801719e-002 -9.951847e-001  0.000000e+000
    outer loop
      vertex  7.608522e+000 -3.825063e+001 -1.320000e+002
      vertex  7.608522e+000 -3.825063e+001 -1.240000e+002
      vertex -7.164183e-015 -3.900000e+001 -1.320000e+002
    endloop
  endfacet
  facet normal  9.801719e-002 -9.951847e-001  0.000000e+000
    outer loop
      vertex -7.164183e-015 -3.900000e+001 -1.320000e+002
      vertex  7.608522e+000 -3.825063e+001 -1.240000e+002
      vertex -7.164183e-015 -3.900000e+001 -1.240000e+002
    endloop
  endfacet
  facet normal -9.801719e-002 -9.951847e-001  -0.000000e+000
    outer loop
      vertex -7.164183e-015 -3.900000e+001 -1.320000e+002
      vertex -7.164183e-015 -3.900000e+001 -1.240000e+002
      vertex -7.608522e+000 -3.825063e+001 -1.320000e+002
    endloop
  endfacet
  facet normal -9.801719e-002 -9.951847e-001  0.000000e+000
    outer loop
      vertex -7.608522e+000 -3.825063e+001 -1.320000e+002
      vertex -7.164183e-015 -3.900000e+001 -1.240000e+002
      vertex -7.608522e+000 -3.825063e+001 -1.240000e+002
    endloop
  endfacet
  facet normal -2.902844e-001 -9.569404e-001  -0.000000e+000
    outer loop
      vertex -7.608522e+000 -3.825063e+001 -1.320000e+002
      vertex -7.608522e+000 -3.825063e+001 -1.240000e+002
      vertex -1.492465e+001 -3.603130e+001 -1.320000e+002
    endloop
  endfacet
  facet normal -2.902844e-001 -9.569404e-001  0.000000e+000
    outer loop
      vertex -1.492465e+001 -3.603130e+001 -1.320000e+002
      vertex -7.608522e+000 -3.825063e+001 -1.240000e+002
      vertex -1.492465e+001 -3.603130e+001 -1.240000e+002
    endloop
  endfacet
  facet normal -4.713970e-001 -8.819211e-001  -0.000000e+000
    outer loop
      vertex -1.492465e+001 -3.603130e+001 -1.320000e+002
      vertex -1.492465e+001 -3.603130e+001 -1.240000e+002
      vertex -2.166724e+001 -3.242731e+001 -1.320000e+002
    endloop
  endfacet
  facet normal -4.713970e-001 -8.819211e-001  0.000000e+000
    outer loop
      vertex -2.166724e+001 -3.242731e+001 -1.320000e+002
      vertex -1.492465e+001 -3.603130e+001 -1.240000e+002
      vertex -2.166724e+001 -3.242731e+001 -1.240000e+002
    endloop
  endfacet
  facet normal -6.343933e-001 -7.730104e-001  -0.000000e+000
    outer loop
      vertex -2.166724e+001 -3.242731e+001 -1.320000e+002
      vertex -2.166724e+001 -3.242731e+001 -1.240000e+002
      vertex -2.757716e+001 -2.757716e+001 -1.320000e+002
    endloop
  endfacet
  facet normal -6.343933e-001 -7.730104e-001  0.000000e+000
    outer loop
      vertex -2.757716e+001 -2.757716e+001 -1.320000e+002
      vertex -2.166724e+001 -3.242731e+001 -1.240000e+002
      vertex -2.757716e+001 -2.757716e+001 -1.240000e+002
    endloop
  endfacet
  facet normal -7.730104e-001 -6.343933e-001  -0.000000e+000
    outer loop
      vertex -2.757716e+001 -2.757716e+001 -1.320000e+002
      vertex -2.757716e+001 -2.757716e+001 -1.240000e+002
      vertex -3.242731e+001 -2.166724e+001 -1.320000e+002
    endloop
  endfacet
  facet normal -7.730104e-001 -6.343933e-001  0.000000e+000
    outer loop
      vertex -3.242731e+001 -2.166724e+001 -1.320000e+002
      vertex -2.757716e+001 -2.757716e+001 -1.240000e+002
      vertex -3.242731e+001 -2.166724e+001 -1.240000e+002
    endloop
  endfacet
  facet normal -8.819211e-001 -4.713970e-001  -0.000000e+000
    outer loop
      vertex -3.242731e+001 -2.166724e+001 -1.320000e+002
      vertex -3.242731e+001 -2.166724e+001 -1.240000e+002
      vertex -3.603130e+001 -1.492465e+001 -1.320000e+002
    endloop
  endfacet
  facet normal -8.819211e-001 -4.713970e-001  0.000000e+000
    outer loop
      vertex -3.603130e+001 -1.492465e+001 -1.320000e+002
      vertex -3.242731e+001 -2.166724e+001 -1.240000e+002
      vertex -3.603130e+001 -1.492465e+001 -1.240000e+002
    endloop
  endfacet
  facet normal -9.569404e-001 -2.902844e-001  -0.000000e+000
    outer loop
      vertex -3.603130e+001 -1.492465e+001 -1.320000e+002
      vertex -3.603130e+001 -1.492465e+001 -1.240000e+002
      vertex -3.825063e+001 -7.608522e+000 -1.320000e+002
    endloop
  endfacet
  facet normal -9.569404e-001 -2.902844e-001  0.000000e+000
    outer loop
      vertex -3.825063e+001 -7.608522e+000 -1.320000e+002
      vertex -3.603130e+001 -1.492465e+001 -1.240000e+002
      vertex -3.825063e+001 -7.608522e+000 -1.240000e+002
    endloop
  endfacet
  facet normal -9.951847e-001 -9.801719e-002  -0.000000e+000
    outer loop
      vertex -3.825063e+001 -7.608522e+000 -1.320000e+002
      vertex -3.825063e+001 -7.608522e+000 -1.240000e+002
      vertex -3.900000e+001  4.776122e-015 -1.320000e+002
    endloop
  endfacet
  facet normal -9.951847e-001 -9.801719e-002  0.000000e+000
    outer loop
      vertex -3.900000e+001  4.776122e-015 -1.320000e+002
      vertex -3.825063e+001 -7.608522e+000 -1.240000e+002
      vertex -3.900000e+001  4.776122e-015 -1.240000e+002
    endloop
  endfacet
  facet normal  9.951847e-001 -9.801719e-002  0.000000e+000
    outer loop
      vertex  3.900000e+001  0.000000e+000 -1.500000e+002
      vertex  3.900000e+001  0.000000e+000 -1.420000e+002
      vertex  3.825063e+001 -7.608522e+000 -1.500000e+002
    endloop
  endfacet
  facet normal  9.951847e-001 -9.801719e-002  0.000000e+000
    outer loop
      vertex  3.825063e+001 -7.608522e+000 -1.500000e+002
      vertex  3.900000e+001  0.000000e+000 -1.420000e+002
      vertex  3.825063e+001 -7.608522e+000 -1.420000e+002
    endloop
  endfacet
  facet normal  9.569404e-001 -2.902844e-001  0.000000e+000
    outer loop
      vertex  3.825063e+001 -7.608522e+000 -1.500000e+002
      vertex  3.825063e+001 -7.608522e+000 -1.420000e+002
      vertex  3.603130e+001 -1.492465e+001 -1.500000e+002
    endloop
  endfacet
  facet normal  9.569404e-001 -2.902844e-001  0.000000e+000
    outer loop
      vertex  3.603130e+001 -1.492465e+001 -1.500000e+002
      vertex  3.825063e+001 -7.608522e+000 -1.420000e+002
      vertex  3.603130e+001 -1.492465e+001 -1.420000e+002
    endloop
  endfacet
  facet normal  8.819211e-001 -4.713970e-001  0.000000e+000
    outer loop
      vertex  3.603130e+001 -1.492465e+001 -1.500000e+002
      vertex  3.603130e+001 -1.492465e+001 -1.420000e+002
      vertex  3.242731e+001 -2.166724e+001 -1.500000e+002
    endloop
  endfacet
  facet normal  8.819211e-001 -4.713970e-001  0.000000e+000
    outer loop
      vertex  3.242731e+001 -2.166724e+001 -1.500000e+002
      vertex  3.603130e+001 -1.492465e+001 -1.420000e+002
      vertex  3.242731e+001 -2.166724e+001 -1.420000e+002
    endloop
  endfacet
  facet normal  7.730104e-001 -6.343933e-001  0.000000e+000
    outer loop
      vertex  3.242731e+001 -2.166724e+001 -1.500000e+002
      vertex  3.242731e+001 -2.166724e+001 -1.420000e+002
      vertex  2.757716e+001 -2.757716e+001 -1.500000e+002
    endloop
  endfacet
  facet normal  7.730104e-001 -6.343933e-001  0.000000e+000
    outer loop
      vertex  2.757716e+001 -2.757716e+001 -1.500000e+002
      vertex  3.242731e+001 -2.166724e+001 -1.420000e+002
      vertex  2.757716e+001 -2.757716e+001 -1.420000e+002
    endloop
  endfacet
  facet normal  6.343933e-001 -7.730104e-001  0.000000e+000
    outer loop
      vertex  2.757716e+001 -2.757716e+001 -1.500000e+002
      vertex  2.757716e+001 -2.757716e+001 -1.420000e+002
      vertex  2.166724e+001 -3.242731e+001 -1.500000e+002
    endloop
  endfacet
  facet normal  6.343933e-001 -7.730104e-001  0.000000e+000
    outer loop
      vertex  2.166724e+001 -3.242731e+001 -1.500000e+002
      vertex  2.757716e+001 -2.757716e+001 -1.420000e+002
      vertex  2.166724e+001 -3.242731e+001 -1.420000e+002
    endloop
  endfacet
  facet normal  4.713970e-001 -8.819211e-001  0.000000e+000
    outer loop
      vertex  2.166724e+001 -3.242731e+001 -1.500000e+002
      vertex  2.166724e+001 -3.242731e+001 -1.420000e+002
      vertex  1.492465e+001 -3.603130e+001 -1.500000e+002
    endloop
  endfacet
  facet normal  4.713970e-001 -8.819211e-001  0.000000e+000
    outer loop
      vertex  1.492465e+001 -3.603130e+001 -1.500000e+002
      vertex  2.166724e+001 -3.242731e+001 -1.420000e+002
      vertex  1.492465e+001 -3.603130e+001 -1.420000e+002
    endloop
  endfacet
  facet normal  2.902844e-001 -9.569404e-001  0.000000e+000
    outer loop
      vertex  1.492465e+001 -3.603130e+001 -1.500000e+002
      vertex  1.492465e+001 -3.603130e+001 -1.420000e+002
      vertex  7.608522e+000 -3.825063e+001 -1.500000e+002
    endloop
  endfacet
  facet normal  2.902844e-001 -9.569404e-001  0.000000e+000
    outer loop
      vertex  7.608522e+000 -3.825063e+001 -1.500000e+002
      vertex  1.492465e+001 -3.603130e+001 -1.420000e+002
      vertex  7.608522e+000 -3.825063e+001 -1.420000e+002
    endloop
  endfacet
  facet normal  9.801719e-002 -9.951847e-001  0.000000e+000
    outer loop
      vertex  7.608522e+000 -3.825063e+001 -1.500000e+002
      vertex  7.608522e+000 -3.825063e+001 -1.420000e+002
      vertex -7.164183e-015 -3.900000e+001 -1.500000e+002
    endloop
  endfacet
  facet normal  9.801719e-002 -9.951847e-001  0.000000e+000
    outer loop
      vertex -7.164183e-015 -3.900000e+001 -1.500000e+002
      vertex  7.608522e+000 -3.825063e+001 -1.420000e+002
      vertex -7.164183e-015 -3.900000e+001 -1.420000e+002
    endloop
  endfacet
  facet normal -9.801719e-002 -9.951847e-001  -0.000000e+000
    outer loop
      vertex -7.164183e-015 -3.900000e+001 -1.500000e+002
      vertex -7.164183e-015 -3.900000e+001 -1.420000e+002
      vertex -7.608522e+000 -3.825063e+001 -1.500000e+002
    endloop
  endfacet
  facet normal -9.801719e-002 -9.951847e-001  0.000000e+000
    outer loop
      vertex -7.608522e+000 -3.825063e+001 -1.500000e+002
      vertex -7.164183e-015 -3.900000e+001 -1.420000e+002
      vertex -7.608522e+000 -3.825063e+001 -1.420000e+002
    endloop
  endfacet
  facet normal -2.902844e-001 -9.569404e-001  -0.000000e+000
    outer loop
      vertex -7.608522e+000 -3.825063e+001 -1.500000e+002
      vertex -7.608522e+000 -3.825063e+001 -1.420000e+002
      vertex -1.492465e+001 -3.603130e+001 -1.500000e+002
    endloop
  endfacet
  facet normal -2.902844e-001 -9.569404e-001  0.000000e+000
    outer loop
      vertex -1.492465e+001 -3.603130e+001 -1.500000e+002
      vertex -7.608522e+000 -3.825063e+001 -1.420000e+002
      vertex -1.492465e+001 -3.603130e+001 -1.420000e+002
    endloop
  endfacet
  facet normal -4.713970e-001 -8.819211e-001  -0.000000e+000
    outer loop
      vertex -1.492465e+001 -3.603130e+001 -1.500000e+002
      vertex -1.492465e+001 -3.603130e+001 -1.420000e+002
      vertex -2.166724e+001 -3.242731e+001 -1.500000e+002
    endloop
  endfacet
  facet normal -4.713970e-001 -8.819211e-001  0.000000e+000
    outer loop
      vertex -2.166724e+001 -3.242731e+001 -1.500000e+002
      vertex -1.492465e+001 -3.603130e+001 -1.420000e+002
      vertex -2.166724e+001 -3.242731e+001 -1.420000e+002
    endloop
  endfacet
  facet normal -6.343933e-001 -7.730104e-001  -0.000000e+000
    outer loop
      vertex -2.166724e+001 -3.242731e+001 -1.500000e+002
      vertex -2.166724e+001 -3.242731e+001 -1.420000e+002
      vertex -2.757716e+001 -2.757716e+001 -1.500000e+002
    endloop
  endfacet
  facet normal -6.343933e-001 -7.730104e-001  0.000000e+000
    outer loop
      vertex -2.757716e+001 -2.757716e+001 -1.500000e+002
      vertex -2.166724e+001 -3.242731e+001 -1.420000e+002
      vertex -2.757716e+001 -2.757716e+001 -1.420000e+002
    endloop
  endfacet
  facet normal -7.730104e-001 -6.343933e-001  -0.000000e+000
    outer loop
      vertex -2.757716e+001 -2.757716e+001 -1.500000e+002
      vertex -2.757716e+001 -2.757716e+001 -1.420000e+002
      vertex -3.242731e+001 -2.166724e+001 -1.500000e+002
    endloop
  endfacet
  facet normal -7.730104e-001 -6.343933e-001  0.000000e+000
    outer loop
      vertex -3.242731e+001 -2.166724e+001 -1.500000e+002
      vertex -2.757716e+001 -2.757716e+001 -1.420000e+002
      vertex -3.242731e+001 -2.166724e+001 -1.420000e+002
    endloop
  endfacet
  facet normal -8.819211e-001 -4.713970e-001  -0.000000e+000
    outer loop
      vertex -3.242731e+001 -2.166724e+001 -1.500000e+002
      vertex -3.242731e+001 -2.166724e+001 -1.420000e+002
      vertex -3.603130e+001 -1.492465e+001 -1.500000e+002
    endloop
  endfacet
  facet normal -8.819211e-001 -4.713970e-001  0.000000e+000
    outer loop
      vertex -3.603130e+001 -1.492465e+001 -1.500000e+002
      vertex -3.242731e+001 -2.166724e+001 -1.420000e+002
      vertex -3.603130e+001 -1.492465e+001 -1.420000e+002
    endloop
  endfacet
  facet normal -9.569404e-001 -2.902844e-001  -0.000000e+000
    outer loop
      vertex -3.603130e+001 -1.492465e+001 -1.500000e+002
      vertex -3.603130e+001 -1.492465e+001 -1.420000e+002
      vertex -3.825063e+001 -7.608522e+000 -1.500000e+002
    endloop
  endfacet
  facet normal -9.569404e-001 -2.902844e-001  0.000000e+000
    outer loop
      vertex -3.825063e+001 -7.608522e+000 -1.500000e+002
      vertex -3.603130e+001 -1.492465e+001 -1.420000e+002
      vertex -3.825063e+001 -7.608522e+000 -1.420000e+002
    endloop
  endfacet
  facet normal -9.951847e-001 -9.801719e-002  -0.000000e+000
    outer loop
      vertex -3.825063e+001 -7.608522e+000 -1.500000e+002
      vertex -3.825063e+001 -7.608522e+000 -1.420000e+002
      vertex -3.900000e+001  4.776122e-015 -1.500000e+002
    endloop
  endfacet
  facet normal -9.951847e-001 -9.801719e-002  0.000000e+000
    outer loop
      vertex -3.900000e+001  4.776122e-015 -1.500000e+002
      vertex -3.825063e+001 -7.608522e+000 -1.420000e+002
      vertex -3.900000e+001  4.776122e-015 -1.420000e+002
    endloop
  endfacet
  facet normal -9.951847e-001  9.801719e-002  0.000000e+000
    outer loop
      vertex -3.900000e+001  4.776122e-015 -1.320000e+002
      vertex -3.900000e+001  4.776122e-015 -1.240000e+002
      vertex -3.825063e+001  7.608522e+000 -1.320000e+002
    endloop
  endfacet
  facet normal -9.951847e-001  9.801719e-002  0.000000e+000
    outer loop
      vertex -3.825063e+001  7.608522e+000 -1.320000e+002
      vertex -3.900000e+001  4.776122e-015 -1.240000e+002
      vertex -3.825063e+001  7.608522e+000 -1.240000e+002
    endloop
  endfacet
  facet normal -9.569404e-001  2.902844e-001  0.000000e+000
    outer loop
      vertex -3.825063e+001  7.608522e+000 -1.320000e+002
      vertex -3.825063e+001  7.608522e+000 -1.240000e+002
      vertex -3.603130e+001  1.492465e+001 -1.320000e+002
    endloop
  endfacet
  facet normal -9.569404e-001  2.902844e-001  0.000000e+000
    outer loop
      vertex -3.603130e+001  1.492465e+001 -1.320000e+002
      vertex -3.825063e+001  7.608522e+000 -1.240000e+002
      vertex -3.603130e+001  1.492465e+001 -1.240000e+002
    endloop
  endfacet
  facet normal -8.819211e-001  4.713970e-001  0.000000e+000
    outer loop
      vertex -3.603130e+001  1.492465e+001 -1.320000e+002
      vertex -3.603130e+001  1.492465e+001 -1.240000e+002
      vertex -3.242731e+001  2.166724e+001 -1.320000e+002
    endloop
  endfacet
  facet normal -8.819211e-001  4.713970e-001  0.000000e+000
    outer loop
      vertex -3.242731e+001  2.166724e+001 -1.320000e+002
      vertex -3.603130e+001  1.492465e+001 -1.240000e+002
      vertex -3.242731e+001  2.166724e+001 -1.240000e+002
    endloop
  endfacet
  facet normal -7.730104e-001  6.343933e-001  0.000000e+000
    outer loop
      vertex -3.242731e+001  2.166724e+001 -1.320000e+002
      vertex -3.242731e+001  2.166724e+001 -1.240000e+002
      vertex -2.757716e+001  2.757716e+001 -1.320000e+002
    endloop
  endfacet
  facet normal -7.730104e-001  6.343933e-001  0.000000e+000
    outer loop
      vertex -2.757716e+001  2.757716e+001 -1.320000e+002
      vertex -3.242731e+001  2.166724e+001 -1.240000e+002
      vertex -2.757716e+001  2.757716e+001 -1.240000e+002
    endloop
  endfacet
  facet normal -6.343933e-001  7.730104e-001  0.000000e+000
    outer loop
      vertex -2.757716e+001  2.757716e+001 -1.320000e+002
      vertex -2.757716e+001  2.757716e+001 -1.240000e+002
      vertex -2.166724e+001  3.242731e+001 -1.320000e+002
    endloop
  endfacet
  facet normal -6.343933e-001  7.730104e-001  0.000000e+000
    outer loop
      vertex -2.166724e+001  3.242731e+001 -1.320000e+002
      vertex -2.757716e+001  2.757716e+001 -1.240000e+002
      vertex -2.166724e+001  3.242731e+001 -1.240000e+002
    endloop
  endfacet
  facet normal -4.713970e-001  8.819211e-001  0.000000e+000
    outer loop
      vertex -2.166724e+001  3.242731e+001 -1.320000e+002
      vertex -2.166724e+001  3.242731e+001 -1.240000e+002
      vertex -1.492465e+001  3.603130e+001 -1.320000e+002
    endloop
  endfacet
  facet normal -4.713970e-001  8.819211e-001  0.000000e+000
    outer loop
      vertex -1.492465e+001  3.603130e+001 -1.320000e+002
      vertex -2.166724e+001  3.242731e+001 -1.240000e+002
      vertex -1.492465e+001  3.603130e+001 -1.240000e+002
    endloop
  endfacet
  facet normal -2.902844e-001  9.569404e-001  0.000000e+000
    outer loop
      vertex -1.492465e+001  3.603130e+001 -1.320000e+002
      vertex -1.492465e+001  3.603130e+001 -1.240000e+002
      vertex -7.608522e+000  3.825063e+001 -1.320000e+002
    endloop
  endfacet
  facet normal -2.902844e-001  9.569404e-001  0.000000e+000
    outer loop
      vertex -7.608522e+000  3.825063e+001 -1.320000e+002
      vertex -1.492465e+001  3.603130e+001 -1.240000e+002
      vertex -7.608522e+000  3.825063e+001 -1.240000e+002
    endloop
  endfacet
  facet normal -9.801719e-002  9.951847e-001  0.000000e+000
    outer loop
      vertex -7.608522e+000  3.825063e+001 -1.320000e+002
      vertex -7.608522e+000  3.825063e+001 -1.240000e+002
      vertex  2.388061e-015  3.900000e+001 -1.320000e+002
    endloop
  endfacet
  facet normal -9.801719e-002  9.951847e-001  0.000000e+000
    outer loop
      vertex  2.388061e-015  3.900000e+001 -1.320000e+002
      vertex -7.608522e+000  3.825063e+001 -1.240000e+002
      vertex  2.388061e-015  3.900000e+001 -1.240000e+002
    endloop
  endfacet
  facet normal  9.801719e-002  9.951847e-001  0.000000e+000
    outer loop
      vertex  2.388061e-015  3.900000e+001 -1.320000e+002
      vertex  2.388061e-015  3.900000e+001 -1.240000e+002
      vertex  7.608522e+000  3.825063e+001 -1.320000e+002
    endloop
  endfacet
  facet normal  9.801719e-002  9.951847e-001  -0.000000e+000
    outer loop
      vertex  7.608522e+000  3.825063e+001 -1.320000e+002
      vertex  2.388061e-015  3.900000e+001 -1.240000e+002
      vertex  7.608522e+000  3.825063e+001 -1.240000e+002
    endloop
  endfacet
  facet normal  2.902844e-001  9.569404e-001  0.000000e+000
    outer loop
      vertex  7.608522e+000  3.825063e+001 -1.320000e+002
      vertex  7.608522e+000  3.825063e+001 -1.240000e+002
      vertex  1.492465e+001  3.603130e+001 -1.320000e+002
    endloop
  endfacet
  facet normal  2.902844e-001  9.569404e-001  -0.000000e+000
    outer loop
      vertex  1.492465e+001  3.603130e+001 -1.320000e+002
      vertex  7.608522e+000  3.825063e+001 -1.240000e+002
      vertex  1.492465e+001  3.603130e+001 -1.240000e+002
    endloop
  endfacet
  facet normal  4.713970e-001  8.819211e-001  0.000000e+000
    outer loop
      vertex  1.492465e+001  3.603130e+001 -1.320000e+002
      vertex  1.492465e+001  3.603130e+001 -1.240000e+002
      vertex  2.166724e+001  3.242731e+001 -1.320000e+002
    endloop
  endfacet
  facet normal  4.713970e-001  8.819211e-001  -0.000000e+000
    outer loop
      vertex  2.166724e+001  3.242731e+001 -1.320000e+002
      vertex  1.492465e+001  3.603130e+001 -1.240000e+002
      vertex  2.166724e+001  3.242731e+001 -1.240000e+002
    endloop
  endfacet
  facet normal  6.343933e-001  7.730104e-001  0.000000e+000
    outer loop
      vertex  2.166724e+001  3.242731e+001 -1.320000e+002
      vertex  2.166724e+001  3.242731e+001 -1.240000e+002
      vertex  2.757716e+001  2.757716e+001 -1.320000e+002
    endloop
  endfacet
  facet normal  6.343933e-001  7.730104e-001  -0.000000e+000
    outer loop
      vertex  2.757716e+001  2.757716e+001 -1.320000e+002
      vertex  2.166724e+001  3.242731e+001 -1.240000e+002
      vertex  2.757716e+001  2.757716e+001 -1.240000e+002
    endloop
  endfacet
  facet normal  7.730104e-001  6.343933e-001  0.000000e+000
    outer loop
      vertex  2.757716e+001  2.757716e+001 -1.320000e+002
      vertex  2.757716e+001  2.757716e+001 -1.240000e+002
      vertex  3.242731e+001  2.166724e+001 -1.320000e+002
    endloop
  endfacet
  facet normal  7.730104e-001  6.343933e-001  -0.000000e+000
    outer loop
      vertex  3.242731e+001  2.166724e+001 -1.320000e+002
      vertex  2.757716e+001  2.757716e+001 -1.240000e+002
      vertex  3.242731e+001  2.166724e+001 -1.240000e+002
    endloop
  endfacet
  facet normal  8.819211e-001  4.713970e-001  0.000000e+000
    outer loop
      vertex  3.242731e+001  2.166724e+001 -1.320000e+002
      vertex  3.242731e+001  2.166724e+001 -1.240000e+002
      vertex  3.603130e+001  1.492465e+001 -1.320000e+002
    endloop
  endfacet
  facet normal  8.819211e-001  4.713970e-001  -0.000000e+000
    outer loop
      vertex  3.603130e+001  1.492465e+001 -1.320000e+002
      vertex  3.242731e+001  2.166724e+001 -1.240000e+002
      vertex  3.603130e+001  1.492465e+001 -1.240000e+002
    endloop
  endfacet
  facet normal  9.569404e-001  2.902844e-001  0.000000e+000
    outer loop
      vertex  3.603130e+001  1.492465e+001 -1.320000e+002
      vertex  3.603130e+001  1.492465e+001 -1.240000e+002
      vertex  3.825063e+001  7.608522e+000 -1.320000e+002
    endloop
  endfacet
  facet normal  9.569404e-001  2.902844e-001  -0.000000e+000
    outer loop
      vertex  3.825063e+001  7.608522e+000 -1.320000e+002
      vertex  3.603130e+001  1.492465e+001 -1.240000e+002
      vertex  3.825063e+001  7.608522e+000 -1.240000e+002
    endloop
  endfacet
  facet normal  9.951847e-001  9.801719e-002  0.000000e+000
    outer loop
      vertex  3.825063e+001  7.608522e+000 -1.320000e+002
      vertex  3.825063e+001  7.608522e+000 -1.240000e+002
      vertex  3.900000e+001  0.000000e+000 -1.320000e+002
    endloop
  endfacet
  facet normal  9.951847e-001  9.801719e-002  -0.000000e+000
    outer loop
      vertex  3.900000e+001  0.000000e+000 -1.320000e+002
      vertex  3.825063e+001  7.608522e+000 -1.240000e+002
      vertex  3.900000e+001  0.000000e+000 -1.240000e+002
    endloop
  endfacet
  facet normal -9.951847e-001  9.801719e-002  0.000000e+000
    outer loop
      vertex -3.900000e+001  4.776122e-015 -1.500000e+002
      vertex -3.900000e+001  4.776122e-015 -1.420000e+002
      vertex -3.825063e+001  7.608522e+000 -1.500000e+002
    endloop
  endfacet
  facet normal -9.951847e-001  9.801719e-002  0.000000e+000
    outer loop
      vertex -3.825063e+001  7.608522e+000 -1.500000e+002
      vertex -3.900000e+001  4.776122e-015 -1.420000e+002
      vertex -3.825063e+001  7.608522e+000 -1.420000e+002
    endloop
  endfacet
  facet normal -9.569404e-001  2.902844e-001  0.000000e+000
    outer loop
      vertex -3.825063e+001  7.608522e+000 -1.500000e+002
      vertex -3.825063e+001  7.608522e+000 -1.420000e+002
      vertex -3.603130e+001  1.492465e+001 -1.500000e+002
    endloop
  endfacet
  facet normal -9.569404e-001  2.902844e-001  0.000000e+000
    outer loop
      vertex -3.603130e+001  1.492465e+001 -1.500000e+002
      vertex -3.825063e+001  7.608522e+000 -1.420000e+002
      vertex -3.603130e+001  1.492465e+001 -1.420000e+002
    endloop
  endfacet
  facet normal -8.819211e-001  4.713970e-001  0.000000e+000
    outer loop
      vertex -3.603130e+001  1.492465e+001 -1.500000e+002
      vertex -3.603130e+001  1.492465e+001 -1.420000e+002
      vertex -3.242731e+001  2.166724e+001 -1.500000e+002
    endloop
  endfacet
  facet normal -8.819211e-001  4.713970e-001  0.000000e+000
    outer loop
      vertex -3.242731e+001  2.166724e+001 -1.500000e+002
      vertex -3.603130e+001  1.492465e+001 -1.420000e+002
      vertex -3.242731e+001  2.166724e+001 -1.420000e+002
    endloop
  endfacet
  facet normal -7.730104e-001  6.343933e-001  0.000000e+000
    outer loop
      vertex -3.242731e+001  2.166724e+001 -1.500000e+002
      vertex -3.242731e+001  2.166724e+001 -1.420000e+002
      vertex -2.757716e+001  2.757716e+001 -1.500000e+002
    endloop
  endfacet
  facet normal -7.730104e-001  6.343933e-001  0.000000e+000
    outer loop
      vertex -2.757716e+001  2.757716e+001 -1.500000e+002
      vertex -3.242731e+001  2.166724e+001 -1.420000e+002
      vertex -2.757716e+001  2.757716e+001 -1.420000e+002
    endloop
  endfacet
  facet normal -6.343933e-001  7.730104e-001  0.000000e+000
    outer loop
      vertex -2.757716e+001  2.757716e+001 -1.500000e+002
      vertex -2.757716e+001  2.757716e+001 -1.420000e+002
      vertex -2.166724e+001  3.242731e+001 -1.500000e+002
    endloop
  endfacet
  facet normal -6.343933e-001  7.730104e-001  0.000000e+000
    outer loop
      vertex -2.166724e+001  3.242731e+001 -1.500000e+002
      vertex -2.757716e+001  2.757716e+001 -1.420000e+002
      vertex -2.166724e+001  3.242731e+001 -1.420000e+002
    endloop
  endfacet
  facet normal -4.713970e-001  8.819211e-001  0.000000e+000
    outer loop
      vertex -2.166724e+001  3.242731e+001 -1.500000e+002
      vertex -2.166724e+001  3.242731e+001 -1.420000e+002
      vertex -1.492465e+001  3.603130e+001 -1.500000e+002
    endloop
  endfacet
  facet normal -4.713970e-001  8.819211e-001  0.000000e+000
    outer loop
      vertex -1.492465e+001  3.603130e+001 -1.500000e+002
      vertex -2.166724e+001  3.242731e+001 -1.420000e+002
      vertex -1.492465e+001  3.603130e+001 -1.420000e+002
    endloop
  endfacet
  facet normal -2.902844e-001  9.569404e-001  0.000000e+000
    outer loop
      vertex -1.492465e+001  3.603130e+001 -1.500000e+002
      vertex -1.492465e+001  3.603130e+001 -1.420000e+002
      vertex -7.608522e+000  3.825063e+001 -1.500000e+002
    endloop
  endfacet
  facet normal -2.902844e-001  9.569404e-001  0.000000e+000
    outer loop
      vertex -7.608522e+000  3.825063e+001 -1.500000e+002
      vertex -1.492465e+001  3.603130e+001 -1.420000e+002
      vertex -7.608522e+000  3.825063e+001 -1.420000e+002
    endloop
  endfacet
  facet normal -9.801719e-002  9.951847e-001  0.000000e+000
    outer loop
      vertex -7.608522e+000  3.825063e+001 -1.500000e+002
      vertex -7.608522e+000  3.825063e+001 -1.420000e+002
      vertex  2.388061e-015  3.900000e+001 -1.500000e+002
    endloop
  endfacet
  facet normal -9.801719e-002  9.951847e-001  0.000000e+000
    outer loop
      vertex  2.388061e-015  3.900000e+001 -1.500000e+002
      vertex -7.608522e+000  3.825063e+001 -1.420000e+002
      vertex  2.388061e-015  3.900000e+001 -1.420000e+002
    endloop
  endfacet
  facet normal  9.801719e-002  9.951847e-001  0.000000e+000
    outer loop
      vertex  2.388061e-015  3.900000e+001 -1.500000e+002
      vertex  2.388061e-015  3.900000e+001 -1.420000e+002
      vertex  7.608522e+000  3.825063e+001 -1.500000e+002
    endloop
  endfacet
  facet normal  9.801719e-002  9.951847e-001  -0.000000e+000
    outer loop
      vertex  7.608522e+000  3.825063e+001 -1.500000e+002
      vertex  2.388061e-015  3.900000e+001 -1.420000e+002
      vertex  7.608522e+000  3.825063e+001 -1.420000e+002
    endloop
  endfacet
  facet normal  2.902844e-001  9.569404e-001  0.000000e+000
    outer loop
      vertex  7.608522e+000  3.825063e+001 -1.500000e+002
      vertex  7.608522e+000  3.825063e+001 -1.420000e+002
      vertex  1.492465e+001  3.603130e+001 -1.500000e+002
    endloop
  endfacet
  facet normal  2.902844e-001  9.569404e-001  -0.000000e+000
    outer loop
      vertex  1.492465e+001  3.603130e+001 -1.500000e+002
      vertex  7.608522e+000  3.825063e+001 -1.420000e+002
      vertex  1.492465e+001  3.603130e+001 -1.420000e+002
    endloop
  endfacet
  facet normal  4.713970e-001  8.819211e-001  0.000000e+000
    outer loop
      vertex  1.492465e+001  3.603130e+001 -1.500000e+002
      vertex  1.492465e+001  3.603130e+001 -1.420000e+002
      vertex  2.166724e+001  3.242731e+001 -1.500000e+002
    endloop
  endfacet
  facet normal  4.713970e-001  8.819211e-001  -0.000000e+000
    outer loop
      vertex  2.166724e+001  3.242731e+001 -1.500000e+002
      vertex  1.492465e+001  3.603130e+001 -1.420000e+002
      vertex  2.166724e+001  3.242731e+001 -1.420000e+002
    endloop
  endfacet
  facet normal  6.343933e-001  7.730104e-001  0.000000e+000
    outer loop
      vertex  2.166724e+001  3.242731e+001 -1.500000e+002
      vertex  2.166724e+001  3.242731e+001 -1.420000e+002
      vertex  2.757716e+001  2.757716e+001 -1.500000e+002
    endloop
  endfacet
  facet normal  6.343933e-001  7.730104e-001  -0.000000e+000
    outer loop
      vertex  2.757716e+001  2.757716e+001 -1.500000e+002
      vertex  2.166724e+001  3.242731e+001 -1.420000e+002
      vertex  2.757716e+001  2.757716e+001 -1.420000e+002
    endloop
  endfacet
  facet normal  7.730104e-001  6.343933e-001  0.000000e+000
    outer loop
      vertex  2.757716e+001  2.757716e+001 -1.500000e+002
      vertex  2.757716e+001  2.757716e+001 -1.420000e+002
      vertex  3.242731e+001  2.166724e+001 -1.500000e+002
    endloop
  endfacet
  facet normal  7.730104e-001  6.343933e-001  -0.000000e+000
    outer loop
      vertex  3.242731e+001  2.166724e+001 -1.500000e+002
      vertex  2.757716e+001  2.757716e+001 -1.420000e+002
      vertex  3.242731e+001  2.166724e+001 -1.420000e+002
    endloop
  endfacet
  facet normal  8.819211e-001  4.713970e-001  0.000000e+000
    outer loop
      vertex  3.242731e+001  2.166724e+001 -1.500000e+002
      vertex  3.242731e+001  2.166724e+001 -1.420000e+002
      vertex  3.603130e+001  1.492465e+001 -1.500000e+002
    endloop
  endfacet
  facet normal  8.819211e-001  4.713970e-001  -0.000000e+000
    outer loop
      vertex  3.603130e+001  1.492465e+001 -1.500000e+002
      vertex  3.242731e+001  2.166724e+001 -1.420000e+002
      vertex  3.603130e+001  1.492465e+001 -1.420000e+002
    endloop
  endfacet
  facet normal  9.569404e-001  2.902844e-001  0.000000e+000
    outer loop
      vertex  3.603130e+001  1.492465e+001 -1.500000e+002
      vertex  3.603130e+001  1.492465e+001 -1.420000e+002
      vertex  3.825063e+001  7.608522e+000 -1.500000e+002
    endloop
  endfacet
  facet normal  9.569404e-001  2.902844e-001  -0.000000e+000
    outer loop
      vertex  3.825063e+001  7.608522e+000 -1.500000e+002
      vertex  3.603130e+001  1.492465e+001 -1.420000e+002
      vertex  3.825063e+001  7.608522e+000 -1.420000e+002
    endloop
  endfacet
  facet normal  9.951847e-001  9.801719e-002  0.000000e+000
    outer loop
      vertex  3.825063e+001  7.608522e+000 -1.500000e+002
      vertex  3.825063e+001  7.608522e+000 -1.420000e+002
      vertex  3.900000e+001  0.000000e+000 -1.500000e+002
    endloop
  endfacet
  facet normal  9.951847e-001  9.801719e-002  -0.000000e+000
    outer loop
      vertex  3.900000e+001  0.000000e+000 -1.500000e+002
      vertex  3.825063e+001  7.608522e+000 -1.420000e+002
      vertex  3.900000e+001  0.000000e+000 -1.420000e+002
    endloop
  endfacet
  facet normal  0.000000e+000  0.000000e+000 -1.000000e+000
    outer loop
      vertex -1.492465e+001  3.603130e+001 -1.420000e+002
      vertex -3.085381e+001  3.677013e+001 -1.420000e+002
      vertex -7.608522e+000  3.825063e+001 -1.420000e+002
    endloop
  endfacet
  facet normal  0.000000e+000  0.000000e+000 -1.000000e+000
    outer loop
      vertex -1.641697e+001 -4.510525e+001 -1.420000e+002
      vertex -2.400000e+001 -4.156922e+001 -1.420000e+002
      vertex -8.817457e-015 -4.800000e+001 -1.420000e+002
    endloop
  endfacet
  facet normal  0.000000e+000  0.000000e+000 -1.000000e+000
    outer loop
      vertex -8.335113e+000 -4.727077e+001 -1.420000e+002
      vertex -1.641697e+001 -4.510525e+001 -1.420000e+002
      vertex -8.817457e-015 -4.800000e+001 -1.420000e+002
    endloop
  endfacet
  facet normal  0.000000e+000  0.000000e+000 -1.000000e+000
    outer loop
      vertex  3.085381e+001  3.677013e+001 -1.420000e+002
      vertex  1.492465e+001  3.603130e+001 -1.420000e+002
      vertex  7.608522e+000  3.825063e+001 -1.420000e+002
    endloop
  endfacet
  facet normal  -0.000000e+000  0.000000e+000 -1.000000e+000
    outer loop
      vertex  2.400000e+001 -4.156922e+001 -1.420000e+002
      vertex  1.641697e+001 -4.510525e+001 -1.420000e+002
      vertex -8.817457e-015 -4.800000e+001 -1.420000e+002
    endloop
  endfacet
  facet normal  -0.000000e+000  0.000000e+000 -1.000000e+000
    outer loop
      vertex  1.641697e+001 -4.510525e+001 -1.420000e+002
      vertex  8.335113e+000 -4.727077e+001 -1.420000e+002
      vertex -8.817457e-015 -4.800000e+001 -1.420000e+002
    endloop
  endfacet
  facet normal  -0.000000e+000  0.000000e+000 -1.000000e+000
    outer loop
      vertex  2.388061e-015  3.900000e+001 -1.420000e+002
      vertex -7.608522e+000  3.825063e+001 -1.420000e+002
      vertex -3.085381e+001  3.677013e+001 -1.420000e+002
    endloop
  endfacet
  facet normal  0.000000e+000  0.000000e+000 -1.000000e+000
    outer loop
      vertex  2.388061e-015  3.900000e+001 -1.420000e+002
      vertex -3.085381e+001  3.677013e+001 -1.420000e+002
      vertex -2.400000e+001  4.156922e+001 -1.420000e+002
    endloop
  endfacet
  facet normal  0.000000e+000  0.000000e+000 -1.000000e+000
    outer loop
      vertex  2.388061e-015  3.900000e+001 -1.420000e+002
      vertex -2.400000e+001  4.156922e+001 -1.420000e+002
      vertex -1.641697e+001  4.510525e+001 -1.420000e+002
    endloop
  endfacet
  facet normal  0.000000e+000  0.000000e+000 -1.000000e+000
    outer loop
      vertex  2.388061e-015  3.900000e+001 -1.420000e+002
      vertex -1.641697e+001  4.510525e+001 -1.420000e+002
      vertex -8.335113e+000  4.727077e+001 -1.420000e+002
    endloop
  endfacet
  facet normal  0.000000e+000  0.000000e+000 -1.000000e+000
    outer loop
      vertex  2.388061e-015  3.900000e+001 -1.420000e+002
      vertex -8.335113e+000  4.727077e+001 -1.420000e+002
      vertex  2.939152e-015  4.800000e+001 -1.420000e+002
    endloop
  endfacet
  facet normal  0.000000e+000  -0.000000e+000 -1.000000e+000
    outer loop
      vertex  2.388061e-015  3.900000e+001 -1.420000e+002
      vertex  2.939152e-015  4.800000e+001 -1.420000e+002
      vertex  8.335113e+000  4.727077e+001 -1.420000e+002
    endloop
  endfacet
  facet normal  0.000000e+000  -0.000000e+000 -1.000000e+000
    outer loop
      vertex  2.388061e-015  3.900000e+001 -1.420000e+002
      vertex  8.335113e+000  4.727077e+001 -1.420000e+002
      vertex  1.641697e+001  4.510525e+001 -1.420000e+002
    endloop
  endfacet
  facet normal  0.000000e+000  -0.000000e+000 -1.000000e+000
    outer loop
      vertex  2.388061e-015  3.900000e+001 -1.420000e+002
      vertex  1.641697e+001  4.510525e+001 -1.420000e+002
      vertex  2.400000e+001  4.156922e+001 -1.420000e+002
    endloop
  endfacet
  facet normal  0.000000e+000  -0.000000e+000 -1.000000e+000
    outer loop
      vertex  2.388061e-015  3.900000e+001 -1.420000e+002
      vertex  2.400000e+001  4.156922e+001 -1.420000e+002
      vertex  3.085381e+001  3.677013e+001 -1.420000e+002
    endloop
  endfacet
  facet normal  0.000000e+000  0.000000e+000 -9.999999e-001
    outer loop
      vertex  2.388061e-015  3.900000e+001 -1.420000e+002
      vertex  3.085381e+001  3.677013e+001 -1.420000e+002
      vertex  7.608522e+000  3.825063e+001 -1.420000e+002
    endloop
  endfacet
  facet normal  0.000000e+000  0.000000e+000 -1.000000e+000
    outer loop
      vertex -3.242731e+001  2.166724e+001 -1.420000e+002
      vertex -4.156922e+001  2.400000e+001 -1.420000e+002
      vertex -2.757716e+001  2.757716e+001 -1.420000e+002
    endloop
  endfacet
  facet normal  -0.000000e+000  0.000000e+000 -1.000000e+000
    outer loop
      vertex -2.757716e+001  2.757716e+001 -1.420000e+002
      vertex -4.156922e+001  2.400000e+001 -1.420000e+002
      vertex -3.677013e+001  3.085381e+001 -1.420000e+002
    endloop
  endfacet
  facet normal  0.000000e+000  0.000000e+000 -1.000000e+000
    outer loop
      vertex -2.757716e+001  2.757716e+001 -1.420000e+002
      vertex -3.677013e+001  3.085381e+001 -1.420000e+002
      vertex -2.166724e+001  3.242731e+001 -1.420000e+002
    endloop
  endfacet
  facet normal  -0.000000e+000  0.000000e+000 -1.000000e+000
    outer loop
      vertex -2.166724e+001  3.242731e+001 -1.420000e+002
      vertex -3.677013e+001  3.085381e+001 -1.420000e+002
      vertex -3.085381e+001  3.677013e+001 -1.420000e+002
    endloop
  endfacet
  facet normal  0.000000e+000  0.000000e+000 -1.000000e+000
    outer loop
      vertex -2.166724e+001  3.242731e+001 -1.420000e+002
      vertex -3.085381e+001  3.677013e+001 -1.420000e+002
      vertex -1.492465e+001  3.603130e+001 -1.420000e+002
    endloop
  endfacet
  facet normal  0.000000e+000  0.000000e+000 -1.000000e+000
    outer loop
      vertex -2.166724e+001 -3.242731e+001 -1.420000e+002
      vertex -3.677013e+001 -3.085381e+001 -1.420000e+002
      vertex -2.757716e+001 -2.757716e+001 -1.420000e+002
    endloop
  endfacet
  facet normal  -0.000000e+000  0.000000e+000 -1.000000e+000
    outer loop
      vertex -2.757716e+001 -2.757716e+001 -1.420000e+002
      vertex -3.677013e+001 -3.085381e+001 -1.420000e+002
      vertex -4.156922e+001 -2.400000e+001 -1.420000e+002
    endloop
  endfacet
  facet normal  0.000000e+000  0.000000e+000 -1.000000e+000
    outer loop
      vertex -2.757716e+001 -2.757716e+001 -1.420000e+002
      vertex -4.156922e+001 -2.400000e+001 -1.420000e+002
      vertex -3.242731e+001 -2.166724e+001 -1.420000e+002
    endloop
  endfacet
  facet normal  -0.000000e+000  0.000000e+000 -1.000000e+000
    outer loop
      vertex -3.242731e+001 -2.166724e+001 -1.420000e+002
      vertex -4.156922e+001 -2.400000e+001 -1.420000e+002
      vertex -4.510525e+001 -1.641697e+001 -1.420000e+002
    endloop
  endfacet
  facet normal  0.000000e+000  0.000000e+000 -1.000000e+000
    outer loop
      vertex -3.242731e+001 -2.166724e+001 -1.420000e+002
      vertex -4.510525e+001 -1.641697e+001 -1.420000e+002
      vertex -3.603130e+001 -1.492465e+001 -1.420000e+002
    endloop
  endfacet
  facet normal  -0.000000e+000  0.000000e+000 -1.000000e+000
    outer loop
      vertex -3.603130e+001 -1.492465e+001 -1.420000e+002
      vertex -4.510525e+001 -1.641697e+001 -1.420000e+002
      vertex -4.727077e+001 -8.335113e+000 -1.420000e+002
    endloop
  endfacet
  facet normal  0.000000e+000  0.000000e+000 -1.000000e+000
    outer loop
      vertex -3.603130e+001 -1.492465e+001 -1.420000e+002
      vertex -4.727077e+001 -8.335113e+000 -1.420000e+002
      vertex -3.825063e+001 -7.608522e+000 -1.420000e+002
    endloop
  endfacet
  facet normal  -0.000000e+000  0.000000e+000 -1.000000e+000
    outer loop
      vertex -3.825063e+001 -7.608522e+000 -1.420000e+002
      vertex -4.727077e+001 -8.335113e+000 -1.420000e+002
      vertex -4.800000e+001  5.878304e-015 -1.420000e+002
    endloop
  endfacet
  facet normal  0.000000e+000  0.000000e+000 -1.000000e+000
    outer loop
      vertex -3.825063e+001 -7.608522e+000 -1.420000e+002
      vertex -4.800000e+001  5.878304e-015 -1.420000e+002
      vertex -3.900000e+001  4.776122e-015 -1.420000e+002
    endloop
  endfacet
  facet normal  0.000000e+000  0.000000e+000 -1.000000e+000
    outer loop
      vertex -3.900000e+001  4.776122e-015 -1.420000e+002
      vertex -4.800000e+001  5.878304e-015 -1.420000e+002
      vertex -4.727077e+001  8.335113e+000 -1.420000e+002
    endloop
  endfacet
  facet normal  0.000000e+000  0.000000e+000 -1.000000e+000
    outer loop
      vertex -3.900000e+001  4.776122e-015 -1.420000e+002
      vertex -4.727077e+001  8.335113e+000 -1.420000e+002
      vertex -3.825063e+001  7.608522e+000 -1.420000e+002
    endloop
  endfacet
  facet normal  0.000000e+000  0.000000e+000 -1.000000e+000
    outer loop
      vertex -3.825063e+001  7.608522e+000 -1.420000e+002
      vertex -4.727077e+001  8.335113e+000 -1.420000e+002
      vertex -4.510525e+001  1.641697e+001 -1.420000e+002
    endloop
  endfacet
  facet normal  0.000000e+000  0.000000e+000 -1.000000e+000
    outer loop
      vertex -3.825063e+001  7.608522e+000 -1.420000e+002
      vertex -4.510525e+001  1.641697e+001 -1.420000e+002
      vertex -3.603130e+001  1.492465e+001 -1.420000e+002
    endloop
  endfacet
  facet normal  0.000000e+000  0.000000e+000 -1.000000e+000
    outer loop
      vertex -3.603130e+001  1.492465e+001 -1.420000e+002
      vertex -4.510525e+001  1.641697e+001 -1.420000e+002
      vertex -4.156922e+001  2.400000e+001 -1.420000e+002
    endloop
  endfacet
  facet normal  0.000000e+000  0.000000e+000 -1.000000e+000
    outer loop
      vertex -3.603130e+001  1.492465e+001 -1.420000e+002
      vertex -4.156922e+001  2.400000e+001 -1.420000e+002
      vertex -3.242731e+001  2.166724e+001 -1.420000e+002
    endloop
  endfacet
  facet normal  -0.000000e+000  0.000000e+000 -1.000000e+000
    outer loop
      vertex  2.757716e+001 -2.757716e+001 -1.420000e+002
      vertex  3.677013e+001 -3.085381e+001 -1.420000e+002
      vertex  2.166724e+001 -3.242731e+001 -1.420000e+002
    endloop
  endfacet
  facet normal  0.000000e+000  0.000000e+000 -1.000000e+000
    outer loop
      vertex  2.166724e+001 -3.242731e+001 -1.420000e+002
      vertex  3.677013e+001 -3.085381e+001 -1.420000e+002
      vertex  3.085381e+001 -3.677013e+001 -1.420000e+002
    endloop
  endfacet
  facet normal  0.000000e+000  0.000000e+000 -1.000000e+000
    outer loop
      vertex  2.166724e+001 -3.242731e+001 -1.420000e+002
      vertex  3.085381e+001 -3.677013e+001 -1.420000e+002
      vertex  1.492465e+001 -3.603130e+001 -1.420000e+002
    endloop
  endfacet
  facet normal  0.000000e+000  0.000000e+000 -1.000000e+000
    outer loop
      vertex  1.492465e+001 -3.603130e+001 -1.420000e+002
      vertex  3.085381e+001 -3.677013e+001 -1.420000e+002
      vertex  2.400000e+001 -4.156922e+001 -1.420000e+002
    endloop
  endfacet
  facet normal  0.000000e+000  0.000000e+000 -1.000000e+000
    outer loop
      vertex  1.492465e+001 -3.603130e+001 -1.420000e+002
      vertex  2.400000e+001 -4.156922e+001 -1.420000e+002
      vertex  7.608522e+000 -3.825063e+001 -1.420000e+002
    endloop
  endfacet
  facet normal  0.000000e+000  -0.000000e+000 -1.000000e+000
    outer loop
      vertex  7.608522e+000 -3.825063e+001 -1.420000e+002
      vertex  2.400000e+001 -4.156922e+001 -1.420000e+002
      vertex -8.817457e-015 -4.800000e+001 -1.420000e+002
    endloop
  endfacet
  facet normal  0.000000e+000  0.000000e+000 -1.000000e+000
    outer loop
      vertex  7.608522e+000 -3.825063e+001 -1.420000e+002
      vertex -8.817457e-015 -4.800000e+001 -1.420000e+002
      vertex -7.164183e-015 -3.900000e+001 -1.420000e+002
    endloop
  endfacet
  facet normal  0.000000e+000  0.000000e+000 -1.000000e+000
    outer loop
      vertex -7.164183e-015 -3.900000e+001 -1.420000e+002
      vertex -8.817457e-015 -4.800000e+001 -1.420000e+002
      vertex -2.400000e+001 -4.156922e+001 -1.420000e+002
    endloop
  endfacet
  facet normal  0.000000e+000  0.000000e+000 -1.000000e+000
    outer loop
      vertex -7.164183e-015 -3.900000e+001 -1.420000e+002
      vertex -2.400000e+001 -4.156922e+001 -1.420000e+002
      vertex -7.608522e+000 -3.825063e+001 -1.420000e+002
    endloop
  endfacet
  facet normal  -0.000000e+000  0.000000e+000 -1.000000e+000
    outer loop
      vertex -7.608522e+000 -3.825063e+001 -1.420000e+002
      vertex -2.400000e+001 -4.156922e+001 -1.420000e+002
      vertex -3.085381e+001 -3.677013e+001 -1.420000e+002
    endloop
  endfacet
  facet normal  0.000000e+000  0.000000e+000 -1.000000e+000
    outer loop
      vertex -7.608522e+000 -3.825063e+001 -1.420000e+002
      vertex -3.085381e+001 -3.677013e+001 -1.420000e+002
      vertex -1.492465e+001 -3.603130e+001 -1.420000e+002
    endloop
  endfacet
  facet normal  -0.000000e+000  0.000000e+000 -1.000000e+000
    outer loop
      vertex -1.492465e+001 -3.603130e+001 -1.420000e+002
      vertex -3.085381e+001 -3.677013e+001 -1.420000e+002
      vertex -3.677013e+001 -3.085381e+001 -1.420000e+002
    endloop
  endfacet
  facet normal  0.000000e+000  0.000000e+000 -9.999999e-001
    outer loop
      vertex -1.492465e+001 -3.603130e+001 -1.420000e+002
      vertex -3.677013e+001 -3.085381e+001 -1.420000e+002
      vertex -2.166724e+001 -3.242731e+001 -1.420000e+002
    endloop
  endfacet
  facet normal  0.000000e+000  0.000000e+000 -1.000000e+000
    outer loop
      vertex  3.242731e+001  2.166724e+001 -1.420000e+002
      vertex  2.757716e+001  2.757716e+001 -1.420000e+002
      vertex  4.156922e+001  2.400000e+001 -1.420000e+002
    endloop
  endfacet
  facet normal  0.000000e+000  0.000000e+000 -1.000000e+000
    outer loop
      vertex  4.156922e+001  2.400000e+001 -1.420000e+002
      vertex  2.757716e+001  2.757716e+001 -1.420000e+002
      vertex  2.166724e+001  3.242731e+001 -1.420000e+002
    endloop
  endfacet
  facet normal  0.000000e+000  0.000000e+000 -1.000000e+000
    outer loop
      vertex  4.156922e+001  2.400000e+001 -1.420000e+002
      vertex  2.166724e+001  3.242731e+001 -1.420000e+002
      vertex  3.677013e+001  3.085381e+001 -1.420000e+002
    endloop
  endfacet
  facet normal  0.000000e+000  0.000000e+000 -9.999999e-001
    outer loop
      vertex  3.677013e+001  3.085381e+001 -1.420000e+002
      vertex  2.166724e+001  3.242731e+001 -1.420000e+002
      vertex  1.492465e+001  3.603130e+001 -1.420000e+002
    endloop
  endfacet
  facet normal  0.000000e+000  0.000000e+000 -1.000000e+000
    outer loop
      vertex  3.677013e+001  3.085381e+001 -1.420000e+002
      vertex  1.492465e+001  3.603130e+001 -1.420000e+002
      vertex  3.085381e+001  3.677013e+001 -1.420000e+002
    endloop
  endfacet
  facet normal  0.000000e+000  0.000000e+000 -1.000000e+000
    outer loop
      vertex  4.800000e+001  0.000000e+000 -1.420000e+002
      vertex  3.825063e+001  7.608522e+000 -1.420000e+002
      vertex  4.727077e+001  8.335113e+000 -1.420000e+002
    endloop
  endfacet
  facet normal  -0.000000e+000  0.000000e+000 -1.000000e+000
    outer loop
      vertex  4.727077e+001  8.335113e+000 -1.420000e+002
      vertex  3.825063e+001  7.608522e+000 -1.420000e+002
      vertex  3.603130e+001  1.492465e+001 -1.420000e+002
    endloop
  endfacet
  facet normal  0.000000e+000  0.000000e+000 -1.000000e+000
    outer loop
      vertex  4.727077e+001  8.335113e+000 -1.420000e+002
      vertex  3.603130e+001  1.492465e+001 -1.420000e+002
      vertex  4.510525e+001  1.641697e+001 -1.420000e+002
    endloop
  endfacet
  facet normal  -0.000000e+000  0.000000e+000 -1.000000e+000
    outer loop
      vertex  4.510525e+001  1.641697e+001 -1.420000e+002
      vertex  3.603130e+001  1.492465e+001 -1.420000e+002
      vertex  3.242731e+001  2.166724e+001 -1.420000e+002
    endloop
  endfacet
  facet normal  0.000000e+000  0.000000e+000 -1.000000e+000
    outer loop
      vertex  4.510525e+001  1.641697e+001 -1.420000e+002
      vertex  3.242731e+001  2.166724e+001 -1.420000e+002
      vertex  4.156922e+001  2.400000e+001 -1.420000e+002
    endloop
  endfacet
  facet normal  0.000000e+000  0.000000e+000 -1.000000e+000
    outer loop
      vertex  3.825063e+001  7.608522e+000 -1.420000e+002
      vertex  4.800000e+001  0.000000e+000 -1.420000e+002
      vertex  3.900000e+001  0.000000e+000 -1.420000e+002
    endloop
  endfacet
  facet normal  0.000000e+000  0.000000e+000 -1.000000e+000
    outer loop
      vertex  3.900000e+001  0.000000e+000 -1.420000e+002
      vertex  4.800000e+001  0.000000e+000 -1.420000e+002
      vertex  4.727077e+001 -8.335113e+000 -1.420000e+002
    endloop
  endfacet
  facet normal  0.000000e+000  0.000000e+000 -1.000000e+000
    outer loop
      vertex  3.900000e+001  0.000000e+000 -1.420000e+002
      vertex  4.727077e+001 -8.335113e+000 -1.420000e+002
      vertex  3.825063e+001 -7.608522e+000 -1.420000e+002
    endloop
  endfacet
  facet normal  0.000000e+000  0.000000e+000 -1.000000e+000
    outer loop
      vertex  3.825063e+001 -7.608522e+000 -1.420000e+002
      vertex  4.727077e+001 -8.335113e+000 -1.420000e+002
      vertex  4.510525e+001 -1.641697e+001 -1.420000e+002
    endloop
  endfacet
  facet normal  0.000000e+000  0.000000e+000 -1.000000e+000
    outer loop
      vertex  3.825063e+001 -7.608522e+000 -1.420000e+002
      vertex  4.510525e+001 -1.641697e+001 -1.420000e+002
      vertex  3.603130e+001 -1.492465e+001 -1.420000e+002
    endloop
  endfacet
  facet normal  0.000000e+000  0.000000e+000 -1.000000e+000
    outer loop
      vertex  3.603130e+001 -1.492465e+001 -1.420000e+002
      vertex  4.510525e+001 -1.641697e+001 -1.420000e+002
      vertex  4.156922e+001 -2.400000e+001 -1.420000e+002
    endloop
  endfacet
  facet normal  0.000000e+000  0.000000e+000 -1.000000e+000
    outer loop
      vertex  3.603130e+001 -1.492465e+001 -1.420000e+002
      vertex  4.156922e+001 -2.400000e+001 -1.420000e+002
      vertex  3.242731e+001 -2.166724e+001 -1.420000e+002
    endloop
  endfacet
  facet normal  0.000000e+000  0.000000e+000 -1.000000e+000
    outer loop
      vertex  3.242731e+001 -2.166724e+001 -1.420000e+002
      vertex  4.156922e+001 -2.400000e+001 -1.420000e+002
      vertex  3.677013e+001 -3.085381e+001 -1.420000e+002
    endloop
  endfacet
  facet normal  0.000000e+000  0.000000e+000 -1.000000e+000
    outer loop
      vertex  3.242731e+001 -2.166724e+001 -1.420000e+002
      vertex  3.677013e+001 -3.085381e+001 -1.420000e+002
      vertex  2.757716e+001 -2.757716e+001 -1.420000e+002
    endloop
  endfacet
  facet normal  -0.000000e+000  0.000000e+000  1.000000e+000
    outer loop
      vertex -7.608522e+000  3.825063e+001 -1.320000e+002
      vertex -3.085381e+001  3.677013e+001 -1.320000e+002
      vertex -1.492465e+001  3.603130e+001 -1.320000e+002
    endloop
  endfacet
  facet normal  0.000000e+000  0.000000e+000  1.000000e+000
    outer loop
      vertex -8.817457e-015 -4.800000e+001 -1.320000e+002
      vertex -2.400000e+001 -4.156922e+001 -1.320000e+002
      vertex -1.641697e+001 -4.510525e+001 -1.320000e+002
    endloop
  endfacet
  facet normal  0.000000e+000  0.000000e+000  1.000000e+000
    outer loop
      vertex -8.817457e-015 -4.800000e+001 -1.320000e+002
      vertex -1.641697e+001 -4.510525e+001 -1.320000e+002
      vertex -8.335113e+000 -4.727077e+001 -1.320000e+002
    endloop
  endfacet
  facet normal  0.000000e+000  -0.000000e+000  1.000000e+000
    outer loop
      vertex  7.608522e+000  3.825063e+001 -1.320000e+002
      vertex  1.492465e+001  3.603130e+001 -1.320000e+002
      vertex  3.085381e+001  3.677013e+001 -1.320000e+002
    endloop
  endfacet
  facet normal  0.000000e+000  -0.000000e+000  1.000000e+000
    outer loop
      vertex -8.817457e-015 -4.800000e+001 -1.320000e+002
      vertex  1.641697e+001 -4.510525e+001 -1.320000e+002
      vertex  2.400000e+001 -4.156922e+001 -1.320000e+002
    endloop
  endfacet
  facet normal  0.000000e+000  -0.000000e+000  1.000000e+000
    outer loop
      vertex -8.817457e-015 -4.800000e+001 -1.320000e+002
      vertex  8.335113e+000 -4.727077e+001 -1.320000e+002
      vertex  1.641697e+001 -4.510525e+001 -1.320000e+002
    endloop
  endfacet
  facet normal  -0.000000e+000  -0.000000e+000  1.000000e+000
    outer loop
      vertex  2.388061e-015  3.900000e+001 -1.320000e+002
      vertex  7.608522e+000  3.825063e+001 -1.320000e+002
      vertex  3.085381e+001  3.677013e+001 -1.320000e+002
    endloop
  endfacet
  facet normal  0.000000e+000  0.000000e+000  1.000000e+000
    outer loop
      vertex  2.388061e-015  3.900000e+001 -1.320000e+002
      vertex  3.085381e+001  3.677013e+001 -1.320000e+002
      vertex  2.400000e+001  4.156922e+001 -1.320000e+002
    endloop
  endfacet
  facet normal  0.000000e+000  0.000000e+000  1.000000e+000
    outer loop
      vertex  2.388061e-015  3.900000e+001 -1.320000e+002
      vertex  2.400000e+001  4.156922e+001 -1.320000e+002
      vertex  1.641697e+001  4.510525e+001 -1.320000e+002
    endloop
  endfacet
  facet normal  0.000000e+000  0.000000e+000  1.000000e+000
    outer loop
      vertex  2.388061e-015  3.900000e+001 -1.320000e+002
      vertex  1.641697e+001  4.510525e+001 -1.320000e+002
      vertex  8.335113e+000  4.727077e+001 -1.320000e+002
    endloop
  endfacet
  facet normal  0.000000e+000  0.000000e+000  1.000000e+000
    outer loop
      vertex  2.388061e-015  3.900000e+001 -1.320000e+002
      vertex  8.335113e+000  4.727077e+001 -1.320000e+002
      vertex  2.939152e-015  4.800000e+001 -1.320000e+002
    endloop
  endfacet
  facet normal  0.000000e+000  0.000000e+000  1.000000e+000
    outer loop
      vertex  2.388061e-015  3.900000e+001 -1.320000e+002
      vertex  2.939152e-015  4.800000e+001 -1.320000e+002
      vertex -8.335113e+000  4.727077e+001 -1.320000e+002
    endloop
  endfacet
  facet normal  0.000000e+000  0.000000e+000  1.000000e+000
    outer loop
      vertex  2.388061e-015  3.900000e+001 -1.320000e+002
      vertex -8.335113e+000  4.727077e+001 -1.320000e+002
      vertex -1.641697e+001  4.510525e+001 -1.320000e+002
    endloop
  endfacet
  facet normal  0.000000e+000  0.000000e+000  1.000000e+000
    outer loop
      vertex  2.388061e-015  3.900000e+001 -1.320000e+002
      vertex -1.641697e+001  4.510525e+001 -1.320000e+002
      vertex -2.400000e+001  4.156922e+001 -1.320000e+002
    endloop
  endfacet
  facet normal  0.000000e+000  0.000000e+000  1.000000e+000
    outer loop
      vertex  2.388061e-015  3.900000e+001 -1.320000e+002
      vertex -2.400000e+001  4.156922e+001 -1.320000e+002
      vertex -3.085381e+001  3.677013e+001 -1.320000e+002
    endloop
  endfacet
  facet normal  0.000000e+000  0.000000e+000  9.999999e-001
    outer loop
      vertex  2.388061e-015  3.900000e+001 -1.320000e+002
      vertex -3.085381e+001  3.677013e+001 -1.320000e+002
      vertex -7.608522e+000  3.825063e+001 -1.320000e+002
    endloop
  endfacet
  facet normal  0.000000e+000  0.000000e+000  1.000000e+000
    outer loop
      vertex -1.492465e+001  3.603130e+001 -1.320000e+002
      vertex -3.085381e+001  3.677013e+001 -1.320000e+002
      vertex -2.166724e+001  3.242731e+001 -1.320000e+002
    endloop
  endfacet
  facet normal  0.000000e+000  0.000000e+000  1.000000e+000
    outer loop
      vertex -2.166724e+001  3.242731e+001 -1.320000e+002
      vertex -3.085381e+001  3.677013e+001 -1.320000e+002
      vertex -3.677013e+001  3.085381e+001 -1.320000e+002
    endloop
  endfacet
  facet normal  -0.000000e+000  0.000000e+000  1.000000e+000
    outer loop
      vertex -2.166724e+001  3.242731e+001 -1.320000e+002
      vertex -3.677013e+001  3.085381e+001 -1.320000e+002
      vertex -2.757716e+001  2.757716e+001 -1.320000e+002
    endloop
  endfacet
  facet normal  0.000000e+000  0.000000e+000  1.000000e+000
    outer loop
      vertex -2.757716e+001  2.757716e+001 -1.320000e+002
      vertex -3.677013e+001  3.085381e+001 -1.320000e+002
      vertex -4.156922e+001  2.400000e+001 -1.320000e+002
    endloop
  endfacet
  facet normal  -0.000000e+000  0.000000e+000  1.000000e+000
    outer loop
      vertex -2.757716e+001  2.757716e+001 -1.320000e+002
      vertex -4.156922e+001  2.400000e+001 -1.320000e+002
      vertex -3.242731e+001  2.166724e+001 -1.320000e+002
    endloop
  endfacet
  facet normal  0.000000e+000  0.000000e+000  1.000000e+000
    outer loop
      vertex -3.242731e+001  2.166724e+001 -1.320000e+002
      vertex -4.156922e+001  2.400000e+001 -1.320000e+002
      vertex -3.603130e+001  1.492465e+001 -1.320000e+002
    endloop
  endfacet
  facet normal  0.000000e+000  0.000000e+000  1.000000e+000
    outer loop
      vertex -3.603130e+001  1.492465e+001 -1.320000e+002
      vertex -4.156922e+001  2.400000e+001 -1.320000e+002
      vertex -4.510525e+001  1.641697e+001 -1.320000e+002
    endloop
  endfacet
  facet normal  0.000000e+000  0.000000e+000  1.000000e+000
    outer loop
      vertex -3.603130e+001  1.492465e+001 -1.320000e+002
      vertex -4.510525e+001  1.641697e+001 -1.320000e+002
      vertex -3.825063e+001  7.608522e+000 -1.320000e+002
    endloop
  endfacet
  facet normal  0.000000e+000  0.000000e+000  1.000000e+000
    outer loop
      vertex -3.825063e+001  7.608522e+000 -1.320000e+002
      vertex -4.510525e+001  1.641697e+001 -1.320000e+002
      vertex -4.727077e+001  8.335113e+000 -1.320000e+002
    endloop
  endfacet
  facet normal  0.000000e+000  0.000000e+000  1.000000e+000
    outer loop
      vertex -3.825063e+001  7.608522e+000 -1.320000e+002
      vertex -4.727077e+001  8.335113e+000 -1.320000e+002
      vertex -3.900000e+001  4.776122e-015 -1.320000e+002
    endloop
  endfacet
  facet normal  0.000000e+000  0.000000e+000  1.000000e+000
    outer loop
      vertex -3.900000e+001  4.776122e-015 -1.320000e+002
      vertex -4.727077e+001  8.335113e+000 -1.320000e+002
      vertex -4.800000e+001  5.878304e-015 -1.320000e+002
    endloop
  endfacet
  facet normal  0.000000e+000  0.000000e+000  1.000000e+000
    outer loop
      vertex -3.900000e+001  4.776122e-015 -1.320000e+002
      vertex -4.800000e+001  5.878304e-015 -1.320000e+002
      vertex -3.825063e+001 -7.608522e+000 -1.320000e+002
    endloop
  endfacet
  facet normal  0.000000e+000  0.000000e+000  1.000000e+000
    outer loop
      vertex -3.825063e+001 -7.608522e+000 -1.320000e+002
      vertex -4.800000e+001  5.878304e-015 -1.320000e+002
      vertex -4.727077e+001 -8.335113e+000 -1.320000e+002
    endloop
  endfacet
  facet normal  -0.000000e+000  0.000000e+000  1.000000e+000
    outer loop
      vertex -3.825063e+001 -7.608522e+000 -1.320000e+002
      vertex -4.727077e+001 -8.335113e+000 -1.320000e+002
      vertex -3.603130e+001 -1.492465e+001 -1.320000e+002
    endloop
  endfacet
  facet normal  0.000000e+000  0.000000e+000  1.000000e+000
    outer loop
      vertex -3.603130e+001 -1.492465e+001 -1.320000e+002
      vertex -4.727077e+001 -8.335113e+000 -1.320000e+002
      vertex -4.510525e+001 -1.641697e+001 -1.320000e+002
    endloop
  endfacet
  facet normal  -0.000000e+000  0.000000e+000  1.000000e+000
    outer loop
      vertex -3.603130e+001 -1.492465e+001 -1.320000e+002
      vertex -4.510525e+001 -1.641697e+001 -1.320000e+002
      vertex -3.242731e+001 -2.166724e+001 -1.320000e+002
    endloop
  endfacet
  facet normal  0.000000e+000  0.000000e+000  1.000000e+000
    outer loop
      vertex -3.242731e+001 -2.166724e+001 -1.320000e+002
      vertex -4.510525e+001 -1.641697e+001 -1.320000e+002
      vertex -4.156922e+001 -2.400000e+001 -1.320000e+002
    endloop
  endfacet
  facet normal  -0.000000e+000  0.000000e+000  1.000000e+000
    outer loop
      vertex -3.242731e+001 -2.166724e+001 -1.320000e+002
      vertex -4.156922e+001 -2.400000e+001 -1.320000e+002
      vertex -2.757716e+001 -2.757716e+001 -1.320000e+002
    endloop
  endfacet
  facet normal  0.000000e+000  0.000000e+000  1.000000e+000
    outer loop
      vertex -2.757716e+001 -2.757716e+001 -1.320000e+002
      vertex -4.156922e+001 -2.400000e+001 -1.320000e+002
      vertex -3.677013e+001 -3.085381e+001 -1.320000e+002
    endloop
  endfacet
  facet normal  -0.000000e+000  0.000000e+000  1.000000e+000
    outer loop
      vertex -2.757716e+001 -2.757716e+001 -1.320000e+002
      vertex -3.677013e+001 -3.085381e+001 -1.320000e+002
      vertex -2.166724e+001 -3.242731e+001 -1.320000e+002
    endloop
  endfacet
  facet normal  0.000000e+000  0.000000e+000  9.999999e-001
    outer loop
      vertex -2.166724e+001 -3.242731e+001 -1.320000e+002
      vertex -3.677013e+001 -3.085381e+001 -1.320000e+002
      vertex -1.492465e+001 -3.603130e+001 -1.320000e+002
    endloop
  endfacet
  facet normal  0.000000e+000  0.000000e+000  1.000000e+000
    outer loop
      vertex -1.492465e+001 -3.603130e+001 -1.320000e+002
      vertex -3.677013e+001 -3.085381e+001 -1.320000e+002
      vertex -3.085381e+001 -3.677013e+001 -1.320000e+002
    endloop
  endfacet
  facet normal  -0.000000e+000  0.000000e+000  1.000000e+000
    outer loop
      vertex -1.492465e+001 -3.603130e+001 -1.320000e+002
      vertex -3.085381e+001 -3.677013e+001 -1.320000e+002
      vertex -7.608522e+000 -3.825063e+001 -1.320000e+002
    endloop
  endfacet
  facet normal  0.000000e+000  0.000000e+000  1.000000e+000
    outer loop
      vertex -7.608522e+000 -3.825063e+001 -1.320000e+002
      vertex -3.085381e+001 -3.677013e+001 -1.320000e+002
      vertex -2.400000e+001 -4.156922e+001 -1.320000e+002
    endloop
  endfacet
  facet normal  0.000000e+000  0.000000e+000  1.000000e+000
    outer loop
      vertex -7.608522e+000 -3.825063e+001 -1.320000e+002
      vertex -2.400000e+001 -4.156922e+001 -1.320000e+002
      vertex -7.164183e-015 -3.900000e+001 -1.320000e+002
    endloop
  endfacet
  facet normal  0.000000e+000  0.000000e+000  1.000000e+000
    outer loop
      vertex -7.164183e-015 -3.900000e+001 -1.320000e+002
      vertex -2.400000e+001 -4.156922e+001 -1.320000e+002
      vertex -8.817457e-015 -4.800000e+001 -1.320000e+002
    endloop
  endfacet
  facet normal  0.000000e+000  0.000000e+000  1.000000e+000
    outer loop
      vertex -7.164183e-015 -3.900000e+001 -1.320000e+002
      vertex -8.817457e-015 -4.800000e+001 -1.320000e+002
      vertex  7.608522e+000 -3.825063e+001 -1.320000e+002
    endloop
  endfacet
  facet normal  0.000000e+000  0.000000e+000  1.000000e+000
    outer loop
      vertex  7.608522e+000 -3.825063e+001 -1.320000e+002
      vertex -8.817457e-015 -4.800000e+001 -1.320000e+002
      vertex  2.400000e+001 -4.156922e+001 -1.320000e+002
    endloop
  endfacet
  facet normal  0.000000e+000  0.000000e+000  1.000000e+000
    outer loop
      vertex  7.608522e+000 -3.825063e+001 -1.320000e+002
      vertex  2.400000e+001 -4.156922e+001 -1.320000e+002
      vertex  1.492465e+001 -3.603130e+001 -1.320000e+002
    endloop
  endfacet
  facet normal  0.000000e+000  0.000000e+000  1.000000e+000
    outer loop
      vertex  1.492465e+001 -3.603130e+001 -1.320000e+002
      vertex  2.400000e+001 -4.156922e+001 -1.320000e+002
      vertex  3.085381e+001 -3.677013e+001 -1.320000e+002
    endloop
  endfacet
  facet normal  0.000000e+000  0.000000e+000  1.000000e+000
    outer loop
      vertex  1.492465e+001 -3.603130e+001 -1.320000e+002
      vertex  3.085381e+001 -3.677013e+001 -1.320000e+002
      vertex  2.166724e+001 -3.242731e+001 -1.320000e+002
    endloop
  endfacet
  facet normal  -0.000000e+000  0.000000e+000  1.000000e+000
    outer loop
      vertex  2.166724e+001 -3.242731e+001 -1.320000e+002
      vertex  3.085381e+001 -3.677013e+001 -1.320000e+002
      vertex  3.677013e+001 -3.085381e+001 -1.320000e+002
    endloop
  endfacet
  facet normal  0.000000e+000  0.000000e+000  1.000000e+000
    outer loop
      vertex  2.166724e+001 -3.242731e+001 -1.320000e+002
      vertex  3.677013e+001 -3.085381e+001 -1.320000e+002
      vertex  2.757716e+001 -2.757716e+001 -1.320000e+002
    endloop
  endfacet
  facet normal  -0.000000e+000  0.000000e+000  1.000000e+000
    outer loop
      vertex  3.085381e+001  3.677013e+001 -1.320000e+002
      vertex  1.492465e+001  3.603130e+001 -1.320000e+002
      vertex  3.677013e+001  3.085381e+001 -1.320000e+002
    endloop
  endfacet
  facet normal  0.000000e+000  0.000000e+000  9.999999e-001
    outer loop
      vertex  3.677013e+001  3.085381e+001 -1.320000e+002
      vertex  1.492465e+001  3.603130e+001 -1.320000e+002
      vertex  2.166724e+001  3.242731e+001 -1.320000e+002
    endloop
  endfacet
  facet normal  0.000000e+000  0.000000e+000  1.000000e+000
    outer loop
      vertex  3.677013e+001  3.085381e+001 -1.320000e+002
      vertex  2.166724e+001  3.242731e+001 -1.320000e+002
      vertex  4.156922e+001  2.400000e+001 -1.320000e+002
    endloop
  endfacet
  facet normal  0.000000e+000  0.000000e+000  1.000000e+000
    outer loop
      vertex  4.156922e+001  2.400000e+001 -1.320000e+002
      vertex  2.166724e+001  3.242731e+001 -1.320000e+002
      vertex  2.757716e+001  2.757716e+001 -1.320000e+002
    endloop
  endfacet
  facet normal  0.000000e+000  0.000000e+000  1.000000e+000
    outer loop
      vertex  4.156922e+001  2.400000e+001 -1.320000e+002
      vertex  2.757716e+001  2.757716e+001 -1.320000e+002
      vertex  3.242731e+001  2.166724e+001 -1.320000e+002
    endloop
  endfacet
  facet normal  -0.000000e+000  0.000000e+000  1.000000e+000
    outer loop
      vertex  4.156922e+001  2.400000e+001 -1.320000e+002
      vertex  3.242731e+001  2.166724e+001 -1.320000e+002
      vertex  4.510525e+001  1.641697e+001 -1.320000e+002
    endloop
  endfacet
  facet normal  0.000000e+000  0.000000e+000  1.000000e+000
    outer loop
      vertex  4.510525e+001  1.641697e+001 -1.320000e+002
      vertex  3.242731e+001  2.166724e+001 -1.320000e+002
      vertex  3.603130e+001  1.492465e+001 -1.320000e+002
    endloop
  endfacet
  facet normal  -0.000000e+000  0.000000e+000  1.000000e+000
    outer loop
      vertex  4.510525e+001  1.641697e+001 -1.320000e+002
      vertex  3.603130e+001  1.492465e+001 -1.320000e+002
      vertex  4.727077e+001  8.335113e+000 -1.320000e+002
    endloop
  endfacet
  facet normal  0.000000e+000  0.000000e+000  1.000000e+000
    outer loop
      vertex  4.727077e+001  8.335113e+000 -1.320000e+002
      vertex  3.603130e+001  1.492465e+001 -1.320000e+002
      vertex  3.825063e+001  7.608522e+000 -1.320000e+002
    endloop
  endfacet
  facet normal  -0.000000e+000  0.000000e+000  1.000000e+000
    outer loop
      vertex  4.727077e+001  8.335113e+000 -1.320000e+002
      vertex  3.825063e+001  7.608522e+000 -1.320000e+002
      vertex  4.800000e+001  0.000000e+000 -1.320000e+002
    endloop
  endfacet
  facet normal  0.000000e+000  0.000000e+000  1.000000e+000
    outer loop
      vertex  4.800000e+001  0.000000e+000 -1.320000e+002
      vertex  3.825063e+001  7.608522e+000 -1.320000e+002
      vertex  3.900000e+001  0.000000e+000 -1.320000e+002
    endloop
  endfacet
  facet normal  -0.000000e+000  0.000000e+000  1.000000e+000
    outer loop
      vertex  4.800000e+001  0.000000e+000 -1.320000e+002
      vertex  3.900000e+001  0.000000e+000 -1.320000e+002
      vertex  4.727077e+001 -8.335113e+000 -1.320000e+002
    endloop
  endfacet
  facet normal  0.000000e+000  0.000000e+000  1.000000e+000
    outer loop
      vertex  4.727077e+001 -8.335113e+000 -1.320000e+002
      vertex  3.900000e+001  0.000000e+000 -1.320000e+002
      vertex  3.825063e+001 -7.608522e+000 -1.320000e+002
    endloop
  endfacet
  facet normal  0.000000e+000  0.000000e+000  1.000000e+000
    outer loop
      vertex  4.727077e+001 -8.335113e+000 -1.320000e+002
      vertex  3.825063e+001 -7.608522e+000 -1.320000e+002
      vertex  4.510525e+001 -1.641697e+001 -1.320000e+002
    endloop
  endfacet
  facet normal  0.000000e+000  0.000000e+000  1.000000e+000
    outer loop
      vertex  4.510525e+001 -1.641697e+001 -1.320000e+002
      vertex  3.825063e+001 -7.608522e+000 -1.320000e+002
      vertex  3.603130e+001 -1.492465e+001 -1.320000e+002
    endloop
  endfacet
  facet normal  0.000000e+000  0.000000e+000  1.000000e+000
    outer loop
      vertex  4.510525e+001 -1.641697e+001 -1.320000e+002
      vertex  3.603130e+001 -1.492465e+001 -1.320000e+002
      vertex  4.156922e+001 -2.400000e+001 -1.320000e+002
    endloop
  endfacet
  facet normal  0.000000e+000  0.000000e+000  1.000000e+000
    outer loop
      vertex  4.156922e+001 -2.400000e+001 -1.320000e+002
      vertex  3.603130e+001 -1.492465e+001 -1.320000e+002
      vertex  3.242731e+001 -2.166724e+001 -1.320000e+002
    endloop
  endfacet
  facet normal  0.000000e+000  0.000000e+000  1.000000e+000
    outer loop
      vertex  4.156922e+001 -2.400000e+001 -1.320000e+002
      vertex  3.242731e+001 -2.166724e+001 -1.320000e+002
      vertex  3.677013e+001 -3.085381e+001 -1.320000e+002
    endloop
  endfacet
  facet normal  0.000000e+000  0.000000e+000  1.000000e+000
    outer loop
      vertex  3.677013e+001 -3.085381e+001 -1.320000e+002
      vertex  3.242731e+001 -2.166724e+001 -1.320000e+002
      vertex  2.757716e+001 -2.757716e+001 -1.320000e+002
    endloop
  endfacet
  facet normal  9.961947e-001 -8.715587e-002  0.000000e+000
    outer loop
      vertex  4.800000e+001  0.000000e+000 -1.420000e+002
      vertex  4.800000e+001  0.000000e+000 -1.320000e+002
      vertex  4.727077e+001 -8.335113e+000 -1.420000e+002
    endloop
  endfacet
  facet normal  9.961947e-001 -8.715587e-002  0.000000e+000
    outer loop
      vertex  4.727077e+001 -8.335113e+000 -1.420000e+002
      vertex  4.800000e+001  0.000000e+000 -1.320000e+002
      vertex  4.727077e+001 -8.335113e+000 -1.320000e+002
    endloop
  endfacet
  facet normal  9.659260e-001 -2.588187e-001  0.000000e+000
    outer loop
      vertex  4.727077e+001 -8.335113e+000 -1.420000e+002
      vertex  4.727077e+001 -8.335113e+000 -1.320000e+002
      vertex  4.510525e+001 -1.641697e+001 -1.420000e+002
    endloop
  endfacet
  facet normal  9.659260e-001 -2.588187e-001  0.000000e+000
    outer loop
      vertex  4.510525e+001 -1.641697e+001 -1.420000e+002
      vertex  4.727077e+001 -8.335113e+000 -1.320000e+002
      vertex  4.510525e+001 -1.641697e+001 -1.320000e+002
    endloop
  endfacet
  facet normal  9.063076e-001 -4.226186e-001  0.000000e+000
    outer loop
      vertex  4.510525e+001 -1.641697e+001 -1.420000e+002
      vertex  4.510525e+001 -1.641697e+001 -1.320000e+002
      vertex  4.156922e+001 -2.400000e+001 -1.420000e+002
    endloop
  endfacet
  facet normal  9.063076e-001 -4.226186e-001  0.000000e+000
    outer loop
      vertex  4.156922e+001 -2.400000e+001 -1.420000e+002
      vertex  4.510525e+001 -1.641697e+001 -1.320000e+002
      vertex  4.156922e+001 -2.400000e+001 -1.320000e+002
    endloop
  endfacet
  facet normal  8.191523e-001 -5.735763e-001  0.000000e+000
    outer loop
      vertex  4.156922e+001 -2.400000e+001 -1.420000e+002
      vertex  4.156922e+001 -2.400000e+001 -1.320000e+002
      vertex  3.677013e+001 -3.085381e+001 -1.420000e+002
    endloop
  endfacet
  facet normal  8.191523e-001 -5.735763e-001  0.000000e+000
    outer loop
      vertex  3.677013e+001 -3.085381e+001 -1.420000e+002
      vertex  4.156922e+001 -2.400000e+001 -1.320000e+002
      vertex  3.677013e+001 -3.085381e+001 -1.320000e+002
    endloop
  endfacet
  facet normal  7.071068e-001 -7.071068e-001  0.000000e+000
    outer loop
      vertex  3.677013e+001 -3.085381e+001 -1.420000e+002
      vertex  3.677013e+001 -3.085381e+001 -1.320000e+002
      vertex  3.085381e+001 -3.677013e+001 -1.420000e+002
    endloop
  endfacet
  facet normal  7.071068e-001 -7.071068e-001  0.000000e+000
    outer loop
      vertex  3.085381e+001 -3.677013e+001 -1.420000e+002
      vertex  3.677013e+001 -3.085381e+001 -1.320000e+002
      vertex  3.085381e+001 -3.677013e+001 -1.320000e+002
    endloop
  endfacet
  facet normal  5.735763e-001 -8.191523e-001  0.000000e+000
    outer loop
      vertex  3.085381e+001 -3.677013e+001 -1.420000e+002
      vertex  3.085381e+001 -3.677013e+001 -1.320000e+002
      vertex  2.400000e+001 -4.156922e+001 -1.420000e+002
    endloop
  endfacet
  facet normal  5.735763e-001 -8.191523e-001  0.000000e+000
    outer loop
      vertex  2.400000e+001 -4.156922e+001 -1.420000e+002
      vertex  3.085381e+001 -3.677013e+001 -1.320000e+002
      vertex  2.400000e+001 -4.156922e+001 -1.320000e+002
    endloop
  endfacet
  facet normal  4.226186e-001 -9.063076e-001  0.000000e+000
    outer loop
      vertex  2.400000e+001 -4.156922e+001 -1.420000e+002
      vertex  2.400000e+001 -4.156922e+001 -1.320000e+002
      vertex  1.641697e+001 -4.510525e+001 -1.420000e+002
    endloop
  endfacet
  facet normal  4.226186e-001 -9.063076e-001  0.000000e+000
    outer loop
      vertex  1.641697e+001 -4.510525e+001 -1.420000e+002
      vertex  2.400000e+001 -4.156922e+001 -1.320000e+002
      vertex  1.641697e+001 -4.510525e+001 -1.320000e+002
    endloop
  endfacet
  facet normal  2.588187e-001 -9.659260e-001  0.000000e+000
    outer loop
      vertex  1.641697e+001 -4.510525e+001 -1.420000e+002
      vertex  1.641697e+001 -4.510525e+001 -1.320000e+002
      vertex  8.335113e+000 -4.727077e+001 -1.420000e+002
    endloop
  endfacet
  facet normal  2.588187e-001 -9.659260e-001  0.000000e+000
    outer loop
      vertex  8.335113e+000 -4.727077e+001 -1.420000e+002
      vertex  1.641697e+001 -4.510525e+001 -1.320000e+002
      vertex  8.335113e+000 -4.727077e+001 -1.320000e+002
    endloop
  endfacet
  facet normal  8.715587e-002 -9.961947e-001  0.000000e+000
    outer loop
      vertex  8.335113e+000 -4.727077e+001 -1.420000e+002
      vertex  8.335113e+000 -4.727077e+001 -1.320000e+002
      vertex -8.817457e-015 -4.800000e+001 -1.420000e+002
    endloop
  endfacet
  facet normal  8.715587e-002 -9.961947e-001  0.000000e+000
    outer loop
      vertex -8.817457e-015 -4.800000e+001 -1.420000e+002
      vertex  8.335113e+000 -4.727077e+001 -1.320000e+002
      vertex -8.817457e-015 -4.800000e+001 -1.320000e+002
    endloop
  endfacet
  facet normal -8.715587e-002 -9.961947e-001  -0.000000e+000
    outer loop
      vertex -8.817457e-015 -4.800000e+001 -1.420000e+002
      vertex -8.817457e-015 -4.800000e+001 -1.320000e+002
      vertex -8.335113e+000 -4.727077e+001 -1.420000e+002
    endloop
  endfacet
  facet normal -8.715587e-002 -9.961947e-001  0.000000e+000
    outer loop
      vertex -8.335113e+000 -4.727077e+001 -1.420000e+002
      vertex -8.817457e-015 -4.800000e+001 -1.320000e+002
      vertex -8.335113e+000 -4.727077e+001 -1.320000e+002
    endloop
  endfacet
  facet normal -2.588187e-001 -9.659260e-001  -0.000000e+000
    outer loop
      vertex -8.335113e+000 -4.727077e+001 -1.420000e+002
      vertex -8.335113e+000 -4.727077e+001 -1.320000e+002
      vertex -1.641697e+001 -4.510525e+001 -1.420000e+002
    endloop
  endfacet
  facet normal -2.588187e-001 -9.659260e-001  0.000000e+000
    outer loop
      vertex -1.641697e+001 -4.510525e+001 -1.420000e+002
      vertex -8.335113e+000 -4.727077e+001 -1.320000e+002
      vertex -1.641697e+001 -4.510525e+001 -1.320000e+002
    endloop
  endfacet
  facet normal -4.226186e-001 -9.063076e-001  -0.000000e+000
    outer loop
      vertex -1.641697e+001 -4.510525e+001 -1.420000e+002
      vertex -1.641697e+001 -4.510525e+001 -1.320000e+002
      vertex -2.400000e+001 -4.156922e+001 -1.420000e+002
    endloop
  endfacet
  facet normal -4.226186e-001 -9.063076e-001  0.000000e+000
    outer loop
      vertex -2.400000e+001 -4.156922e+001 -1.420000e+002
      vertex -1.641697e+001 -4.510525e+001 -1.320000e+002
      vertex -2.400000e+001 -4.156922e+001 -1.320000e+002
    endloop
  endfacet
  facet normal -5.735763e-001 -8.191523e-001  -0.000000e+000
    outer loop
      vertex -2.400000e+001 -4.156922e+001 -1.420000e+002
      vertex -2.400000e+001 -4.156922e+001 -1.320000e+002
      vertex -3.085381e+001 -3.677013e+001 -1.420000e+002
    endloop
  endfacet
  facet normal -5.735763e-001 -8.191523e-001  0.000000e+000
    outer loop
      vertex -3.085381e+001 -3.677013e+001 -1.420000e+002
      vertex -2.400000e+001 -4.156922e+001 -1.320000e+002
      vertex -3.085381e+001 -3.677013e+001 -1.320000e+002
    endloop
  endfacet
  facet normal -7.071068e-001 -7.071068e-001  -0.000000e+000
    outer loop
      vertex -3.085381e+001 -3.677013e+001 -1.420000e+002
      vertex -3.085381e+001 -3.677013e+001 -1.320000e+002
      vertex -3.677013e+001 -3.085381e+001 -1.420000e+002
    endloop
  endfacet
  facet normal -7.071068e-001 -7.071068e-001  0.000000e+000
    outer loop
      vertex -3.677013e+001 -3.085381e+001 -1.420000e+002
      vertex -3.085381e+001 -3.677013e+001 -1.320000e+002
      vertex -3.677013e+001 -3.085381e+001 -1.320000e+002
    endloop
  endfacet
  facet normal -8.191523e-001 -5.735763e-001  -0.000000e+000
    outer loop
      vertex -3.677013e+001 -3.085381e+001 -1.420000e+002
      vertex -3.677013e+001 -3.085381e+001 -1.320000e+002
      vertex -4.156922e+001 -2.400000e+001 -1.420000e+002
    endloop
  endfacet
  facet normal -8.191523e-001 -5.735763e-001  0.000000e+000
    outer loop
      vertex -4.156922e+001 -2.400000e+001 -1.420000e+002
      vertex -3.677013e+001 -3.085381e+001 -1.320000e+002
      vertex -4.156922e+001 -2.400000e+001 -1.320000e+002
    endloop
  endfacet
  facet normal -9.063076e-001 -4.226186e-001  -0.000000e+000
    outer loop
      vertex -4.156922e+001 -2.400000e+001 -1.420000e+002
      vertex -4.156922e+001 -2.400000e+001 -1.320000e+002
      vertex -4.510525e+001 -1.641697e+001 -1.420000e+002
    endloop
  endfacet
  facet normal -9.063076e-001 -4.226186e-001  0.000000e+000
    outer loop
      vertex -4.510525e+001 -1.641697e+001 -1.420000e+002
      vertex -4.156922e+001 -2.400000e+001 -1.320000e+002
      vertex -4.510525e+001 -1.641697e+001 -1.320000e+002
    endloop
  endfacet
  facet normal -9.659260e-001 -2.588187e-001  -0.000000e+000
    outer loop
      vertex -4.510525e+001 -1.641697e+001 -1.420000e+002
      vertex -4.510525e+001 -1.641697e+001 -1.320000e+002
      vertex -4.727077e+001 -8.335113e+000 -1.420000e+002
    endloop
  endfacet
  facet normal -9.659260e-001 -2.588187e-001  0.000000e+000
    outer loop
      vertex -4.727077e+001 -8.335113e+000 -1.420000e+002
      vertex -4.510525e+001 -1.641697e+001 -1.320000e+002
      vertex -4.727077e+001 -8.335113e+000 -1.320000e+002
    endloop
  endfacet
  facet normal -9.961947e-001 -8.715587e-002  -0.000000e+000
    outer loop
      vertex -4.727077e+001 -8.335113e+000 -1.420000e+002
      vertex -4.727077e+001 -8.335113e+000 -1.320000e+002
      vertex -4.800000e+001  5.878304e-015 -1.420000e+002
    endloop
  endfacet
  facet normal -9.961947e-001 -8.715587e-002  0.000000e+000
    outer loop
      vertex -4.800000e+001  5.878304e-015 -1.420000e+002
      vertex -4.727077e+001 -8.335113e+000 -1.320000e+002
      vertex -4.800000e+001  5.878304e-015 -1.320000e+002
    endloop
  endfacet
  facet normal -9.961947e-001  8.715587e-002  0.000000e+000
    outer loop
      vertex -4.800000e+001  5.878304e-015 -1.420000e+002
      vertex -4.800000e+001  5.878304e-015 -1.320000e+002
      vertex -4.727077e+001  8.335113e+000 -1.420000e+002
    endloop
  endfacet
  facet normal -9.961947e-001  8.715587e-002  0.000000e+000
    outer loop
      vertex -4.727077e+001  8.335113e+000 -1.420000e+002
      vertex -4.800000e+001  5.878304e-015 -1.320000e+002
      vertex -4.727077e+001  8.335113e+000 -1.320000e+002
    endloop
  endfacet
  facet normal -9.659260e-001  2.588187e-001  0.000000e+000
    outer loop
      vertex -4.727077e+001  8.335113e+000 -1.420000e+002
      vertex -4.727077e+001  8.335113e+000 -1.320000e+002
      vertex -4.510525e+001  1.641697e+001 -1.420000e+002
    endloop
  endfacet
  facet normal -9.659260e-001  2.588187e-001  0.000000e+000
    outer loop
      vertex -4.510525e+001  1.641697e+001 -1.420000e+002
      vertex -4.727077e+001  8.335113e+000 -1.320000e+002
      vertex -4.510525e+001  1.641697e+001 -1.320000e+002
    endloop
  endfacet
  facet normal -9.063076e-001  4.226186e-001  0.000000e+000
    outer loop
      vertex -4.510525e+001  1.641697e+001 -1.420000e+002
      vertex -4.510525e+001  1.641697e+001 -1.320000e+002
      vertex -4.156922e+001  2.400000e+001 -1.420000e+002
    endloop
  endfacet
  facet normal -9.063076e-001  4.226186e-001  0.000000e+000
    outer loop
      vertex -4.156922e+001  2.400000e+001 -1.420000e+002
      vertex -4.510525e+001  1.641697e+001 -1.320000e+002
      vertex -4.156922e+001  2.400000e+001 -1.320000e+002
    endloop
  endfacet
  facet normal -8.191523e-001  5.735763e-001  0.000000e+000
    outer loop
      vertex -4.156922e+001  2.400000e+001 -1.420000e+002
      vertex -4.156922e+001  2.400000e+001 -1.320000e+002
      vertex -3.677013e+001  3.085381e+001 -1.420000e+002
    endloop
  endfacet
  facet normal -8.191523e-001  5.735763e-001  0.000000e+000
    outer loop
      vertex -3.677013e+001  3.085381e+001 -1.420000e+002
      vertex -4.156922e+001  2.400000e+001 -1.320000e+002
      vertex -3.677013e+001  3.085381e+001 -1.320000e+002
    endloop
  endfacet
  facet normal -7.071068e-001  7.071068e-001  0.000000e+000
    outer loop
      vertex -3.677013e+001  3.085381e+001 -1.420000e+002
      vertex -3.677013e+001  3.085381e+001 -1.320000e+002
      vertex -3.085381e+001  3.677013e+001 -1.420000e+002
    endloop
  endfacet
  facet normal -7.071068e-001  7.071068e-001  0.000000e+000
    outer loop
      vertex -3.085381e+001  3.677013e+001 -1.420000e+002
      vertex -3.677013e+001  3.085381e+001 -1.320000e+002
      vertex -3.085381e+001  3.677013e+001 -1.320000e+002
    endloop
  endfacet
  facet normal -5.735763e-001  8.191523e-001  0.000000e+000
    outer loop
      vertex -3.085381e+001  3.677013e+001 -1.420000e+002
      vertex -3.085381e+001  3.677013e+001 -1.320000e+002
      vertex -2.400000e+001  4.156922e+001 -1.420000e+002
    endloop
  endfacet
  facet normal -5.735763e-001  8.191523e-001  0.000000e+000
    outer loop
      vertex -2.400000e+001  4.156922e+001 -1.420000e+002
      vertex -3.085381e+001  3.677013e+001 -1.320000e+002
      vertex -2.400000e+001  4.156922e+001 -1.320000e+002
    endloop
  endfacet
  facet normal -4.226186e-001  9.063076e-001  0.000000e+000
    outer loop
      vertex -2.400000e+001  4.156922e+001 -1.420000e+002
      vertex -2.400000e+001  4.156922e+001 -1.320000e+002
      vertex -1.641697e+001  4.510525e+001 -1.420000e+002
    endloop
  endfacet
  facet normal -4.226186e-001  9.063076e-001  0.000000e+000
    outer loop
      vertex -1.641697e+001  4.510525e+001 -1.420000e+002
      vertex -2.400000e+001  4.156922e+001 -1.320000e+002
      vertex -1.641697e+001  4.510525e+001 -1.320000e+002
    endloop
  endfacet
  facet normal -2.588187e-001  9.659260e-001  0.000000e+000
    outer loop
      vertex -1.641697e+001  4.510525e+001 -1.420000e+002
      vertex -1.641697e+001  4.510525e+001 -1.320000e+002
      vertex -8.335113e+000  4.727077e+001 -1.420000e+002
    endloop
  endfacet
  facet normal -2.588187e-001  9.659260e-001  0.000000e+000
    outer loop
      vertex -8.335113e+000  4.727077e+001 -1.420000e+002
      vertex -1.641697e+001  4.510525e+001 -1.320000e+002
      vertex -8.335113e+000  4.727077e+001 -1.320000e+002
    endloop
  endfacet
  facet normal -8.715587e-002  9.961947e-001  0.000000e+000
    outer loop
      vertex -8.335113e+000  4.727077e+001 -1.420000e+002
      vertex -8.335113e+000  4.727077e+001 -1.320000e+002
      vertex  2.939152e-015  4.800000e+001 -1.420000e+002
    endloop
  endfacet
  facet normal -8.715587e-002  9.961947e-001  0.000000e+000
    outer loop
      vertex  2.939152e-015  4.800000e+001 -1.420000e+002
      vertex -8.335113e+000  4.727077e+001 -1.320000e+002
      vertex  2.939152e-015  4.800000e+001 -1.320000e+002
    endloop
  endfacet
  facet normal  8.715587e-002  9.961947e-001  0.000000e+000
    outer loop
      vertex  2.939152e-015  4.800000e+001 -1.420000e+002
      vertex  2.939152e-015  4.800000e+001 -1.320000e+002
      vertex  8.335113e+000  4.727077e+001 -1.420000e+002
    endloop
  endfacet
  facet normal  8.715587e-002  9.961947e-001  -0.000000e+000
    outer loop
      vertex  8.335113e+000  4.727077e+001 -1.420000e+002
      vertex  2.939152e-015  4.800000e+001 -1.320000e+002
      vertex  8.335113e+000  4.727077e+001 -1.320000e+002
    endloop
  endfacet
  facet normal  2.588187e-001  9.659260e-001  0.000000e+000
    outer loop
      vertex  8.335113e+000  4.727077e+001 -1.420000e+002
      vertex  8.335113e+000  4.727077e+001 -1.320000e+002
      vertex  1.641697e+001  4.510525e+001 -1.420000e+002
    endloop
  endfacet
  facet normal  2.588187e-001  9.659260e-001  -0.000000e+000
    outer loop
      vertex  1.641697e+001  4.510525e+001 -1.420000e+002
      vertex  8.335113e+000  4.727077e+001 -1.320000e+002
      vertex  1.641697e+001  4.510525e+001 -1.320000e+002
    endloop
  endfacet
  facet normal  4.226186e-001  9.063076e-001  0.000000e+000
    outer loop
      vertex  1.641697e+001  4.510525e+001 -1.420000e+002
      vertex  1.641697e+001  4.510525e+001 -1.320000e+002
      vertex  2.400000e+001  4.156922e+001 -1.420000e+002
    endloop
  endfacet
  facet normal  4.226186e-001  9.063076e-001  -0.000000e+000
    outer loop
      vertex  2.400000e+001  4.156922e+001 -1.420000e+002
      vertex  1.641697e+001  4.510525e+001 -1.320000e+002
      vertex  2.400000e+001  4.156922e+001 -1.320000e+002
    endloop
  endfacet
  facet normal  5.735763e-001  8.191523e-001  0.000000e+000
    outer loop
      vertex  2.400000e+001  4.156922e+001 -1.420000e+002
      vertex  2.400000e+001  4.156922e+001 -1.320000e+002
      vertex  3.085381e+001  3.677013e+001 -1.420000e+002
    endloop
  endfacet
  facet normal  5.735763e-001  8.191523e-001  -0.000000e+000
    outer loop
      vertex  3.085381e+001  3.677013e+001 -1.420000e+002
      vertex  2.400000e+001  4.156922e+001 -1.320000e+002
      vertex  3.085381e+001  3.677013e+001 -1.320000e+002
    endloop
  endfacet
  facet normal  7.071068e-001  7.071068e-001  0.000000e+000
    outer loop
      vertex  3.085381e+001  3.677013e+001 -1.420000e+002
      vertex  3.085381e+001  3.677013e+001 -1.320000e+002
      vertex  3.677013e+001  3.085381e+001 -1.420000e+002
    endloop
  endfacet
  facet normal  7.071068e-001  7.071068e-001  -0.000000e+000
    outer loop
      vertex  3.677013e+001  3.085381e+001 -1.420000e+002
      vertex  3.085381e+001  3.677013e+001 -1.320000e+002
      vertex  3.677013e+001  3.085381e+001 -1.320000e+002
    endloop
  endfacet
  facet normal  8.191523e-001  5.735763e-001  0.000000e+000
    outer loop
      vertex  3.677013e+001  3.085381e+001 -1.420000e+002
      vertex  3.677013e+001  3.085381e+001 -1.320000e+002
      vertex  4.156922e+001  2.400000e+001 -1.420000e+002
    endloop
  endfacet
  facet normal  8.191523e-001  5.735763e-001  -0.000000e+000
    outer loop
      vertex  4.156922e+001  2.400000e+001 -1.420000e+002
      vertex  3.677013e+001  3.085381e+001 -1.320000e+002
      vertex  4.156922e+001  2.400000e+001 -1.320000e+002
    endloop
  endfacet
  facet normal  9.063076e-001  4.226186e-001  0.000000e+000
    outer loop
      vertex  4.156922e+001  2.400000e+001 -1.420000e+002
      vertex  4.156922e+001  2.400000e+001 -1.320000e+002
      vertex  4.510525e+001  1.641697e+001 -1.420000e+002
    endloop
  endfacet
  facet normal  9.063076e-001  4.226186e-001  -0.000000e+000
    outer loop
      vertex  4.510525e+001  1.641697e+001 -1.420000e+002
      vertex  4.156922e+001  2.400000e+001 -1.320000e+002
      vertex  4.510525e+001  1.641697e+001 -1.320000e+002
    endloop
  endfacet
  facet normal  9.659260e-001  2.588187e-001  0.000000e+000
    outer loop
      vertex  4.510525e+001  1.641697e+001 -1.420000e+002
      vertex  4.510525e+001  1.641697e+001 -1.320000e+002
      vertex  4.727077e+001  8.335113e+000 -1.420000e+002
    endloop
  endfacet
  facet normal  9.659260e-001  2.588187e-001  -0.000000e+000
    outer loop
      vertex  4.727077e+001  8.335113e+000 -1.420000e+002
      vertex  4.510525e+001  1.641697e+001 -1.320000e+002
      vertex  4.727077e+001  8.335113e+000 -1.320000e+002
    endloop
  endfacet
  facet normal  9.961947e-001  8.715587e-002  0.000000e+000
    outer loop
      vertex  4.727077e+001  8.335113e+000 -1.420000e+002
      vertex  4.727077e+001  8.335113e+000 -1.320000e+002
      vertex  4.800000e+001  0.000000e+000 -1.420000e+002
    endloop
  endfacet
  facet normal  9.961947e-001  8.715587e-002  -0.000000e+000
    outer loop
      vertex  4.800000e+001  0.000000e+000 -1.420000e+002
      vertex  4.727077e+001  8.335113e+000 -1.320000e+002
      vertex  4.800000e+001  0.000000e+000 -1.320000e+002
    endloop
  endfacet
  facet normal  -0.000000e+000  0.000000e+000  9.999999e-001
    outer loop
      vertex -6.675628e+000  2.924784e+001  1.500000e+002
      vertex -2.757716e+001  2.757716e+001  1.500000e+002
      vertex -1.301651e+001  2.702907e+001  1.500000e+002
    endloop
  endfacet
  facet normal  0.000000e+000  0.000000e+000  9.999999e-001
    outer loop
      vertex -7.164183e-015 -3.900000e+001  1.500000e+002
      vertex -2.166724e+001 -3.242731e+001  1.500000e+002
      vertex -1.492465e+001 -3.603130e+001  1.500000e+002
    endloop
  endfacet
  facet normal  0.000000e+000  0.000000e+000  1.000000e+000
    outer loop
      vertex -7.164183e-015 -3.900000e+001  1.500000e+002
      vertex -1.492465e+001 -3.603130e+001  1.500000e+002
      vertex -7.608522e+000 -3.825063e+001  1.500000e+002
    endloop
  endfacet
  facet normal  0.000000e+000  -0.000000e+000  9.999999e-001
    outer loop
      vertex  6.675628e+000  2.924784e+001  1.500000e+002
      vertex  1.301651e+001  2.702907e+001  1.500000e+002
      vertex  2.757716e+001  2.757716e+001  1.500000e+002
    endloop
  endfacet
  facet normal  0.000000e+000  -0.000000e+000  1.000000e+000
    outer loop
      vertex -7.164183e-015 -3.900000e+001  1.500000e+002
      vertex  1.492465e+001 -3.603130e+001  1.500000e+002
      vertex  2.166724e+001 -3.242731e+001  1.500000e+002
    endloop
  endfacet
  facet normal  0.000000e+000  -0.000000e+000  1.000000e+000
    outer loop
      vertex -7.164183e-015 -3.900000e+001  1.500000e+002
      vertex  7.608522e+000 -3.825063e+001  1.500000e+002
      vertex  1.492465e+001 -3.603130e+001  1.500000e+002
    endloop
  endfacet
  facet normal  -0.000000e+000  -0.000000e+000  1.000000e+000
    outer loop
      vertex  8.498309e-015  3.000000e+001  1.500000e+002
      vertex  6.675628e+000  2.924784e+001  1.500000e+002
      vertex  2.757716e+001  2.757716e+001  1.500000e+002
    endloop
  endfacet
  facet normal  0.000000e+000  0.000000e+000  1.000000e+000
    outer loop
      vertex  8.498309e-015  3.000000e+001  1.500000e+002
      vertex  2.757716e+001  2.757716e+001  1.500000e+002
      vertex  2.166724e+001  3.242731e+001  1.500000e+002
    endloop
  endfacet
  facet normal  0.000000e+000  0.000000e+000  1.000000e+000
    outer loop
      vertex  8.498309e-015  3.000000e+001  1.500000e+002
      vertex  2.166724e+001  3.242731e+001  1.500000e+002
      vertex  1.492465e+001  3.603130e+001  1.500000e+002
    endloop
  endfacet
  facet normal  0.000000e+000  0.000000e+000  1.000000e+000
    outer loop
      vertex  8.498309e-015  3.000000e+001  1.500000e+002
      vertex  1.492465e+001  3.603130e+001  1.500000e+002
      vertex  7.608522e+000  3.825063e+001  1.500000e+002
    endloop
  endfacet
  facet normal  0.000000e+000  0.000000e+000  1.000000e+000
    outer loop
      vertex  8.498309e-015  3.000000e+001  1.500000e+002
      vertex  7.608522e+000  3.825063e+001  1.500000e+002
      vertex  2.388061e-015  3.900000e+001  1.500000e+002
    endloop
  endfacet
  facet normal  0.000000e+000  0.000000e+000  1.000000e+000
    outer loop
      vertex  8.498309e-015  3.000000e+001  1.500000e+002
      vertex  2.388061e-015  3.900000e+001  1.500000e+002
      vertex -7.608522e+000  3.825063e+001  1.500000e+002
    endloop
  endfacet
  facet normal  0.000000e+000  0.000000e+000  1.000000e+000
    outer loop
      vertex  8.498309e-015  3.000000e+001  1.500000e+002
      vertex -7.608522e+000  3.825063e+001  1.500000e+002
      vertex -1.492465e+001  3.603130e+001  1.500000e+002
    endloop
  endfacet
  facet normal  0.000000e+000  0.000000e+000  1.000000e+000
    outer loop
      vertex  8.498309e-015  3.000000e+001  1.500000e+002
      vertex -1.492465e+001  3.603130e+001  1.500000e+002
      vertex -2.166724e+001  3.242731e+001  1.500000e+002
    endloop
  endfacet
  facet normal  0.000000e+000  0.000000e+000  1.000000e+000
    outer loop
      vertex  8.498309e-015  3.000000e+001  1.500000e+002
      vertex -2.166724e+001  3.242731e+001  1.500000e+002
      vertex -2.757716e+001  2.757716e+001  1.500000e+002
    endloop
  endfacet
  facet normal  0.000000e+000  0.000000e+000  1.000000e+000
    outer loop
      vertex  8.498309e-015  3.000000e+001  1.500000e+002
      vertex -2.757716e+001  2.757716e+001  1.500000e+002
      vertex -6.675628e+000  2.924784e+001  1.500000e+002
    endloop
  endfacet
  facet normal  0.000000e+000  0.000000e+000  1.000000e+000
    outer loop
      vertex -1.301651e+001  2.702907e+001  1.500000e+002
      vertex -2.757716e+001  2.757716e+001  1.500000e+002
      vertex -1.870469e+001  2.345494e+001  1.500000e+002
    endloop
  endfacet
  facet normal  0.000000e+000  0.000000e+000  1.000000e+000
    outer loop
      vertex -1.870469e+001  2.345494e+001  1.500000e+002
      vertex -2.757716e+001  2.757716e+001  1.500000e+002
      vertex -3.242731e+001  2.166724e+001  1.500000e+002
    endloop
  endfacet
  facet normal  -0.000000e+000  0.000000e+000  1.000000e+000
    outer loop
      vertex -1.870469e+001  2.345494e+001  1.500000e+002
      vertex -3.242731e+001  2.166724e+001  1.500000e+002
      vertex -2.345494e+001  1.870469e+001  1.500000e+002
    endloop
  endfacet
  facet normal  0.000000e+000  0.000000e+000  1.000000e+000
    outer loop
      vertex -2.345494e+001  1.870469e+001  1.500000e+002
      vertex -3.242731e+001  2.166724e+001  1.500000e+002
      vertex -3.603130e+001  1.492465e+001  1.500000e+002
    endloop
  endfacet
  facet normal  -0.000000e+000  0.000000e+000  1.000000e+000
    outer loop
      vertex -2.345494e+001  1.870469e+001  1.500000e+002
      vertex -3.603130e+001  1.492465e+001  1.500000e+002
      vertex -2.702907e+001  1.301651e+001  1.500000e+002
    endloop
  endfacet
  facet normal  0.000000e+000  0.000000e+000  1.000000e+000
    outer loop
      vertex -2.702907e+001  1.301651e+001  1.500000e+002
      vertex -3.603130e+001  1.492465e+001  1.500000e+002
      vertex -2.924784e+001  6.675628e+000  1.500000e+002
    endloop
  endfacet
  facet normal  0.000000e+000  0.000000e+000  1.000000e+000
    outer loop
      vertex -2.924784e+001  6.675628e+000  1.500000e+002
      vertex -3.603130e+001  1.492465e+001  1.500000e+002
      vertex -3.825063e+001  7.608522e+000  1.500000e+002
    endloop
  endfacet
  facet normal  0.000000e+000  0.000000e+000  1.000000e+000
    outer loop
      vertex -2.924784e+001  6.675628e+000  1.500000e+002
      vertex -3.825063e+001  7.608522e+000  1.500000e+002
      vertex -3.000000e+001  1.699662e-014  1.500000e+002
    endloop
  endfacet
  facet normal  0.000000e+000  0.000000e+000  1.000000e+000
    outer loop
      vertex -3.000000e+001  1.699662e-014  1.500000e+002
      vertex -3.825063e+001  7.608522e+000  1.500000e+002
      vertex -3.900000e+001  4.776122e-015  1.500000e+002
    endloop
  endfacet
  facet normal  -0.000000e+000  0.000000e+000  1.000000e+000
    outer loop
      vertex -3.000000e+001  1.699662e-014  1.500000e+002
      vertex -3.900000e+001  4.776122e-015  1.500000e+002
      vertex -2.924784e+001 -6.675628e+000  1.500000e+002
    endloop
  endfacet
  facet normal  0.000000e+000  0.000000e+000  1.000000e+000
    outer loop
      vertex -2.924784e+001 -6.675628e+000  1.500000e+002
      vertex -3.900000e+001  4.776122e-015  1.500000e+002
      vertex -3.825063e+001 -7.608522e+000  1.500000e+002
    endloop
  endfacet
  facet normal  -0.000000e+000  0.000000e+000  9.999999e-001
    outer loop
      vertex -2.924784e+001 -6.675628e+000  1.500000e+002
      vertex -3.825063e+001 -7.608522e+000  1.500000e+002
      vertex -2.702907e+001 -1.301651e+001  1.500000e+002
    endloop
  endfacet
  facet normal  0.000000e+000  0.000000e+000  1.000000e+000
    outer loop
      vertex -2.702907e+001 -1.301651e+001  1.500000e+002
      vertex -3.825063e+001 -7.608522e+000  1.500000e+002
      vertex -3.603130e+001 -1.492465e+001  1.500000e+002
    endloop
  endfacet
  facet normal  -0.000000e+000  0.000000e+000  1.000000e+000
    outer loop
      vertex -2.702907e+001 -1.301651e+001  1.500000e+002
      vertex -3.603130e+001 -1.492465e+001  1.500000e+002
      vertex -2.345494e+001 -1.870469e+001  1.500000e+002
    endloop
  endfacet
  facet normal  0.000000e+000  0.000000e+000  1.000000e+000
    outer loop
      vertex -2.345494e+001 -1.870469e+001  1.500000e+002
      vertex -3.603130e+001 -1.492465e+001  1.500000e+002
      vertex -3.242731e+001 -2.166724e+001  1.500000e+002
    endloop
  endfacet
  facet normal  -0.000000e+000  0.000000e+000  1.000000e+000
    outer loop
      vertex -2.345494e+001 -1.870469e+001  1.500000e+002
      vertex -3.242731e+001 -2.166724e+001  1.500000e+002
      vertex -1.870469e+001 -2.345494e+001  1.500000e+002
    endloop
  endfacet
  facet normal  0.000000e+000  0.000000e+000  1.000000e+000
    outer loop
      vertex -1.870469e+001 -2.345494e+001  1.500000e+002
      vertex -3.242731e+001 -2.166724e+001  1.500000e+002
      vertex -1.301651e+001 -2.702907e+001  1.500000e+002
    endloop
  endfacet
  facet normal  0.000000e+000  0.000000e+000  1.000000e+000
    outer loop
      vertex -1.301651e+001 -2.702907e+001  1.500000e+002
      vertex -3.242731e+001 -2.166724e+001  1.500000e+002
      vertex -2.757716e+001 -2.757716e+001  1.500000e+002
    endloop
  endfacet
  facet normal  -0.000000e+000  0.000000e+000  9.999999e-001
    outer loop
      vertex -1.301651e+001 -2.702907e+001  1.500000e+002
      vertex -2.757716e+001 -2.757716e+001  1.500000e+002
      vertex -6.675628e+000 -2.924784e+001  1.500000e+002
    endloop
  endfacet
  facet normal  0.000000e+000  0.000000e+000  1.000000e+000
    outer loop
      vertex -6.675628e+000 -2.924784e+001  1.500000e+002
      vertex -2.757716e+001 -2.757716e+001  1.500000e+002
      vertex -2.166724e+001 -3.242731e+001  1.500000e+002
    endloop
  endfacet
  facet normal  0.000000e+000  0.000000e+000  1.000000e+000
    outer loop
      vertex -6.675628e+000 -2.924784e+001  1.500000e+002
      vertex -2.166724e+001 -3.242731e+001  1.500000e+002
      vertex -3.215626e-014 -3.000000e+001  1.500000e+002
    endloop
  endfacet
  facet normal  0.000000e+000  0.000000e+000  1.000000e+000
    outer loop
      vertex -3.215626e-014 -3.000000e+001  1.500000e+002
      vertex -2.166724e+001 -3.242731e+001  1.500000e+002
      vertex -7.164183e-015 -3.900000e+001  1.500000e+002
    endloop
  endfacet
  facet normal  0.000000e+000  -0.000000e+000  1.000000e+000
    outer loop
      vertex -3.215626e-014 -3.000000e+001  1.500000e+002
      vertex -7.164183e-015 -3.900000e+001  1.500000e+002
      vertex  6.675628e+000 -2.924784e+001  1.500000e+002
    endloop
  endfacet
  facet normal  0.000000e+000  0.000000e+000  1.000000e+000
    outer loop
      vertex  6.675628e+000 -2.924784e+001  1.500000e+002
      vertex -7.164183e-015 -3.900000e+001  1.500000e+002
      vertex  2.166724e+001 -3.242731e+001  1.500000e+002
    endloop
  endfacet
  facet normal  0.000000e+000  0.000000e+000  1.000000e+000
    outer loop
      vertex  6.675628e+000 -2.924784e+001  1.500000e+002
      vertex  2.166724e+001 -3.242731e+001  1.500000e+002
      vertex  1.301651e+001 -2.702907e+001  1.500000e+002
    endloop
  endfacet
  facet normal  0.000000e+000  0.000000e+000  1.000000e+000
    outer loop
      vertex  1.301651e+001 -2.702907e+001  1.500000e+002
      vertex  2.166724e+001 -3.242731e+001  1.500000e+002
      vertex  2.757716e+001 -2.757716e+001  1.500000e+002
    endloop
  endfacet
  facet normal  0.000000e+000  0.000000e+000  1.000000e+000
    outer loop
      vertex  1.301651e+001 -2.702907e+001  1.500000e+002
      vertex  2.757716e+001 -2.757716e+001  1.500000e+002
      vertex  1.870469e+001 -2.345494e+001  1.500000e+002
    endloop
  endfacet
  facet normal  -0.000000e+000  0.000000e+000  1.000000e+000
    outer loop
      vertex  1.870469e+001 -2.345494e+001  1.500000e+002
      vertex  2.757716e+001 -2.757716e+001  1.500000e+002
      vertex  3.242731e+001 -2.166724e+001  1.500000e+002
    endloop
  endfacet
  facet normal  0.000000e+000  0.000000e+000  1.000000e+000
    outer loop
      vertex  1.870469e+001 -2.345494e+001  1.500000e+002
      vertex  3.242731e+001 -2.166724e+001  1.500000e+002
      vertex  2.345494e+001 -1.870469e+001  1.500000e+002
    endloop
  endfacet
  facet normal  -0.000000e+000  0.000000e+000  1.000000e+000
    outer loop
      vertex  2.757716e+001  2.757716e+001  1.500000e+002
      vertex  1.301651e+001  2.702907e+001  1.500000e+002
      vertex  3.242731e+001  2.166724e+001  1.500000e+002
    endloop
  endfacet
  facet normal  0.000000e+000  0.000000e+000  1.000000e+000
    outer loop
      vertex  3.242731e+001  2.166724e+001  1.500000e+002
      vertex  1.301651e+001  2.702907e+001  1.500000e+002
      vertex  1.870469e+001  2.345494e+001  1.500000e+002
    endloop
  endfacet
  facet normal  0.000000e+000  0.000000e+000  1.000000e+000
    outer loop
      vertex  3.242731e+001  2.166724e+001  1.500000e+002
      vertex  1.870469e+001  2.345494e+001  1.500000e+002
      vertex  3.603130e+001  1.492465e+001  1.500000e+002
    endloop
  endfacet
  facet normal  0.000000e+000  0.000000e+000  9.999999e-001
    outer loop
      vertex  3.603130e+001  1.492465e+001  1.500000e+002
      vertex  1.870469e+001  2.345494e+001  1.500000e+002
      vertex  2.345494e+001  1.870469e+001  1.500000e+002
    endloop
  endfacet
  facet normal  0.000000e+000  0.000000e+000  1.000000e+000
    outer loop
      vertex  3.603130e+001  1.492465e+001  1.500000e+002
      vertex  2.345494e+001  1.870469e+001  1.500000e+002
      vertex  2.702907e+001  1.301651e+001  1.500000e+002
    endloop
  endfacet
  facet normal  -0.000000e+000  0.000000e+000  1.000000e+000
    outer loop
      vertex  3.603130e+001  1.492465e+001  1.500000e+002
      vertex  2.702907e+001  1.301651e+001  1.500000e+002
      vertex  3.825063e+001  7.608522e+000  1.500000e+002
    endloop
  endfacet
  facet normal  0.000000e+000  0.000000e+000  9.999999e-001
    outer loop
      vertex  3.825063e+001  7.608522e+000  1.500000e+002
      vertex  2.702907e+001  1.301651e+001  1.500000e+002
      vertex  2.924784e+001  6.675628e+000  1.500000e+002
    endloop
  endfacet
  facet normal  -0.000000e+000  0.000000e+000  1.000000e+000
    outer loop
      vertex  3.825063e+001  7.608522e+000  1.500000e+002
      vertex  2.924784e+001  6.675628e+000  1.500000e+002
      vertex  3.900000e+001  0.000000e+000  1.500000e+002
    endloop
  endfacet
  facet normal  0.000000e+000  0.000000e+000  1.000000e+000
    outer loop
      vertex  3.900000e+001  0.000000e+000  1.500000e+002
      vertex  2.924784e+001  6.675628e+000  1.500000e+002
      vertex  3.000000e+001  0.000000e+000  1.500000e+002
    endloop
  endfacet
  facet normal  -0.000000e+000  0.000000e+000  1.000000e+000
    outer loop
      vertex  3.900000e+001  0.000000e+000  1.500000e+002
      vertex  3.000000e+001  0.000000e+000  1.500000e+002
      vertex  3.825063e+001 -7.608522e+000  1.500000e+002
    endloop
  endfacet
  facet normal  0.000000e+000  0.000000e+000  1.000000e+000
    outer loop
      vertex  3.825063e+001 -7.608522e+000  1.500000e+002
      vertex  3.000000e+001  0.000000e+000  1.500000e+002
      vertex  2.924784e+001 -6.675628e+000  1.500000e+002
    endloop
  endfacet
  facet normal  0.000000e+000  0.000000e+000  1.000000e+000
    outer loop
      vertex  3.825063e+001 -7.608522e+000  1.500000e+002
      vertex  2.924784e+001 -6.675628e+000  1.500000e+002
      vertex  3.603130e+001 -1.492465e+001  1.500000e+002
    endloop
  endfacet
  facet normal  0.000000e+000  0.000000e+000  1.000000e+000
    outer loop
      vertex  3.603130e+001 -1.492465e+001  1.500000e+002
      vertex  2.924784e+001 -6.675628e+000  1.500000e+002
      vertex  2.702907e+001 -1.301651e+001  1.500000e+002
    endloop
  endfacet
  facet normal  0.000000e+000  0.000000e+000  1.000000e+000
    outer loop
      vertex  3.603130e+001 -1.492465e+001  1.500000e+002
      vertex  2.702907e+001 -1.301651e+001  1.500000e+002
      vertex  3.242731e+001 -2.166724e+001  1.500000e+002
    endloop
  endfacet
  facet normal  0.000000e+000  0.000000e+000  1.000000e+000
    outer loop
      vertex  3.242731e+001 -2.166724e+001  1.500000e+002
      vertex  2.702907e+001 -1.301651e+001  1.500000e+002
      vertex  2.345494e+001 -1.870469e+001  1.500000e+002
    endloop
  endfacet
  facet normal -9.937122e-001  1.119645e-001  0.000000e+000
    outer loop
      vertex -3.000000e+001  1.699662e-014  1.500000e+002
      vertex -3.000000e+001  1.699662e-014  1.955000e+002
      vertex -2.924784e+001  6.675628e+000  1.500000e+002
    endloop
  endfacet
  facet normal -9.937122e-001  1.119645e-001  0.000000e+000
    outer loop
      vertex -2.924784e+001  6.675628e+000  1.500000e+002
      vertex -3.000000e+001  1.699662e-014  1.955000e+002
      vertex -2.924784e+001  6.675628e+000  1.955000e+002
    endloop
  endfacet
  facet normal -9.438834e-001  3.302790e-001  0.000000e+000
    outer loop
      vertex -2.924784e+001  6.675628e+000  1.500000e+002
      vertex -2.924784e+001  6.675628e+000  1.955000e+002
      vertex -2.702907e+001  1.301651e+001  1.500000e+002
    endloop
  endfacet
  facet normal -9.438834e-001  3.302790e-001  0.000000e+000
    outer loop
      vertex -2.702907e+001  1.301651e+001  1.500000e+002
      vertex -2.924784e+001  6.675628e+000  1.955000e+002
      vertex -2.702907e+001  1.301651e+001  1.955000e+002
    endloop
  endfacet
  facet normal -8.467242e-001  5.320320e-001  0.000000e+000
    outer loop
      vertex -2.702907e+001  1.301651e+001  1.500000e+002
      vertex -2.702907e+001  1.301651e+001  1.955000e+002
      vertex -2.345494e+001  1.870469e+001  1.500000e+002
    endloop
  endfacet
  facet normal -8.467242e-001  5.320320e-001  0.000000e+000
    outer loop
      vertex -2.345494e+001  1.870469e+001  1.500000e+002
      vertex -2.702907e+001  1.301651e+001  1.955000e+002
      vertex -2.345494e+001  1.870469e+001  1.955000e+002
    endloop
  endfacet
  facet normal -7.071068e-001  7.071068e-001  0.000000e+000
    outer loop
      vertex -2.345494e+001  1.870469e+001  1.500000e+002
      vertex -2.345494e+001  1.870469e+001  1.955000e+002
      vertex -1.870469e+001  2.345494e+001  1.500000e+002
    endloop
  endfacet
  facet normal -7.071068e-001  7.071068e-001  0.000000e+000
    outer loop
      vertex -1.870469e+001  2.345494e+001  1.500000e+002
      vertex -2.345494e+001  1.870469e+001  1.955000e+002
      vertex -1.870469e+001  2.345494e+001  1.955000e+002
    endloop
  endfacet
  facet normal -5.320320e-001  8.467242e-001  0.000000e+000
    outer loop
      vertex -1.870469e+001  2.345494e+001  1.500000e+002
      vertex -1.870469e+001  2.345494e+001  1.955000e+002
      vertex -1.301651e+001  2.702907e+001  1.500000e+002
    endloop
  endfacet
  facet normal -5.320320e-001  8.467242e-001  0.000000e+000
    outer loop
      vertex -1.301651e+001  2.702907e+001  1.500000e+002
      vertex -1.870469e+001  2.345494e+001  1.955000e+002
      vertex -1.301651e+001  2.702907e+001  1.955000e+002
    endloop
  endfacet
  facet normal -3.302790e-001  9.438834e-001  0.000000e+000
    outer loop
      vertex -1.301651e+001  2.702907e+001  1.500000e+002
      vertex -1.301651e+001  2.702907e+001  1.955000e+002
      vertex -6.675628e+000  2.924784e+001  1.500000e+002
    endloop
  endfacet
  facet normal -3.302790e-001  9.438834e-001  0.000000e+000
    outer loop
      vertex -6.675628e+000  2.924784e+001  1.500000e+002
      vertex -1.301651e+001  2.702907e+001  1.955000e+002
      vertex -6.675628e+000  2.924784e+001  1.955000e+002
    endloop
  endfacet
  facet normal -1.119645e-001  9.937122e-001  0.000000e+000
    outer loop
      vertex -6.675628e+000  2.924784e+001  1.500000e+002
      vertex -6.675628e+000  2.924784e+001  1.955000e+002
      vertex  8.498309e-015  3.000000e+001  1.500000e+002
    endloop
  endfacet
  facet normal -1.119645e-001  9.937122e-001  0.000000e+000
    outer loop
      vertex  8.498309e-015  3.000000e+001  1.500000e+002
      vertex -6.675628e+000  2.924784e+001  1.955000e+002
      vertex  8.498309e-015  3.000000e+001  1.955000e+002
    endloop
  endfacet
  facet normal  1.119645e-001  9.937122e-001  0.000000e+000
    outer loop
      vertex  8.498309e-015  3.000000e+001  1.500000e+002
      vertex  8.498309e-015  3.000000e+001  1.955000e+002
      vertex  6.675628e+000  2.924784e+001  1.500000e+002
    endloop
  endfacet
  facet normal  1.119645e-001  9.937122e-001  -0.000000e+000
    outer loop
      vertex  6.675628e+000  2.924784e+001  1.500000e+002
      vertex  8.498309e-015  3.000000e+001  1.955000e+002
      vertex  6.675628e+000  2.924784e+001  1.955000e+002
    endloop
  endfacet
  facet normal  3.302790e-001  9.438834e-001  0.000000e+000
    outer loop
      vertex  6.675628e+000  2.924784e+001  1.500000e+002
      vertex  6.675628e+000  2.924784e+001  1.955000e+002
      vertex  1.301651e+001  2.702907e+001  1.500000e+002
    endloop
  endfacet
  facet normal  3.302790e-001  9.438834e-001  -0.000000e+000
    outer loop
      vertex  1.301651e+001  2.702907e+001  1.500000e+002
      vertex  6.675628e+000  2.924784e+001  1.955000e+002
      vertex  1.301651e+001  2.702907e+001  1.955000e+002
    endloop
  endfacet
  facet normal  5.320320e-001  8.467242e-001  0.000000e+000
    outer loop
      vertex  1.301651e+001  2.702907e+001  1.500000e+002
      vertex  1.301651e+001  2.702907e+001  1.955000e+002
      vertex  1.870469e+001  2.345494e+001  1.500000e+002
    endloop
  endfacet
  facet normal  5.320320e-001  8.467242e-001  -0.000000e+000
    outer loop
      vertex  1.870469e+001  2.345494e+001  1.500000e+002
      vertex  1.301651e+001  2.702907e+001  1.955000e+002
      vertex  1.870469e+001  2.345494e+001  1.955000e+002
    endloop
  endfacet
  facet normal  7.071068e-001  7.071068e-001  0.000000e+000
    outer loop
      vertex  1.870469e+001  2.345494e+001  1.500000e+002
      vertex  1.870469e+001  2.345494e+001  1.955000e+002
      vertex  2.345494e+001  1.870469e+001  1.500000e+002
    endloop
  endfacet
  facet normal  7.071068e-001  7.071068e-001  -0.000000e+000
    outer loop
      vertex  2.345494e+001  1.870469e+001  1.500000e+002
      vertex  1.870469e+001  2.345494e+001  1.955000e+002
      vertex  2.345494e+001  1.870469e+001  1.955000e+002
    endloop
  endfacet
  facet normal  8.467242e-001  5.320320e-001  0.000000e+000
    outer loop
      vertex  2.345494e+001  1.870469e+001  1.500000e+002
      vertex  2.345494e+001  1.870469e+001  1.955000e+002
      vertex  2.702907e+001  1.301651e+001  1.500000e+002
    endloop
  endfacet
  facet normal  8.467242e-001  5.320320e-001  -0.000000e+000
    outer loop
      vertex  2.702907e+001  1.301651e+001  1.500000e+002
      vertex  2.345494e+001  1.870469e+001  1.955000e+002
      vertex  2.702907e+001  1.301651e+001  1.955000e+002
    endloop
  endfacet
  facet normal  9.438834e-001  3.302790e-001  0.000000e+000
    outer loop
      vertex  2.702907e+001  1.301651e+001  1.500000e+002
      vertex  2.702907e+001  1.301651e+001  1.955000e+002
      vertex  2.924784e+001  6.675628e+000  1.500000e+002
    endloop
  endfacet
  facet normal  9.438834e-001  3.302790e-001  -0.000000e+000
    outer loop
      vertex  2.924784e+001  6.675628e+000  1.500000e+002
      vertex  2.702907e+001  1.301651e+001  1.955000e+002
      vertex  2.924784e+001  6.675628e+000  1.955000e+002
    endloop
  endfacet
  facet normal  9.937122e-001  1.119645e-001  0.000000e+000
    outer loop
      vertex  2.924784e+001  6.675628e+000  1.500000e+002
      vertex  2.924784e+001  6.675628e+000  1.955000e+002
      vertex  3.000000e+001  0.000000e+000  1.500000e+002
    endloop
  endfacet
  facet normal  9.937122e-001  1.119645e-001  -0.000000e+000
    outer loop
      vertex  3.000000e+001  0.000000e+000  1.500000e+002
      vertex  2.924784e+001  6.675628e+000  1.955000e+002
      vertex  3.000000e+001  0.000000e+000  1.955000e+002
    endloop
  endfacet
  facet normal  9.937122e-001 -1.119645e-001  0.000000e+000
    outer loop
      vertex  3.000000e+001  0.000000e+000  1.500000e+002
      vertex  3.000000e+001  0.000000e+000  1.955000e+002
      vertex  2.924784e+001 -6.675628e+000  1.500000e+002
    endloop
  endfacet
  facet normal  9.937122e-001 -1.119645e-001  0.000000e+000
    outer loop
      vertex  2.924784e+001 -6.675628e+000  1.500000e+002
      vertex  3.000000e+001  0.000000e+000  1.955000e+002
      vertex  2.924784e+001 -6.675628e+000  1.955000e+002
    endloop
  endfacet
  facet normal  9.438834e-001 -3.302790e-001  0.000000e+000
    outer loop
      vertex  2.924784e+001 -6.675628e+000  1.500000e+002
      vertex  2.924784e+001 -6.675628e+000  1.955000e+002
      vertex  2.702907e+001 -1.301651e+001  1.500000e+002
    endloop
  endfacet
  facet normal  9.438834e-001 -3.302790e-001  0.000000e+000
    outer loop
      vertex  2.702907e+001 -1.301651e+001  1.500000e+002
      vertex  2.924784e+001 -6.675628e+000  1.955000e+002
      vertex  2.702907e+001 -1.301651e+001  1.955000e+002
    endloop
  endfacet
  facet normal  8.467242e-001 -5.320320e-001  0.000000e+000
    outer loop
      vertex  2.702907e+001 -1.301651e+001  1.500000e+002
      vertex  2.702907e+001 -1.301651e+001  1.955000e+002
      vertex  2.345494e+001 -1.870469e+001  1.500000e+002
    endloop
  endfacet
  facet normal  8.467242e-001 -5.320320e-001  0.000000e+000
    outer loop
      vertex  2.345494e+001 -1.870469e+001  1.500000e+002
      vertex  2.702907e+001 -1.301651e+001  1.955000e+002
      vertex  2.345494e+001 -1.870469e+001  1.955000e+002
    endloop
  endfacet
  facet normal  7.071068e-001 -7.071068e-001  0.000000e+000
    outer loop
      vertex  2.345494e+001 -1.870469e+001  1.500000e+002
      vertex  2.345494e+001 -1.870469e+001  1.955000e+002
      vertex  1.870469e+001 -2.345494e+001  1.500000e+002
    endloop
  endfacet
  facet normal  7.071068e-001 -7.071068e-001  0.000000e+000
    outer loop
      vertex  1.870469e+001 -2.345494e+001  1.500000e+002
      vertex  2.345494e+001 -1.870469e+001  1.955000e+002
      vertex  1.870469e+001 -2.345494e+001  1.955000e+002
    endloop
  endfacet
  facet normal  5.320320e-001 -8.467242e-001  0.000000e+000
    outer loop
      vertex  1.870469e+001 -2.345494e+001  1.500000e+002
      vertex  1.870469e+001 -2.345494e+001  1.955000e+002
      vertex  1.301651e+001 -2.702907e+001  1.500000e+002
    endloop
  endfacet
  facet normal  5.320320e-001 -8.467242e-001  0.000000e+000
    outer loop
      vertex  1.301651e+001 -2.702907e+001  1.500000e+002
      vertex  1.870469e+001 -2.345494e+001  1.955000e+002
      vertex  1.301651e+001 -2.702907e+001  1.955000e+002
    endloop
  endfacet
  facet normal  3.302790e-001 -9.438834e-001  0.000000e+000
    outer loop
      vertex  1.301651e+001 -2.702907e+001  1.500000e+002
      vertex  1.301651e+001 -2.702907e+001  1.955000e+002
      vertex  6.675628e+000 -2.924784e+001  1.500000e+002
    endloop
  endfacet
  facet normal  3.302790e-001 -9.438834e-001  0.000000e+000
    outer loop
      vertex  6.675628e+000 -2.924784e+001  1.500000e+002
      vertex  1.301651e+001 -2.702907e+001  1.955000e+002
      vertex  6.675628e+000 -2.924784e+001  1.955000e+002
    endloop
  endfacet
  facet normal  1.119645e-001 -9.937122e-001  0.000000e+000
    outer loop
      vertex  6.675628e+000 -2.924784e+001  1.500000e+002
      vertex  6.675628e+000 -2.924784e+001  1.955000e+002
      vertex -3.215626e-014 -3.000000e+001  1.500000e+002
    endloop
  endfacet
  facet normal  1.119645e-001 -9.937122e-001  0.000000e+000
    outer loop
      vertex -3.215626e-014 -3.000000e+001  1.500000e+002
      vertex  6.675628e+000 -2.924784e+001  1.955000e+002
      vertex -3.215626e-014 -3.000000e+001  1.955000e+002
    endloop
  endfacet
  facet normal -1.119645e-001 -9.937122e-001  -0.000000e+000
    outer loop
      vertex -3.215626e-014 -3.000000e+001  1.500000e+002
      vertex -3.215626e-014 -3.000000e+001  1.955000e+002
      vertex -6.675628e+000 -2.924784e+001  1.500000e+002
    endloop
  endfacet
  facet normal -1.119645e-001 -9.937122e-001  0.000000e+000
    outer loop
      vertex -6.675628e+000 -2.924784e+001  1.500000e+002
      vertex -3.215626e-014 -3.000000e+001  1.955000e+002
      vertex -6.675628e+000 -2.924784e+001  1.955000e+002
    endloop
  endfacet
  facet normal -3.302790e-001 -9.438834e-001  -0.000000e+000
    outer loop
      vertex -6.675628e+000 -2.924784e+001  1.500000e+002
      vertex -6.675628e+000 -2.924784e+001  1.955000e+002
      vertex -1.301651e+001 -2.702907e+001  1.500000e+002
    endloop
  endfacet
  facet normal -3.302790e-001 -9.438834e-001  0.000000e+000
    outer loop
      vertex -1.301651e+001 -2.702907e+001  1.500000e+002
      vertex -6.675628e+000 -2.924784e+001  1.955000e+002
      vertex -1.301651e+001 -2.702907e+001  1.955000e+002
    endloop
  endfacet
  facet normal -5.320320e-001 -8.467242e-001  -0.000000e+000
    outer loop
      vertex -1.301651e+001 -2.702907e+001  1.500000e+002
      vertex -1.301651e+001 -2.702907e+001  1.955000e+002
      vertex -1.870469e+001 -2.345494e+001  1.500000e+002
    endloop
  endfacet
  facet normal -5.320320e-001 -8.467242e-001  0.000000e+000
    outer loop
      vertex -1.870469e+001 -2.345494e+001  1.500000e+002
      vertex -1.301651e+001 -2.702907e+001  1.955000e+002
      vertex -1.870469e+001 -2.345494e+001  1.955000e+002
    endloop
  endfacet
  facet normal -7.071068e-001 -7.071068e-001  -0.000000e+000
    outer loop
      vertex -1.870469e+001 -2.345494e+001  1.500000e+002
      vertex -1.870469e+001 -2.345494e+001  1.955000e+002
      vertex -2.345494e+001 -1.870469e+001  1.500000e+002
    endloop
  endfacet
  facet normal -7.071068e-001 -7.071068e-001  0.000000e+000
    outer loop
      vertex -2.345494e+001 -1.870469e+001  1.500000e+002
      vertex -1.870469e+001 -2.345494e+001  1.955000e+002
      vertex -2.345494e+001 -1.870469e+001  1.955000e+002
    endloop
  endfacet
  facet normal -8.467242e-001 -5.320320e-001  -0.000000e+000
    outer loop
      vertex -2.345494e+001 -1.870469e+001  1.500000e+002
      vertex -2.345494e+001 -1.870469e+001  1.955000e+002
      vertex -2.702907e+001 -1.301651e+001  1.500000e+002
    endloop
  endfacet
  facet normal -8.467242e-001 -5.320320e-001  0.000000e+000
    outer loop
      vertex -2.702907e+001 -1.301651e+001  1.500000e+002
      vertex -2.345494e+001 -1.870469e+001  1.955000e+002
      vertex -2.702907e+001 -1.301651e+001  1.955000e+002
    endloop
  endfacet
  facet normal -9.438834e-001 -3.302790e-001  -0.000000e+000
    outer loop
      vertex -2.702907e+001 -1.301651e+001  1.500000e+002
      vertex -2.702907e+001 -1.301651e+001  1.955000e+002
      vertex -2.924784e+001 -6.675628e+000  1.500000e+002
    endloop
  endfacet
  facet normal -9.438834e-001 -3.302790e-001  0.000000e+000
    outer loop
      vertex -2.924784e+001 -6.675628e+000  1.500000e+002
      vertex -2.702907e+001 -1.301651e+001  1.955000e+002
      vertex -2.924784e+001 -6.675628e+000  1.955000e+002
    endloop
  endfacet
  facet normal -9.937122e-001 -1.119645e-001  -0.000000e+000
    outer loop
      vertex -2.924784e+001 -6.675628e+000  1.500000e+002
      vertex -2.924784e+001 -6.675628e+000  1.955000e+002
      vertex -3.000000e+001  1.699662e-014  1.500000e+002
    endloop
  endfacet
  facet normal -9.937122e-001 -1.119645e-001  0.000000e+000
    outer loop
      vertex -3.000000e+001  1.699662e-014  1.500000e+002
      vertex -2.924784e+001 -6.675628e+000  1.955000e+002
      vertex -3.000000e+001  1.699662e-014  1.955000e+002
    endloop
  endfacet
  facet normal  0.000000e+000  0.000000e+000  1.000000e+000
    outer loop
      vertex -6.675628e+000  2.924784e+001  1.955000e+002
      vertex  6.675628e+000  2.924784e+001  1.955000e+002
      vertex  8.498309e-015  3.000000e+001  1.955000e+002
    endloop
  endfacet
  facet normal  -0.000000e+000  0.000000e+000  1.000000e+000
    outer loop
      vertex  6.675628e+000  2.924784e+001  1.955000e+002
      vertex -6.675628e+000  2.924784e+001  1.955000e+002
      vertex  1.301651e+001  2.702907e+001  1.955000e+002
    endloop
  endfacet
  facet normal  0.000000e+000  0.000000e+000  9.999999e-001
    outer loop
      vertex  1.301651e+001  2.702907e+001  1.955000e+002
      vertex -6.675628e+000  2.924784e+001  1.955000e+002
      vertex -1.301651e+001  2.702907e+001  1.955000e+002
    endloop
  endfacet
  facet normal  -0.000000e+000  0.000000e+000  1.000000e+000
    outer loop
      vertex  1.301651e+001  2.702907e+001  1.955000e+002
      vertex -1.301651e+001  2.702907e+001  1.955000e+002
      vertex  1.870469e+001  2.345494e+001  1.955000e+002
    endloop
  endfacet
  facet normal  0.000000e+000  0.000000e+000  1.000000e+000
    outer loop
      vertex  1.870469e+001  2.345494e+001  1.955000e+002
      vertex -1.301651e+001  2.702907e+001  1.955000e+002
      vertex -1.870469e+001  2.345494e+001  1.955000e+002
    endloop
  endfacet
  facet normal  -0.000000e+000  0.000000e+000  1.000000e+000
    outer loop
      vertex  1.870469e+001  2.345494e+001  1.955000e+002
      vertex -1.870469e+001  2.345494e+001  1.955000e+002
      vertex  2.345494e+001  1.870469e+001  1.955000e+002
    endloop
  endfacet
  facet normal  0.000000e+000  0.000000e+000  1.000000e+000
    outer loop
      vertex  2.345494e+001  1.870469e+001  1.955000e+002
      vertex -1.870469e+001  2.345494e+001  1.955000e+002
      vertex -2.345494e+001  1.870469e+001  1.955000e+002
    endloop
  endfacet
  facet normal  -0.000000e+000  0.000000e+000  1.000000e+000
    outer loop
      vertex  2.345494e+001  1.870469e+001  1.955000e+002
      vertex -2.345494e+001  1.870469e+001  1.955000e+002
      vertex  2.702907e+001  1.301651e+001  1.955000e+002
    endloop
  endfacet
  facet normal  0.000000e+000  0.000000e+000  1.000000e+000
    outer loop
      vertex  2.702907e+001  1.301651e+001  1.955000e+002
      vertex -2.345494e+001  1.870469e+001  1.955000e+002
      vertex -2.702907e+001  1.301651e+001  1.955000e+002
    endloop
  endfacet
  facet normal  -0.000000e+000  0.000000e+000  1.000000e+000
    outer loop
      vertex  2.702907e+001  1.301651e+001  1.955000e+002
      vertex -2.702907e+001  1.301651e+001  1.955000e+002
      vertex  2.924784e+001  6.675628e+000  1.955000e+002
    endloop
  endfacet
  facet normal  0.000000e+000  0.000000e+000  1.000000e+000
    outer loop
      vertex  2.924784e+001  6.675628e+000  1.955000e+002
      vertex -2.702907e+001  1.301651e+001  1.955000e+002
      vertex -2.924784e+001  6.675628e+000  1.955000e+002
    endloop
  endfacet
  facet normal  -0.000000e+000  0.000000e+000  9.999999e-001
    outer loop
      vertex  2.924784e+001  6.675628e+000  1.955000e+002
      vertex -2.924784e+001  6.675628e+000  1.955000e+002
      vertex  3.000000e+001  0.000000e+000  1.955000e+002
    endloop
  endfacet
  facet normal  0.000000e+000  0.000000e+000  1.000000e+000
    outer loop
      vertex  3.000000e+001  0.000000e+000  1.955000e+002
      vertex -2.924784e+001  6.675628e+000  1.955000e+002
      vertex -3.000000e+001  1.699662e-014  1.955000e+002
    endloop
  endfacet
  facet normal  0.000000e+000  0.000000e+000  1.000000e+000
    outer loop
      vertex  3.000000e+001  0.000000e+000  1.955000e+002
      vertex -3.000000e+001  1.699662e-014  1.955000e+002
      vertex  2.924784e+001 -6.675628e+000  1.955000e+002
    endloop
  endfacet
  facet normal  0.000000e+000  0.000000e+000  9.999999e-001
    outer loop
      vertex  2.924784e+001 -6.675628e+000  1.955000e+002
      vertex -3.000000e+001  1.699662e-014  1.955000e+002
      vertex -2.924784e+001 -6.675628e+000  1.955000e+002
    endloop
  endfacet
  facet normal  -0.000000e+000  0.000000e+000  1.000000e+000
    outer loop
      vertex  2.924784e+001 -6.675628e+000  1.955000e+002
      vertex -2.924784e+001 -6.675628e+000  1.955000e+002
      vertex  2.702907e+001 -1.301651e+001  1.955000e+002
    endloop
  endfacet
  facet normal  0.000000e+000  0.000000e+000  1.000000e+000
    outer loop
      vertex  2.702907e+001 -1.301651e+001  1.955000e+002
      vertex -2.924784e+001 -6.675628e+000  1.955000e+002
      vertex -2.702907e+001 -1.301651e+001  1.955000e+002
    endloop
  endfacet
  facet normal  -0.000000e+000  0.000000e+000  1.000000e+000
    outer loop
      vertex  2.702907e+001 -1.301651e+001  1.955000e+002
      vertex -2.702907e+001 -1.301651e+001  1.955000e+002
      vertex  2.345494e+001 -1.870469e+001  1.955000e+002
    endloop
  endfacet
  facet normal  0.000000e+000  0.000000e+000  1.000000e+000
    outer loop
      vertex  2.345494e+001 -1.870469e+001  1.955000e+002
      vertex -2.702907e+001 -1.301651e+001  1.955000e+002
      vertex -2.345494e+001 -1.870469e+001  1.955000e+002
    endloop
  endfacet
  facet normal  -0.000000e+000  0.000000e+000  1.000000e+000
    outer loop
      vertex  2.345494e+001 -1.870469e+001  1.955000e+002
      vertex -2.345494e+001 -1.870469e+001  1.955000e+002
      vertex  1.870469e+001 -2.345494e+001  1.955000e+002
    endloop
  endfacet
  facet normal  0.000000e+000  0.000000e+000  1.000000e+000
    outer loop
      vertex  1.870469e+001 -2.345494e+001  1.955000e+002
      vertex -2.345494e+001 -1.870469e+001  1.955000e+002
      vertex -1.870469e+001 -2.345494e+001  1.955000e+002
    endloop
  endfacet
  facet normal  -0.000000e+000  0.000000e+000  1.000000e+000
    outer loop
      vertex  1.870469e+001 -2.345494e+001  1.955000e+002
      vertex -1.870469e+001 -2.345494e+001  1.955000e+002
      vertex  1.301651e+001 -2.702907e+001  1.955000e+002
    endloop
  endfacet
  facet normal  0.000000e+000  0.000000e+000  1.000000e+000
    outer loop
      vertex  1.301651e+001 -2.702907e+001  1.955000e+002
      vertex -1.870469e+001 -2.345494e+001  1.955000e+002
      vertex -1.301651e+001 -2.702907e+001  1.955000e+002
    endloop
  endfacet
  facet normal  -0.000000e+000  0.000000e+000  9.999999e-001
    outer loop
      vertex  1.301651e+001 -2.702907e+001  1.955000e+002
      vertex -1.301651e+001 -2.702907e+001  1.955000e+002
      vertex  6.675628e+000 -2.924784e+001  1.955000e+002
    endloop
  endfacet
  facet normal  0.000000e+000  0.000000e+000  1.000000e+000
    outer loop
      vertex  6.675628e+000 -2.924784e+001  1.955000e+002
      vertex -1.301651e+001 -2.702907e+001  1.955000e+002
      vertex -6.675628e+000 -2.924784e+001  1.955000e+002
    endloop
  endfacet
  facet normal  -0.000000e+000  0.000000e+000  1.000000e+000
    outer loop
      vertex  6.675628e+000 -2.924784e+001  1.955000e+002
      vertex -6.675628e+000 -2.924784e+001  1.955000e+002
      vertex -3.215626e-014 -3.000000e+001  1.955000e+002
    endloop
  endfacet
  facet normal  0.000000e+000  0.000000e+000 -1.000000e+000
    outer loop
      vertex  3.603130e+001  1.492465e+001 -1.500000e+002
      vertex  1.178749e+001  1.360349e+001 -1.500000e+002
      vertex  7.477470e+000  1.637338e+001 -1.500000e+002
    endloop
  endfacet
  facet normal  0.000000e+000  -0.000000e+000 -1.000000e+000
    outer loop
      vertex -3.242731e+001  2.166724e+001 -1.500000e+002
      vertex -2.757716e+001  2.757716e+001 -1.500000e+002
      vertex -2.166724e+001  3.242731e+001 -1.500000e+002
    endloop
  endfacet
  facet normal  0.000000e+000  -0.000000e+000 -1.000000e+000
    outer loop
      vertex -3.242731e+001  2.166724e+001 -1.500000e+002
      vertex -2.166724e+001  3.242731e+001 -1.500000e+002
      vertex -1.492465e+001  3.603130e+001 -1.500000e+002
    endloop
  endfacet
  facet normal  0.000000e+000  -0.000000e+000 -1.000000e+000
    outer loop
      vertex -3.242731e+001  2.166724e+001 -1.500000e+002
      vertex -1.492465e+001  3.603130e+001 -1.500000e+002
      vertex -7.608522e+000  3.825063e+001 -1.500000e+002
    endloop
  endfacet
  facet normal  0.000000e+000  -0.000000e+000 -1.000000e+000
    outer loop
      vertex  2.561667e+000  1.781679e+001 -1.500000e+002
      vertex  7.608522e+000  3.825063e+001 -1.500000e+002
      vertex  1.492465e+001  3.603130e+001 -1.500000e+002
    endloop
  endfacet
  facet normal  0.000000e+000  -0.000000e+000 -1.000000e+000
    outer loop
      vertex  2.561667e+000  1.781679e+001 -1.500000e+002
      vertex  1.492465e+001  3.603130e+001 -1.500000e+002
      vertex  2.166724e+001  3.242731e+001 -1.500000e+002
    endloop
  endfacet
  facet normal  0.000000e+000  -0.000000e+000 -9.999999e-001
    outer loop
      vertex  2.561667e+000  1.781679e+001 -1.500000e+002
      vertex  2.166724e+001  3.242731e+001 -1.500000e+002
      vertex  2.757716e+001  2.757716e+001 -1.500000e+002
    endloop
  endfacet
  facet normal  0.000000e+000  -0.000000e+000 -1.000000e+000
    outer loop
      vertex  2.561667e+000  1.781679e+001 -1.500000e+002
      vertex  2.757716e+001  2.757716e+001 -1.500000e+002
      vertex  3.242731e+001  2.166724e+001 -1.500000e+002
    endloop
  endfacet
  facet normal  0.000000e+000  -0.000000e+000 -1.000000e+000
    outer loop
      vertex  2.561667e+000  1.781679e+001 -1.500000e+002
      vertex  3.242731e+001  2.166724e+001 -1.500000e+002
      vertex  3.603130e+001  1.492465e+001 -1.500000e+002
    endloop
  endfacet
  facet normal  0.000000e+000  0.000000e+000 -1.000000e+000
    outer loop
      vertex  2.561667e+000  1.781679e+001 -1.500000e+002
      vertex  3.603130e+001  1.492465e+001 -1.500000e+002
      vertex  7.477470e+000  1.637338e+001 -1.500000e+002
    endloop
  endfacet
  facet normal  0.000000e+000  0.000000e+000 -1.000000e+000
    outer loop
      vertex -7.164183e-015 -3.900000e+001 -1.500000e+002
      vertex -7.608522e+000 -3.825063e+001 -1.500000e+002
      vertex -1.492465e+001 -3.603130e+001 -1.500000e+002
    endloop
  endfacet
  facet normal  0.000000e+000  0.000000e+000 -1.000000e+000
    outer loop
      vertex -7.164183e-015 -3.900000e+001 -1.500000e+002
      vertex -1.492465e+001 -3.603130e+001 -1.500000e+002
      vertex -2.166724e+001 -3.242731e+001 -1.500000e+002
    endloop
  endfacet
  facet normal  0.000000e+000  0.000000e+000 -1.000000e+000
    outer loop
      vertex -7.164183e-015 -3.900000e+001 -1.500000e+002
      vertex -2.166724e+001 -3.242731e+001 -1.500000e+002
      vertex -2.757716e+001 -2.757716e+001 -1.500000e+002
    endloop
  endfacet
  facet normal  0.000000e+000  0.000000e+000 -9.999999e-001
    outer loop
      vertex -7.164183e-015 -3.900000e+001 -1.500000e+002
      vertex -2.757716e+001 -2.757716e+001 -1.500000e+002
      vertex -3.242731e+001 -2.166724e+001 -1.500000e+002
    endloop
  endfacet
  facet normal  0.000000e+000  0.000000e+000 -1.000000e+000
    outer loop
      vertex -7.164183e-015 -3.900000e+001 -1.500000e+002
      vertex -3.242731e+001 -2.166724e+001 -1.500000e+002
      vertex -2.561667e+000 -1.781679e+001 -1.500000e+002
    endloop
  endfacet
  facet normal  0.000000e+000  0.000000e+000 -1.000000e+000
    outer loop
      vertex -7.164183e-015 -3.900000e+001 -1.500000e+002
      vertex -2.561667e+000 -1.781679e+001 -1.500000e+002
      vertex  2.561667e+000 -1.781679e+001 -1.500000e+002
    endloop
  endfacet
  facet normal  0.000000e+000  -0.000000e+000 -1.000000e+000
    outer loop
      vertex -7.164183e-015 -3.900000e+001 -1.500000e+002
      vertex  2.561667e+000 -1.781679e+001 -1.500000e+002
      vertex  3.242731e+001 -2.166724e+001 -1.500000e+002
    endloop
  endfacet
  facet normal  0.000000e+000  0.000000e+000 -9.999999e-001
    outer loop
      vertex -7.164183e-015 -3.900000e+001 -1.500000e+002
      vertex  3.242731e+001 -2.166724e+001 -1.500000e+002
      vertex  2.757716e+001 -2.757716e+001 -1.500000e+002
    endloop
  endfacet
  facet normal  0.000000e+000  0.000000e+000 -1.000000e+000
    outer loop
      vertex -7.164183e-015 -3.900000e+001 -1.500000e+002
      vertex  2.757716e+001 -2.757716e+001 -1.500000e+002
      vertex  2.166724e+001 -3.242731e+001 -1.500000e+002
    endloop
  endfacet
  facet normal  0.000000e+000  0.000000e+000 -9.999999e-001
    outer loop
      vertex -7.164183e-015 -3.900000e+001 -1.500000e+002
      vertex  2.166724e+001 -3.242731e+001 -1.500000e+002
      vertex  1.492465e+001 -3.603130e+001 -1.500000e+002
    endloop
  endfacet
  facet normal  0.000000e+000  0.000000e+000 -1.000000e+000
    outer loop
      vertex -7.164183e-015 -3.900000e+001 -1.500000e+002
      vertex  1.492465e+001 -3.603130e+001 -1.500000e+002
      vertex  7.608522e+000 -3.825063e+001 -1.500000e+002
    endloop
  endfacet
  facet normal  0.000000e+000  0.000000e+000 -1.000000e+000
    outer loop
      vertex  2.561667e+000  1.781679e+001 -1.500000e+002
      vertex -2.561667e+000  1.781679e+001 -1.500000e+002
      vertex  7.608522e+000  3.825063e+001 -1.500000e+002
    endloop
  endfacet
  facet normal  -0.000000e+000  0.000000e+000 -1.000000e+000
    outer loop
      vertex  7.608522e+000  3.825063e+001 -1.500000e+002
      vertex -2.561667e+000  1.781679e+001 -1.500000e+002
      vertex  2.388061e-015  3.900000e+001 -1.500000e+002
    endloop
  endfacet
  facet normal  0.000000e+000  0.000000e+000 -1.000000e+000
    outer loop
      vertex -2.561667e+000  1.781679e+001 -1.500000e+002
      vertex -3.242731e+001  2.166724e+001 -1.500000e+002
      vertex  2.388061e-015  3.900000e+001 -1.500000e+002
    endloop
  endfacet
  facet normal  0.000000e+000  0.000000e+000 -9.999999e-001
    outer loop
      vertex  2.388061e-015  3.900000e+001 -1.500000e+002
      vertex -3.242731e+001  2.166724e+001 -1.500000e+002
      vertex -7.608522e+000  3.825063e+001 -1.500000e+002
    endloop
  endfacet
  facet normal  0.000000e+000  0.000000e+000 -1.000000e+000
    outer loop
      vertex -1.178749e+001  1.360349e+001 -1.500000e+002
      vertex -3.603130e+001  1.492465e+001 -1.500000e+002
      vertex -7.477470e+000  1.637338e+001 -1.500000e+002
    endloop
  endfacet
  facet normal  -0.000000e+000  0.000000e+000 -1.000000e+000
    outer loop
      vertex -7.477470e+000  1.637338e+001 -1.500000e+002
      vertex -3.603130e+001  1.492465e+001 -1.500000e+002
      vertex -3.242731e+001  2.166724e+001 -1.500000e+002
    endloop
  endfacet
  facet normal  0.000000e+000  0.000000e+000 -9.999999e-001
    outer loop
      vertex -7.477470e+000  1.637338e+001 -1.500000e+002
      vertex -3.242731e+001  2.166724e+001 -1.500000e+002
      vertex -2.561667e+000  1.781679e+001 -1.500000e+002
    endloop
  endfacet
  facet normal  0.000000e+000  0.000000e+000 -9.999999e-001
    outer loop
      vertex -1.800000e+001  2.204364e-015 -1.500000e+002
      vertex -3.900000e+001  4.776122e-015 -1.500000e+002
      vertex -1.727087e+001  5.071186e+000 -1.500000e+002
    endloop
  endfacet
  facet normal  -0.000000e+000  0.000000e+000 -1.000000e+000
    outer loop
      vertex -1.727087e+001  5.071186e+000 -1.500000e+002
      vertex -3.900000e+001  4.776122e-015 -1.500000e+002
      vertex -3.825063e+001  7.608522e+000 -1.500000e+002
    endloop
  endfacet
  facet normal  0.000000e+000  0.000000e+000 -9.999999e-001
    outer loop
      vertex -1.727087e+001  5.071186e+000 -1.500000e+002
      vertex -3.825063e+001  7.608522e+000 -1.500000e+002
      vertex -1.514256e+001  9.731535e+000 -1.500000e+002
    endloop
  endfacet
  facet normal  -0.000000e+000  0.000000e+000 -1.000000e+000
    outer loop
      vertex -1.514256e+001  9.731535e+000 -1.500000e+002
      vertex -3.825063e+001  7.608522e+000 -1.500000e+002
      vertex -3.603130e+001  1.492465e+001 -1.500000e+002
    endloop
  endfacet
  facet normal  0.000000e+000  0.000000e+000 -1.000000e+000
    outer loop
      vertex -1.514256e+001  9.731535e+000 -1.500000e+002
      vertex -3.603130e+001  1.492465e+001 -1.500000e+002
      vertex -1.178749e+001  1.360349e+001 -1.500000e+002
    endloop
  endfacet
  facet normal  0.000000e+000  0.000000e+000 -9.999999e-001
    outer loop
      vertex -1.514256e+001 -9.731535e+000 -1.500000e+002
      vertex -3.825063e+001 -7.608522e+000 -1.500000e+002
      vertex -1.727087e+001 -5.071186e+000 -1.500000e+002
    endloop
  endfacet
  facet normal  -0.000000e+000  0.000000e+000 -1.000000e+000
    outer loop
      vertex -1.727087e+001 -5.071186e+000 -1.500000e+002
      vertex -3.825063e+001 -7.608522e+000 -1.500000e+002
      vertex -3.900000e+001  4.776122e-015 -1.500000e+002
    endloop
  endfacet
  facet normal  0.000000e+000  0.000000e+000 -9.999999e-001
    outer loop
      vertex -1.727087e+001 -5.071186e+000 -1.500000e+002
      vertex -3.900000e+001  4.776122e-015 -1.500000e+002
      vertex -1.800000e+001  2.204364e-015 -1.500000e+002
    endloop
  endfacet
  facet normal  0.000000e+000  0.000000e+000 -9.999999e-001
    outer loop
      vertex -2.561667e+000 -1.781679e+001 -1.500000e+002
      vertex -3.242731e+001 -2.166724e+001 -1.500000e+002
      vertex -7.477470e+000 -1.637338e+001 -1.500000e+002
    endloop
  endfacet
  facet normal  -0.000000e+000  0.000000e+000 -1.000000e+000
    outer loop
      vertex -7.477470e+000 -1.637338e+001 -1.500000e+002
      vertex -3.242731e+001 -2.166724e+001 -1.500000e+002
      vertex -3.603130e+001 -1.492465e+001 -1.500000e+002
    endloop
  endfacet
  facet normal  0.000000e+000  0.000000e+000 -1.000000e+000
    outer loop
      vertex -7.477470e+000 -1.637338e+001 -1.500000e+002
      vertex -3.603130e+001 -1.492465e+001 -1.500000e+002
      vertex -1.178749e+001 -1.360349e+001 -1.500000e+002
    endloop
  endfacet
  facet normal  -0.000000e+000  0.000000e+000 -1.000000e+000
    outer loop
      vertex -1.178749e+001 -1.360349e+001 -1.500000e+002
      vertex -3.603130e+001 -1.492465e+001 -1.500000e+002
      vertex -3.825063e+001 -7.608522e+000 -1.500000e+002
    endloop
  endfacet
  facet normal  0.000000e+000  0.000000e+000 -9.999999e-001
    outer loop
      vertex -1.178749e+001 -1.360349e+001 -1.500000e+002
      vertex -3.825063e+001 -7.608522e+000 -1.500000e+002
      vertex -1.514256e+001 -9.731535e+000 -1.500000e+002
    endloop
  endfacet
  facet normal  0.000000e+000  0.000000e+000 -1.000000e+000
    outer loop
      vertex  1.800000e+001  0.000000e+000 -1.500000e+002
      vertex  1.727087e+001  5.071186e+000 -1.500000e+002
      vertex  3.900000e+001  0.000000e+000 -1.500000e+002
    endloop
  endfacet
  facet normal  0.000000e+000  0.000000e+000 -9.999999e-001
    outer loop
      vertex  3.900000e+001  0.000000e+000 -1.500000e+002
      vertex  1.727087e+001  5.071186e+000 -1.500000e+002
      vertex  1.514256e+001  9.731535e+000 -1.500000e+002
    endloop
  endfacet
  facet normal  0.000000e+000  0.000000e+000 -1.000000e+000
    outer loop
      vertex  3.900000e+001  0.000000e+000 -1.500000e+002
      vertex  1.514256e+001  9.731535e+000 -1.500000e+002
      vertex  3.825063e+001  7.608522e+000 -1.500000e+002
    endloop
  endfacet
  facet normal  0.000000e+000  0.000000e+000 -9.999999e-001
    outer loop
      vertex  3.825063e+001  7.608522e+000 -1.500000e+002
      vertex  1.514256e+001  9.731535e+000 -1.500000e+002
      vertex  1.178749e+001  1.360349e+001 -1.500000e+002
    endloop
  endfacet
  facet normal  0.000000e+000  0.000000e+000 -1.000000e+000
    outer loop
      vertex  3.825063e+001  7.608522e+000 -1.500000e+002
      vertex  1.178749e+001  1.360349e+001 -1.500000e+002
      vertex  3.603130e+001  1.492465e+001 -1.500000e+002
    endloop
  endfacet
  facet normal  0.000000e+000  -0.000000e+000 -9.999999e-001
    outer loop
      vertex  1.514256e+001 -9.731535e+000 -1.500000e+002
      vertex  1.727087e+001 -5.071186e+000 -1.500000e+002
      vertex  3.825063e+001 -7.608522e+000 -1.500000e+002
    endloop
  endfacet
  facet normal  0.000000e+000  0.000000e+000 -1.000000e+000
    outer loop
      vertex  3.825063e+001 -7.608522e+000 -1.500000e+002
      vertex  1.727087e+001 -5.071186e+000 -1.500000e+002
      vertex  1.800000e+001  0.000000e+000 -1.500000e+002
    endloop
  endfacet
  facet normal  0.000000e+000  0.000000e+000 -1.000000e+000
    outer loop
      vertex  3.825063e+001 -7.608522e+000 -1.500000e+002
      vertex  1.800000e+001  0.000000e+000 -1.500000e+002
      vertex  3.900000e+001  0.000000e+000 -1.500000e+002
    endloop
  endfacet
  facet normal  0.000000e+000  -0.000000e+000 -9.999999e-001
    outer loop
      vertex  2.561667e+000 -1.781679e+001 -1.500000e+002
      vertex  7.477470e+000 -1.637338e+001 -1.500000e+002
      vertex  3.242731e+001 -2.166724e+001 -1.500000e+002
    endloop
  endfacet
  facet normal  0.000000e+000  0.000000e+000 -1.000000e+000
    outer loop
      vertex  3.242731e+001 -2.166724e+001 -1.500000e+002
      vertex  7.477470e+000 -1.637338e+001 -1.500000e+002
      vertex  1.178749e+001 -1.360349e+001 -1.500000e+002
    endloop
  endfacet
  facet normal  0.000000e+000  0.000000e+000 -1.000000e+000
    outer loop
      vertex  3.242731e+001 -2.166724e+001 -1.500000e+002
      vertex  1.178749e+001 -1.360349e+001 -1.500000e+002
      vertex  3.603130e+001 -1.492465e+001 -1.500000e+002
    endloop
  endfacet
  facet normal  0.000000e+000  0.000000e+000 -1.000000e+000
    outer loop
      vertex  3.603130e+001 -1.492465e+001 -1.500000e+002
      vertex  1.178749e+001 -1.360349e+001 -1.500000e+002
      vertex  1.514256e+001 -9.731535e+000 -1.500000e+002
    endloop
  endfacet
  facet normal  0.000000e+000  0.000000e+000 -1.000000e+000
    outer loop
      vertex  3.603130e+001 -1.492465e+001 -1.500000e+002
      vertex  1.514256e+001 -9.731535e+000 -1.500000e+002
      vertex  3.825063e+001 -7.608522e+000 -1.500000e+002
    endloop
  endfacet
  facet normal -9.898215e-001  1.423147e-001  0.000000e+000
    outer loop
      vertex -1.800000e+001  2.204364e-015 -1.980000e+002
      vertex -1.800000e+001  2.204364e-015 -1.500000e+002
      vertex -1.727087e+001  5.071186e+000 -1.980000e+002
    endloop
  endfacet
  facet normal -9.898215e-001  1.423147e-001  0.000000e+000
    outer loop
      vertex -1.727087e+001  5.071186e+000 -1.980000e+002
      vertex -1.800000e+001  2.204364e-015 -1.500000e+002
      vertex -1.727087e+001  5.071186e+000 -1.500000e+002
    endloop
  endfacet
  facet normal -9.096320e-001  4.154150e-001  0.000000e+000
    outer loop
      vertex -1.727087e+001  5.071186e+000 -1.980000e+002
      vertex -1.727087e+001  5.071186e+000 -1.500000e+002
      vertex -1.514256e+001  9.731535e+000 -1.980000e+002
    endloop
  endfacet
  facet normal -9.096320e-001  4.154150e-001  0.000000e+000
    outer loop
      vertex -1.514256e+001  9.731535e+000 -1.980000e+002
      vertex -1.727087e+001  5.071186e+000 -1.500000e+002
      vertex -1.514256e+001  9.731535e+000 -1.500000e+002
    endloop
  endfacet
  facet normal -7.557495e-001  6.548608e-001  0.000000e+000
    outer loop
      vertex -1.514256e+001  9.731535e+000 -1.980000e+002
      vertex -1.514256e+001  9.731535e+000 -1.500000e+002
      vertex -1.178749e+001  1.360349e+001 -1.980000e+002
    endloop
  endfacet
  facet normal -7.557495e-001  6.548608e-001  0.000000e+000
    outer loop
      vertex -1.178749e+001  1.360349e+001 -1.980000e+002
      vertex -1.514256e+001  9.731535e+000 -1.500000e+002
      vertex -1.178749e+001  1.360349e+001 -1.500000e+002
    endloop
  endfacet
  facet normal -5.406410e-001  8.412535e-001  0.000000e+000
    outer loop
      vertex -1.178749e+001  1.360349e+001 -1.980000e+002
      vertex -1.178749e+001  1.360349e+001 -1.500000e+002
      vertex -7.477470e+000  1.637338e+001 -1.980000e+002
    endloop
  endfacet
  facet normal -5.406410e-001  8.412535e-001  0.000000e+000
    outer loop
      vertex -7.477470e+000  1.637338e+001 -1.980000e+002
      vertex -1.178749e+001  1.360349e+001 -1.500000e+002
      vertex -7.477470e+000  1.637338e+001 -1.500000e+002
    endloop
  endfacet
  facet normal -2.817324e-001  9.594931e-001  0.000000e+000
    outer loop
      vertex -7.477470e+000  1.637338e+001 -1.980000e+002
      vertex -7.477470e+000  1.637338e+001 -1.500000e+002
      vertex -2.561667e+000  1.781679e+001 -1.980000e+002
    endloop
  endfacet
  facet normal -2.817324e-001  9.594931e-001  0.000000e+000
    outer loop
      vertex -2.561667e+000  1.781679e+001 -1.980000e+002
      vertex -7.477470e+000  1.637338e+001 -1.500000e+002
      vertex -2.561667e+000  1.781679e+001 -1.500000e+002
    endloop
  endfacet
  facet normal  0.000000e+000  1.000000e+000  0.000000e+000
    outer loop
      vertex -2.561667e+000  1.781679e+001 -1.980000e+002
      vertex -2.561667e+000  1.781679e+001 -1.500000e+002
      vertex  2.561667e+000  1.781679e+001 -1.980000e+002
    endloop
  endfacet
  facet normal  0.000000e+000  1.000000e+000  -0.000000e+000
    outer loop
      vertex  2.561667e+000  1.781679e+001 -1.980000e+002
      vertex -2.561667e+000  1.781679e+001 -1.500000e+002
      vertex  2.561667e+000  1.781679e+001 -1.500000e+002
    endloop
  endfacet
  facet normal  2.817324e-001  9.594931e-001  0.000000e+000
    outer loop
      vertex  2.561667e+000  1.781679e+001 -1.980000e+002
      vertex  2.561667e+000  1.781679e+001 -1.500000e+002
      vertex  7.477470e+000  1.637338e+001 -1.980000e+002
    endloop
  endfacet
  facet normal  2.817324e-001  9.594931e-001  -0.000000e+000
    outer loop
      vertex  7.477470e+000  1.637338e+001 -1.980000e+002
      vertex  2.561667e+000  1.781679e+001 -1.500000e+002
      vertex  7.477470e+000  1.637338e+001 -1.500000e+002
    endloop
  endfacet
  facet normal  5.406410e-001  8.412535e-001  0.000000e+000
    outer loop
      vertex  7.477470e+000  1.637338e+001 -1.980000e+002
      vertex  7.477470e+000  1.637338e+001 -1.500000e+002
      vertex  1.178749e+001  1.360349e+001 -1.980000e+002
    endloop
  endfacet
  facet normal  5.406410e-001  8.412535e-001  -0.000000e+000
    outer loop
      vertex  1.178749e+001  1.360349e+001 -1.980000e+002
      vertex  7.477470e+000  1.637338e+001 -1.500000e+002
      vertex  1.178749e+001  1.360349e+001 -1.500000e+002
    endloop
  endfacet
  facet normal  7.557495e-001  6.548608e-001  0.000000e+000
    outer loop
      vertex  1.178749e+001  1.360349e+001 -1.980000e+002
      vertex  1.178749e+001  1.360349e+001 -1.500000e+002
      vertex  1.514256e+001  9.731535e+000 -1.980000e+002
    endloop
  endfacet
  facet normal  7.557495e-001  6.548608e-001  -0.000000e+000
    outer loop
      vertex  1.514256e+001  9.731535e+000 -1.980000e+002
      vertex  1.178749e+001  1.360349e+001 -1.500000e+002
      vertex  1.514256e+001  9.731535e+000 -1.500000e+002
    endloop
  endfacet
  facet normal  9.096320e-001  4.154150e-001  0.000000e+000
    outer loop
      vertex  1.514256e+001  9.731535e+000 -1.980000e+002
      vertex  1.514256e+001  9.731535e+000 -1.500000e+002
      vertex  1.727087e+001  5.071186e+000 -1.980000e+002
    endloop
  endfacet
  facet normal  9.096320e-001  4.154150e-001  -0.000000e+000
    outer loop
      vertex  1.727087e+001  5.071186e+000 -1.980000e+002
      vertex  1.514256e+001  9.731535e+000 -1.500000e+002
      vertex  1.727087e+001  5.071186e+000 -1.500000e+002
    endloop
  endfacet
  facet normal  9.898215e-001  1.423147e-001  0.000000e+000
    outer loop
      vertex  1.727087e+001  5.071186e+000 -1.980000e+002
      vertex  1.727087e+001  5.071186e+000 -1.500000e+002
      vertex  1.800000e+001  0.000000e+000 -1.980000e+002
    endloop
  endfacet
  facet normal  9.898215e-001  1.423147e-001  -0.000000e+000
    outer loop
      vertex  1.800000e+001  0.000000e+000 -1.980000e+002
      vertex  1.727087e+001  5.071186e+000 -1.500000e+002
      vertex  1.800000e+001  0.000000e+000 -1.500000e+002
    endloop
  endfacet
  facet normal  9.898215e-001 -1.423147e-001  0.000000e+000
    outer loop
      vertex  1.800000e+001  0.000000e+000 -1.980000e+002
      vertex  1.800000e+001  0.000000e+000 -1.500000e+002
      vertex  1.727087e+001 -5.071186e+000 -1.980000e+002
    endloop
  endfacet
  facet normal  9.898215e-001 -1.423147e-001  0.000000e+000
    outer loop
      vertex  1.727087e+001 -5.071186e+000 -1.980000e+002
      vertex  1.800000e+001  0.000000e+000 -1.500000e+002
      vertex  1.727087e+001 -5.071186e+000 -1.500000e+002
    endloop
  endfacet
  facet normal  9.096320e-001 -4.154150e-001  0.000000e+000
    outer loop
      vertex  1.727087e+001 -5.071186e+000 -1.980000e+002
      vertex  1.727087e+001 -5.071186e+000 -1.500000e+002
      vertex  1.514256e+001 -9.731535e+000 -1.980000e+002
    endloop
  endfacet
  facet normal  9.096320e-001 -4.154150e-001  0.000000e+000
    outer loop
      vertex  1.514256e+001 -9.731535e+000 -1.980000e+002
      vertex  1.727087e+001 -5.071186e+000 -1.500000e+002
      vertex  1.514256e+001 -9.731535e+000 -1.500000e+002
    endloop
  endfacet
  facet normal  7.557495e-001 -6.548608e-001  0.000000e+000
    outer loop
      vertex  1.514256e+001 -9.731535e+000 -1.980000e+002
      vertex  1.514256e+001 -9.731535e+000 -1.500000e+002
      vertex  1.178749e+001 -1.360349e+001 -1.980000e+002
    endloop
  endfacet
  facet normal  7.557495e-001 -6.548608e-001  0.000000e+000
    outer loop
      vertex  1.178749e+001 -1.360349e+001 -1.980000e+002
      vertex  1.514256e+001 -9.731535e+000 -1.500000e+002
      vertex  1.178749e+001 -1.360349e+001 -1.500000e+002
    endloop
  endfacet
  facet normal  5.406410e-001 -8.412535e-001  0.000000e+000
    outer loop
      vertex  1.178749e+001 -1.360349e+001 -1.980000e+002
      vertex  1.178749e+001 -1.360349e+001 -1.500000e+002
      vertex  7.477470e+000 -1.637338e+001 -1.980000e+002
    endloop
  endfacet
  facet normal  5.406410e-001 -8.412535e-001  0.000000e+000
    outer loop
      vertex  7.477470e+000 -1.637338e+001 -1.980000e+002
      vertex  1.178749e+001 -1.360349e+001 -1.500000e+002
      vertex  7.477470e+000 -1.637338e+001 -1.500000e+002
    endloop
  endfacet
  facet normal  2.817324e-001 -9.594931e-001  0.000000e+000
    outer loop
      vertex  7.477470e+000 -1.637338e+001 -1.980000e+002
      vertex  7.477470e+000 -1.637338e+001 -1.500000e+002
      vertex  2.561667e+000 -1.781679e+001 -1.980000e+002
    endloop
  endfacet
  facet normal  2.817324e-001 -9.594931e-001  0.000000e+000
    outer loop
      vertex  2.561667e+000 -1.781679e+001 -1.980000e+002
      vertex  7.477470e+000 -1.637338e+001 -1.500000e+002
      vertex  2.561667e+000 -1.781679e+001 -1.500000e+002
    endloop
  endfacet
  facet normal  0.000000e+000 -1.000000e+000  -0.000000e+000
    outer loop
      vertex  2.561667e+000 -1.781679e+001 -1.980000e+002
      vertex  2.561667e+000 -1.781679e+001 -1.500000e+002
      vertex -2.561667e+000 -1.781679e+001 -1.980000e+002
    endloop
  endfacet
  facet normal  0.000000e+000 -1.000000e+000  0.000000e+000
    outer loop
      vertex -2.561667e+000 -1.781679e+001 -1.980000e+002
      vertex  2.561667e+000 -1.781679e+001 -1.500000e+002
      vertex -2.561667e+000 -1.781679e+001 -1.500000e+002
    endloop
  endfacet
  facet normal -2.817324e-001 -9.594931e-001  -0.000000e+000
    outer loop
      vertex -2.561667e+000 -1.781679e+001 -1.980000e+002
      vertex -2.561667e+000 -1.781679e+001 -1.500000e+002
      vertex -7.477470e+000 -1.637338e+001 -1.980000e+002
    endloop
  endfacet
  facet normal -2.817324e-001 -9.594931e-001  0.000000e+000
    outer loop
      vertex -7.477470e+000 -1.637338e+001 -1.980000e+002
      vertex -2.561667e+000 -1.781679e+001 -1.500000e+002
      vertex -7.477470e+000 -1.637338e+001 -1.500000e+002
    endloop
  endfacet
  facet normal -5.406410e-001 -8.412535e-001  -0.000000e+000
    outer loop
      vertex -7.477470e+000 -1.637338e+001 -1.980000e+002
      vertex -7.477470e+000 -1.637338e+001 -1.500000e+002
      vertex -1.178749e+001 -1.360349e+001 -1.980000e+002
    endloop
  endfacet
  facet normal -5.406410e-001 -8.412535e-001  0.000000e+000
    outer loop
      vertex -1.178749e+001 -1.360349e+001 -1.980000e+002
      vertex -7.477470e+000 -1.637338e+001 -1.500000e+002
      vertex -1.178749e+001 -1.360349e+001 -1.500000e+002
    endloop
  endfacet
  facet normal -7.557495e-001 -6.548608e-001  -0.000000e+000
    outer loop
      vertex -1.178749e+001 -1.360349e+001 -1.980000e+002
      vertex -1.178749e+001 -1.360349e+001 -1.500000e+002
      vertex -1.514256e+001 -9.731535e+000 -1.980000e+002
    endloop
  endfacet
  facet normal -7.557495e-001 -6.548608e-001  0.000000e+000
    outer loop
      vertex -1.514256e+001 -9.731535e+000 -1.980000e+002
      vertex -1.178749e+001 -1.360349e+001 -1.500000e+002
      vertex -1.514256e+001 -9.731535e+000 -1.500000e+002
    endloop
  endfacet
  facet normal -9.096320e-001 -4.154150e-001  -0.000000e+000
    outer loop
      vertex -1.514256e+001 -9.731535e+000 -1.980000e+002
      vertex -1.514256e+001 -9.731535e+000 -1.500000e+002
      vertex -1.727087e+001 -5.071186e+000 -1.980000e+002
    endloop
  endfacet
  facet normal -9.096320e-001 -4.154150e-001  0.000000e+000
    outer loop
      vertex -1.727087e+001 -5.071186e+000 -1.980000e+002
      vertex -1.514256e+001 -9.731535e+000 -1.500000e+002
      vertex -1.727087e+001 -5.071186e+000 -1.500000e+002
    endloop
  endfacet
  facet normal -9.898215e-001 -1.423147e-001  -0.000000e+000
    outer loop
      vertex -1.727087e+001 -5.071186e+000 -1.980000e+002
      vertex -1.727087e+001 -5.071186e+000 -1.500000e+002
      vertex -1.800000e+001  2.204364e-015 -1.980000e+002
    endloop
  endfacet
  facet normal -9.898215e-001 -1.423147e-001  0.000000e+000
    outer loop
      vertex -1.800000e+001  2.204364e-015 -1.980000e+002
      vertex -1.727087e+001 -5.071186e+000 -1.500000e+002
      vertex -1.800000e+001  2.204364e-015 -1.500000e+002
    endloop
  endfacet
  facet normal  0.000000e+000  0.000000e+000 -1.000000e+000
    outer loop
      vertex  1.800000e+001  0.000000e+000 -1.980000e+002
      vertex -1.727087e+001  5.071186e+000 -1.980000e+002
      vertex  1.727087e+001  5.071186e+000 -1.980000e+002
    endloop
  endfacet
  facet normal  0.000000e+000  0.000000e+000 -1.000000e+000
    outer loop
      vertex  1.727087e+001  5.071186e+000 -1.980000e+002
      vertex -1.727087e+001  5.071186e+000 -1.980000e+002
      vertex -1.514256e+001  9.731535e+000 -1.980000e+002
    endloop
  endfacet
  facet normal  0.000000e+000  0.000000e+000 -1.000000e+000
    outer loop
      vertex  1.727087e+001  5.071186e+000 -1.980000e+002
      vertex -1.514256e+001  9.731535e+000 -1.980000e+002
      vertex  1.514256e+001  9.731535e+000 -1.980000e+002
    endloop
  endfacet
  facet normal  0.000000e+000  0.000000e+000 -9.999999e-001
    outer loop
      vertex  1.514256e+001  9.731535e+000 -1.980000e+002
      vertex -1.514256e+001  9.731535e+000 -1.980000e+002
      vertex -1.178749e+001  1.360349e+001 -1.980000e+002
    endloop
  endfacet
  facet normal  0.000000e+000  0.000000e+000 -9.999999e-001
    outer loop
      vertex  1.514256e+001  9.731535e+000 -1.980000e+002
      vertex -1.178749e+001  1.360349e+001 -1.980000e+002
      vertex  1.178749e+001  1.360349e+001 -1.980000e+002
    endloop
  endfacet
  facet normal  0.000000e+000  0.000000e+000 -1.000000e+000
    outer loop
      vertex  1.178749e+001  1.360349e+001 -1.980000e+002
      vertex -1.178749e+001  1.360349e+001 -1.980000e+002
      vertex -7.477470e+000  1.637338e+001 -1.980000e+002
    endloop
  endfacet
  facet normal  0.000000e+000  0.000000e+000 -1.000000e+000
    outer loop
      vertex  1.178749e+001  1.360349e+001 -1.980000e+002
      vertex -7.477470e+000  1.637338e+001 -1.980000e+002
      vertex  7.477470e+000  1.637338e+001 -1.980000e+002
    endloop
  endfacet
  facet normal  0.000000e+000  0.000000e+000 -1.000000e+000
    outer loop
      vertex  7.477470e+000  1.637338e+001 -1.980000e+002
      vertex -7.477470e+000  1.637338e+001 -1.980000e+002
      vertex -2.561667e+000  1.781679e+001 -1.980000e+002
    endloop
  endfacet
  facet normal  0.000000e+000  0.000000e+000 -1.000000e+000
    outer loop
      vertex  7.477470e+000  1.637338e+001 -1.980000e+002
      vertex -2.561667e+000  1.781679e+001 -1.980000e+002
      vertex  2.561667e+000  1.781679e+001 -1.980000e+002
    endloop
  endfacet
  facet normal  0.000000e+000  0.000000e+000 -9.999999e-001
    outer loop
      vertex -1.727087e+001  5.071186e+000 -1.980000e+002
      vertex  1.800000e+001  0.000000e+000 -1.980000e+002
      vertex -1.800000e+001  2.204364e-015 -1.980000e+002
    endloop
  endfacet
  facet normal  0.000000e+000  0.000000e+000 -9.999999e-001
    outer loop
      vertex -1.800000e+001  2.204364e-015 -1.980000e+002
      vertex  1.800000e+001  0.000000e+000 -1.980000e+002
      vertex  1.727087e+001 -5.071186e+000 -1.980000e+002
    endloop
  endfacet
  facet normal  0.000000e+000  0.000000e+000 -1.000000e+000
    outer loop
      vertex -1.800000e+001  2.204364e-015 -1.980000e+002
      vertex  1.727087e+001 -5.071186e+000 -1.980000e+002
      vertex -1.727087e+001 -5.071186e+000 -1.980000e+002
    endloop
  endfacet
  facet normal  0.000000e+000  0.000000e+000 -1.000000e+000
    outer loop
      vertex -1.727087e+001 -5.071186e+000 -1.980000e+002
      vertex  1.727087e+001 -5.071186e+000 -1.980000e+002
      vertex  1.514256e+001 -9.731535e+000 -1.980000e+002
    endloop
  endfacet
  facet normal  0.000000e+000  0.000000e+000 -1.000000e+000
    outer loop
      vertex -1.727087e+001 -5.071186e+000 -1.980000e+002
      vertex  1.514256e+001 -9.731535e+000 -1.980000e+002
      vertex -1.514256e+001 -9.731535e+000 -1.980000e+002
    endloop
  endfacet
  facet normal  0.000000e+000  0.000000e+000 -9.999999e-001
    outer loop
      vertex -1.514256e+001 -9.731535e+000 -1.980000e+002
      vertex  1.514256e+001 -9.731535e+000 -1.980000e+002
      vertex  1.178749e+001 -1.360349e+001 -1.980000e+002
    endloop
  endfacet
  facet normal  0.000000e+000  0.000000e+000 -9.999999e-001
    outer loop
      vertex -1.514256e+001 -9.731535e+000 -1.980000e+002
      vertex  1.178749e+001 -1.360349e+001 -1.980000e+002
      vertex -1.178749e+001 -1.360349e+001 -1.980000e+002
    endloop
  endfacet
  facet normal  0.000000e+000  0.000000e+000 -1.000000e+000
    outer loop
      vertex -1.178749e+001 -1.360349e+001 -1.980000e+002
      vertex  1.178749e+001 -1.360349e+001 -1.980000e+002
      vertex  7.477470e+000 -1.637338e+001 -1.980000e+002
    endloop
  endfacet
  facet normal  0.000000e+000  0.000000e+000 -1.000000e+000
    outer loop
      vertex -1.178749e+001 -1.360349e+001 -1.980000e+002
      vertex  7.477470e+000 -1.637338e+001 -1.980000e+002
      vertex -7.477470e+000 -1.637338e+001 -1.980000e+002
    endloop
  endfacet
  facet normal  0.000000e+000  0.000000e+000 -1.000000e+000
    outer loop
      vertex -7.477470e+000 -1.637338e+001 -1.980000e+002
      vertex  7.477470e+000 -1.637338e+001 -1.980000e+002
      vertex  2.561667e+000 -1.781679e+001 -1.980000e+002
    endloop
  endfacet
  facet normal  0.000000e+000  0.000000e+000 -1.000000e+000
    outer loop
      vertex -7.477470e+000 -1.637338e+001 -1.980000e+002
      vertex  2.561667e+000 -1.781679e+001 -1.980000e+002
      vertex -2.561667e+000 -1.781679e+001 -1.980000e+002
    endloop
  endfacet
  facet normal  -0.000000e+000  0.000000e+000  1.000000e+000
    outer loop
      vertex -7.608522e+000  3.825063e+001  1.240000e+002
      vertex -3.085381e+001  3.677013e+001  1.240000e+002
      vertex -1.492465e+001  3.603130e+001  1.240000e+002
    endloop
  endfacet
  facet normal  0.000000e+000  0.000000e+000  1.000000e+000
    outer loop
      vertex -8.817457e-015 -4.800000e+001  1.240000e+002
      vertex -2.400000e+001 -4.156922e+001  1.240000e+002
      vertex -1.641697e+001 -4.510525e+001  1.240000e+002
    endloop
  endfacet
  facet normal  0.000000e+000  0.000000e+000  1.000000e+000
    outer loop
      vertex -8.817457e-015 -4.800000e+001  1.240000e+002
      vertex -1.641697e+001 -4.510525e+001  1.240000e+002
      vertex -8.335113e+000 -4.727077e+001  1.240000e+002
    endloop
  endfacet
  facet normal  0.000000e+000  -0.000000e+000  1.000000e+000
    outer loop
      vertex  7.608522e+000  3.825063e+001  1.240000e+002
      vertex  1.492465e+001  3.603130e+001  1.240000e+002
      vertex  3.085381e+001  3.677013e+001  1.240000e+002
    endloop
  endfacet
  facet normal  0.000000e+000  -0.000000e+000  1.000000e+000
    outer loop
      vertex -8.817457e-015 -4.800000e+001  1.240000e+002
      vertex  1.641697e+001 -4.510525e+001  1.240000e+002
      vertex  2.400000e+001 -4.156922e+001  1.240000e+002
    endloop
  endfacet
  facet normal  0.000000e+000  -0.000000e+000  1.000000e+000
    outer loop
      vertex -8.817457e-015 -4.800000e+001  1.240000e+002
      vertex  8.335113e+000 -4.727077e+001  1.240000e+002
      vertex  1.641697e+001 -4.510525e+001  1.240000e+002
    endloop
  endfacet
  facet normal  -0.000000e+000  -0.000000e+000  1.000000e+000
    outer loop
      vertex  2.388061e-015  3.900000e+001  1.240000e+002
      vertex  7.608522e+000  3.825063e+001  1.240000e+002
      vertex  3.085381e+001  3.677013e+001  1.240000e+002
    endloop
  endfacet
  facet normal  0.000000e+000  0.000000e+000  1.000000e+000
    outer loop
      vertex  2.388061e-015  3.900000e+001  1.240000e+002
      vertex  3.085381e+001  3.677013e+001  1.240000e+002
      vertex  2.400000e+001  4.156922e+001  1.240000e+002
    endloop
  endfacet
  facet normal  0.000000e+000  0.000000e+000  1.000000e+000
    outer loop
      vertex  2.388061e-015  3.900000e+001  1.240000e+002
      vertex  2.400000e+001  4.156922e+001  1.240000e+002
      vertex  1.641697e+001  4.510525e+001  1.240000e+002
    endloop
  endfacet
  facet normal  0.000000e+000  0.000000e+000  1.000000e+000
    outer loop
      vertex  2.388061e-015  3.900000e+001  1.240000e+002
      vertex  1.641697e+001  4.510525e+001  1.240000e+002
      vertex  8.335113e+000  4.727077e+001  1.240000e+002
    endloop
  endfacet
  facet normal  0.000000e+000  0.000000e+000  1.000000e+000
    outer loop
      vertex  2.388061e-015  3.900000e+001  1.240000e+002
      vertex  8.335113e+000  4.727077e+001  1.240000e+002
      vertex  2.939152e-015  4.800000e+001  1.240000e+002
    endloop
  endfacet
  facet normal  0.000000e+000  0.000000e+000  1.000000e+000
    outer loop
      vertex  2.388061e-015  3.900000e+001  1.240000e+002
      vertex  2.939152e-015  4.800000e+001  1.240000e+002
      vertex -8.335113e+000  4.727077e+001  1.240000e+002
    endloop
  endfacet
  facet normal  0.000000e+000  0.000000e+000  1.000000e+000
    outer loop
      vertex  2.388061e-015  3.900000e+001  1.240000e+002
      vertex -8.335113e+000  4.727077e+001  1.240000e+002
      vertex -1.641697e+001  4.510525e+001  1.240000e+002
    endloop
  endfacet
  facet normal  0.000000e+000  0.000000e+000  1.000000e+000
    outer loop
      vertex  2.388061e-015  3.900000e+001  1.240000e+002
      vertex -1.641697e+001  4.510525e+001  1.240000e+002
      vertex -2.400000e+001  4.156922e+001  1.240000e+002
    endloop
  endfacet
  facet normal  0.000000e+000  0.000000e+000  1.000000e+000
    outer loop
      vertex  2.388061e-015  3.900000e+001  1.240000e+002
      vertex -2.400000e+001  4.156922e+001  1.240000e+002
      vertex -3.085381e+001  3.677013e+001  1.240000e+002
    endloop
  endfacet
  facet normal  0.000000e+000  0.000000e+000  9.999999e-001
    outer loop
      vertex  2.388061e-015  3.900000e+001  1.240000e+002
      vertex -3.085381e+001  3.677013e+001  1.240000e+002
      vertex -7.608522e+000  3.825063e+001  1.240000e+002
    endloop
  endfacet
  facet normal  0.000000e+000  0.000000e+000  1.000000e+000
    outer loop
      vertex -1.492465e+001  3.603130e+001  1.240000e+002
      vertex -3.085381e+001  3.677013e+001  1.240000e+002
      vertex -2.166724e+001  3.242731e+001  1.240000e+002
    endloop
  endfacet
  facet normal  0.000000e+000  0.000000e+000  1.000000e+000
    outer loop
      vertex -2.166724e+001  3.242731e+001  1.240000e+002
      vertex -3.085381e+001  3.677013e+001  1.240000e+002
      vertex -3.677013e+001  3.085381e+001  1.240000e+002
    endloop
  endfacet
  facet normal  -0.000000e+000  0.000000e+000  1.000000e+000
    outer loop
      vertex -2.166724e+001  3.242731e+001  1.240000e+002
      vertex -3.677013e+001  3.085381e+001  1.240000e+002
      vertex -2.757716e+001  2.757716e+001  1.240000e+002
    endloop
  endfacet
  facet normal  0.000000e+000  0.000000e+000  1.000000e+000
    outer loop
      vertex -2.757716e+001  2.757716e+001  1.240000e+002
      vertex -3.677013e+001  3.085381e+001  1.240000e+002
      vertex -4.156922e+001  2.400000e+001  1.240000e+002
    endloop
  endfacet
  facet normal  -0.000000e+000  0.000000e+000  1.000000e+000
    outer loop
      vertex -2.757716e+001  2.757716e+001  1.240000e+002
      vertex -4.156922e+001  2.400000e+001  1.240000e+002
      vertex -3.242731e+001  2.166724e+001  1.240000e+002
    endloop
  endfacet
  facet normal  0.000000e+000  0.000000e+000  1.000000e+000
    outer loop
      vertex -3.242731e+001  2.166724e+001  1.240000e+002
      vertex -4.156922e+001  2.400000e+001  1.240000e+002
      vertex -3.603130e+001  1.492465e+001  1.240000e+002
    endloop
  endfacet
  facet normal  0.000000e+000  0.000000e+000  1.000000e+000
    outer loop
      vertex -3.603130e+001  1.492465e+001  1.240000e+002
      vertex -4.156922e+001  2.400000e+001  1.240000e+002
      vertex -4.510525e+001  1.641697e+001  1.240000e+002
    endloop
  endfacet
  facet normal  0.000000e+000  0.000000e+000  1.000000e+000
    outer loop
      vertex -3.603130e+001  1.492465e+001  1.240000e+002
      vertex -4.510525e+001  1.641697e+001  1.240000e+002
      vertex -3.825063e+001  7.608522e+000  1.240000e+002
    endloop
  endfacet
  facet normal  0.000000e+000  0.000000e+000  1.000000e+000
    outer loop
      vertex -3.825063e+001  7.608522e+000  1.240000e+002
      vertex -4.510525e+001  1.641697e+001  1.240000e+002
      vertex -4.727077e+001  8.335113e+000  1.240000e+002
    endloop
  endfacet
  facet normal  0.000000e+000  0.000000e+000  1.000000e+000
    outer loop
      vertex -3.825063e+001  7.608522e+000  1.240000e+002
      vertex -4.727077e+001  8.335113e+000  1.240000e+002
      vertex -3.900000e+001  4.776122e-015  1.240000e+002
    endloop
  endfacet
  facet normal  0.000000e+000  0.000000e+000  1.000000e+000
    outer loop
      vertex -3.900000e+001  4.776122e-015  1.240000e+002
      vertex -4.727077e+001  8.335113e+000  1.240000e+002
      vertex -4.800000e+001  5.878304e-015  1.240000e+002
    endloop
  endfacet
  facet normal  0.000000e+000  0.000000e+000  1.000000e+000
    outer loop
      vertex -3.900000e+001  4.776122e-015  1.240000e+002
      vertex -4.800000e+001  5.878304e-015  1.240000e+002
      vertex -3.825063e+001 -7.608522e+000  1.240000e+002
    endloop
  endfacet
  facet normal  0.000000e+000  0.000000e+000  1.000000e+000
    outer loop
      vertex -3.825063e+001 -7.608522e+000  1.240000e+002
      vertex -4.800000e+001  5.878304e-015  1.240000e+002
      vertex -4.727077e+001 -8.335113e+000  1.240000e+002
    endloop
  endfacet
  facet normal  -0.000000e+000  0.000000e+000  1.000000e+000
    outer loop
      vertex -3.825063e+001 -7.608522e+000  1.240000e+002
      vertex -4.727077e+001 -8.335113e+000  1.240000e+002
      vertex -3.603130e+001 -1.492465e+001  1.240000e+002
    endloop
  endfacet
  facet normal  0.000000e+000  0.000000e+000  1.000000e+000
    outer loop
      vertex -3.603130e+001 -1.492465e+001  1.240000e+002
      vertex -4.727077e+001 -8.335113e+000  1.240000e+002
      vertex -4.510525e+001 -1.641697e+001  1.240000e+002
    endloop
  endfacet
  facet normal  -0.000000e+000  0.000000e+000  1.000000e+000
    outer loop
      vertex -3.603130e+001 -1.492465e+001  1.240000e+002
      vertex -4.510525e+001 -1.641697e+001  1.240000e+002
      vertex -3.242731e+001 -2.166724e+001  1.240000e+002
    endloop
  endfacet
  facet normal  0.000000e+000  0.000000e+000  1.000000e+000
    outer loop
      vertex -3.242731e+001 -2.166724e+001  1.240000e+002
      vertex -4.510525e+001 -1.641697e+001  1.240000e+002
      vertex -4.156922e+001 -2.400000e+001  1.240000e+002
    endloop
  endfacet
  facet normal  -0.000000e+000  0.000000e+000  1.000000e+000
    outer loop
      vertex -3.242731e+001 -2.166724e+001  1.240000e+002
      vertex -4.156922e+001 -2.400000e+001  1.240000e+002
      vertex -2.757716e+001 -2.757716e+001  1.240000e+002
    endloop
  endfacet
  facet normal  0.000000e+000  0.000000e+000  1.000000e+000
    outer loop
      vertex -2.757716e+001 -2.757716e+001  1.240000e+002
      vertex -4.156922e+001 -2.400000e+001  1.240000e+002
      vertex -3.677013e+001 -3.085381e+001  1.240000e+002
    endloop
  endfacet
  facet normal  -0.000000e+000  0.000000e+000  1.000000e+000
    outer loop
      vertex -2.757716e+001 -2.757716e+001  1.240000e+002
      vertex -3.677013e+001 -3.085381e+001  1.240000e+002
      vertex -2.166724e+001 -3.242731e+001  1.240000e+002
    endloop
  endfacet
  facet normal  0.000000e+000  0.000000e+000  9.999999e-001
    outer loop
      vertex -2.166724e+001 -3.242731e+001  1.240000e+002
      vertex -3.677013e+001 -3.085381e+001  1.240000e+002
      vertex -1.492465e+001 -3.603130e+001  1.240000e+002
    endloop
  endfacet
  facet normal  0.000000e+000  0.000000e+000  1.000000e+000
    outer loop
      vertex -1.492465e+001 -3.603130e+001  1.240000e+002
      vertex -3.677013e+001 -3.085381e+001  1.240000e+002
      vertex -3.085381e+001 -3.677013e+001  1.240000e+002
    endloop
  endfacet
  facet normal  -0.000000e+000  0.000000e+000  1.000000e+000
    outer loop
      vertex -1.492465e+001 -3.603130e+001  1.240000e+002
      vertex -3.085381e+001 -3.677013e+001  1.240000e+002
      vertex -7.608522e+000 -3.825063e+001  1.240000e+002
    endloop
  endfacet
  facet normal  0.000000e+000  0.000000e+000  1.000000e+000
    outer loop
      vertex -7.608522e+000 -3.825063e+001  1.240000e+002
      vertex -3.085381e+001 -3.677013e+001  1.240000e+002
      vertex -2.400000e+001 -4.156922e+001  1.240000e+002
    endloop
  endfacet
  facet normal  0.000000e+000  0.000000e+000  1.000000e+000
    outer loop
      vertex -7.608522e+000 -3.825063e+001  1.240000e+002
      vertex -2.400000e+001 -4.156922e+001  1.240000e+002
      vertex -7.164183e-015 -3.900000e+001  1.240000e+002
    endloop
  endfacet
  facet normal  0.000000e+000  0.000000e+000  1.000000e+000
    outer loop
      vertex -7.164183e-015 -3.900000e+001  1.240000e+002
      vertex -2.400000e+001 -4.156922e+001  1.240000e+002
      vertex -8.817457e-015 -4.800000e+001  1.240000e+002
    endloop
  endfacet
  facet normal  0.000000e+000  0.000000e+000  1.000000e+000
    outer loop
      vertex -7.164183e-015 -3.900000e+001  1.240000e+002
      vertex -8.817457e-015 -4.800000e+001  1.240000e+002
      vertex  7.608522e+000 -3.825063e+001  1.240000e+002
    endloop
  endfacet
  facet normal  0.000000e+000  0.000000e+000  1.000000e+000
    outer loop
      vertex  7.608522e+000 -3.825063e+001  1.240000e+002
      vertex -8.817457e-015 -4.800000e+001  1.240000e+002
      vertex  2.400000e+001 -4.156922e+001  1.240000e+002
    endloop
  endfacet
  facet normal  0.000000e+000  0.000000e+000  1.000000e+000
    outer loop
      vertex  7.608522e+000 -3.825063e+001  1.240000e+002
      vertex  2.400000e+001 -4.156922e+001  1.240000e+002
      vertex  1.492465e+001 -3.603130e+001  1.240000e+002
    endloop
  endfacet
  facet normal  0.000000e+000  0.000000e+000  1.000000e+000
    outer loop
      vertex  1.492465e+001 -3.603130e+001  1.240000e+002
      vertex  2.400000e+001 -4.156922e+001  1.240000e+002
      vertex  3.085381e+001 -3.677013e+001  1.240000e+002
    endloop
  endfacet
  facet normal  0.000000e+000  0.000000e+000  1.000000e+000
    outer loop
      vertex  1.492465e+001 -3.603130e+001  1.240000e+002
      vertex  3.085381e+001 -3.677013e+001  1.240000e+002
      vertex  2.166724e+001 -3.242731e+001  1.240000e+002
    endloop
  endfacet
  facet normal  -0.000000e+000  0.000000e+000  1.000000e+000
    outer loop
      vertex  2.166724e+001 -3.242731e+001  1.240000e+002
      vertex  3.085381e+001 -3.677013e+001  1.240000e+002
      vertex  3.677013e+001 -3.085381e+001  1.240000e+002
    endloop
  endfacet
  facet normal  0.000000e+000  0.000000e+000  1.000000e+000
    outer loop
      vertex  2.166724e+001 -3.242731e+001  1.240000e+002
      vertex  3.677013e+001 -3.085381e+001  1.240000e+002
      vertex  2.757716e+001 -2.757716e+001  1.240000e+002
    endloop
  endfacet
  facet normal  -0.000000e+000  0.000000e+000  1.000000e+000
    outer loop
      vertex  3.085381e+001  3.677013e+001  1.240000e+002
      vertex  1.492465e+001  3.603130e+001  1.240000e+002
      vertex  3.677013e+001  3.085381e+001  1.240000e+002
    endloop
  endfacet
  facet normal  0.000000e+000  0.000000e+000  9.999999e-001
    outer loop
      vertex  3.677013e+001  3.085381e+001  1.240000e+002
      vertex  1.492465e+001  3.603130e+001  1.240000e+002
      vertex  2.166724e+001  3.242731e+001  1.240000e+002
    endloop
  endfacet
  facet normal  0.000000e+000  0.000000e+000  1.000000e+000
    outer loop
      vertex  3.677013e+001  3.085381e+001  1.240000e+002
      vertex  2.166724e+001  3.242731e+001  1.240000e+002
      vertex  4.156922e+001  2.400000e+001  1.240000e+002
    endloop
  endfacet
  facet normal  0.000000e+000  0.000000e+000  1.000000e+000
    outer loop
      vertex  4.156922e+001  2.400000e+001  1.240000e+002
      vertex  2.166724e+001  3.242731e+001  1.240000e+002
      vertex  2.757716e+001  2.757716e+001  1.240000e+002
    endloop
  endfacet
  facet normal  0.000000e+000  0.000000e+000  1.000000e+000
    outer loop
      vertex  4.156922e+001  2.400000e+001  1.240000e+002
      vertex  2.757716e+001  2.757716e+001  1.240000e+002
      vertex  3.242731e+001  2.166724e+001  1.240000e+002
    endloop
  endfacet
  facet normal  -0.000000e+000  0.000000e+000  1.000000e+000
    outer loop
      vertex  4.156922e+001  2.400000e+001  1.240000e+002
      vertex  3.242731e+001  2.166724e+001  1.240000e+002
      vertex  4.510525e+001  1.641697e+001  1.240000e+002
    endloop
  endfacet
  facet normal  0.000000e+000  0.000000e+000  1.000000e+000
    outer loop
      vertex  4.510525e+001  1.641697e+001  1.240000e+002
      vertex  3.242731e+001  2.166724e+001  1.240000e+002
      vertex  3.603130e+001  1.492465e+001  1.240000e+002
    endloop
  endfacet
  facet normal  -0.000000e+000  0.000000e+000  1.000000e+000
    outer loop
      vertex  4.510525e+001  1.641697e+001  1.240000e+002
      vertex  3.603130e+001  1.492465e+001  1.240000e+002
      vertex  4.727077e+001  8.335113e+000  1.240000e+002
    endloop
  endfacet
  facet normal  0.000000e+000  0.000000e+000  1.000000e+000
    outer loop
      vertex  4.727077e+001  8.335113e+000  1.240000e+002
      vertex  3.603130e+001  1.492465e+001  1.240000e+002
      vertex  3.825063e+001  7.608522e+000  1.240000e+002
    endloop
  endfacet
  facet normal  -0.000000e+000  0.000000e+000  1.000000e+000
    outer loop
      vertex  4.727077e+001  8.335113e+000  1.240000e+002
      vertex  3.825063e+001  7.608522e+000  1.240000e+002
      vertex  4.800000e+001  0.000000e+000  1.240000e+002
    endloop
  endfacet
  facet normal  0.000000e+000  0.000000e+000  1.000000e+000
    outer loop
      vertex  4.800000e+001  0.000000e+000  1.240000e+002
      vertex  3.825063e+001  7.608522e+000  1.240000e+002
      vertex  3.900000e+001  0.000000e+000  1.240000e+002
    endloop
  endfacet
  facet normal  -0.000000e+000  0.000000e+000  1.000000e+000
    outer loop
      vertex  4.800000e+001  0.000000e+000  1.240000e+002
      vertex  3.900000e+001  0.000000e+000  1.240000e+002
      vertex  4.727077e+001 -8.335113e+000  1.240000e+002
    endloop
  endfacet
  facet normal  0.000000e+000  0.000000e+000  1.000000e+000
    outer loop
      vertex  4.727077e+001 -8.335113e+000  1.240000e+002
      vertex  3.900000e+001  0.000000e+000  1.240000e+002
      vertex  3.825063e+001 -7.608522e+000  1.240000e+002
    endloop
  endfacet
  facet normal  0.000000e+000  0.000000e+000  1.000000e+000
    outer loop
      vertex  4.727077e+001 -8.335113e+000  1.240000e+002
      vertex  3.825063e+001 -7.608522e+000  1.240000e+002
      vertex  4.510525e+001 -1.641697e+001  1.240000e+002
    endloop
  endfacet
  facet normal  0.000000e+000  0.000000e+000  1.000000e+000
    outer loop
      vertex  4.510525e+001 -1.641697e+001  1.240000e+002
      vertex  3.825063e+001 -7.608522e+000  1.240000e+002
      vertex  3.603130e+001 -1.492465e+001  1.240000e+002
    endloop
  endfacet
  facet normal  0.000000e+000  0.000000e+000  1.000000e+000
    outer loop
      vertex  4.510525e+001 -1.641697e+001  1.240000e+002
      vertex  3.603130e+001 -1.492465e+001  1.240000e+002
      vertex  4.156922e+001 -2.400000e+001  1.240000e+002
    endloop
  endfacet
  facet normal  0.000000e+000  0.000000e+000  1.000000e+000
    outer loop
      vertex  4.156922e+001 -2.400000e+001  1.240000e+002
      vertex  3.603130e+001 -1.492465e+001  1.240000e+002
      vertex  3.242731e+001 -2.166724e+001  1.240000e+002
    endloop
  endfacet
  facet normal  0.000000e+000  0.000000e+000  1.000000e+000
    outer loop
      vertex  4.156922e+001 -2.400000e+001  1.240000e+002
      vertex  3.242731e+001 -2.166724e+001  1.240000e+002
      vertex  3.677013e+001 -3.085381e+001  1.240000e+002
    endloop
  endfacet
  facet normal  0.000000e+000  0.000000e+000  1.000000e+000
    outer loop
      vertex  3.677013e+001 -3.085381e+001  1.240000e+002
      vertex  3.242731e+001 -2.166724e+001  1.240000e+002
      vertex  2.757716e+001 -2.757716e+001  1.240000e+002
    endloop
  endfacet
  facet normal  0.000000e+000  0.000000e+000 -1.000000e+000
    outer loop
      vertex -1.492465e+001  3.603130e+001 -1.240000e+002
      vertex -3.085381e+001  3.677013e+001 -1.240000e+002
      vertex -7.608522e+000  3.825063e+001 -1.240000e+002
    endloop
  endfacet
  facet normal  0.000000e+000  0.000000e+000 -1.000000e+000
    outer loop
      vertex -1.641697e+001 -4.510525e+001 -1.240000e+002
      vertex -2.400000e+001 -4.156922e+001 -1.240000e+002
      vertex -8.817457e-015 -4.800000e+001 -1.240000e+002
    endloop
  endfacet
  facet normal  0.000000e+000  0.000000e+000 -1.000000e+000
    outer loop
      vertex -8.335113e+000 -4.727077e+001 -1.240000e+002
      vertex -1.641697e+001 -4.510525e+001 -1.240000e+002
      vertex -8.817457e-015 -4.800000e+001 -1.240000e+002
    endloop
  endfacet
  facet normal  0.000000e+000  0.000000e+000 -1.000000e+000
    outer loop
      vertex  3.085381e+001  3.677013e+001 -1.240000e+002
      vertex  1.492465e+001  3.603130e+001 -1.240000e+002
      vertex  7.608522e+000  3.825063e+001 -1.240000e+002
    endloop
  endfacet
  facet normal  -0.000000e+000  0.000000e+000 -1.000000e+000
    outer loop
      vertex  2.400000e+001 -4.156922e+001 -1.240000e+002
      vertex  1.641697e+001 -4.510525e+001 -1.240000e+002
      vertex -8.817457e-015 -4.800000e+001 -1.240000e+002
    endloop
  endfacet
  facet normal  -0.000000e+000  0.000000e+000 -1.000000e+000
    outer loop
      vertex  1.641697e+001 -4.510525e+001 -1.240000e+002
      vertex  8.335113e+000 -4.727077e+001 -1.240000e+002
      vertex -8.817457e-015 -4.800000e+001 -1.240000e+002
    endloop
  endfacet
  facet normal  -0.000000e+000  0.000000e+000 -1.000000e+000
    outer loop
      vertex  2.388061e-015  3.900000e+001 -1.240000e+002
      vertex -7.608522e+000  3.825063e+001 -1.240000e+002
      vertex -3.085381e+001  3.677013e+001 -1.240000e+002
    endloop
  endfacet
  facet normal  0.000000e+000  0.000000e+000 -1.000000e+000
    outer loop
      vertex  2.388061e-015  3.900000e+001 -1.240000e+002
      vertex -3.085381e+001  3.677013e+001 -1.240000e+002
      vertex -2.400000e+001  4.156922e+001 -1.240000e+002
    endloop
  endfacet
  facet normal  0.000000e+000  0.000000e+000 -1.000000e+000
    outer loop
      vertex  2.388061e-015  3.900000e+001 -1.240000e+002
      vertex -2.400000e+001  4.156922e+001 -1.240000e+002
      vertex -1.641697e+001  4.510525e+001 -1.240000e+002
    endloop
  endfacet
  facet normal  0.000000e+000  0.000000e+000 -1.000000e+000
    outer loop
      vertex  2.388061e-015  3.900000e+001 -1.240000e+002
      vertex -1.641697e+001  4.510525e+001 -1.240000e+002
      vertex -8.335113e+000  4.727077e+001 -1.240000e+002
    endloop
  endfacet
  facet normal  0.000000e+000  0.000000e+000 -1.000000e+000
    outer loop
      vertex  2.388061e-015  3.900000e+001 -1.240000e+002
      vertex -8.335113e+000  4.727077e+001 -1.240000e+002
      vertex  2.939152e-015  4.800000e+001 -1.240000e+002
    endloop
  endfacet
  facet normal  0.000000e+000  -0.000000e+000 -1.000000e+000
    outer loop
      vertex  2.388061e-015  3.900000e+001 -1.240000e+002
      vertex  2.939152e-015  4.800000e+001 -1.240000e+002
      vertex  8.335113e+000  4.727077e+001 -1.240000e+002
    endloop
  endfacet
  facet normal  0.000000e+000  -0.000000e+000 -1.000000e+000
    outer loop
      vertex  2.388061e-015  3.900000e+001 -1.240000e+002
      vertex  8.335113e+000  4.727077e+001 -1.240000e+002
      vertex  1.641697e+001  4.510525e+001 -1.240000e+002
    endloop
  endfacet
  facet normal  0.000000e+000  -0.000000e+000 -1.000000e+000
    outer loop
      vertex  2.388061e-015  3.900000e+001 -1.240000e+002
      vertex  1.641697e+001  4.510525e+001 -1.240000e+002
      vertex  2.400000e+001  4.156922e+001 -1.240000e+002
    endloop
  endfacet
  facet normal  0.000000e+000  -0.000000e+000 -1.000000e+000
    outer loop
      vertex  2.388061e-015  3.900000e+001 -1.240000e+002
      vertex  2.400000e+001  4.156922e+001 -1.240000e+002
      vertex  3.085381e+001  3.677013e+001 -1.240000e+002
    endloop
  endfacet
  facet normal  0.000000e+000  0.000000e+000 -9.999999e-001
    outer loop
      vertex  2.388061e-015  3.900000e+001 -1.240000e+002
      vertex  3.085381e+001  3.677013e+001 -1.240000e+002
      vertex  7.608522e+000  3.825063e+001 -1.240000e+002
    endloop
  endfacet
  facet normal  0.000000e+000  0.000000e+000 -1.000000e+000
    outer loop
      vertex -3.242731e+001  2.166724e+001 -1.240000e+002
      vertex -4.156922e+001  2.400000e+001 -1.240000e+002
      vertex -2.757716e+001  2.757716e+001 -1.240000e+002
    endloop
  endfacet
  facet normal  -0.000000e+000  0.000000e+000 -1.000000e+000
    outer loop
      vertex -2.757716e+001  2.757716e+001 -1.240000e+002
      vertex -4.156922e+001  2.400000e+001 -1.240000e+002
      vertex -3.677013e+001  3.085381e+001 -1.240000e+002
    endloop
  endfacet
  facet normal  0.000000e+000  0.000000e+000 -1.000000e+000
    outer loop
      vertex -2.757716e+001  2.757716e+001 -1.240000e+002
      vertex -3.677013e+001  3.085381e+001 -1.240000e+002
      vertex -2.166724e+001  3.242731e+001 -1.240000e+002
    endloop
  endfacet
  facet normal  -0.000000e+000  0.000000e+000 -1.000000e+000
    outer loop
      vertex -2.166724e+001  3.242731e+001 -1.240000e+002
      vertex -3.677013e+001  3.085381e+001 -1.240000e+002
      vertex -3.085381e+001  3.677013e+001 -1.240000e+002
    endloop
  endfacet
  facet normal  0.000000e+000  0.000000e+000 -1.000000e+000
    outer loop
      vertex -2.166724e+001  3.242731e+001 -1.240000e+002
      vertex -3.085381e+001  3.677013e+001 -1.240000e+002
      vertex -1.492465e+001  3.603130e+001 -1.240000e+002
    endloop
  endfacet
  facet normal  0.000000e+000  0.000000e+000 -1.000000e+000
    outer loop
      vertex -2.166724e+001 -3.242731e+001 -1.240000e+002
      vertex -3.677013e+001 -3.085381e+001 -1.240000e+002
      vertex -2.757716e+001 -2.757716e+001 -1.240000e+002
    endloop
  endfacet
  facet normal  -0.000000e+000  0.000000e+000 -1.000000e+000
    outer loop
      vertex -2.757716e+001 -2.757716e+001 -1.240000e+002
      vertex -3.677013e+001 -3.085381e+001 -1.240000e+002
      vertex -4.156922e+001 -2.400000e+001 -1.240000e+002
    endloop
  endfacet
  facet normal  0.000000e+000  0.000000e+000 -1.000000e+000
    outer loop
      vertex -2.757716e+001 -2.757716e+001 -1.240000e+002
      vertex -4.156922e+001 -2.400000e+001 -1.240000e+002
      vertex -3.242731e+001 -2.166724e+001 -1.240000e+002
    endloop
  endfacet
  facet normal  -0.000000e+000  0.000000e+000 -1.000000e+000
    outer loop
      vertex -3.242731e+001 -2.166724e+001 -1.240000e+002
      vertex -4.156922e+001 -2.400000e+001 -1.240000e+002
      vertex -4.510525e+001 -1.641697e+001 -1.240000e+002
    endloop
  endfacet
  facet normal  0.000000e+000  0.000000e+000 -1.000000e+000
    outer loop
      vertex -3.242731e+001 -2.166724e+001 -1.240000e+002
      vertex -4.510525e+001 -1.641697e+001 -1.240000e+002
      vertex -3.603130e+001 -1.492465e+001 -1.240000e+002
    endloop
  endfacet
  facet normal  -0.000000e+000  0.000000e+000 -1.000000e+000
    outer loop
      vertex -3.603130e+001 -1.492465e+001 -1.240000e+002
      vertex -4.510525e+001 -1.641697e+001 -1.240000e+002
      vertex -4.727077e+001 -8.335113e+000 -1.240000e+002
    endloop
  endfacet
  facet normal  0.000000e+000  0.000000e+000 -1.000000e+000
    outer loop
      vertex -3.603130e+001 -1.492465e+001 -1.240000e+002
      vertex -4.727077e+001 -8.335113e+000 -1.240000e+002
      vertex -3.825063e+001 -7.608522e+000 -1.240000e+002
    endloop
  endfacet
  facet normal  -0.000000e+000  0.000000e+000 -1.000000e+000
    outer loop
      vertex -3.825063e+001 -7.608522e+000 -1.240000e+002
      vertex -4.727077e+001 -8.335113e+000 -1.240000e+002
      vertex -4.800000e+001  5.878304e-015 -1.240000e+002
    endloop
  endfacet
  facet normal  0.000000e+000  0.000000e+000 -1.000000e+000
    outer loop
      vertex -3.825063e+001 -7.608522e+000 -1.240000e+002
      vertex -4.800000e+001  5.878304e-015 -1.240000e+002
      vertex -3.900000e+001  4.776122e-015 -1.240000e+002
    endloop
  endfacet
  facet normal  0.000000e+000  0.000000e+000 -1.000000e+000
    outer loop
      vertex -3.900000e+001  4.776122e-015 -1.240000e+002
      vertex -4.800000e+001  5.878304e-015 -1.240000e+002
      vertex -4.727077e+001  8.335113e+000 -1.240000e+002
    endloop
  endfacet
  facet normal  0.000000e+000  0.000000e+000 -1.000000e+000
    outer loop
      vertex -3.900000e+001  4.776122e-015 -1.240000e+002
      vertex -4.727077e+001  8.335113e+000 -1.240000e+002
      vertex -3.825063e+001  7.608522e+000 -1.240000e+002
    endloop
  endfacet
  facet normal  0.000000e+000  0.000000e+000 -1.000000e+000
    outer loop
      vertex -3.825063e+001  7.608522e+000 -1.240000e+002
      vertex -4.727077e+001  8.335113e+000 -1.240000e+002
      vertex -4.510525e+001  1.641697e+001 -1.240000e+002
    endloop
  endfacet
  facet normal  0.000000e+000  0.000000e+000 -1.000000e+000
    outer loop
      vertex -3.825063e+001  7.608522e+000 -1.240000e+002
      vertex -4.510525e+001  1.641697e+001 -1.240000e+002
      vertex -3.603130e+001  1.492465e+001 -1.240000e+002
    endloop
  endfacet
  facet normal  0.000000e+000  0.000000e+000 -1.000000e+000
    outer loop
      vertex -3.603130e+001  1.492465e+001 -1.240000e+002
      vertex -4.510525e+001  1.641697e+001 -1.240000e+002
      vertex -4.156922e+001  2.400000e+001 -1.240000e+002
    endloop
  endfacet
  facet normal  0.000000e+000  0.000000e+000 -1.000000e+000
    outer loop
      vertex -3.603130e+001  1.492465e+001 -1.240000e+002
      vertex -4.156922e+001  2.400000e+001 -1.240000e+002
      vertex -3.242731e+001  2.166724e+001 -1.240000e+002
    endloop
  endfacet
  facet normal  -0.000000e+000  0.000000e+000 -1.000000e+000
    outer loop
      vertex  2.757716e+001 -2.757716e+001 -1.240000e+002
      vertex  3.677013e+001 -3.085381e+001 -1.240000e+002
      vertex  2.166724e+001 -3.242731e+001 -1.240000e+002
    endloop
  endfacet
  facet normal  0.000000e+000  0.000000e+000 -1.000000e+000
    outer loop
      vertex  2.166724e+001 -3.242731e+001 -1.240000e+002
      vertex  3.677013e+001 -3.085381e+001 -1.240000e+002
      vertex  3.085381e+001 -3.677013e+001 -1.240000e+002
    endloop
  endfacet
  facet normal  0.000000e+000  0.000000e+000 -1.000000e+000
    outer loop
      vertex  2.166724e+001 -3.242731e+001 -1.240000e+002
      vertex  3.085381e+001 -3.677013e+001 -1.240000e+002
      vertex  1.492465e+001 -3.603130e+001 -1.240000e+002
    endloop
  endfacet
  facet normal  0.000000e+000  0.000000e+000 -1.000000e+000
    outer loop
      vertex  1.492465e+001 -3.603130e+001 -1.240000e+002
      vertex  3.085381e+001 -3.677013e+001 -1.240000e+002
      vertex  2.400000e+001 -4.156922e+001 -1.240000e+002
    endloop
  endfacet
  facet normal  0.000000e+000  0.000000e+000 -1.000000e+000
    outer loop
      vertex  1.492465e+001 -3.603130e+001 -1.240000e+002
      vertex  2.400000e+001 -4.156922e+001 -1.240000e+002
      vertex  7.608522e+000 -3.825063e+001 -1.240000e+002
    endloop
  endfacet
  facet normal  0.000000e+000  -0.000000e+000 -1.000000e+000
    outer loop
      vertex  7.608522e+000 -3.825063e+001 -1.240000e+002
      vertex  2.400000e+001 -4.156922e+001 -1.240000e+002
      vertex -8.817457e-015 -4.800000e+001 -1.240000e+002
    endloop
  endfacet
  facet normal  0.000000e+000  0.000000e+000 -1.000000e+000
    outer loop
      vertex  7.608522e+000 -3.825063e+001 -1.240000e+002
      vertex -8.817457e-015 -4.800000e+001 -1.240000e+002
      vertex -7.164183e-015 -3.900000e+001 -1.240000e+002
    endloop
  endfacet
  facet normal  0.000000e+000  0.000000e+000 -1.000000e+000
    outer loop
      vertex -7.164183e-015 -3.900000e+001 -1.240000e+002
      vertex -8.817457e-015 -4.800000e+001 -1.240000e+002
      vertex -2.400000e+001 -4.156922e+001 -1.240000e+002
    endloop
  endfacet
  facet normal  0.000000e+000  0.000000e+000 -1.000000e+000
    outer loop
      vertex -7.164183e-015 -3.900000e+001 -1.240000e+002
      vertex -2.400000e+001 -4.156922e+001 -1.240000e+002
      vertex -7.608522e+000 -3.825063e+001 -1.240000e+002
    endloop
  endfacet
  facet normal  -0.000000e+000  0.000000e+000 -1.000000e+000
    outer loop
      vertex -7.608522e+000 -3.825063e+001 -1.240000e+002
      vertex -2.400000e+001 -4.156922e+001 -1.240000e+002
      vertex -3.085381e+001 -3.677013e+001 -1.240000e+002
    endloop
  endfacet
  facet normal  0.000000e+000  0.000000e+000 -1.000000e+000
    outer loop
      vertex -7.608522e+000 -3.825063e+001 -1.240000e+002
      vertex -3.085381e+001 -3.677013e+001 -1.240000e+002
      vertex -1.492465e+001 -3.603130e+001 -1.240000e+002
    endloop
  endfacet
  facet normal  -0.000000e+000  0.000000e+000 -1.000000e+000
    outer loop
      vertex -1.492465e+001 -3.603130e+001 -1.240000e+002
      vertex -3.085381e+001 -3.677013e+001 -1.240000e+002
      vertex -3.677013e+001 -3.085381e+001 -1.240000e+002
    endloop
  endfacet
  facet normal  0.000000e+000  0.000000e+000 -9.999999e-001
    outer loop
      vertex -1.492465e+001 -3.603130e+001 -1.240000e+002
      vertex -3.677013e+001 -3.085381e+001 -1.240000e+002
      vertex -2.166724e+001 -3.242731e+001 -1.240000e+002
    endloop
  endfacet
  facet normal  0.000000e+000  0.000000e+000 -1.000000e+000
    outer loop
      vertex  3.242731e+001  2.166724e+001 -1.240000e+002
      vertex  2.757716e+001  2.757716e+001 -1.240000e+002
      vertex  4.156922e+001  2.400000e+001 -1.240000e+002
    endloop
  endfacet
  facet normal  0.000000e+000  0.000000e+000 -1.000000e+000
    outer loop
      vertex  4.156922e+001  2.400000e+001 -1.240000e+002
      vertex  2.757716e+001  2.757716e+001 -1.240000e+002
      vertex  2.166724e+001  3.242731e+001 -1.240000e+002
    endloop
  endfacet
  facet normal  0.000000e+000  0.000000e+000 -1.000000e+000
    outer loop
      vertex  4.156922e+001  2.400000e+001 -1.240000e+002
      vertex  2.166724e+001  3.242731e+001 -1.240000e+002
      vertex  3.677013e+001  3.085381e+001 -1.240000e+002
    endloop
  endfacet
  facet normal  0.000000e+000  0.000000e+000 -9.999999e-001
    outer loop
      vertex  3.677013e+001  3.085381e+001 -1.240000e+002
      vertex  2.166724e+001  3.242731e+001 -1.240000e+002
      vertex  1.492465e+001  3.603130e+001 -1.240000e+002
    endloop
  endfacet
  facet normal  0.000000e+000  0.000000e+000 -1.000000e+000
    outer loop
      vertex  3.677013e+001  3.085381e+001 -1.240000e+002
      vertex  1.492465e+001  3.603130e+001 -1.240000e+002
      vertex  3.085381e+001  3.677013e+001 -1.240000e+002
    endloop
  endfacet
  facet normal  0.000000e+000  0.000000e+000 -1.000000e+000
    outer loop
      vertex  4.800000e+001  0.000000e+000 -1.240000e+002
      vertex  3.825063e+001  7.608522e+000 -1.240000e+002
      vertex  4.727077e+001  8.335113e+000 -1.240000e+002
    endloop
  endfacet
  facet normal  -0.000000e+000  0.000000e+000 -1.000000e+000
    outer loop
      vertex  4.727077e+001  8.335113e+000 -1.240000e+002
      vertex  3.825063e+001  7.608522e+000 -1.240000e+002
      vertex  3.603130e+001  1.492465e+001 -1.240000e+002
    endloop
  endfacet
  facet normal  0.000000e+000  0.000000e+000 -1.000000e+000
    outer loop
      vertex  4.727077e+001  8.335113e+000 -1.240000e+002
      vertex  3.603130e+001  1.492465e+001 -1.240000e+002
      vertex  4.510525e+001  1.641697e+001 -1.240000e+002
    endloop
  endfacet
  facet normal  -0.000000e+000  0.000000e+000 -1.000000e+000
    outer loop
      vertex  4.510525e+001  1.641697e+001 -1.240000e+002
      vertex  3.603130e+001  1.492465e+001 -1.240000e+002
      vertex  3.242731e+001  2.166724e+001 -1.240000e+002
    endloop
  endfacet
  facet normal  0.000000e+000  0.000000e+000 -1.000000e+000
    outer loop
      vertex  4.510525e+001  1.641697e+001 -1.240000e+002
      vertex  3.242731e+001  2.166724e+001 -1.240000e+002
      vertex  4.156922e+001  2.400000e+001 -1.240000e+002
    endloop
  endfacet
  facet normal  0.000000e+000  0.000000e+000 -1.000000e+000
    outer loop
      vertex  3.825063e+001  7.608522e+000 -1.240000e+002
      vertex  4.800000e+001  0.000000e+000 -1.240000e+002
      vertex  3.900000e+001  0.000000e+000 -1.240000e+002
    endloop
  endfacet
  facet normal  0.000000e+000  0.000000e+000 -1.000000e+000
    outer loop
      vertex  3.900000e+001  0.000000e+000 -1.240000e+002
      vertex  4.800000e+001  0.000000e+000 -1.240000e+002
      vertex  4.727077e+001 -8.335113e+000 -1.240000e+002
    endloop
  endfacet
  facet normal  0.000000e+000  0.000000e+000 -1.000000e+000
    outer loop
      vertex  3.900000e+001  0.000000e+000 -1.240000e+002
      vertex  4.727077e+001 -8.335113e+000 -1.240000e+002
      vertex  3.825063e+001 -7.608522e+000 -1.240000e+002
    endloop
  endfacet
  facet normal  0.000000e+000  0.000000e+000 -1.000000e+000
    outer loop
      vertex  3.825063e+001 -7.608522e+000 -1.240000e+002
      vertex  4.727077e+001 -8.335113e+000 -1.240000e+002
      vertex  4.510525e+001 -1.641697e+001 -1.240000e+002
    endloop
  endfacet
  facet normal  0.000000e+000  0.000000e+000 -1.000000e+000
    outer loop
      vertex  3.825063e+001 -7.608522e+000 -1.240000e+002
      vertex  4.510525e+001 -1.641697e+001 -1.240000e+002
      vertex  3.603130e+001 -1.492465e+001 -1.240000e+002
    endloop
  endfacet
  facet normal  0.000000e+000  0.000000e+000 -1.000000e+000
    outer loop
      vertex  3.603130e+001 -1.492465e+001 -1.240000e+002
      vertex  4.510525e+001 -1.641697e+001 -1.240000e+002
      vertex  4.156922e+001 -2.400000e+001 -1.240000e+002
    endloop
  endfacet
  facet normal  0.000000e+000  0.000000e+000 -1.000000e+000
    outer loop
      vertex  3.603130e+001 -1.492465e+001 -1.240000e+002
      vertex  4.156922e+001 -2.400000e+001 -1.240000e+002
      vertex  3.242731e+001 -2.166724e+001 -1.240000e+002
    endloop
  endfacet
  facet normal  0.000000e+000  0.000000e+000 -1.000000e+000
    outer loop
      vertex  3.242731e+001 -2.166724e+001 -1.240000e+002
      vertex  4.156922e+001 -2.400000e+001 -1.240000e+002
      vertex  3.677013e+001 -3.085381e+001 -1.240000e+002
    endloop
  endfacet
  facet normal  0.000000e+000  0.000000e+000 -1.000000e+000
    outer loop
      vertex  3.242731e+001 -2.166724e+001 -1.240000e+002
      vertex  3.677013e+001 -3.085381e+001 -1.240000e+002
      vertex  2.757716e+001 -2.757716e+001 -1.240000e+002
    endloop
  endfacet
endsolid CATIA STL
