0.4075 0.0000 -0.6981 -0.0070 -0.6981
0.4075 0.0000 -0.6981 -0.0070 -0.6981
0.4075 0.0000 -0.6981 -0.0070 -0.6981
0.4075 0.0000 -0.6981 -0.0070 -0.6981
0.4075 0.0000 -0.6981 -0.0070 -0.6981
0.4075 0.0000 -0.6981 -0.0070 -0.6981
0.4075 0.0000 -0.6981 -0.0070 -0.6981
0.4075 0.0000 -0.6981 -0.0070 -0.6981
0.4075 0.0000 -0.6981 -0.0070 -0.6981
0.4075 0.0000 -0.6981 -0.0070 -0.6981
0.4075 0.0000 -0.6981 -0.0070 -0.6981
0.4075 0.0000 -0.6981 -0.0070 -0.6981
0.4075 0.0000 -0.6981 -0.0070 -0.6981
0.4075 0.0000 -0.6981 -0.0070 -0.6981
0.4075 0.0000 -0.6981 -0.0070 -0.6981
0.4075 0.0000 -0.6981 -0.0070 -0.6981
0.4075 0.0000 -0.6981 -0.0070 -0.6981
0.4075 0.0000 -0.6981 -0.0070 -0.6981
0.4075 0.0000 -0.6981 -0.0070 -0.6981
0.4075 0.0000 -0.6981 -0.0070 -0.6981
0.4075 0.0000 -0.6981 -0.0070 -0.6981
0.4075 0.0000 -0.6981 -0.0070 -0.6981
0.4075 0.0000 -0.6981 -0.0070 -0.6981
0.4075 0.0000 -0.6981 -0.0070 -0.6981
0.4075 0.0000 -0.6981 -0.0070 -0.6981
0.4075 0.0000 -0.6981 -0.0070 -0.6981
0.4075 0.0000 -0.6981 -0.0070 -0.6981
0.4075 0.0000 -0.6981 -0.0070 -0.6981
0.4075 0.0000 -0.6981 -0.0070 -0.6981
0.4075 0.0000 -0.6981 -0.0070 -0.6981
0.4075 0.0000 -0.6981 -0.0070 -0.6981
0.4075 0.0000 -0.6981 -0.0070 -0.6981
0.4075 0.0000 -0.6981 -0.0070 -0.6981
0.4075 0.0000 -0.6981 -0.0070 -0.6981
0.4075 0.0000 -0.6981 -0.0070 -0.6981
0.4075 0.0000 -0.6981 -0.0070 -0.6981
0.4075 0.0000 -0.6981 -0.0070 -0.6981
0.4075 0.0000 -0.6981 -0.0070 -0.6981
0.4075 0.0000 -0.6981 -0.0070 -0.6981
0.4075 0.0000 -0.6981 -0.0070 -0.6981
0.4075 0.0000 -0.6981 -0.0070 -0.6981
0.4075 0.0000 -0.6981 -0.0070 -0.6981
0.4075 0.0000 -0.6981 -0.0070 -0.6981
0.4075 0.0000 -0.6981 -0.0070 -0.6981
0.4075 0.0000 -0.6981 -0.0070 -0.6981
0.4075 0.0000 -0.6981 -0.0070 -0.6981
0.4075 0.0000 -0.6981 -0.0070 -0.6981
0.4075 0.0000 -0.6981 -0.0070 -0.6981
0.4075 0.0000 -0.6981 -0.0070 -0.6981
0.4075 0.0000 -0.6981 -0.0070 -0.6981
0.4075 0.0000 -0.6981 -0.0070 -0.6981
0.4075 0.0000 -0.6981 -0.0070 -0.6981
0.4075 0.0000 -0.6981 -0.0070 -0.6981
0.4075 0.0000 -0.6981 -0.0070 -0.6981
0.4075 0.0000 -0.6981 -0.0070 -0.6981
0.4075 0.0000 -0.6981 -0.0070 -0.6981
0.4075 0.0000 -0.6981 -0.0070 -0.6981
0.4075 0.0000 -0.6981 -0.0070 -0.6981
0.4075 0.0000 -0.6981 -0.0070 -0.6981
0.4075 0.0000 -0.6981 -0.0070 -0.6981
0.4075 0.0000 -0.6981 -0.0070 -0.6981
0.4075 0.0000 -0.6981 -0.0070 -0.6981
0.4075 0.0000 -0.6981 -0.0070 -0.6981
0.4075 0.0000 -0.6981 -0.0070 -0.6981
0.4075 0.0000 -0.6981 -0.0070 -0.6981
0.4075 0.0000 -0.6981 -0.0070 -0.6981
0.4075 0.0000 -0.6981 -0.0070 -0.6981
0.4075 0.0000 -0.6981 -0.0070 -0.6981
0.4075 0.0000 -0.6981 -0.0070 -0.6981
0.4075 0.0000 -0.6981 -0.0070 -0.6981
0.4075 0.0000 -0.6981 -0.0070 -0.6981
0.4075 0.0000 -0.6981 -0.0070 -0.6981
0.4075 0.0000 -0.6981 -0.0070 -0.6981
0.4075 0.0000 -0.6981 -0.0070 -0.6981
0.4075 0.0000 -0.6981 -0.0070 -0.6981
0.4075 0.0000 -0.6981 -0.0070 -0.6981
0.4075 0.0000 -0.6981 -0.0070 -0.6981
0.4075 0.0000 -0.6981 -0.0070 -0.6981
0.4075 0.0000 -0.6981 -0.0070 -0.6981
0.4075 0.0000 -0.6981 -0.0070 -0.6981
0.4075 0.0000 -0.6981 -0.0070 -0.6981
0.4075 0.0000 -0.6981 -0.0070 -0.6981
0.4075 0.0000 -0.6981 -0.0070 -0.6981
0.4075 0.0000 -0.6981 -0.0070 -0.6981
0.4075 0.0000 -0.6981 -0.0070 -0.6981
0.4075 0.0000 -0.6981 -0.0070 -0.6981
0.4075 0.0000 -0.6981 -0.0070 -0.6981
0.4075 0.0000 -0.6981 -0.0070 -0.6981
0.4075 0.0000 -0.6981 -0.0070 -0.6981
0.4075 0.0000 -0.6981 -0.0070 -0.6981
0.4075 0.0000 -0.6981 -0.0070 -0.6981
0.4075 0.0000 -0.6981 -0.0070 -0.6981
0.4075 0.0000 -0.6981 -0.0070 -0.6981
0.4075 0.0000 -0.6981 -0.0070 -0.6981
0.4075 0.0000 -0.6981 -0.0070 -0.6981
0.4075 0.0000 -0.6981 -0.0070 -0.6981
0.4075 0.0000 -0.6981 -0.0070 -0.6981
0.4075 0.0000 -0.6981 -0.0070 -0.6981
0.4075 0.0000 -0.6981 -0.0070 -0.6981
0.4075 0.0000 -0.6981 -0.0070 -0.6981
0.4075 0.0000 -0.6981 -0.0070 -0.6981
0.4075 0.0000 -0.6981 -0.0070 -0.6981
0.4075 0.0000 -0.6981 -0.0070 -0.6981
0.4075 0.0000 -0.6981 -0.0070 -0.6981
0.4075 0.0000 -0.6981 -0.0070 -0.6981
0.4075 0.0000 -0.6981 -0.0070 -0.6981
0.4075 0.0000 -0.6981 -0.0070 -0.6981
0.4075 0.0000 -0.6981 -0.0070 -0.6981
0.4075 0.0000 -0.6981 -0.0070 -0.6981
0.4075 0.0000 -0.6981 -0.0070 -0.6981
0.4075 0.0000 -0.6981 -0.0070 -0.6981
0.4075 0.0000 -0.6981 -0.0070 -0.6981
0.4075 0.0000 -0.6981 -0.0070 -0.6981
0.4075 0.0000 -0.6981 -0.0070 -0.6981
0.4075 0.0000 -0.6981 -0.0070 -0.6981
0.4075 0.0000 -0.6981 -0.0070 -0.6981
0.4075 0.0000 -0.6981 -0.0070 -0.6981
0.4075 0.0000 -0.6981 -0.0070 -0.6981
0.4075 0.0000 -0.6981 -0.0070 -0.6981
0.4075 0.0000 -0.6981 -0.0070 -0.6981
0.4075 0.0000 -0.6981 -0.0070 -0.6981
0.4075 0.0000 -0.6981 -0.0070 -0.6981
0.4075 0.0000 -0.6981 -0.0070 -0.6981
0.4075 0.0000 -0.6981 -0.0070 -0.6981
0.4075 0.0000 -0.6981 -0.0070 -0.6981
0.4075 0.0000 -0.6981 -0.0070 -0.6981
0.4075 0.0000 -0.6981 -0.0070 -0.6981
0.4075 0.0000 -0.6981 -0.0070 -0.6981
0.4075 0.0000 -0.6981 -0.0070 -0.6981
0.4075 0.0000 -0.6981 -0.0070 -0.6981
0.4075 0.0000 -0.6981 -0.0070 -0.6981
0.4075 0.0000 -0.6981 -0.0070 -0.6981
0.4205 0.0000 -0.6981 -0.0070 -0.6981
0.4205 0.0000 -0.6981 -0.0070 -0.6981
0.4205 0.0000 -0.6981 -0.0070 -0.6981
0.4205 0.0000 -0.6981 -0.0070 -0.6981
0.4205 0.0000 -0.6981 -0.0070 -0.6981
0.4205 0.0000 -0.6981 -0.0070 -0.6981
0.4205 0.0000 -0.6981 -0.0070 -0.6981
0.4205 0.0000 -0.6981 -0.0070 -0.6981
0.4205 0.0000 -0.6981 -0.0070 -0.6981
0.4205 0.0000 -0.6981 -0.0070 -0.6981
0.4205 0.0000 -0.6981 -0.0070 -0.6981
0.4205 0.0000 -0.6981 -0.0070 -0.6981
0.4205 0.0000 -0.6981 -0.0070 -0.6981
0.4205 0.0000 -0.6981 -0.0070 -0.6981
0.4205 0.0000 -0.6981 -0.0070 -0.6981
0.4205 0.0000 -0.6981 -0.0070 -0.6981
0.4205 0.0000 -0.6981 -0.0070 -0.6981
0.4205 0.0000 -0.6981 -0.0070 -0.6981
0.4205 0.0000 -0.6981 -0.0070 -0.6981
0.4205 0.0000 -0.6981 -0.0070 -0.6981
0.4205 0.0000 -0.6981 -0.0070 -0.6981
0.4205 0.0000 -0.6981 -0.0070 -0.6981
0.4205 0.0000 -0.6981 -0.0070 -0.6981
0.4205 0.0000 -0.6981 -0.0070 -0.6981
0.4205 0.0000 -0.6981 -0.0070 -0.6981
0.4205 0.0000 -0.6981 -0.0070 -0.6981
0.4205 0.0000 -0.6981 -0.0070 -0.6981
0.4205 0.0000 -0.6981 -0.0070 -0.6981
0.4205 0.0000 -0.6981 -0.0070 -0.6981
0.4205 0.0000 -0.6981 -0.0070 -0.6981
0.4205 0.0000 -0.6981 -0.0070 -0.6981
0.4205 0.0000 -0.6981 -0.0070 -0.6981
0.4205 0.0000 -0.6981 -0.0070 -0.6981
0.4205 0.0000 -0.6981 -0.0070 -0.6981
0.4205 0.0000 -0.6981 -0.0070 -0.6981
0.4205 0.0000 -0.6981 -0.0070 -0.6981
0.4205 0.0000 -0.6981 -0.0070 -0.6981
0.4205 0.0000 -0.6981 -0.0070 -0.6981
0.4205 0.0000 -0.6981 -0.0070 -0.6981
0.4205 0.0000 -0.6981 -0.0070 -0.6981
0.4205 0.0000 -0.6981 -0.0070 -0.6981
0.4205 0.0000 -0.6981 -0.0070 -0.6981
0.4205 0.0000 -0.6981 -0.0070 -0.6981
0.4205 0.0000 -0.6981 -0.0070 -0.6981
0.4205 0.0000 -0.6981 -0.0070 -0.6981
0.4205 0.0000 -0.6981 -0.0070 -0.6981
0.4205 0.0000 -0.6981 -0.0070 -0.6981
0.4205 0.0000 -0.6981 -0.0070 -0.6981
0.4205 0.0000 -0.6981 -0.0070 -0.6981
0.4205 0.0000 -0.6981 -0.0070 -0.6981
0.4205 0.0000 -0.6981 -0.0070 -0.6981
0.4205 0.0000 -0.6981 -0.0070 -0.6981
0.4205 0.0000 -0.6981 -0.0070 -0.6981
0.4205 0.0000 -0.6981 -0.0070 -0.6981
0.4205 0.0000 -0.6981 -0.0070 -0.6981
0.4205 0.0000 -0.6981 -0.0070 -0.6981
0.4205 0.0000 -0.6981 -0.0070 -0.6981
0.4205 0.0000 -0.6981 -0.0070 -0.6981
0.4205 0.0000 -0.6981 -0.0070 -0.6981
0.4205 0.0000 -0.6981 -0.0070 -0.6981
0.4205 0.0000 -0.6981 -0.0070 -0.6981
0.4205 0.0000 -0.6981 -0.0070 -0.6981
0.4205 0.0000 -0.6981 -0.0070 -0.6981
0.4205 0.0000 -0.6981 -0.0070 -0.6981
0.4205 0.0000 -0.6981 -0.0070 -0.6981
0.4205 0.0000 -0.6981 -0.0070 -0.6981
0.4205 0.0000 -0.6981 -0.0070 -0.6981
0.4205 0.0000 -0.6981 -0.0070 -0.6981
0.4205 0.0000 -0.6981 -0.0070 -0.6981
0.4205 0.0000 -0.6981 -0.0070 -0.6981
0.4205 0.0000 -0.6981 -0.0070 -0.6981
0.4205 0.0000 -0.6981 -0.0070 -0.6981
0.4205 0.0000 -0.6981 -0.0070 -0.6981
0.4205 0.0000 -0.6981 -0.0070 -0.6981
0.4205 0.0000 -0.6981 -0.0070 -0.6981
0.4205 0.0000 -0.6981 -0.0070 -0.6981
0.4205 0.0000 -0.6981 -0.0070 -0.6981
0.4205 0.0000 -0.6981 -0.0070 -0.6981
0.4205 0.0000 -0.6981 -0.0070 -0.6981
0.4205 0.0000 -0.6981 -0.0070 -0.6981
0.4205 0.0000 -0.6981 -0.0070 -0.6981
0.4205 0.0000 -0.6981 -0.0070 -0.6981
0.4205 0.0000 -0.6981 -0.0070 -0.6981
0.4205 0.0000 -0.6981 -0.0070 -0.6981
0.4205 0.0000 -0.6981 -0.0070 -0.6981
0.4205 0.0000 -0.6981 -0.0070 -0.6981
0.4205 0.0000 -0.6981 -0.0070 -0.6981
0.4205 0.0000 -0.6981 -0.0070 -0.6981
0.4205 0.0000 -0.6981 -0.0070 -0.6981
0.4205 0.0000 -0.6981 -0.0070 -0.6981
0.4205 0.0000 -0.6981 -0.0070 -0.6981
0.4205 0.0000 -0.6981 -0.0070 -0.6981
0.4205 0.0000 -0.6981 -0.0070 -0.6981
0.4205 0.0000 -0.6981 -0.0070 -0.6981
0.4205 0.0000 -0.6981 -0.0070 -0.6981
0.4205 0.0000 -0.6981 -0.0070 -0.6981
0.4205 0.0000 -0.6981 -0.0070 -0.6981
0.4205 0.0000 -0.6981 -0.0070 -0.6981
0.4205 0.0000 -0.6981 -0.0070 -0.6981
0.4205 0.0000 -0.6981 -0.0070 -0.6981
0.4205 0.0000 -0.6981 -0.0070 -0.6981
0.4205 0.0000 -0.6981 -0.0070 -0.6981
0.4205 0.0000 -0.6981 -0.0070 -0.6981
0.4205 0.0000 -0.6981 -0.0070 -0.6981
0.4205 0.0000 -0.6981 -0.0070 -0.6981
0.4205 0.0000 -0.6981 -0.0070 -0.6981
0.4205 0.0000 -0.6981 -0.0070 -0.6981
0.4205 0.0000 -0.6981 -0.0070 -0.6981
0.4205 0.0000 -0.6981 -0.0070 -0.6981
0.4205 0.0000 -0.6981 -0.0070 -0.6981
0.4205 0.0000 -0.6981 -0.0070 -0.6981
0.4205 0.0000 -0.6981 -0.0070 -0.6981
0.4205 0.0000 -0.6981 -0.0070 -0.6981
0.4205 0.0000 -0.6981 -0.0070 -0.6981
0.4205 0.0000 -0.6981 -0.0070 -0.6981
0.4205 0.0000 -0.6981 -0.0070 -0.6981
0.4205 0.0000 -0.6981 -0.0070 -0.6981
0.4205 0.0000 -0.6981 -0.0070 -0.6981
0.4205 0.0000 -0.6981 -0.0070 -0.6981
0.4205 0.0000 -0.6981 -0.0070 -0.6981
0.4205 0.0000 -0.6981 -0.0070 -0.6981
0.4205 0.0000 -0.6981 -0.0070 -0.6981
0.4205 0.0000 -0.6981 -0.0070 -0.6981
0.4205 0.0000 -0.6981 -0.0070 -0.6981
0.4205 0.0000 -0.6981 -0.0070 -0.6981
0.4205 0.0000 -0.6981 -0.0070 -0.6981
0.4205 0.0000 -0.6981 -0.0070 -0.6981
0.4205 0.0000 -0.6981 -0.0070 -0.6981
0.4205 0.0000 -0.6981 -0.0070 -0.6981
0.4205 0.0000 -0.6981 -0.0070 -0.6981
0.4205 0.0000 -0.6981 -0.0070 -0.6981
0.4205 0.0000 -0.6981 -0.0070 -0.6981
0.4205 0.0000 -0.6981 -0.0070 -0.6981
0.4205 0.0000 -0.6981 -0.0070 -0.6981
0.4205 0.0000 -0.6981 -0.0070 -0.6981
0.4205 0.0000 -0.6981 -0.0070 -0.6981
0.4205 0.0000 -0.6981 -0.0070 -0.6981
0.4205 0.0000 -0.6981 -0.0070 -0.6981
0.4205 0.0000 -0.6981 -0.0070 -0.6981
0.4205 0.0000 -0.6981 -0.0070 -0.6981
0.4205 0.0000 -0.6981 -0.0070 -0.6981
0.4205 0.0000 -0.6981 -0.0070 -0.6981
0.4205 0.0000 -0.6981 -0.0070 -0.6981
0.4205 0.0000 -0.6981 -0.0070 -0.6981
0.4205 0.0000 -0.6981 -0.0070 -0.6981
0.4205 0.0000 -0.6981 -0.0070 -0.6981
0.4205 0.0000 -0.6981 -0.0070 -0.6981
0.4205 0.0000 -0.6981 -0.0070 -0.6981
0.4205 0.0000 -0.6981 -0.0070 -0.6981
0.4205 0.0000 -0.6981 -0.0070 -0.6981
0.4205 0.0000 -0.6981 -0.0070 -0.6981
0.4405 0.0000 -0.6981 -0.0070 -0.6981
0.4405 0.0000 -0.6981 -0.0070 -0.6981
0.4405 0.0000 -0.6981 -0.0070 -0.6981
0.4405 0.0000 -0.6981 -0.0070 -0.6981
0.4405 0.0000 -0.6981 -0.0070 -0.6981
0.4405 0.0000 -0.6981 -0.0070 -0.6981
0.4405 0.0000 -0.6981 -0.0070 -0.6981
0.4405 0.0000 -0.6981 -0.0070 -0.6981
0.4405 0.0000 -0.6981 -0.0070 -0.6981
0.4405 0.0000 -0.6981 -0.0070 -0.6981
0.4405 0.0000 -0.6981 -0.0070 -0.6981
0.4405 0.0000 -0.6981 -0.0070 -0.6981
0.4405 0.0000 -0.6981 -0.0070 -0.6981
0.4405 0.0000 -0.6981 -0.0070 -0.6981
0.4405 0.0000 -0.6981 -0.0070 -0.6981
0.4405 0.0000 -0.6981 -0.0070 -0.6981
0.4405 0.0000 -0.6981 -0.0070 -0.6981
0.4405 0.0000 -0.6981 -0.0070 -0.6981
0.4405 0.0000 -0.6981 -0.0070 -0.6981
0.4405 0.0000 -0.6981 -0.0070 -0.6981
0.4405 0.0000 -0.6981 -0.0070 -0.6981
0.4405 0.0000 -0.6981 -0.0070 -0.6981
0.4405 0.0000 -0.6981 -0.0070 -0.6981
0.4405 0.0000 -0.6981 -0.0070 -0.6981
0.4405 0.0000 -0.6981 -0.0070 -0.6981
0.4405 0.0000 -0.6981 -0.0070 -0.6981
0.4405 0.0000 -0.6981 -0.0070 -0.6981
0.4405 0.0000 -0.6981 -0.0070 -0.6981
0.4405 0.0000 -0.6981 -0.0070 -0.6981
0.4405 0.0000 -0.6981 -0.0070 -0.6981
0.4405 0.0000 -0.6981 -0.0070 -0.6981
0.4405 0.0000 -0.6981 -0.0070 -0.6981
0.4405 0.0000 -0.6981 -0.0070 -0.6981
0.4405 0.0000 -0.6981 -0.0070 -0.6981
0.4405 0.0000 -0.6981 -0.0070 -0.6981
0.4405 0.0000 -0.6981 -0.0070 -0.6981
0.4405 0.0000 -0.6981 -0.0070 -0.6981
0.4405 0.0000 -0.6981 -0.0070 -0.6981
0.4405 0.0000 -0.6981 -0.0070 -0.6981
0.4405 0.0000 -0.6981 -0.0070 -0.6981
0.4405 0.0000 -0.6981 -0.0070 -0.6981
0.4405 0.0000 -0.6981 -0.0070 -0.6981
0.4405 0.0000 -0.6981 -0.0070 -0.6981
0.4405 0.0000 -0.6981 -0.0070 -0.6981
0.4405 0.0000 -0.6981 -0.0070 -0.6981
0.4405 0.0000 -0.6981 -0.0070 -0.6981
0.4405 0.0000 -0.6981 -0.0070 -0.6981
0.4405 0.0000 -0.6981 -0.0070 -0.6981
0.4405 0.0000 -0.6981 -0.0070 -0.6981
0.4405 0.0000 -0.6981 -0.0070 -0.6981
0.4405 0.0000 -0.6981 -0.0070 -0.6981
0.4405 0.0000 -0.6981 -0.0070 -0.6981
0.4405 0.0000 -0.6981 -0.0070 -0.6981
0.4405 0.0000 -0.6981 -0.0070 -0.6981
0.4405 0.0000 -0.6981 -0.0070 -0.6981
0.4405 0.0000 -0.6981 -0.0070 -0.6981
0.4405 0.0000 -0.6981 -0.0070 -0.6981
0.4405 0.0000 -0.6981 -0.0070 -0.6981
0.4405 0.0000 -0.6981 -0.0070 -0.6981
0.4405 0.0000 -0.6981 -0.0070 -0.6981
0.4405 0.0000 -0.6981 -0.0070 -0.6981
0.4405 0.0000 -0.6981 -0.0070 -0.6981
0.4405 0.0000 -0.6981 -0.0070 -0.6981
0.4405 0.0000 -0.6981 -0.0070 -0.6981
0.4405 0.0000 -0.6981 -0.0070 -0.6981
0.4405 0.0000 -0.6981 -0.0070 -0.6981
0.4405 0.0000 -0.6981 -0.0070 -0.6981
0.4405 0.0000 -0.6981 -0.0070 -0.6981
0.4405 0.0000 -0.6981 -0.0070 -0.6981
0.4405 0.0000 -0.6981 -0.0070 -0.6981
0.4405 0.0000 -0.6981 -0.0070 -0.6981
0.4405 0.0000 -0.6981 -0.0070 -0.6981
0.4405 0.0000 -0.6981 -0.0070 -0.6981
0.4405 0.0000 -0.6981 -0.0070 -0.6981
0.4405 0.0000 -0.6981 -0.0070 -0.6981
0.4405 0.0000 -0.6981 -0.0070 -0.6981
0.4405 0.0000 -0.6981 -0.0070 -0.6981
0.4405 0.0000 -0.6981 -0.0070 -0.6981
0.4405 0.0000 -0.6981 -0.0070 -0.6981
0.4405 0.0000 -0.6981 -0.0070 -0.6981
0.4405 0.0000 -0.6981 -0.0070 -0.6981
0.4405 0.0000 -0.6981 -0.0070 -0.6981
0.4405 0.0000 -0.6981 -0.0070 -0.6981
0.4405 0.0000 -0.6981 -0.0070 -0.6981
0.4405 0.0000 -0.6981 -0.0070 -0.6981
0.4405 0.0000 -0.6981 -0.0070 -0.6981
0.4405 0.0000 -0.6981 -0.0070 -0.6981
0.4405 0.0000 -0.6981 -0.0070 -0.6981
0.4405 0.0000 -0.6981 -0.0070 -0.6981
0.4405 0.0000 -0.6981 -0.0070 -0.6981
0.4405 0.0000 -0.6981 -0.0070 -0.6981
0.4405 0.0000 -0.6981 -0.0070 -0.6981
0.4405 0.0000 -0.6981 -0.0070 -0.6981
0.4405 0.0000 -0.6981 -0.0070 -0.6981
0.4405 0.0000 -0.6981 -0.0070 -0.6981
0.4405 0.0000 -0.6981 -0.0070 -0.6981
0.4405 0.0000 -0.6981 -0.0070 -0.6981
0.4405 0.0000 -0.6981 -0.0070 -0.6981
0.4405 0.0000 -0.6981 -0.0070 -0.6981
0.4405 0.0000 -0.6981 -0.0070 -0.6981
0.4405 0.0000 -0.6981 -0.0070 -0.6981
0.4405 0.0000 -0.6981 -0.0070 -0.6981
0.4405 0.0000 -0.6981 -0.0070 -0.6981
0.4405 0.0000 -0.6981 -0.0070 -0.6981
0.4405 0.0000 -0.6981 -0.0070 -0.6981
0.4405 0.0000 -0.6981 -0.0070 -0.6981
0.4405 0.0000 -0.6981 -0.0070 -0.6981
0.4405 0.0000 -0.6981 -0.0070 -0.6981
0.4405 0.0000 -0.6981 -0.0070 -0.6981
0.4405 0.0000 -0.6981 -0.0070 -0.6981
0.4405 0.0000 -0.6981 -0.0070 -0.6981
0.4405 0.0000 -0.6981 -0.0070 -0.6981
0.4405 0.0000 -0.6981 -0.0070 -0.6981
0.4405 0.0000 -0.6981 -0.0070 -0.6981
0.4405 0.0000 -0.6981 -0.0070 -0.6981
0.4405 0.0000 -0.6981 -0.0070 -0.6981
0.4405 0.0000 -0.6981 -0.0070 -0.6981
0.4405 0.0000 -0.6981 -0.0070 -0.6981
0.4405 0.0000 -0.6981 -0.0070 -0.6981
0.4405 0.0000 -0.6981 -0.0070 -0.6981
0.4405 0.0000 -0.6981 -0.0070 -0.6981
0.4405 0.0000 -0.6981 -0.0070 -0.6981
0.4405 0.0000 -0.6981 -0.0070 -0.6981
0.4405 0.0000 -0.6981 -0.0070 -0.6981
0.4405 0.0000 -0.6981 -0.0070 -0.6981
0.4405 0.0000 -0.6981 -0.0070 -0.6981
0.4405 0.0000 -0.6981 -0.0070 -0.6981
0.4405 0.0000 -0.6981 -0.0070 -0.6981
0.4405 0.0000 -0.6981 -0.0070 -0.6981
0.4405 0.0000 -0.6981 -0.0070 -0.6981
0.4405 0.0000 -0.6981 -0.0070 -0.6981
0.4405 0.0000 -0.6981 -0.0070 -0.6981
0.4405 0.0000 -0.6981 -0.0070 -0.6981
0.4405 0.0000 -0.6981 -0.0070 -0.6981
0.4405 0.0000 -0.6981 -0.0070 -0.6981
0.4405 0.0000 -0.6981 -0.0070 -0.6981
0.4405 0.0000 -0.6981 -0.0070 -0.6981
0.4405 0.0000 -0.6981 -0.0070 -0.6981
0.4405 0.0000 -0.6981 -0.0070 -0.6981
0.4405 0.0000 -0.6981 -0.0070 -0.6981
0.4405 0.0000 -0.6981 -0.0070 -0.6981
0.4405 0.0000 -0.6981 -0.0070 -0.6981
0.4405 0.0000 -0.6981 -0.0070 -0.6981
0.4405 0.0000 -0.6981 -0.0070 -0.6981
0.4405 0.0000 -0.6981 -0.0070 -0.6981
0.4405 0.0000 -0.6981 -0.0070 -0.6981
0.4405 0.0000 -0.6981 -0.0070 -0.6981
0.4405 0.0000 -0.6981 -0.0070 -0.6981
0.4405 0.0000 -0.6981 -0.0070 -0.6981
0.4405 0.0000 -0.6981 -0.0070 -0.6981
0.4405 0.0000 -0.6981 -0.0070 -0.6981
0.4405 0.0000 -0.6981 -0.0070 -0.6981
0.4405 0.0000 -0.6981 -0.0070 -0.6981
0.4405 0.0000 -0.6981 -0.0070 -0.6981
0.4405 0.0000 -0.6981 -0.0070 -0.6981
0.4405 0.0000 -0.6981 -0.0070 -0.6981
0.4405 0.0000 -0.6981 -0.0070 -0.6981
0.4405 0.0000 -0.6981 -0.0070 -0.6981
0.4405 0.0000 -0.6981 -0.0070 -0.6981
0.4405 0.0000 -0.6981 -0.0070 -0.6981
0.4405 0.0000 -0.6981 -0.0070 -0.6981
0.4405 0.0000 -0.6981 -0.0070 -0.6981
0.4405 0.0000 -0.6981 -0.0070 -0.6981
0.4405 0.0000 -0.6981 -0.0070 -0.6981
0.4405 0.0000 -0.6981 -0.0070 -0.6981
0.4405 0.0000 -0.6981 -0.0070 -0.6981
0.4405 0.0000 -0.6981 -0.0070 -0.6981
0.4405 0.0000 -0.6981 -0.0070 -0.6981
0.4405 0.0000 -0.6981 -0.0070 -0.6981
0.4405 0.0000 -0.6981 -0.0070 -0.6981
0.4405 0.0000 -0.6981 -0.0070 -0.6981
0.4405 0.0000 -0.6981 -0.0070 -0.6981
0.4405 0.0000 -0.6981 -0.0070 -0.6981
0.4405 0.0000 -0.6981 -0.0070 -0.6981
0.4405 0.0000 -0.6981 -0.0070 -0.6981
0.4605 0.0000 -0.6981 -0.0070 -0.6981
0.4605 0.0000 -0.6981 -0.0070 -0.6981
0.4605 0.0000 -0.6981 -0.0070 -0.6981
0.4605 0.0000 -0.6981 -0.0070 -0.6981
0.4605 0.0000 -0.6981 -0.0070 -0.6981
0.4605 0.0000 -0.6981 -0.0070 -0.6981
0.4605 0.0000 -0.6981 -0.0070 -0.6981
0.4605 0.0000 -0.6981 -0.0070 -0.6981
0.4605 0.0000 -0.6981 -0.0070 -0.6981
0.4605 0.0000 -0.6981 -0.0070 -0.6981
0.4605 0.0000 -0.6981 -0.0070 -0.6981
0.4605 0.0000 -0.6981 -0.0070 -0.6981
0.4605 0.0000 -0.6981 -0.0070 -0.6981
0.4605 0.0000 -0.6981 -0.0070 -0.6981
0.4605 0.0000 -0.6981 -0.0070 -0.6981
0.4605 0.0000 -0.6981 -0.0070 -0.6981
0.4605 0.0000 -0.6981 -0.0070 -0.6981
0.4605 0.0000 -0.6981 -0.0070 -0.6981
0.4605 0.0000 -0.6981 -0.0070 -0.6981
0.4605 0.0000 -0.6981 -0.0070 -0.6981
0.4605 0.0000 -0.6981 -0.0070 -0.6981
0.4605 0.0000 -0.6981 -0.0070 -0.6981
0.4605 0.0000 -0.6981 -0.0070 -0.6981
0.4605 0.0000 -0.6981 -0.0070 -0.6981
0.4605 0.0000 -0.6981 -0.0070 -0.6981
0.4605 0.0000 -0.6981 -0.0070 -0.6981
0.4605 0.0000 -0.6981 -0.0070 -0.6981
0.4605 0.0000 -0.6981 -0.0070 -0.6981
0.4605 0.0000 -0.6981 -0.0070 -0.6981
0.4605 0.0000 -0.6981 -0.0070 -0.6981
0.4605 0.0000 -0.6981 -0.0070 -0.6981
0.4605 0.0000 -0.6981 -0.0070 -0.6981
0.4605 0.0000 -0.6981 -0.0070 -0.6981
0.4605 0.0000 -0.6981 -0.0070 -0.6981
0.4605 0.0000 -0.6981 -0.0070 -0.6981
0.4605 0.0000 -0.6981 -0.0070 -0.6981
0.4605 0.0000 -0.6981 -0.0070 -0.6981
0.4605 0.0000 -0.6981 -0.0070 -0.6981
0.4605 0.0000 -0.6981 -0.0070 -0.6981
0.4605 0.0000 -0.6981 -0.0070 -0.6981
0.4605 0.0000 -0.6981 -0.0070 -0.6981
0.4605 0.0000 -0.6981 -0.0070 -0.6981
0.4605 0.0000 -0.6981 -0.0070 -0.6981
0.4605 0.0000 -0.6981 -0.0070 -0.6981
0.4605 0.0000 -0.6981 -0.0070 -0.6981
0.4605 0.0000 -0.6981 -0.0070 -0.6981
0.4605 0.0000 -0.6981 -0.0070 -0.6981
0.4605 0.0000 -0.6981 -0.0070 -0.6981
0.4605 0.0000 -0.6981 -0.0070 -0.6981
0.4605 0.0000 -0.6981 -0.0070 -0.6981
0.4605 0.0000 -0.6981 -0.0070 -0.6981
0.4605 0.0000 -0.6981 -0.0070 -0.6981
0.4605 0.0000 -0.6981 -0.0070 -0.6981
0.4605 0.0000 -0.6981 -0.0070 -0.6981
0.4605 0.0000 -0.6981 -0.0070 -0.6981
0.4605 0.0000 -0.6981 -0.0070 -0.6981
0.4605 0.0000 -0.6981 -0.0070 -0.6981
0.4605 0.0000 -0.6981 -0.0070 -0.6981
0.4605 0.0000 -0.6981 -0.0070 -0.6981
0.4605 0.0000 -0.6981 -0.0070 -0.6981
0.4605 0.0000 -0.6981 -0.0070 -0.6981
0.4605 0.0000 -0.6981 -0.0070 -0.6981
0.4605 0.0000 -0.6981 -0.0070 -0.6981
0.4605 0.0000 -0.6981 -0.0070 -0.6981
0.4605 0.0000 -0.6981 -0.0070 -0.6981
0.4605 0.0000 -0.6981 -0.0070 -0.6981
0.4605 0.0000 -0.6981 -0.0070 -0.6981
0.4605 0.0000 -0.6981 -0.0070 -0.6981
0.4605 0.0000 -0.6981 -0.0070 -0.6981
0.4605 0.0000 -0.6981 -0.0070 -0.6981
0.4605 0.0000 -0.6981 -0.0070 -0.6981
0.4605 0.0000 -0.6981 -0.0070 -0.6981
0.4605 0.0000 -0.6981 -0.0070 -0.6981
0.4605 0.0000 -0.6981 -0.0070 -0.6981
0.4605 0.0000 -0.6981 -0.0070 -0.6981
0.4605 0.0000 -0.6981 -0.0070 -0.6981
0.4605 0.0000 -0.6981 -0.0070 -0.6981
0.4605 0.0000 -0.6981 -0.0070 -0.6981
0.4605 0.0000 -0.6981 -0.0070 -0.6981
0.4605 0.0000 -0.6981 -0.0070 -0.6981
0.4605 0.0000 -0.6981 -0.0070 -0.6981
0.4605 0.0000 -0.6981 -0.0070 -0.6981
0.4605 0.0000 -0.6981 -0.0070 -0.6981
0.4605 0.0000 -0.6981 -0.0070 -0.6981
0.4605 0.0000 -0.6981 -0.0070 -0.6981
0.4605 0.0000 -0.6981 -0.0070 -0.6981
0.4605 0.0000 -0.6981 -0.0070 -0.6981
0.4605 0.0000 -0.6981 -0.0070 -0.6981
0.4605 0.0000 -0.6981 -0.0070 -0.6981
0.4605 0.0000 -0.6981 -0.0070 -0.6981
0.4605 0.0000 -0.6981 -0.0070 -0.6981
0.4605 0.0000 -0.6981 -0.0070 -0.6981
0.4605 0.0000 -0.6949 -0.0070 -0.6981
0.4605 0.0000 -0.6916 -0.0070 -0.6981
0.4605 0.0000 -0.6883 -0.0070 -0.6981
0.4605 0.0000 -0.6850 -0.0070 -0.6981
0.4605 0.0000 -0.6818 -0.0070 -0.6981
0.4605 0.0000 -0.6785 -0.0070 -0.6981
0.4605 0.0000 -0.6752 -0.0070 -0.6981
0.4605 0.0000 -0.6720 -0.0070 -0.6981
0.4605 0.0000 -0.6687 -0.0070 -0.6981
0.4605 0.0000 -0.6654 -0.0070 -0.6981
0.4605 0.0000 -0.6621 -0.0070 -0.6981
0.4605 0.0000 -0.6589 -0.0070 -0.6981
0.4605 0.0000 -0.6556 -0.0070 -0.6981
0.4605 0.0000 -0.6523 -0.0070 -0.6981
0.4605 0.0000 -0.6490 -0.0070 -0.6981
0.4605 0.0000 -0.6458 -0.0070 -0.6981
0.4605 0.0000 -0.6425 -0.0070 -0.6981
0.4605 0.0000 -0.6392 -0.0070 -0.6981
0.4605 0.0000 -0.6360 -0.0070 -0.6981
0.4605 0.0000 -0.6327 -0.0070 -0.6981
0.4605 0.0000 -0.6294 -0.0070 -0.6981
0.4605 0.0000 -0.6261 -0.0070 -0.6981
0.4605 0.0000 -0.6229 -0.0070 -0.6981
0.4605 0.0000 -0.6196 -0.0070 -0.6981
0.4605 0.0000 -0.6163 -0.0070 -0.6981
0.4605 0.0000 -0.6130 -0.0070 -0.6981
0.4605 0.0000 -0.6098 -0.0070 -0.6981
0.4605 0.0000 -0.6065 -0.0070 -0.6981
0.4605 0.0000 -0.6032 -0.0070 -0.6981
0.4605 0.0000 -0.6000 -0.0070 -0.6981
0.4605 0.0000 -0.5967 -0.0070 -0.6981
0.4605 0.0000 -0.5934 -0.0070 -0.6981
0.4605 0.0000 -0.5901 -0.0070 -0.6981
0.4605 0.0000 -0.5869 -0.0070 -0.6981
0.4605 0.0000 -0.5836 -0.0070 -0.6981
0.4605 0.0000 -0.5803 -0.0070 -0.6981
0.4605 0.0000 -0.5770 -0.0070 -0.6981
0.4605 0.0000 -0.5738 -0.0070 -0.6981
0.4605 0.0000 -0.5705 -0.0070 -0.6981
0.4605 0.0000 -0.5672 -0.0070 -0.6981
0.4605 0.0000 -0.5640 -0.0070 -0.6981
0.4605 0.0000 -0.5607 -0.0070 -0.6981
0.4605 0.0000 -0.5574 -0.0070 -0.6981
0.4605 0.0000 -0.5541 -0.0070 -0.6981
0.4605 0.0000 -0.5509 -0.0070 -0.6981
0.4605 0.0000 -0.5476 -0.0070 -0.6981
0.4605 0.0000 -0.5443 -0.0070 -0.6981
0.4605 0.0000 -0.5411 -0.0070 -0.6981
0.4605 0.0000 -0.5378 -0.0070 -0.6981
0.4605 0.0000 -0.5345 -0.0070 -0.6981
0.4605 0.0000 -0.5312 -0.0070 -0.6981
0.4605 0.0000 -0.5280 -0.0070 -0.6981
0.4605 0.0000 -0.5247 -0.0070 -0.6981
0.4605 0.0000 -0.5214 -0.0070 -0.6981
0.4605 0.0000 -0.5181 -0.0070 -0.6981
0.4605 0.0000 -0.5149 -0.0070 -0.6981
0.4605 0.0000 -0.5116 -0.0070 -0.6981
0.4605 0.0000 -0.5083 -0.0070 -0.6981
0.4605 0.0000 -0.5051 -0.0070 -0.6981
0.4605 0.0000 -0.5018 -0.0070 -0.6981
0.4605 0.0000 -0.4985 -0.0070 -0.6981
0.4605 0.0000 -0.4952 -0.0070 -0.6981
0.4605 0.0000 -0.4920 -0.0070 -0.6981
0.4605 0.0000 -0.4887 -0.0070 -0.6981
0.4605 0.0000 -0.4854 -0.0070 -0.6981
0.4605 0.0000 -0.4821 -0.0070 -0.6981
0.4605 0.0000 -0.4789 -0.0070 -0.6981
0.4605 0.0000 -0.4756 -0.0070 -0.6981
0.4605 0.0000 -0.4723 -0.0070 -0.6981
0.4605 0.0000 -0.4691 -0.0070 -0.6981
0.4605 0.0000 -0.4658 -0.0070 -0.6981
0.4605 0.0000 -0.4625 -0.0070 -0.6981
0.4605 0.0000 -0.4592 -0.0070 -0.6981
0.4605 0.0000 -0.4560 -0.0070 -0.6981
0.4605 0.0000 -0.4527 -0.0070 -0.6981
0.4605 0.0000 -0.4494 -0.0070 -0.6981
0.4605 0.0000 -0.4461 -0.0070 -0.6981
0.4605 0.0000 -0.4429 -0.0070 -0.6981
0.4605 0.0000 -0.4396 -0.0070 -0.6981
0.4605 0.0000 -0.4363 -0.0070 -0.6981
0.4605 0.0000 -0.4331 -0.0070 -0.6981
0.4605 0.0000 -0.4298 -0.0070 -0.6981
0.4605 0.0000 -0.4265 -0.0070 -0.6981
0.4605 0.0000 -0.4232 -0.0070 -0.6981
0.4605 0.0000 -0.4200 -0.0070 -0.6981
0.4605 0.0000 -0.4167 -0.0070 -0.6981
0.4605 0.0000 -0.4134 -0.0070 -0.6981
0.4605 0.0000 -0.4102 -0.0070 -0.6981
0.4605 0.0000 -0.4069 -0.0070 -0.6981
0.4605 0.0000 -0.4036 -0.0070 -0.6981
0.4605 0.0000 -0.4003 -0.0070 -0.6981
0.4605 0.0000 -0.3971 -0.0070 -0.6981
0.4605 0.0000 -0.3938 -0.0070 -0.6981
0.4605 0.0000 -0.3905 -0.0070 -0.6981
0.4605 0.0000 -0.3872 -0.0070 -0.6981
0.4605 0.0000 -0.3840 -0.0070 -0.6981
0.4605 0.0000 -0.3807 -0.0070 -0.6981
0.4605 0.0000 -0.3774 -0.0070 -0.6981
0.4605 0.0000 -0.3742 -0.0070 -0.6981
0.4605 0.0000 -0.3709 -0.0070 -0.6981
0.4605 0.0000 -0.3676 -0.0070 -0.6981
0.4605 0.0000 -0.3643 -0.0070 -0.6981
0.4605 0.0000 -0.3611 -0.0070 -0.6981
0.4605 0.0000 -0.3578 -0.0070 -0.6981
0.4605 0.0000 -0.3545 -0.0070 -0.6981
0.4605 0.0000 -0.3512 -0.0070 -0.6981
0.4605 0.0000 -0.3480 -0.0070 -0.6981
0.4605 0.0000 -0.3447 -0.0070 -0.6981
0.4605 0.0000 -0.3414 -0.0070 -0.6981
0.4605 0.0000 -0.3382 -0.0070 -0.6981
0.4605 0.0000 -0.3349 -0.0070 -0.6981
0.4605 0.0000 -0.3316 -0.0070 -0.6981
0.4605 0.0000 -0.3283 -0.0070 -0.6981
0.4605 0.0000 -0.3251 -0.0070 -0.6981
0.4605 0.0000 -0.3218 -0.0070 -0.6981
0.4605 0.0000 -0.3185 -0.0070 -0.6981
0.4605 0.0000 -0.3153 -0.0070 -0.6981
0.4605 0.0000 -0.3120 -0.0070 -0.6981
0.4605 0.0000 -0.3087 -0.0070 -0.6981
0.4605 0.0000 -0.3054 -0.0070 -0.6981
0.4605 0.0000 -0.3022 -0.0070 -0.6981
0.4605 0.0000 -0.2989 -0.0070 -0.6981
0.4605 0.0000 -0.2956 -0.0070 -0.6981
0.4605 0.0000 -0.2923 -0.0070 -0.6981
0.4605 0.0000 -0.2891 -0.0070 -0.6981
0.4605 0.0000 -0.2858 -0.0070 -0.6981
0.4605 0.0000 -0.2825 -0.0070 -0.6981
0.4605 0.0000 -0.2793 -0.0070 -0.6981
0.4605 0.0000 -0.2760 -0.0070 -0.6981
0.4605 0.0000 -0.2727 -0.0070 -0.6981
0.4605 0.0000 -0.2694 -0.0070 -0.6981
0.4605 0.0000 -0.2662 -0.0070 -0.6981
0.4605 0.0000 -0.2629 -0.0070 -0.6981
0.4605 0.0000 -0.2596 -0.0070 -0.6981
0.4605 0.0000 -0.2563 -0.0070 -0.6981
0.4605 0.0000 -0.2531 -0.0070 -0.6981
0.4605 0.0000 -0.2498 -0.0070 -0.6981
0.4605 0.0000 -0.2465 -0.0070 -0.6981
0.4605 0.0000 -0.2433 -0.0070 -0.6981
0.4605 0.0000 -0.2400 -0.0070 -0.6981
0.4605 0.0000 -0.2367 -0.0070 -0.6981
0.4605 0.0000 -0.2334 -0.0070 -0.6981
0.4605 0.0000 -0.2302 -0.0070 -0.6981
0.4605 0.0000 -0.2269 -0.0070 -0.6981
0.4605 0.0000 -0.2236 -0.0070 -0.6981
0.4605 0.0000 -0.2203 -0.0070 -0.6981
0.4605 0.0000 -0.2171 -0.0070 -0.6981
0.4605 0.0000 -0.2138 -0.0070 -0.6981
0.4605 0.0000 -0.2105 -0.0070 -0.6981
0.4605 0.0000 -0.2073 -0.0070 -0.6981
0.4605 0.0000 -0.2040 -0.0070 -0.6981
0.4605 0.0000 -0.2007 -0.0070 -0.6981
0.4605 0.0000 -0.1974 -0.0070 -0.6981
0.4605 0.0000 -0.1942 -0.0070 -0.6981
0.4605 0.0000 -0.1909 -0.0070 -0.6981
0.4605 0.0000 -0.1876 -0.0070 -0.6981
0.4605 0.0000 -0.1844 -0.0070 -0.6981
0.4605 0.0000 -0.1811 -0.0070 -0.6981
0.4605 0.0000 -0.1778 -0.0070 -0.6981
0.4605 0.0000 -0.1745 -0.0070 -0.6981
0.4605 0.0000 -0.1713 -0.0070 -0.6981
0.4605 0.0000 -0.1680 -0.0070 -0.6981
0.4605 0.0000 -0.1647 -0.0070 -0.6981
0.4605 0.0000 -0.1614 -0.0070 -0.6981
0.4605 0.0000 -0.1582 -0.0070 -0.6981
0.4605 0.0000 -0.1549 -0.0070 -0.6981
0.4605 0.0000 -0.1516 -0.0070 -0.6981
0.4605 0.0000 -0.1484 -0.0070 -0.6981
0.4605 0.0000 -0.1451 -0.0070 -0.6981
0.4605 0.0000 -0.1418 -0.0070 -0.6981
0.4605 0.0033 -0.1385 -0.0070 -0.6981
0.4605 0.0065 -0.1353 -0.0070 -0.6981
0.4605 0.0098 -0.1320 -0.0070 -0.6981
0.4605 0.0131 -0.1287 -0.0070 -0.6981
0.4605 0.0164 -0.1254 -0.0070 -0.6981
0.4605 0.0196 -0.1222 -0.0070 -0.6981
0.4605 0.0229 -0.1189 -0.0070 -0.6981
0.4605 0.0262 -0.1156 -0.0070 -0.6981
0.4605 0.0295 -0.1124 -0.0070 -0.6981
0.4605 0.0327 -0.1091 -0.0070 -0.6981
0.4605 0.0360 -0.1058 -0.0070 -0.6981
0.4605 0.0393 -0.1025 -0.0070 -0.6981
0.4605 0.0425 -0.0993 -0.0070 -0.6981
0.4605 0.0458 -0.0960 -0.0070 -0.6981
0.4605 0.0491 -0.0927 -0.0070 -0.6981
0.4605 0.0524 -0.0894 -0.0070 -0.6981
0.4605 0.0556 -0.0862 -0.0070 -0.6981
0.4805 0.0589 -0.0829 -0.0070 -0.6981
0.4805 0.0622 -0.0796 -0.0070 -0.6981
0.4805 0.0654 -0.0764 -0.0070 -0.6981
0.4805 0.0687 -0.0731 -0.0070 -0.6981
0.4805 0.0720 -0.0698 -0.0070 -0.6981
0.4805 0.0753 -0.0665 -0.0070 -0.6981
0.4805 0.0785 -0.0633 -0.0070 -0.6981
0.4805 0.0818 -0.0600 -0.0070 -0.6981
0.4805 0.0851 -0.0567 -0.0070 -0.6981
0.4805 0.0884 -0.0535 -0.0070 -0.6981
0.4805 0.0916 -0.0502 -0.0070 -0.6981
0.4805 0.0949 -0.0469 -0.0070 -0.6981
0.4805 0.0982 -0.0436 -0.0070 -0.6981
0.4805 0.1014 -0.0404 -0.0070 -0.6981
0.4805 0.1047 -0.0371 -0.0070 -0.6981
0.4805 0.1080 -0.0338 -0.0070 -0.6981
0.4805 0.1113 -0.0305 -0.0070 -0.6981
0.4805 0.1145 -0.0273 -0.0070 -0.6981
0.4805 0.1178 -0.0240 -0.0070 -0.6981
0.4805 0.1211 -0.0207 -0.0070 -0.6981
0.4805 0.1244 -0.0175 -0.0070 -0.6981
0.4805 0.1276 -0.0142 -0.0070 -0.6981
0.4805 0.1309 -0.0109 -0.0070 -0.6981
0.4805 0.1342 -0.0076 -0.0070 -0.6981
0.4805 0.1374 -0.0044 -0.0070 -0.6981
0.4805 0.1407 -0.0011 -0.0070 -0.6981
0.4805 0.1440 0.0000 -0.0070 -0.6981
0.4805 0.1473 0.0000 -0.0070 -0.6981
0.4805 0.1505 0.0000 -0.0070 -0.6981
0.4805 0.1538 0.0000 -0.0070 -0.6981
0.4805 0.1571 0.0000 -0.0070 -0.6981
0.4805 0.1604 0.0000 -0.0070 -0.6981
0.4805 0.1636 0.0000 -0.0070 -0.6981
0.4805 0.1669 0.0000 -0.0070 -0.6981
0.4805 0.1702 0.0000 -0.0070 -0.6981
0.4805 0.1734 0.0000 -0.0070 -0.6981
0.4805 0.1767 0.0000 -0.0070 -0.6981
0.4805 0.1800 0.0000 -0.0070 -0.6981
0.4805 0.1833 0.0000 -0.0070 -0.6981
0.4805 0.1865 0.0000 -0.0070 -0.6981
0.4805 0.1898 0.0000 -0.0070 -0.6981
0.4805 0.1931 0.0000 -0.0070 -0.6981
0.4805 0.1963 0.0000 -0.0070 -0.6981
0.4805 0.1996 0.0000 -0.0070 -0.6981
0.4805 0.2029 0.0000 -0.0070 -0.6981
0.4805 0.2062 0.0000 -0.0070 -0.6981
0.4805 0.2094 0.0000 -0.0070 -0.6981
0.4805 0.2127 0.0000 -0.0070 -0.6981
0.4805 0.2160 0.0000 -0.0070 -0.6981
0.4805 0.2193 0.0000 -0.0070 -0.6981
0.4805 0.2225 0.0000 -0.0070 -0.6981
0.4805 0.2258 0.0000 -0.0070 -0.6981
0.4805 0.2291 0.0000 -0.0070 -0.6981
0.4805 0.2323 0.0000 -0.0070 -0.6981
0.4805 0.2356 0.0000 -0.0070 -0.6981
0.4805 0.2389 0.0000 -0.0070 -0.6981
0.4805 0.2422 0.0000 -0.0070 -0.6981
0.4805 0.2454 0.0000 -0.0070 -0.6981
0.4805 0.2487 0.0000 -0.0070 -0.6981
0.4805 0.2520 0.0000 -0.0070 -0.6981
0.4805 0.2553 0.0000 -0.0070 -0.6981
0.4805 0.2585 0.0000 -0.0070 -0.6981
0.4805 0.2618 0.0000 -0.0070 -0.6981
0.4805 0.2651 0.0000 -0.0070 -0.6981
0.4805 0.2683 0.0000 -0.0070 -0.6981
0.4805 0.2716 0.0000 -0.0070 -0.6981
0.4805 0.2749 0.0000 -0.0070 -0.6981
0.4805 0.2782 0.0000 -0.0070 -0.6981
0.4805 0.2814 0.0000 -0.0070 -0.6981
0.4805 0.2847 0.0000 -0.0070 -0.6981
0.4805 0.2880 0.0000 -0.0070 -0.6981
0.4805 0.2913 0.0000 -0.0070 -0.6981
0.4805 0.2945 0.0000 -0.0070 -0.6981
0.4805 0.2978 0.0000 -0.0070 -0.6981
0.4805 0.3011 0.0000 -0.0070 -0.6981
0.4805 0.3043 0.0000 -0.0070 -0.6981
0.4805 0.3076 0.0000 -0.0070 -0.6981
0.4805 0.3109 0.0000 -0.0070 -0.6981
0.4805 0.3142 0.0000 -0.0070 -0.6981
0.4805 0.3174 0.0000 -0.0070 -0.6981
0.4805 0.3207 0.0000 -0.0070 -0.6981
0.4805 0.3240 0.0000 -0.0070 -0.6981
0.4805 0.3272 0.0000 -0.0070 -0.6981
0.4805 0.3305 0.0000 -0.0070 -0.6981
0.4805 0.3338 0.0000 -0.0070 -0.6981
0.4805 0.3371 0.0000 -0.0070 -0.6981
0.4805 0.3403 0.0000 -0.0070 -0.6981
0.4805 0.3436 0.0000 -0.0070 -0.6981
0.4805 0.3469 0.0000 -0.0070 -0.6981
0.4805 0.3502 0.0000 -0.0070 -0.6981
0.4805 0.3534 0.0000 -0.0070 -0.6981
0.4805 0.3567 0.0000 -0.0070 -0.6981
0.4805 0.3600 0.0000 -0.0070 -0.6981
0.4805 0.3632 0.0000 -0.0070 -0.6981
0.4805 0.3665 0.0000 -0.0070 -0.6981
0.4805 0.3698 0.0000 -0.0070 -0.6981
0.4805 0.3731 0.0000 -0.0070 -0.6981
0.4805 0.3763 0.0000 -0.0070 -0.6981
0.4805 0.3796 0.0000 -0.0070 -0.6981
0.4805 0.3829 0.0000 -0.0070 -0.6981
0.4805 0.3862 0.0000 -0.0070 -0.6981
0.4805 0.3894 0.0000 -0.0070 -0.6981
0.4805 0.3927 0.0000 -0.0070 -0.6981
0.4805 0.3960 0.0000 -0.0070 -0.6981
0.4805 0.3992 0.0000 -0.0070 -0.6981
0.4805 0.4025 0.0000 -0.0070 -0.6981
0.4805 0.4058 0.0000 -0.0070 -0.6981
0.4805 0.4091 0.0000 -0.0070 -0.6981
0.4805 0.4123 0.0000 -0.0070 -0.6981
0.4805 0.4156 0.0000 -0.0070 -0.6981
0.4805 0.4189 0.0000 -0.0070 -0.6981
0.4805 0.4222 0.0000 -0.0070 -0.6981
0.4805 0.4254 0.0000 -0.0070 -0.6981
0.4805 0.4287 0.0000 -0.0070 -0.6981
0.4805 0.4320 0.0000 -0.0070 -0.6981
0.4805 0.4352 0.0000 -0.0070 -0.6981
0.4805 0.4385 0.0000 -0.0070 -0.6981
0.4805 0.4418 0.0000 -0.0070 -0.6981
0.4805 0.4451 0.0000 -0.0070 -0.6981
0.4805 0.4483 0.0000 -0.0070 -0.6981
0.4805 0.4516 0.0000 -0.0070 -0.6981
0.4805 0.4549 0.0000 -0.0070 -0.6981
0.4805 0.4581 0.0000 -0.0070 -0.6981
0.4805 0.4614 0.0000 -0.0070 -0.6981
0.4805 0.4647 0.0000 -0.0070 -0.6981
0.4805 0.4680 0.0000 -0.0070 -0.6981
0.4805 0.4712 0.0000 -0.0070 -0.6981
0.4805 0.4745 0.0000 -0.0070 -0.6981
0.4805 0.4778 0.0000 -0.0070 -0.6981
0.4805 0.4811 0.0000 -0.0070 -0.6981
0.4805 0.4843 0.0000 -0.0070 -0.6981
0.4805 0.4876 0.0000 -0.0070 -0.6981
0.4805 0.4909 0.0000 -0.0070 -0.6981
0.4805 0.4941 0.0000 -0.0070 -0.6981
0.4805 0.4974 0.0000 -0.0070 -0.6981
0.4805 0.5007 0.0000 -0.0070 -0.6981
0.4805 0.5040 0.0000 -0.0070 -0.6981
0.4805 0.5072 0.0000 -0.0070 -0.6981
0.4805 0.5105 0.0000 -0.0070 -0.6981
0.4805 0.5138 0.0000 -0.0070 -0.6981
0.4805 0.5171 0.0000 -0.0070 -0.6981
0.4805 0.5203 0.0000 -0.0070 -0.6981
0.4805 0.5236 0.0000 -0.0070 -0.6981
0.4805 0.5269 0.0000 -0.0070 -0.6981
0.4805 0.5301 0.0000 -0.0070 -0.6981
0.4805 0.5334 0.0000 -0.0070 -0.6981
0.4805 0.5367 0.0000 -0.0070 -0.6981
0.4805 0.5400 0.0000 -0.0070 -0.6981
0.4805 0.5432 0.0000 -0.0070 -0.6981
0.4805 0.5465 0.0000 -0.0070 -0.6981
0.4805 0.5498 0.0000 -0.0070 -0.6981
0.4805 0.5531 0.0000 -0.0070 -0.6981
0.4805 0.5563 0.0000 -0.0070 -0.6981
0.4805 0.5596 0.0000 -0.0070 -0.6981
0.4805 0.5629 0.0000 -0.0070 -0.6981
0.4805 0.5661 0.0000 -0.0070 -0.6981
0.4805 0.5694 0.0000 -0.0070 -0.6981
0.4805 0.5727 0.0000 -0.0070 -0.6981
0.4805 0.5760 0.0000 -0.0070 -0.6981
0.4805 0.5792 0.0000 -0.0070 -0.6981
0.4805 0.5825 0.0000 -0.0070 -0.6981
0.4805 0.5858 0.0000 -0.0070 -0.6981
0.4805 0.5890 0.0000 -0.0070 -0.6981
0.4805 0.5923 0.0000 -0.0070 -0.6981
0.4805 0.5956 0.0000 -0.0070 -0.6981
0.4805 0.5989 0.0000 -0.0070 -0.6981
0.4805 0.6021 0.0000 -0.0070 -0.6981
0.4805 0.6054 0.0000 -0.0070 -0.6981
0.4805 0.6087 0.0000 -0.0070 -0.6981
0.4805 0.6120 0.0000 -0.0070 -0.6981
0.4805 0.6152 0.0000 -0.0070 -0.6981
0.4805 0.6185 0.0000 -0.0070 -0.6981
0.4805 0.6218 0.0000 -0.0070 -0.6981
0.4805 0.6250 0.0000 -0.0070 -0.6981
0.4805 0.6283 0.0000 -0.0070 -0.6981
0.4805 0.6316 0.0000 -0.0070 -0.6981
0.4805 0.6349 0.0000 -0.0070 -0.6981
0.4805 0.6381 0.0000 -0.0070 -0.6981
0.4805 0.6414 0.0000 -0.0070 -0.6981
0.4805 0.6447 0.0000 -0.0070 -0.6981
0.4805 0.6480 0.0000 -0.0070 -0.6981
0.4805 0.6512 0.0000 -0.0070 -0.6981
0.4805 0.6545 0.0000 -0.0070 -0.6981
0.4805 0.6578 0.0000 -0.0070 -0.6981
0.4805 0.6610 0.0000 -0.0070 -0.6981
0.4805 0.6643 0.0000 -0.0070 -0.6981
0.4805 0.6676 0.0000 -0.0070 -0.6981
0.4805 0.6709 0.0000 -0.0070 -0.6981
0.4805 0.6741 0.0000 -0.0070 -0.6981
0.4805 0.6774 0.0000 -0.0070 -0.6981
0.4805 0.6807 0.0000 -0.0070 -0.6981
0.4805 0.6840 0.0000 -0.0070 -0.6981
0.4805 0.6872 0.0000 -0.0070 -0.6981
0.4805 0.6905 0.0000 -0.0070 -0.6981
0.4805 0.6938 0.0000 -0.0070 -0.6981
0.4805 0.6970 0.0000 -0.0070 -0.6981
0.4805 0.7003 0.0000 -0.0070 -0.6981
0.4805 0.7036 0.0000 -0.0070 -0.6981
0.4805 0.7069 0.0000 -0.0070 -0.6981
0.4805 0.7101 0.0000 -0.0070 -0.6981
0.4805 0.7134 0.0000 -0.0070 -0.6981
0.4805 0.7167 0.0000 -0.0070 -0.6981
0.4805 0.7199 0.0000 -0.0070 -0.6981
0.4805 0.7232 0.0000 -0.0070 -0.6981
0.4805 0.7265 0.0000 -0.0070 -0.6981
0.4805 0.7298 0.0000 -0.0070 -0.6981
0.4805 0.7330 0.0000 -0.0070 -0.6981
0.4805 0.7363 0.0000 -0.0070 -0.6981
0.4805 0.7396 0.0000 -0.0070 -0.6981
0.4805 0.7429 0.0000 -0.0070 -0.6981
0.4805 0.7461 0.0000 -0.0070 -0.6981
0.4805 0.7494 0.0000 -0.0070 -0.6981
0.4805 0.7527 0.0000 -0.0070 -0.6981
0.4805 0.7559 0.0000 -0.0070 -0.6981
0.4805 0.7592 0.0000 -0.0070 -0.6981
0.4805 0.7625 0.0000 -0.0070 -0.6981
0.4805 0.7658 0.0000 -0.0070 -0.6981
0.4805 0.7690 0.0000 -0.0070 -0.6981
0.4805 0.7723 0.0000 -0.0070 -0.6981
0.4805 0.7756 0.0000 -0.0070 -0.6981
0.4805 0.7789 0.0000 -0.0070 -0.6981
0.4805 0.7821 0.0000 -0.0070 -0.6981
0.4805 0.7854 0.0000 -0.0070 -0.6981
0.4805 0.7887 0.0000 -0.0070 -0.6981
0.4805 0.7919 0.0000 -0.0070 -0.6981
0.4805 0.7952 0.0000 -0.0070 -0.6981
0.4805 0.7985 0.0000 -0.0070 -0.6981
0.4805 0.8018 0.0000 -0.0070 -0.6981
0.4805 0.8050 0.0000 -0.0070 -0.6981
0.4805 0.8083 0.0000 -0.0070 -0.6981
0.4805 0.8116 0.0000 -0.0070 -0.6981
0.4805 0.8149 0.0000 -0.0070 -0.6981
0.4805 0.8181 0.0000 -0.0070 -0.6981
0.4805 0.8214 0.0000 -0.0070 -0.6981
0.4805 0.8247 0.0000 -0.0070 -0.6981
0.4805 0.8279 0.0000 -0.0070 -0.6981
0.4805 0.8312 0.0000 -0.0070 -0.6981
0.4805 0.8345 0.0000 -0.0070 -0.6981
0.4805 0.8378 0.0000 -0.0070 -0.6981
0.4805 0.8410 0.0000 -0.0070 -0.6981
0.4805 0.8443 0.0000 -0.0070 -0.6981
0.4805 0.8476 0.0000 -0.0070 -0.6981
0.4805 0.8508 0.0000 -0.0070 -0.6981
0.4805 0.8541 0.0000 -0.0070 -0.6981
0.4805 0.8574 0.0000 -0.0070 -0.6981
0.4805 0.8607 0.0000 -0.0070 -0.6981
0.4805 0.8639 0.0000 -0.0070 -0.6981
0.4805 0.8672 0.0000 -0.0070 -0.6981
0.4805 0.8705 0.0000 -0.0070 -0.6981
0.4805 0.8738 0.0000 -0.0070 -0.6981
0.4805 0.8770 0.0000 -0.0070 -0.6981
0.4805 0.8803 0.0000 -0.0070 -0.6981
0.4805 0.8836 0.0000 -0.0070 -0.6981
0.4805 0.8868 0.0000 -0.0070 -0.6981
0.4805 0.8901 0.0000 -0.0070 -0.6981
0.4805 0.8934 0.0000 -0.0070 -0.6981
0.4805 0.8967 0.0000 -0.0070 -0.6981
0.4805 0.8999 0.0000 -0.0070 -0.6981
0.4805 0.9032 0.0000 -0.0070 -0.6981
0.4805 0.9065 0.0000 -0.0070 -0.6981
0.4805 0.9098 0.0000 -0.0070 -0.6981
0.4805 0.9130 0.0000 -0.0070 -0.6981
0.4805 0.9163 0.0000 -0.0070 -0.6981
0.4805 0.9196 0.0000 -0.0070 -0.6981
0.4805 0.9228 0.0000 -0.0070 -0.6981
0.4805 0.9261 0.0000 -0.0070 -0.6981
0.4805 0.9294 0.0000 -0.0070 -0.6981
0.4805 0.9327 0.0000 -0.0070 -0.6981
0.4805 0.9359 0.0000 -0.0070 -0.6981
0.4805 0.9392 0.0000 -0.0070 -0.6981
0.4805 0.9425 0.0000 -0.0070 -0.6981
0.4805 0.9458 0.0000 -0.0070 -0.6981
0.4805 0.9490 0.0000 -0.0070 -0.6981
0.4805 0.9523 0.0000 -0.0070 -0.6981
0.4805 0.9556 0.0000 -0.0070 -0.6981
0.4805 0.9588 0.0000 -0.0070 -0.6981
0.4805 0.9621 0.0000 -0.0070 -0.6981
0.4805 0.9654 0.0000 -0.0070 -0.6981
0.4805 0.9687 0.0000 -0.0070 -0.6981
0.4805 0.9719 0.0000 -0.0070 -0.6981
0.4805 0.9752 0.0000 -0.0070 -0.6981
0.4805 0.9785 0.0000 -0.0070 -0.6981
0.4805 0.9817 0.0000 -0.0070 -0.6981
0.4805 0.9850 0.0000 -0.0070 -0.6981
0.4805 0.9883 0.0000 -0.0070 -0.6981
0.4805 0.9916 0.0000 -0.0070 -0.6981
0.4805 0.9948 0.0000 -0.0070 -0.6981
0.4805 0.9981 0.0000 -0.0070 -0.6981
0.4805 1.0014 0.0000 -0.0070 -0.6981
0.4805 1.0047 0.0000 -0.0070 -0.6981
0.4805 1.0079 0.0000 -0.0070 -0.6981
0.4805 1.0112 0.0000 -0.0070 -0.6981
0.4805 1.0145 0.0000 -0.0070 -0.6981
0.4805 1.0177 0.0000 -0.0070 -0.6981
0.4805 1.0210 0.0000 -0.0070 -0.6981
0.4805 1.0243 0.0000 -0.0070 -0.6981
0.4805 1.0276 0.0000 -0.0070 -0.6981
0.4805 1.0308 0.0000 -0.0070 -0.6981
0.4805 1.0341 0.0000 -0.0070 -0.6981
0.4805 1.0374 0.0000 -0.0070 -0.6981
0.4805 1.0407 0.0000 -0.0070 -0.6981
0.4805 1.0439 0.0000 -0.0070 -0.6981
0.4805 1.0472 0.0000 -0.0070 -0.6981
0.4805 1.0505 0.0000 -0.0070 -0.6981
0.4805 1.0537 0.0000 -0.0070 -0.6981
0.4805 1.0570 0.0000 -0.0070 -0.6981
0.4805 1.0603 0.0000 -0.0070 -0.6981
0.4805 1.0636 0.0000 -0.0070 -0.6981
0.4805 1.0668 0.0000 -0.0070 -0.6981
0.4805 1.0701 0.0000 -0.0070 -0.6981
0.4805 1.0734 0.0000 -0.0070 -0.6981
0.4805 1.0766 0.0000 -0.0070 -0.6981
0.4805 1.0799 0.0000 -0.0070 -0.6981
0.4805 1.0832 0.0000 -0.0070 -0.6981
0.4805 1.0865 0.0000 -0.0070 -0.6981
0.4805 1.0897 0.0000 -0.0070 -0.6981
0.4805 1.0930 0.0000 -0.0070 -0.6981
0.4805 1.0963 0.0000 -0.0070 -0.6981
0.4805 1.0996 0.0000 -0.0070 -0.6981
0.4805 1.1028 0.0000 -0.0070 -0.6981
0.4805 1.1061 0.0000 -0.0070 -0.6981
0.4805 1.1094 0.0000 -0.0070 -0.6981
0.4805 1.1126 0.0000 -0.0070 -0.6981
0.4805 1.1159 0.0000 -0.0070 -0.6981
0.4805 1.1192 0.0000 -0.0070 -0.6981
0.4805 1.1225 0.0000 -0.0070 -0.6981
0.4805 1.1257 0.0000 -0.0070 -0.6981
0.4805 1.1290 0.0000 -0.0070 -0.6981
0.4805 1.1323 0.0000 -0.0070 -0.6981
0.4805 1.1356 0.0000 -0.0070 -0.6981
0.4805 1.1388 0.0000 -0.0070 -0.6981
0.4805 1.1421 0.0000 -0.0070 -0.6981
0.4805 1.1454 0.0000 -0.0070 -0.6981
0.4805 1.1486 0.0000 -0.0070 -0.6981
0.4805 1.1519 0.0000 -0.0070 -0.6981
0.4805 1.1552 0.0000 -0.0070 -0.6981
0.4805 1.1585 0.0000 -0.0070 -0.6981
0.4805 1.1617 0.0000 -0.0070 -0.6981
0.4805 1.1650 0.0000 -0.0070 -0.6981
0.4805 1.1683 0.0000 -0.0070 -0.6981
0.4805 1.1716 0.0000 -0.0070 -0.6981
0.4805 1.1748 0.0000 -0.0070 -0.6981
0.4805 1.1781 0.0000 -0.0070 -0.6981
0.4805 1.1814 0.0000 -0.0070 -0.6981
0.4805 1.1846 0.0000 -0.0070 -0.6981
0.4805 1.1879 0.0000 -0.0070 -0.6981
0.4805 1.1912 0.0000 -0.0070 -0.6981
0.4805 1.1945 0.0000 -0.0070 -0.6981
0.4805 1.1977 0.0000 -0.0070 -0.6981
0.4805 1.2010 0.0000 -0.0070 -0.6981
0.4805 1.2043 0.0000 -0.0070 -0.6981
0.5005 1.2075 0.0000 -0.0070 -0.6981
0.5005 1.2108 0.0000 -0.0070 -0.6981
0.5005 1.2141 0.0000 -0.0070 -0.6981
0.5005 1.2174 0.0000 -0.0070 -0.6981
0.5005 1.2206 0.0000 -0.0070 -0.6981
0.5005 1.2239 0.0000 -0.0070 -0.6981
0.5005 1.2272 0.0000 -0.0070 -0.6981
0.5005 1.2305 0.0000 -0.0070 -0.6981
0.5005 1.2337 0.0000 -0.0070 -0.6981
0.5005 1.2370 0.0000 -0.0070 -0.6981
0.5005 1.2403 0.0000 -0.0070 -0.6981
0.5005 1.2435 0.0000 -0.0070 -0.6981
0.5005 1.2468 0.0000 -0.0070 -0.6981
0.5005 1.2501 0.0000 -0.0070 -0.6981
0.5005 1.2534 0.0000 -0.0070 -0.6981
0.5005 1.2566 0.0000 -0.0070 -0.6981
0.5005 1.2599 0.0000 -0.0070 -0.6981
0.5005 1.2632 0.0000 -0.0070 -0.6981
0.5005 1.2665 0.0000 -0.0070 -0.6981
0.5005 1.2697 0.0000 -0.0070 -0.6981
0.5005 1.2730 0.0000 -0.0070 -0.6981
0.5005 1.2763 0.0000 -0.0070 -0.6981
0.5005 1.2795 0.0000 -0.0070 -0.6981
0.5005 1.2828 0.0000 -0.0070 -0.6981
0.5005 1.2861 0.0000 -0.0070 -0.6981
0.5005 1.2894 0.0000 -0.0070 -0.6981
0.5005 1.2926 0.0000 -0.0070 -0.6981
0.5005 1.2959 0.0000 -0.0070 -0.6981
0.5005 1.2992 0.0000 -0.0070 -0.6981
0.5005 1.3025 0.0000 -0.0070 -0.6981
0.5005 1.3057 0.0000 -0.0070 -0.6981
0.5005 1.3090 0.0000 -0.0070 -0.6981
0.5005 1.3123 0.0000 -0.0070 -0.6981
0.5005 1.3155 0.0000 -0.0070 -0.6981
0.5005 1.3188 0.0000 -0.0070 -0.6981
0.5005 1.3221 0.0000 -0.0070 -0.6981
0.5005 1.3254 0.0000 -0.0070 -0.6981
0.5005 1.3286 0.0000 -0.0070 -0.6981
0.5005 1.3319 0.0000 -0.0070 -0.6981
0.5005 1.3352 0.0000 -0.0070 -0.6981
0.5005 1.3384 0.0000 -0.0070 -0.6981
0.5005 1.3417 0.0000 -0.0070 -0.6981
0.5005 1.3450 0.0000 -0.0070 -0.6981
0.5005 1.3483 0.0000 -0.0070 -0.6981
0.5005 1.3515 0.0000 -0.0070 -0.6981
0.5005 1.3548 0.0000 -0.0070 -0.6981
0.5005 1.3581 0.0000 -0.0070 -0.6981
0.5005 1.3614 0.0000 -0.0070 -0.6981
0.5005 1.3646 0.0000 -0.0070 -0.6981
0.5005 1.3679 0.0000 -0.0070 -0.6981
0.5005 1.3712 0.0000 -0.0070 -0.6981
0.5005 1.3744 0.0000 -0.0070 -0.6981
0.5005 1.3777 0.0000 -0.0070 -0.6981
0.5005 1.3810 0.0000 -0.0070 -0.6981
0.5005 1.3843 0.0000 -0.0070 -0.6981
0.5005 1.3875 0.0000 -0.0070 -0.6981
0.5005 1.3908 0.0000 -0.0070 -0.6981
0.5005 1.3941 0.0000 -0.0070 -0.6981
0.5005 1.3974 0.0000 -0.0070 -0.6981
0.5005 1.4006 0.0000 -0.0070 -0.6981
0.5005 1.4039 0.0000 -0.0070 -0.6981
0.5005 1.4072 0.0000 -0.0070 -0.6981
0.5005 1.4104 0.0000 -0.0070 -0.6981
0.5005 1.4137 0.0000 -0.0070 -0.6981
0.5005 1.4170 0.0000 -0.0070 -0.6981
0.5005 1.4203 0.0000 -0.0070 -0.6981
0.5005 1.4235 0.0000 -0.0070 -0.6981
0.5005 1.4268 0.0000 -0.0070 -0.6981
0.5005 1.4301 0.0000 -0.0070 -0.6981
0.5005 1.4334 0.0000 -0.0070 -0.6981
0.5005 1.4366 0.0000 -0.0070 -0.6981
0.5005 1.4399 0.0000 -0.0070 -0.6981
0.5005 1.4432 0.0000 -0.0070 -0.6981
0.5005 1.4464 0.0000 -0.0070 -0.6981
0.5005 1.4497 0.0000 -0.0070 -0.6981
0.5005 1.4530 0.0000 -0.0070 -0.6981
0.5005 1.4563 0.0000 -0.0070 -0.6981
0.5005 1.4595 0.0000 -0.0070 -0.6981
0.5005 1.4628 0.0000 -0.0070 -0.6981
0.5005 1.4661 0.0000 -0.0070 -0.6981
0.5005 1.4693 0.0000 -0.0070 -0.6981
0.5005 1.4726 0.0000 -0.0070 -0.6981
0.5005 1.4759 0.0000 -0.0070 -0.6981
0.5005 1.4792 0.0000 -0.0070 -0.6981
0.5005 1.4824 0.0000 -0.0070 -0.6981
0.5005 1.4857 0.0000 -0.0070 -0.6981
0.5005 1.4890 0.0000 -0.0070 -0.6981
0.5005 1.4923 0.0000 -0.0070 -0.6981
0.5005 1.4955 0.0000 -0.0070 -0.6981
0.5005 1.4988 0.0000 -0.0070 -0.6981
0.5005 1.5021 0.0000 -0.0070 -0.6981
0.5005 1.5053 0.0000 -0.0070 -0.6981
0.5005 1.5086 0.0000 -0.0070 -0.6981
0.5005 1.5119 0.0000 -0.0070 -0.6981
0.5005 1.5152 0.0000 -0.0070 -0.6981
0.5005 1.5184 0.0000 -0.0070 -0.6981
0.5005 1.5217 0.0000 -0.0070 -0.6981
0.5005 1.5250 0.0000 -0.0070 -0.6981
0.5005 1.5283 0.0000 -0.0070 -0.6981
0.5005 1.5315 0.0000 -0.0070 -0.6981
0.5005 1.5348 0.0000 -0.0070 -0.6981
0.5005 1.5381 0.0000 -0.0070 -0.6981
0.5005 1.5413 0.0000 -0.0070 -0.6981
0.5005 1.5446 0.0000 -0.0070 -0.6981
0.5005 1.5479 0.0000 -0.0070 -0.6981
0.5005 1.5512 0.0000 -0.0070 -0.6981
0.5005 1.5544 0.0000 -0.0070 -0.6981
0.5005 1.5577 0.0000 -0.0070 -0.6981
0.5005 1.5610 0.0000 -0.0070 -0.6981
0.5005 1.5643 0.0000 -0.0070 -0.6981
0.5005 1.5675 0.0000 -0.0070 -0.6981
0.5005 1.5708 0.0000 -0.0070 -0.6981
0.5005 1.5741 0.0000 -0.0070 -0.6981
0.5005 1.5763 0.0000 -0.0070 -0.6981
0.5005 1.5764 0.0000 -0.0070 -0.6981
0.5005 1.5762 0.0000 -0.0070 -0.6981
0.5005 1.5762 0.0000 -0.0070 -0.6981
0.5005 1.5764 0.0000 -0.0070 -0.6981
0.5005 1.5764 0.0000 -0.0070 -0.6981
0.5005 1.5762 0.0000 -0.0070 -0.6981
0.5005 1.5760 0.0000 -0.0070 -0.6981
0.5005 1.5761 0.0000 -0.0070 -0.6981
0.5005 1.5762 0.0000 -0.0070 -0.6981
0.5005 1.5763 0.0000 -0.0070 -0.6981
0.5005 1.5764 0.0000 -0.0070 -0.6981
0.5005 1.5766 0.0000 -0.0070 -0.6981
0.5005 1.5765 0.0000 -0.0070 -0.6981
0.5005 1.5766 0.0000 -0.0070 -0.6981
0.5005 1.5767 0.0000 -0.0070 -0.6981
0.5005 1.5767 0.0000 -0.0070 -0.6981
0.5005 1.5766 0.0000 -0.0070 -0.6981
0.5005 1.5766 0.0000 -0.0070 -0.6981
0.5005 1.5766 0.0000 -0.0070 -0.6981
0.5005 1.5766 0.0000 -0.0070 -0.6981
0.5005 1.5765 0.0000 -0.0070 -0.6981
0.5005 1.5765 0.0000 -0.0070 -0.6981
0.5005 1.5765 0.0000 -0.0070 -0.6981
0.5005 1.5766 0.0000 -0.0070 -0.6981
0.5005 1.5764 0.0000 -0.0070 -0.6981
0.5005 1.5765 0.0000 -0.0070 -0.6981
0.5005 1.5765 0.0000 -0.0070 -0.6981
0.5005 1.5767 0.0000 -0.0070 -0.6981
0.5005 1.5768 0.0000 -0.0070 -0.6981
0.5005 1.5769 0.0000 -0.0070 -0.6981
0.5005 1.5769 0.0000 -0.0070 -0.6981
0.5005 1.5769 0.0000 -0.0070 -0.6981
0.5005 1.5770 0.0000 -0.0070 -0.6981
0.5005 1.5769 0.0000 -0.0070 -0.6981
0.5005 1.5768 0.0000 -0.0070 -0.6981
0.5005 1.5767 0.0000 -0.0070 -0.6981
0.5005 1.5764 0.0000 -0.0070 -0.6981
0.5005 1.5762 0.0000 -0.0070 -0.6981
0.5005 1.5760 0.0000 -0.0070 -0.6981
0.5005 1.5757 0.0000 -0.0070 -0.6981
0.5005 1.5755 0.0000 -0.0070 -0.6981
0.5005 1.5753 0.0000 -0.0070 -0.6981
0.5005 1.5750 0.0000 -0.0070 -0.6981
0.5005 1.5747 0.0000 -0.0070 -0.6981
0.5005 1.5744 0.0000 -0.0070 -0.6981
0.5005 1.5741 0.0000 -0.0070 -0.6981
0.5005 1.5739 0.0000 -0.0070 -0.6981
0.5005 1.5736 0.0000 -0.0070 -0.6981
0.5005 1.5734 0.0000 -0.0070 -0.6981
0.5005 1.5732 0.0000 -0.0070 -0.6981
0.5005 1.5732 0.0000 -0.0070 -0.6981
0.5005 1.5730 0.0000 -0.0070 -0.6981
0.5005 1.5729 0.0000 -0.0070 -0.6981
0.5005 1.5729 0.0000 -0.0070 -0.6981
0.5005 1.5728 0.0000 -0.0070 -0.6981
0.5005 1.5727 0.0000 -0.0070 -0.6981
0.5005 1.5727 0.0000 -0.0070 -0.6981
0.5005 1.5727 0.0000 -0.0070 -0.6981
0.5005 1.5726 0.0000 -0.0070 -0.6981
0.5005 1.5727 0.0000 -0.0070 -0.6981
0.5005 1.5727 0.0000 -0.0070 -0.6981
0.5005 1.5727 0.0000 -0.0070 -0.6981
0.5005 1.5727 0.0000 -0.0070 -0.6981
0.5005 1.5727 0.0000 -0.0070 -0.6981
0.5205 1.5727 0.0000 -0.0070 -0.6981
0.5205 1.5726 0.0000 -0.0070 -0.6981
0.5205 1.5727 0.0000 -0.0070 -0.6981
0.5205 1.5726 0.0000 -0.0070 -0.6981
0.5205 1.5726 0.0000 -0.0070 -0.6981
0.5205 1.5726 0.0000 -0.0070 -0.6981
0.5205 1.5726 0.0000 -0.0070 -0.6981
0.5205 1.5725 0.0000 -0.0070 -0.6981
0.5205 1.5725 0.0000 -0.0070 -0.6981
0.5205 1.5725 0.0000 -0.0070 -0.6981
0.5205 1.5724 0.0000 -0.0070 -0.6981
0.5205 1.5723 0.0000 -0.0070 -0.6981
0.5205 1.5722 0.0000 -0.0070 -0.6981
0.5205 1.5722 0.0000 -0.0070 -0.6981
0.5205 1.5720 0.0000 -0.0070 -0.6981
0.5205 1.5719 0.0000 -0.0070 -0.6981
0.5205 1.5717 0.0000 -0.0070 -0.6981
0.5205 1.5714 0.0000 -0.0070 -0.6981
0.5205 1.5712 0.0000 -0.0070 -0.6981
0.5205 1.5708 0.0000 -0.0070 -0.6981
0.5205 1.5706 0.0000 -0.0070 -0.6981
0.5205 1.5702 0.0000 -0.0070 -0.6981
0.5205 1.5700 0.0000 -0.0070 -0.6981
0.5205 1.5697 0.0000 -0.0070 -0.6981
0.5205 1.5695 0.0000 -0.0070 -0.6981
0.5205 1.5693 0.0000 -0.0070 -0.6981
0.5205 1.5691 0.0000 -0.0070 -0.6981
0.5205 1.5690 0.0000 -0.0070 -0.6981
0.5205 1.5690 0.0000 -0.0070 -0.6981
0.5205 1.5690 0.0000 -0.0070 -0.6981
0.5205 1.5689 0.0000 -0.0070 -0.6981
0.5205 1.5689 0.0000 -0.0070 -0.6981
0.5205 1.5687 0.0000 -0.0070 -0.6981
0.5205 1.5685 0.0000 -0.0070 -0.6981
0.5205 1.5682 0.0000 -0.0070 -0.6981
0.5205 1.5679 0.0000 -0.0070 -0.6981
0.5205 1.5675 0.0000 -0.0070 -0.6981
0.5205 1.5671 0.0000 -0.0070 -0.6981
0.5205 1.5668 0.0000 -0.0070 -0.6981
0.5205 1.5664 0.0000 -0.0070 -0.6981
0.5205 1.5662 0.0000 -0.0070 -0.6981
0.5205 1.5660 0.0000 -0.0070 -0.6981
0.5205 1.5659 0.0000 -0.0070 -0.6981
0.5205 1.5658 0.0000 -0.0070 -0.6981
0.5205 1.5657 0.0000 -0.0070 -0.6981
0.5205 1.5656 0.0000 -0.0070 -0.6981
0.5205 1.5656 0.0000 -0.0070 -0.6981
0.5205 1.5656 0.0000 -0.0070 -0.6981
0.5205 1.5655 0.0000 -0.0070 -0.6981
0.5205 1.5654 0.0000 -0.0070 -0.6981
0.5205 1.5653 0.0000 -0.0070 -0.6981
0.5205 1.5652 0.0000 -0.0070 -0.6981
0.5205 1.5650 0.0000 -0.0070 -0.6981
0.5205 1.5649 0.0000 -0.0070 -0.6981
0.5205 1.5648 0.0000 -0.0070 -0.6981
0.5205 1.5647 0.0000 -0.0070 -0.6981
0.5205 1.5646 0.0000 -0.0070 -0.6981
0.5205 1.5645 0.0000 -0.0070 -0.6981
0.5205 1.5645 0.0000 -0.0070 -0.6949
0.5205 1.5644 0.0000 -0.0070 -0.6916
0.5205 1.5643 0.0000 -0.0070 -0.6883
0.5205 1.5643 0.0000 -0.0070 -0.6850
0.5205 1.5643 0.0000 -0.0070 -0.6818
0.5205 1.5642 0.0000 -0.0070 -0.6785
0.5205 1.5641 0.0000 -0.0070 -0.6752
0.5205 1.5640 0.0000 -0.0070 -0.6720
0.5205 1.5638 0.0000 -0.0070 -0.6687
0.5205 1.5638 0.0000 -0.0070 -0.6654
0.5205 1.5637 0.0000 -0.0070 -0.6621
0.5205 1.5637 0.0000 -0.0070 -0.6589
0.5205 1.5637 0.0000 -0.0070 -0.6556
0.5205 1.5636 0.0000 -0.0070 -0.6523
0.5205 1.5636 0.0000 -0.0070 -0.6490
0.5205 1.5635 0.0000 -0.0070 -0.6458
0.5205 1.5635 0.0000 -0.0070 -0.6425
0.5205 1.5635 0.0000 -0.0070 -0.6392
0.5205 1.5635 0.0000 -0.0070 -0.6360
0.5205 1.5634 0.0000 -0.0070 -0.6327
0.5205 1.5633 0.0000 -0.0070 -0.6294
0.5205 1.5633 0.0000 -0.0070 -0.6261
0.5205 1.5633 0.0000 -0.0070 -0.6229
0.5205 1.5632 0.0000 -0.0070 -0.6196
0.5205 1.5632 -0.0033 -0.0070 -0.6163
0.5205 1.5632 -0.0065 -0.0070 -0.6130
0.5205 1.5632 -0.0098 -0.0070 -0.6098
0.5205 1.5632 -0.0131 -0.0070 -0.6065
0.5205 1.5632 -0.0164 -0.0070 -0.6032
0.5205 1.5632 -0.0196 -0.0070 -0.6000
0.5205 1.5632 -0.0229 -0.0070 -0.5967
0.5205 1.5632 -0.0262 -0.0070 -0.5934
0.5205 1.5632 -0.0295 -0.0070 -0.5901
0.5205 1.5632 -0.0327 -0.0070 -0.5869
0.5205 1.5632 -0.0360 -0.0070 -0.5836
0.5205 1.5632 -0.0393 -0.0070 -0.5803
0.5205 1.5632 -0.0425 -0.0070 -0.5770
0.5205 1.5632 -0.0458 -0.0070 -0.5738
0.5205 1.5632 -0.0491 -0.0070 -0.5705
0.5205 1.5632 -0.0524 -0.0070 -0.5672
0.5205 1.5632 -0.0556 -0.0070 -0.5640
0.5205 1.5632 -0.0589 -0.0070 -0.5607
0.5205 1.5632 -0.0622 -0.0070 -0.5574
0.5205 1.5632 -0.0654 -0.0070 -0.5541
0.5205 1.5632 -0.0687 -0.0070 -0.5509
0.5205 1.5632 -0.0720 -0.0070 -0.5476
0.5205 1.5632 -0.0753 -0.0070 -0.5443
0.5205 1.5632 -0.0785 -0.0070 -0.5411
0.5205 1.5632 -0.0818 -0.0070 -0.5378
0.5205 1.5632 -0.0851 -0.0070 -0.5345
0.5205 1.5632 -0.0884 -0.0070 -0.5312
0.5205 1.5632 -0.0916 -0.0070 -0.5280
0.5205 1.5632 -0.0949 -0.0070 -0.5247
0.5205 1.5632 -0.0982 -0.0070 -0.5214
0.5205 1.5632 -0.1014 -0.0070 -0.5181
0.5205 1.5632 -0.1047 -0.0070 -0.5149
0.5205 1.5632 -0.1080 -0.0070 -0.5116
0.5205 1.5632 -0.1113 -0.0070 -0.5083
0.5205 1.5632 -0.1145 -0.0070 -0.5051
0.5205 1.5632 -0.1178 -0.0070 -0.5018
0.5205 1.5632 -0.1211 -0.0070 -0.4985
0.5205 1.5632 -0.1244 -0.0070 -0.4952
0.5205 1.5632 -0.1276 -0.0070 -0.4920
0.5205 1.5632 -0.1309 -0.0070 -0.4887
0.5205 1.5632 -0.1342 -0.0070 -0.4854
0.5205 1.5632 -0.1374 -0.0070 -0.4821
0.5205 1.5632 -0.1407 -0.0070 -0.4789
0.5205 1.5632 -0.1440 -0.0070 -0.4756
0.5205 1.5632 -0.1473 -0.0070 -0.4723
0.5205 1.5632 -0.1505 -0.0070 -0.4691
0.5205 1.5632 -0.1538 -0.0070 -0.4658
0.5205 1.5632 -0.1571 -0.0070 -0.4625
0.5205 1.5632 -0.1604 -0.0070 -0.4592
0.5205 1.5632 -0.1636 -0.0070 -0.4560
0.5205 1.5632 -0.1669 -0.0070 -0.4527
0.5205 1.5632 -0.1702 -0.0070 -0.4494
0.5205 1.5632 -0.1734 -0.0070 -0.4461
0.5205 1.5632 -0.1767 -0.0070 -0.4429
0.5205 1.5632 -0.1800 -0.0070 -0.4396
0.5205 1.5632 -0.1833 -0.0070 -0.4363
0.5205 1.5632 -0.1865 -0.0070 -0.4331
0.5205 1.5632 -0.1898 -0.0070 -0.4298
0.5205 1.5632 -0.1931 -0.0070 -0.4265
0.5205 1.5632 -0.1963 -0.0070 -0.4232
0.5205 1.5632 -0.1996 -0.0070 -0.4200
0.5205 1.5632 -0.2029 -0.0070 -0.4167
0.5205 1.5632 -0.2062 -0.0070 -0.4134
0.5205 1.5632 -0.2094 -0.0070 -0.4102
0.5205 1.5632 -0.2127 -0.0070 -0.4069
0.5205 1.5632 -0.2160 -0.0070 -0.4036
0.5205 1.5632 -0.2193 -0.0070 -0.4003
0.5205 1.5632 -0.2225 -0.0070 -0.3971
0.5205 1.5632 -0.2258 -0.0070 -0.3938
0.5205 1.5632 -0.2291 -0.0070 -0.3905
0.5205 1.5632 -0.2323 -0.0070 -0.3872
0.5205 1.5632 -0.2356 -0.0070 -0.3840
0.5205 1.5632 -0.2389 -0.0070 -0.3807
0.5205 1.5632 -0.2422 -0.0070 -0.3774
0.5205 1.5632 -0.2454 -0.0070 -0.3742
0.5205 1.5632 -0.2487 -0.0070 -0.3709
0.5205 1.5632 -0.2520 -0.0070 -0.3676
0.5205 1.5632 -0.2553 -0.0070 -0.3643
0.5205 1.5632 -0.2585 -0.0070 -0.3611
0.5205 1.5632 -0.2618 -0.0070 -0.3578
0.5205 1.5632 -0.2651 -0.0070 -0.3545
0.5205 1.5632 -0.2683 -0.0070 -0.3512
0.5205 1.5632 -0.2716 -0.0070 -0.3480
0.5205 1.5632 -0.2749 -0.0070 -0.3447
0.5205 1.5632 -0.2782 -0.0070 -0.3414
0.5205 1.5632 -0.2814 -0.0070 -0.3382
0.5205 1.5632 -0.2847 -0.0070 -0.3349
0.5205 1.5632 -0.2880 -0.0070 -0.3316
0.5205 1.5632 -0.2913 -0.0070 -0.3283
0.5205 1.5632 -0.2945 -0.0070 -0.3251
0.5205 1.5632 -0.2978 -0.0070 -0.3218
0.5205 1.5632 -0.3011 -0.0070 -0.3185
0.5205 1.5632 -0.3043 -0.0070 -0.3153
0.5205 1.5632 -0.3076 -0.0070 -0.3120
0.5205 1.5632 -0.3109 -0.0070 -0.3087
0.5205 1.5632 -0.3142 -0.0070 -0.3054
0.5205 1.5632 -0.3174 -0.0070 -0.3022
0.5205 1.5632 -0.3207 -0.0070 -0.2989
0.5205 1.5632 -0.3240 -0.0070 -0.2956
0.5205 1.5632 -0.3272 -0.0070 -0.2923
0.5205 1.5632 -0.3305 -0.0070 -0.2891
0.5205 1.5632 -0.3338 -0.0070 -0.2858
0.5205 1.5632 -0.3371 -0.0070 -0.2825
0.5205 1.5632 -0.3403 -0.0070 -0.2793
0.5205 1.5632 -0.3436 -0.0070 -0.2760
0.5205 1.5632 -0.3469 -0.0070 -0.2727
0.5205 1.5632 -0.3502 -0.0070 -0.2694
0.5205 1.5632 -0.3534 -0.0070 -0.2662
0.5205 1.5632 -0.3567 -0.0070 -0.2629
0.5205 1.5632 -0.3600 -0.0070 -0.2596
0.5205 1.5632 -0.3632 -0.0070 -0.2563
0.5205 1.5632 -0.3665 -0.0070 -0.2531
0.5205 1.5632 -0.3698 -0.0070 -0.2498
0.5205 1.5632 -0.3731 -0.0070 -0.2465
0.5205 1.5632 -0.3763 -0.0070 -0.2433
0.5205 1.5632 -0.3796 -0.0070 -0.2400
0.5205 1.5632 -0.3829 -0.0070 -0.2367
0.5205 1.5632 -0.3862 -0.0070 -0.2334
0.5205 1.5632 -0.3894 -0.0070 -0.2302
0.5205 1.5632 -0.3927 -0.0070 -0.2269
0.5205 1.5632 -0.3960 -0.0070 -0.2236
0.5205 1.5632 -0.3992 -0.0070 -0.2203
0.5205 1.5632 -0.4025 -0.0070 -0.2171
0.5205 1.5632 -0.4058 -0.0070 -0.2138
0.5205 1.5632 -0.4091 -0.0070 -0.2105
0.5205 1.5632 -0.4123 -0.0070 -0.2073
0.5205 1.5632 -0.4156 -0.0070 -0.2040
0.5205 1.5632 -0.4189 -0.0070 -0.2007
0.5205 1.5632 -0.4222 -0.0070 -0.1974
0.5205 1.5632 -0.4254 -0.0070 -0.1942
0.5205 1.5632 -0.4287 -0.0070 -0.1909
0.5205 1.5632 -0.4320 -0.0070 -0.1876
0.5205 1.5632 -0.4352 -0.0070 -0.1844
0.5205 1.5632 -0.4385 -0.0070 -0.1811
0.5205 1.5632 -0.4418 -0.0070 -0.1778
0.5205 1.5632 -0.4451 -0.0070 -0.1745
0.5205 1.5632 -0.4483 -0.0070 -0.1713
0.5205 1.5632 -0.4516 -0.0070 -0.1680
0.5205 1.5632 -0.4549 -0.0070 -0.1647
0.5205 1.5632 -0.4581 -0.0070 -0.1614
0.5205 1.5632 -0.4614 -0.0070 -0.1582
0.5205 1.5632 -0.4647 -0.0070 -0.1549
0.5205 1.5632 -0.4680 -0.0070 -0.1516
0.5336 1.5632 -0.4712 -0.0070 -0.1484
0.5336 1.5632 -0.4745 -0.0070 -0.1451
0.5336 1.5632 -0.4778 -0.0070 -0.1418
0.5336 1.5632 -0.4811 -0.0037 -0.1385
0.5336 1.5632 -0.4843 -0.0004 -0.1353
0.5336 1.5632 -0.4876 0.0028 -0.1320
0.5336 1.5632 -0.4909 0.0061 -0.1287
0.5336 1.5632 -0.4941 0.0094 -0.1254
0.5336 1.5632 -0.4974 0.0126 -0.1222
0.5336 1.5632 -0.5007 0.0159 -0.1189
0.5336 1.5632 -0.5040 0.0192 -0.1156
0.5336 1.5632 -0.5072 0.0225 -0.1124
0.5336 1.5632 -0.5105 0.0257 -0.1091
0.5336 1.5632 -0.5138 0.0290 -0.1058
0.5336 1.5632 -0.5171 0.0323 -0.1025
0.5336 1.5632 -0.5203 0.0356 -0.0993
0.5336 1.5632 -0.5236 0.0388 -0.0960
0.5336 1.5632 -0.5269 0.0421 -0.0927
0.5336 1.5632 -0.5301 0.0454 -0.0894
0.5336 1.5632 -0.5334 0.0486 -0.0862
0.5336 1.5632 -0.5367 0.0519 -0.0829
0.5336 1.5632 -0.5400 0.0552 -0.0796
0.5336 1.5632 -0.5432 0.0585 -0.0764
0.5336 1.5632 -0.5465 0.0617 -0.0731
0.5336 1.5632 -0.5498 0.0650 -0.0698
0.5336 1.5632 -0.5531 0.0683 -0.0665
0.5336 1.5632 -0.5563 0.0716 -0.0633
0.5336 1.5632 -0.5596 0.0748 -0.0600
0.5336 1.5632 -0.5629 0.0781 -0.0567
0.5336 1.5632 -0.5661 0.0814 -0.0535
0.5336 1.5632 -0.5694 0.0846 -0.0502
0.5336 1.5632 -0.5727 0.0879 -0.0469
0.5336 1.5632 -0.5760 0.0912 -0.0436
0.5336 1.5632 -0.5792 0.0945 -0.0404
0.5336 1.5632 -0.5825 0.0977 -0.0371
0.5336 1.5632 -0.5858 0.1010 -0.0338
0.5336 1.5632 -0.5890 0.1043 -0.0305
0.5336 1.5632 -0.5923 0.1076 -0.0273
0.5336 1.5632 -0.5956 0.1108 -0.0240
0.5336 1.5632 -0.5989 0.1141 -0.0207
0.5336 1.5632 -0.6021 0.1174 -0.0175
0.5336 1.5632 -0.6054 0.1206 -0.0142
0.5336 1.5632 -0.6087 0.1239 -0.0109
0.5336 1.5632 -0.6120 0.1272 -0.0076
0.5336 1.5632 -0.6152 0.1305 -0.0044
0.5336 1.5632 -0.6185 0.1337 -0.0011
0.5336 1.5632 -0.6218 0.1370 0.0000
0.5336 1.5632 -0.6250 0.1403 0.0000
0.5336 1.5632 -0.6283 0.1435 0.0000
0.5336 1.5632 -0.6316 0.1468 0.0000
0.5336 1.5632 -0.6349 0.1501 0.0000
0.5336 1.5632 -0.6381 0.1534 0.0000
0.5336 1.5632 -0.6414 0.1566 0.0000
0.5336 1.5632 -0.6447 0.1599 0.0000
0.5336 1.5632 -0.6480 0.1632 0.0000
0.5336 1.5632 -0.6512 0.1665 0.0000
0.5336 1.5632 -0.6545 0.1697 0.0000
0.5336 1.5632 -0.6578 0.1730 0.0000
0.5336 1.5632 -0.6610 0.1763 0.0000
0.5336 1.5632 -0.6643 0.1795 0.0000
0.5336 1.5632 -0.6676 0.1828 0.0000
0.5336 1.5632 -0.6709 0.1861 0.0000
0.5336 1.5632 -0.6741 0.1894 0.0000
0.5336 1.5632 -0.6774 0.1926 0.0000
0.5336 1.5632 -0.6807 0.1959 0.0000
0.5336 1.5632 -0.6840 0.1992 0.0000
0.5336 1.5632 -0.6872 0.2025 0.0000
0.5336 1.5632 -0.6905 0.2057 0.0000
0.5336 1.5632 -0.6938 0.2090 0.0000
0.5336 1.5632 -0.6970 0.2123 0.0000
0.5336 1.5632 -0.7003 0.2155 0.0000
0.5336 1.5632 -0.7036 0.2188 0.0000
0.5336 1.5632 -0.7069 0.2221 0.0000
0.5336 1.5632 -0.7101 0.2254 0.0000
0.5336 1.5632 -0.7134 0.2286 0.0000
0.5336 1.5632 -0.7167 0.2319 0.0000
0.5336 1.5632 -0.7199 0.2352 0.0000
0.5336 1.5632 -0.7232 0.2385 0.0000
0.5336 1.5632 -0.7265 0.2417 0.0000
0.5336 1.5632 -0.7298 0.2450 0.0000
0.5336 1.5632 -0.7330 0.2483 0.0000
0.5336 1.5632 -0.7363 0.2515 0.0000
0.5336 1.5632 -0.7396 0.2548 0.0000
0.5336 1.5632 -0.7429 0.2581 0.0000
0.5336 1.5632 -0.7461 0.2614 0.0000
0.5336 1.5632 -0.7494 0.2646 0.0000
0.5336 1.5632 -0.7527 0.2679 0.0000
0.5336 1.5632 -0.7559 0.2712 0.0000
0.5336 1.5632 -0.7592 0.2744 0.0000
0.5336 1.5632 -0.7625 0.2777 0.0000
0.5336 1.5632 -0.7658 0.2810 0.0000
0.5336 1.5632 -0.7690 0.2843 0.0000
0.5336 1.5632 -0.7723 0.2875 0.0000
0.5336 1.5632 -0.7756 0.2908 0.0000
0.5336 1.5632 -0.7789 0.2941 0.0000
0.5336 1.5632 -0.7821 0.2974 0.0000
0.5336 1.5632 -0.7854 0.3006 0.0000
0.5336 1.5632 -0.7887 0.3039 0.0000
0.5336 1.5632 -0.7919 0.3072 0.0000
0.5336 1.5632 -0.7952 0.3104 0.0000
0.5336 1.5632 -0.7985 0.3137 0.0000
0.5336 1.5632 -0.8018 0.3170 0.0000
0.5336 1.5632 -0.8050 0.3203 0.0000
0.5336 1.5632 -0.8083 0.3235 0.0000
0.5336 1.5632 -0.8116 0.3268 0.0000
0.5336 1.5632 -0.8149 0.3301 0.0000
0.5336 1.5632 -0.8181 0.3334 0.0000
0.5336 1.5632 -0.8214 0.3366 0.0000
0.5336 1.5632 -0.8247 0.3399 0.0000
0.5336 1.5632 -0.8279 0.3432 0.0000
0.5336 1.5632 -0.8312 0.3464 0.0000
0.5336 1.5632 -0.8345 0.3497 0.0000
0.5336 1.5632 -0.8378 0.3530 0.0000
0.5336 1.5632 -0.8410 0.3563 0.0000
0.5336 1.5632 -0.8443 0.3595 0.0000
0.5336 1.5632 -0.8476 0.3628 0.0000
0.5336 1.5632 -0.8508 0.3661 0.0000
0.5336 1.5632 -0.8541 0.3694 0.0000
0.5336 1.5632 -0.8574 0.3726 0.0000
0.5336 1.5632 -0.8607 0.3759 0.0000
0.5336 1.5632 -0.8639 0.3792 0.0000
0.5336 1.5632 -0.8672 0.3824 0.0000
0.5336 1.5632 -0.8705 0.3857 0.0000
0.5336 1.5632 -0.8738 0.3890 0.0000
0.5336 1.5632 -0.8770 0.3923 0.0000
0.5336 1.5632 -0.8803 0.3955 0.0000
0.5336 1.5632 -0.8836 0.3988 0.0000
0.5336 1.5632 -0.8868 0.4021 0.0000
0.5336 1.5632 -0.8901 0.4053 0.0000
0.5336 1.5632 -0.8934 0.4086 0.0000
0.5336 1.5632 -0.8967 0.4119 0.0000
0.5336 1.5632 -0.8999 0.4152 0.0000
0.5336 1.5632 -0.9032 0.4184 0.0000
0.5336 1.5632 -0.9065 0.4217 0.0000
0.5336 1.5632 -0.9098 0.4250 0.0000
0.5336 1.5632 -0.9130 0.4283 0.0000
0.5336 1.5632 -0.9163 0.4315 0.0000
0.5336 1.5632 -0.9196 0.4348 0.0000
0.5336 1.5632 -0.9228 0.4381 0.0000
0.5336 1.5632 -0.9261 0.4413 0.0000
0.5336 1.5632 -0.9294 0.4446 0.0000
0.5336 1.5632 -0.9327 0.4479 0.0000
0.5336 1.5632 -0.9359 0.4512 0.0000
0.5336 1.5632 -0.9392 0.4544 0.0000
0.5336 1.5632 -0.9425 0.4577 0.0000
0.5336 1.5632 -0.9458 0.4610 0.0000
0.5336 1.5632 -0.9490 0.4643 0.0000
0.5336 1.5632 -0.9523 0.4675 0.0000
0.5336 1.5632 -0.9556 0.4708 0.0000
0.5336 1.5632 -0.9588 0.4741 0.0000
0.5336 1.5632 -0.9621 0.4773 0.0000
0.5336 1.5632 -0.9654 0.4806 0.0000
0.5336 1.5632 -0.9687 0.4839 0.0000
0.5336 1.5632 -0.9719 0.4872 0.0000
0.5336 1.5632 -0.9752 0.4904 0.0000
0.5336 1.5632 -0.9785 0.4937 0.0000
0.5336 1.5632 -0.9817 0.4970 0.0000
0.5336 1.5632 -0.9850 0.5003 0.0000
0.5336 1.5632 -0.9883 0.5035 0.0000
0.5336 1.5632 -0.9916 0.5068 0.0000
0.5336 1.5632 -0.9948 0.5101 0.0000
0.5336 1.5632 -0.9981 0.5133 0.0000
0.5336 1.5632 -1.0014 0.5166 0.0000
0.5336 1.5632 -1.0047 0.5199 0.0000
0.5336 1.5632 -1.0079 0.5232 0.0000
0.5336 1.5632 -1.0112 0.5264 0.0000
0.5336 1.5632 -1.0145 0.5297 0.0000
0.5336 1.5632 -1.0177 0.5330 0.0000
0.5336 1.5632 -1.0210 0.5362 0.0000
0.5336 1.5632 -1.0243 0.5395 0.0000
0.5336 1.5632 -1.0276 0.5428 0.0000
0.5336 1.5632 -1.0308 0.5461 0.0000
0.5336 1.5632 -1.0341 0.5493 0.0000
0.5336 1.5632 -1.0374 0.5526 0.0000
0.5336 1.5632 -1.0407 0.5559 0.0000
0.5336 1.5632 -1.0439 0.5592 0.0000
0.5336 1.5632 -1.0472 0.5624 0.0000
0.5336 1.5632 -1.0505 0.5657 0.0000
0.5336 1.5632 -1.0537 0.5690 0.0000
0.5336 1.5632 -1.0570 0.5722 0.0000
0.5336 1.5632 -1.0603 0.5755 0.0000
0.5336 1.5632 -1.0636 0.5788 0.0000
0.5336 1.5632 -1.0668 0.5821 0.0000
0.5467 1.5632 -1.0701 0.5853 0.0000
0.5467 1.5632 -1.0734 0.5886 0.0000
0.5467 1.5632 -1.0766 0.5919 0.0000
0.5467 1.5632 -1.0799 0.5952 0.0000
0.5467 1.5632 -1.0832 0.5984 0.0000
0.5467 1.5632 -1.0865 0.6017 0.0000
0.5467 1.5632 -1.0897 0.6050 0.0000
0.5467 1.5632 -1.0930 0.6082 0.0000
0.5467 1.5632 -1.0963 0.6115 0.0000
0.5467 1.5632 -1.0996 0.6148 0.0000
0.5467 1.5632 -1.1028 0.6181 0.0000
0.5467 1.5632 -1.1061 0.6213 0.0000
0.5467 1.5632 -1.1094 0.6246 0.0000
0.5467 1.5632 -1.1126 0.6279 0.0000
0.5467 1.5632 -1.1159 0.6312 0.0000
0.5467 1.5632 -1.1192 0.6344 0.0000
0.5467 1.5632 -1.1225 0.6377 0.0000
0.5467 1.5632 -1.1257 0.6410 0.0000
0.5467 1.5632 -1.1290 0.6442 0.0000
0.5467 1.5632 -1.1323 0.6475 0.0000
0.5467 1.5632 -1.1356 0.6508 0.0000
0.5467 1.5632 -1.1388 0.6541 0.0000
0.5467 1.5632 -1.1421 0.6573 0.0000
0.5467 1.5632 -1.1454 0.6606 0.0000
0.5467 1.5632 -1.1486 0.6639 0.0000
0.5467 1.5632 -1.1519 0.6671 0.0000
0.5467 1.5632 -1.1552 0.6704 0.0000
0.5467 1.5632 -1.1585 0.6737 0.0000
0.5467 1.5632 -1.1617 0.6770 0.0000
0.5467 1.5632 -1.1650 0.6802 0.0000
0.5467 1.5632 -1.1683 0.6835 0.0000
0.5467 1.5632 -1.1716 0.6868 0.0000
0.5467 1.5632 -1.1748 0.6901 0.0000
0.5467 1.5632 -1.1781 0.6933 0.0000
0.5467 1.5632 -1.1814 0.6966 0.0000
0.5467 1.5632 -1.1846 0.6999 0.0000
0.5467 1.5632 -1.1879 0.7031 0.0000
0.5467 1.5632 -1.1912 0.7064 0.0000
0.5467 1.5632 -1.1945 0.7097 0.0000
0.5467 1.5632 -1.1977 0.7130 0.0000
0.5467 1.5632 -1.2010 0.7162 0.0000
0.5467 1.5632 -1.2043 0.7195 0.0000
0.5467 1.5632 -1.2075 0.7228 0.0000
0.5467 1.5632 -1.2108 0.7261 0.0000
0.5467 1.5632 -1.2141 0.7293 0.0000
0.5467 1.5632 -1.2174 0.7326 0.0000
0.5467 1.5632 -1.2206 0.7359 0.0000
0.5467 1.5632 -1.2217 0.7391 0.0000
0.5467 1.5632 -1.2217 0.7424 0.0000
0.5467 1.5632 -1.2217 0.7457 0.0000
0.5467 1.5632 -1.2217 0.7490 0.0000
0.5467 1.5632 -1.2217 0.7522 0.0000
0.5467 1.5632 -1.2217 0.7555 0.0000
0.5467 1.5632 -1.2217 0.7588 0.0000
0.5467 1.5632 -1.2217 0.7621 0.0000
0.5467 1.5632 -1.2217 0.7653 0.0000
0.5467 1.5632 -1.2217 0.7686 0.0000
0.5467 1.5632 -1.2217 0.7719 0.0000
0.5467 1.5632 -1.2217 0.7751 0.0000
0.5467 1.5632 -1.2217 0.7784 0.0000
0.5467 1.5632 -1.2217 0.7817 0.0000
0.5467 1.5632 -1.2217 0.7850 0.0000
0.5467 1.5632 -1.2217 0.7882 0.0000
0.5467 1.5632 -1.2217 0.7915 0.0000
0.5467 1.5632 -1.2217 0.7948 0.0000
0.5467 1.5632 -1.2217 0.7980 0.0000
0.5467 1.5632 -1.2217 0.8013 0.0000
0.5467 1.5632 -1.2217 0.8046 0.0000
0.5467 1.5632 -1.2217 0.8079 0.0000
0.5467 1.5632 -1.2217 0.8111 0.0000
0.5467 1.5632 -1.2217 0.8144 0.0000
0.5467 1.5632 -1.2217 0.8177 0.0000
0.5467 1.5632 -1.2217 0.8210 0.0000
0.5467 1.5632 -1.2217 0.8242 0.0000
0.5467 1.5632 -1.2217 0.8275 0.0000
0.5467 1.5632 -1.2217 0.8308 0.0000
0.5467 1.5632 -1.2217 0.8340 0.0000
0.5467 1.5632 -1.2217 0.8373 0.0000
0.5467 1.5632 -1.2217 0.8406 0.0000
0.5467 1.5632 -1.2217 0.8439 0.0000
0.5467 1.5632 -1.2217 0.8471 0.0000
0.5467 1.5632 -1.2217 0.8504 0.0000
0.5467 1.5632 -1.2217 0.8537 0.0000
0.5467 1.5632 -1.2217 0.8570 0.0000
0.5467 1.5632 -1.2217 0.8602 0.0000
0.5467 1.5632 -1.2217 0.8635 0.0000
0.5467 1.5632 -1.2217 0.8668 0.0000
0.5467 1.5632 -1.2217 0.8700 0.0000
0.5467 1.5632 -1.2217 0.8733 0.0000
0.5467 1.5632 -1.2217 0.8766 0.0000
0.5467 1.5632 -1.2217 0.8799 0.0000
0.5467 1.5632 -1.2217 0.8831 0.0000
0.5467 1.5632 -1.2217 0.8864 0.0000
0.5467 1.5632 -1.2217 0.8897 0.0000
0.5467 1.5632 -1.2217 0.8930 0.0000
0.5467 1.5632 -1.2217 0.8962 0.0000
0.5467 1.5632 -1.2217 0.8995 0.0000
0.5467 1.5632 -1.2217 0.9028 0.0000
0.5467 1.5632 -1.2217 0.9060 0.0000
0.5467 1.5632 -1.2217 0.9093 0.0000
0.5467 1.5632 -1.2217 0.9126 0.0000
0.5467 1.5632 -1.2217 0.9159 0.0000
0.5467 1.5632 -1.2217 0.9191 0.0000
0.5467 1.5632 -1.2217 0.9224 0.0000
0.5467 1.5632 -1.2217 0.9257 0.0000
0.5467 1.5632 -1.2217 0.9289 0.0000
0.5467 1.5632 -1.2217 0.9322 0.0000
0.5467 1.5632 -1.2217 0.9355 0.0000
0.5467 1.5632 -1.2217 0.9388 0.0000
0.5467 1.5632 -1.2217 0.9420 0.0000
0.5467 1.5632 -1.2217 0.9453 0.0000
0.5467 1.5632 -1.2217 0.9486 0.0000
0.5467 1.5632 -1.2217 0.9519 0.0000
0.5467 1.5632 -1.2217 0.9551 0.0000
0.5467 1.5632 -1.2217 0.9584 0.0000
0.5467 1.5632 -1.2217 0.9617 0.0000
0.5467 1.5632 -1.2217 0.9649 0.0000
0.5467 1.5632 -1.2217 0.9682 0.0000
0.5467 1.5632 -1.2217 0.9715 0.0000
0.5467 1.5632 -1.2217 0.9748 0.0000
0.5467 1.5632 -1.2217 0.9780 0.0000
0.5467 1.5632 -1.2217 0.9813 0.0000
0.5467 1.5632 -1.2217 0.9846 0.0000
0.5467 1.5632 -1.2217 0.9879 0.0000
0.5467 1.5632 -1.2217 0.9911 0.0000
0.5467 1.5632 -1.2217 0.9944 0.0000
0.5467 1.5632 -1.2217 0.9977 0.0000
0.5467 1.5632 -1.2217 1.0009 0.0000
0.5467 1.5632 -1.2217 1.0042 0.0000
0.5467 1.5632 -1.2217 1.0075 0.0000
0.5467 1.5632 -1.2217 1.0108 0.0000
0.5467 1.5632 -1.2217 1.0140 0.0000
0.5467 1.5632 -1.2217 1.0173 0.0000
0.5467 1.5632 -1.2217 1.0206 0.0000
0.5467 1.5632 -1.2217 1.0239 0.0000
0.5467 1.5632 -1.2217 1.0271 0.0000
0.5467 1.5632 -1.2217 1.0304 0.0000
0.5467 1.5632 -1.2217 1.0337 0.0000
0.5467 1.5632 -1.2217 1.0369 0.0000
0.5467 1.5632 -1.2217 1.0402 0.0000
0.5467 1.5632 -1.2217 1.0435 0.0000
0.5467 1.5632 -1.2217 1.0468 0.0000
0.5467 1.5632 -1.2217 1.0500 0.0000
0.5467 1.5632 -1.2217 1.0533 0.0000
0.5467 1.5632 -1.2217 1.0566 0.0000
0.5467 1.5632 -1.2217 1.0598 0.0000
0.5467 1.5632 -1.2217 1.0631 0.0000
0.5467 1.5632 -1.2217 1.0664 0.0000
0.5467 1.5632 -1.2217 1.0697 0.0000
0.5467 1.5632 -1.2217 1.0729 0.0000
0.5467 1.5632 -1.2217 1.0762 0.0000
0.5467 1.5632 -1.2217 1.0795 0.0000
0.5467 1.5632 -1.2217 1.0828 0.0000
0.5467 1.5632 -1.2217 1.0860 0.0000
0.5467 1.5632 -1.2217 1.0893 0.0000
0.5467 1.5632 -1.2217 1.0926 0.0000
0.5467 1.5632 -1.2217 1.0958 0.0000
0.5467 1.5632 -1.2217 1.0991 0.0000
0.5467 1.5632 -1.2217 1.1024 0.0000
0.5467 1.5632 -1.2217 1.1057 0.0000
0.5467 1.5632 -1.2217 1.1089 0.0000
0.5467 1.5632 -1.2217 1.1122 0.0000
0.5467 1.5632 -1.2217 1.1155 0.0000
0.5467 1.5632 -1.2217 1.1188 0.0000
0.5467 1.5632 -1.2217 1.1220 0.0000
0.5467 1.5632 -1.2217 1.1253 0.0000
0.5467 1.5632 -1.2217 1.1286 0.0000
0.5467 1.5632 -1.2217 1.1318 0.0000
0.5467 1.5632 -1.2217 1.1351 0.0000
0.5467 1.5632 -1.2217 1.1384 0.0000
0.5467 1.5632 -1.2217 1.1417 0.0000
0.5467 1.5632 -1.2217 1.1449 0.0000
0.5467 1.5632 -1.2217 1.1482 0.0000
0.5467 1.5632 -1.2217 1.1515 0.0000
0.5467 1.5632 -1.2217 1.1547 0.0000
0.5467 1.5632 -1.2217 1.1580 0.0000
0.5467 1.5632 -1.2217 1.1613 0.0000
0.5467 1.5632 -1.2217 1.1646 0.0000
0.5467 1.5632 -1.2217 1.1678 0.0000
0.5467 1.5632 -1.2217 1.1711 0.0000
0.5467 1.5632 -1.2217 1.1744 0.0000
0.5467 1.5632 -1.2217 1.1777 0.0000
0.5467 1.5632 -1.2217 1.1809 0.0000
0.5467 1.5632 -1.2217 1.1842 0.0000
0.5467 1.5632 -1.2217 1.1875 0.0000
0.5467 1.5632 -1.2217 1.1907 0.0000
0.5467 1.5632 -1.2217 1.1940 0.0000
0.5467 1.5632 -1.2217 1.1973 0.0000
0.5467 1.5632 -1.2217 1.2006 0.0000
0.5467 1.5632 -1.2217 1.2038 0.0000
0.5467 1.5632 -1.2217 1.2071 0.0000
0.5467 1.5632 -1.2217 1.2104 0.0000
0.5467 1.5632 -1.2217 1.2137 0.0000
0.5467 1.5632 -1.2217 1.2169 0.0000
0.5467 1.5632 -1.2217 1.2202 0.0000
0.5467 1.5632 -1.2217 1.2235 0.0000
0.5467 1.5632 -1.2217 1.2267 0.0000
0.5467 1.5632 -1.2217 1.2300 0.0000
0.5467 1.5632 -1.2217 1.2333 0.0000
0.5467 1.5632 -1.2217 1.2366 0.0000
0.5467 1.5632 -1.2217 1.2398 0.0000
0.5467 1.5632 -1.2217 1.2431 0.0000
0.5467 1.5632 -1.2217 1.2464 0.0000
0.5467 1.5632 -1.2217 1.2497 0.0000
0.5467 1.5632 -1.2217 1.2529 0.0000
0.5467 1.5632 -1.2217 1.2562 0.0000
0.5467 1.5632 -1.2217 1.2595 0.0000
0.5467 1.5632 -1.2217 1.2627 0.0000
0.5467 1.5632 -1.2217 1.2660 0.0000
0.5467 1.5632 -1.2217 1.2693 0.0000
0.5467 1.5632 -1.2217 1.2726 0.0000
0.5467 1.5632 -1.2217 1.2758 0.0000
0.5467 1.5632 -1.2217 1.2791 0.0000
0.5467 1.5632 -1.2217 1.2824 0.0000
0.5467 1.5632 -1.2217 1.2856 0.0000
0.5467 1.5632 -1.2217 1.2889 0.0000
0.5467 1.5632 -1.2217 1.2922 0.0000
0.5467 1.5632 -1.2217 1.2955 0.0000
0.5467 1.5632 -1.2217 1.2987 0.0000
0.5467 1.5632 -1.2217 1.3020 0.0000
0.5467 1.5632 -1.2217 1.3053 0.0000
0.5467 1.5632 -1.2217 1.3086 0.0000
0.5467 1.5632 -1.2217 1.3118 0.0000
0.5467 1.5632 -1.2217 1.3151 0.0000
0.5467 1.5632 -1.2217 1.3184 0.0000
0.5467 1.5632 -1.2217 1.3216 0.0000
0.5467 1.5632 -1.2217 1.3249 0.0000
0.5467 1.5632 -1.2217 1.3282 0.0000
0.5467 1.5632 -1.2217 1.3315 0.0000
0.5467 1.5632 -1.2217 1.3347 0.0000
0.5467 1.5632 -1.2217 1.3380 0.0000
0.5467 1.5632 -1.2217 1.3413 0.0000
0.5467 1.5632 -1.2217 1.3446 0.0000
0.5467 1.5632 -1.2217 1.3478 0.0000
0.5467 1.5632 -1.2217 1.3511 0.0000
0.5467 1.5632 -1.2217 1.3544 0.0000
0.5467 1.5632 -1.2217 1.3576 0.0000
0.5467 1.5632 -1.2217 1.3609 0.0000
0.5467 1.5632 -1.2217 1.3642 0.0000
0.5467 1.5632 -1.2217 1.3675 0.0000
0.5467 1.5632 -1.2217 1.3707 0.0000
0.5467 1.5632 -1.2217 1.3740 0.0000
0.5467 1.5632 -1.2217 1.3773 0.0000
0.5467 1.5632 -1.2217 1.3806 0.0000
0.5467 1.5632 -1.2217 1.3838 0.0000
0.5467 1.5632 -1.2217 1.3871 0.0000
0.5467 1.5632 -1.2217 1.3904 0.0000
0.5467 1.5632 -1.2217 1.3936 0.0000
0.5467 1.5632 -1.2217 1.3969 0.0000
0.5467 1.5632 -1.2217 1.4002 0.0000
0.5467 1.5632 -1.2217 1.4035 0.0000
0.5467 1.5632 -1.2217 1.4067 0.0000
0.5598 1.5632 -1.2217 1.4100 0.0000
0.5598 1.5632 -1.2217 1.4133 0.0000
0.5598 1.5632 -1.2217 1.4165 0.0000
0.5598 1.5632 -1.2217 1.4198 0.0000
0.5598 1.5632 -1.2217 1.4231 0.0000
0.5598 1.5632 -1.2217 1.4264 0.0000
0.5598 1.5632 -1.2217 1.4296 0.0000
0.5598 1.5632 -1.2217 1.4329 0.0000
0.5598 1.5632 -1.2217 1.4362 0.0000
0.5598 1.5632 -1.2217 1.4395 0.0000
0.5598 1.5632 -1.2217 1.4427 0.0000
0.5598 1.5632 -1.2217 1.4460 0.0000
0.5598 1.5632 -1.2217 1.4493 0.0000
0.5598 1.5632 -1.2217 1.4525 0.0000
0.5598 1.5632 -1.2217 1.4558 0.0000
0.5598 1.5632 -1.2217 1.4591 0.0000
0.5598 1.5632 -1.2217 1.4624 0.0000
0.5598 1.5632 -1.2217 1.4656 0.0000
0.5598 1.5632 -1.2217 1.4689 0.0000
0.5598 1.5632 -1.2217 1.4722 0.0000
0.5598 1.5632 -1.2217 1.4755 0.0000
0.5598 1.5632 -1.2217 1.4787 0.0000
0.5598 1.5632 -1.2217 1.4820 0.0000
0.5598 1.5632 -1.2217 1.4853 0.0000
0.5598 1.5632 -1.2217 1.4885 0.0000
0.5598 1.5632 -1.2217 1.4918 0.0000
0.5598 1.5632 -1.2217 1.4951 0.0000
0.5598 1.5632 -1.2217 1.4984 0.0000
0.5598 1.5632 -1.2217 1.5016 0.0000
0.5598 1.5632 -1.2217 1.5049 0.0000
0.5598 1.5632 -1.2217 1.5082 0.0000
0.5598 1.5632 -1.2217 1.5115 0.0000
0.5598 1.5632 -1.2217 1.5147 0.0000
0.5598 1.5632 -1.2217 1.5180 0.0000
0.5598 1.5632 -1.2217 1.5213 0.0000
0.5598 1.5632 -1.2217 1.5245 0.0000
0.5598 1.5632 -1.2217 1.5278 0.0000
0.5598 1.5632 -1.2217 1.5311 0.0000
0.5598 1.5632 -1.2217 1.5344 0.0000
0.5598 1.5632 -1.2217 1.5376 0.0000
0.5598 1.5632 -1.2217 1.5409 0.0000
0.5598 1.5632 -1.2217 1.5442 0.0000
0.5598 1.5632 -1.2217 1.5474 0.0000
0.5598 1.5632 -1.2217 1.5507 0.0000
0.5598 1.5632 -1.2217 1.5540 0.0000
0.5598 1.5632 -1.2217 1.5573 0.0000
0.5598 1.5632 -1.2217 1.5605 0.0000
0.5598 1.5632 -1.2217 1.5638 0.0000
0.5598 1.5632 -1.2217 1.5671 0.0000
0.5598 1.5632 -1.2217 1.5704 0.0000
0.5598 1.5632 -1.2217 1.5736 0.0000
0.5598 1.5632 -1.2217 1.5769 0.0000
0.5598 1.5632 -1.2217 1.5802 0.0000
0.5598 1.5632 -1.2217 1.5834 0.0000
0.5598 1.5632 -1.2217 1.5867 0.0000
0.5598 1.5632 -1.2217 1.5900 0.0000
0.5598 1.5632 -1.2217 1.5933 0.0000
0.5598 1.5632 -1.2217 1.5965 0.0000
0.5598 1.5632 -1.2217 1.5998 0.0000
0.5598 1.5632 -1.2217 1.6031 0.0000
0.5598 1.5632 -1.2217 1.6064 0.0000
0.5598 1.5632 -1.2217 1.6096 0.0000
0.5598 1.5632 -1.2217 1.6129 0.0000
0.5598 1.5632 -1.2217 1.6162 0.0000
0.5598 1.5632 -1.2217 1.6194 0.0000
0.5598 1.5632 -1.2217 1.6227 0.0000
0.5598 1.5632 -1.2217 1.6260 0.0000
0.5598 1.5632 -1.2217 1.6293 0.0000
0.5598 1.5632 -1.2217 1.6325 0.0000
0.5598 1.5632 -1.2217 1.6358 0.0000
0.5598 1.5632 -1.2217 1.6391 0.0000
0.5598 1.5632 -1.2217 1.6424 0.0000
0.5598 1.5632 -1.2217 1.6456 0.0000
0.5598 1.5632 -1.2217 1.6489 0.0000
0.5598 1.5632 -1.2217 1.6522 0.0000
0.5598 1.5632 -1.2217 1.6554 0.0000
0.5598 1.5632 -1.2217 1.6587 0.0000
0.5598 1.5632 -1.2217 1.6620 0.0000
0.5598 1.5632 -1.2217 1.6653 0.0000
0.5598 1.5632 -1.2217 1.6685 0.0000
0.5598 1.5632 -1.2217 1.6718 0.0000
0.5598 1.5632 -1.2217 1.6751 0.0000
0.5598 1.5632 -1.2217 1.6783 0.0000
0.5598 1.5632 -1.2217 1.6816 0.0000
0.5598 1.5632 -1.2217 1.6849 0.0000
0.5598 1.5632 -1.2217 1.6882 0.0000
0.5598 1.5632 -1.2217 1.6914 0.0000
0.5598 1.5632 -1.2217 1.6947 0.0000
0.5598 1.5632 -1.2217 1.6980 0.0000
0.5598 1.5632 -1.2217 1.7013 0.0000
0.5598 1.5632 -1.2217 1.7045 0.0000
0.5598 1.5632 -1.2217 1.7078 0.0000
0.5598 1.5632 -1.2217 1.7111 0.0000
0.5598 1.5632 -1.2217 1.7143 0.0000
0.5598 1.5632 -1.2217 1.7176 0.0000
0.5598 1.5632 -1.2217 1.7209 0.0000
0.5598 1.5632 -1.2217 1.7242 0.0000
0.5598 1.5632 -1.2217 1.7274 0.0000
0.5598 1.5632 -1.2217 1.7307 0.0000
0.5598 1.5632 -1.2217 1.7340 0.0000
0.5598 1.5632 -1.2217 1.7373 0.0000
0.5598 1.5632 -1.2217 1.7405 0.0000
0.5598 1.5632 -1.2217 1.7438 0.0000
0.5598 1.5632 -1.2217 1.7471 0.0000
0.5598 1.5632 -1.2217 1.7503 0.0000
0.5598 1.5632 -1.2217 1.7529 0.0000
0.5598 1.5632 -1.2217 1.7539 0.0000
0.5598 1.5632 -1.2217 1.7548 0.0000
0.5598 1.5632 -1.2217 1.7553 0.0000
0.5598 1.5632 -1.2217 1.7557 0.0000
0.5598 1.5632 -1.2217 1.7560 0.0000
0.5598 1.5632 -1.2217 1.7563 0.0000
0.5598 1.5632 -1.2217 1.7567 0.0000
0.5598 1.5632 -1.2217 1.7571 0.0000
0.5598 1.5632 -1.2217 1.7576 0.0000
0.5598 1.5632 -1.2217 1.7581 0.0000
0.5598 1.5632 -1.2217 1.7585 0.0000
0.5598 1.5632 -1.2217 1.7589 0.0000
0.5598 1.5632 -1.2217 1.7593 0.0000
0.5598 1.5632 -1.2217 1.7597 0.0000
0.5598 1.5632 -1.2217 1.7599 0.0000
0.5598 1.5632 -1.2217 1.7603 0.0000
0.5598 1.5632 -1.2217 1.7607 0.0000
0.5598 1.5632 -1.2217 1.7609 0.0000
0.5598 1.5632 -1.2217 1.7605 0.0000
0.5598 1.5632 -1.2217 1.7597 0.0000
0.5598 1.5632 -1.2217 1.7594 0.0000
0.5598 1.5632 -1.2217 1.7592 0.0000
0.5598 1.5632 -1.2217 1.7590 0.0000
0.5598 1.5632 -1.2217 1.7591 0.0000
0.5598 1.5632 -1.2217 1.7593 0.0000
0.5598 1.5632 -1.2217 1.7594 0.0000
0.5598 1.5632 -1.2217 1.7595 0.0000
0.5598 1.5632 -1.2217 1.7595 0.0000
0.5729 1.5632 -1.2217 1.7595 0.0000
0.5729 1.5632 -1.2217 1.7594 0.0000
0.5729 1.5632 -1.2217 1.7592 0.0000
0.5729 1.5632 -1.2217 1.7589 0.0000
0.5729 1.5632 -1.2217 1.7589 0.0000
0.5729 1.5632 -1.2217 1.7589 0.0000
0.5729 1.5632 -1.2217 1.7589 0.0000
0.5729 1.5632 -1.2217 1.7589 0.0000
0.5729 1.5632 -1.2217 1.7589 0.0000
0.5729 1.5632 -1.2217 1.7589 0.0000
0.5729 1.5632 -1.2217 1.7589 0.0000
0.5729 1.5632 -1.2217 1.7589 0.0000
0.5729 1.5632 -1.2217 1.7589 0.0000
0.5729 1.5632 -1.2217 1.7589 0.0000
0.5729 1.5632 -1.2217 1.7589 0.0000
0.5729 1.5632 -1.2217 1.7589 0.0000
0.5729 1.5632 -1.2217 1.7589 0.0000
0.5729 1.5632 -1.2217 1.7589 0.0000
0.5729 1.5632 -1.2217 1.7589 0.0000
0.5729 1.5632 -1.2217 1.7589 0.0000
0.5729 1.5632 -1.2217 1.7589 0.0000
0.5729 1.5632 -1.2217 1.7589 0.0000
0.5729 1.5632 -1.2217 1.7589 0.0000
0.5729 1.5632 -1.2217 1.7589 0.0000
0.5729 1.5632 -1.2217 1.7589 0.0000
0.5729 1.5632 -1.2217 1.7589 0.0000
0.5729 1.5632 -1.2217 1.7589 0.0000
0.5729 1.5632 -1.2217 1.7589 0.0000
0.5729 1.5632 -1.2217 1.7589 0.0000
0.5729 1.5632 -1.2217 1.7589 0.0000
0.5729 1.5632 -1.2217 1.7589 0.0000
0.5729 1.5632 -1.2217 1.7589 0.0000
0.5729 1.5632 -1.2217 1.7589 0.0000
0.5729 1.5632 -1.2217 1.7589 0.0000
0.5729 1.5632 -1.2217 1.7589 0.0000
0.5729 1.5632 -1.2217 1.7589 0.0000
0.5729 1.5632 -1.2217 1.7589 0.0000
0.5729 1.5632 -1.2217 1.7589 0.0000
0.5729 1.5632 -1.2217 1.7589 0.0000
0.5729 1.5632 -1.2217 1.7589 0.0000
0.5729 1.5632 -1.2217 1.7589 0.0000
0.5729 1.5632 -1.2217 1.7589 0.0000
0.5729 1.5632 -1.2217 1.7589 0.0000
0.5729 1.5632 -1.2217 1.7589 0.0000
0.5729 1.5632 -1.2217 1.7589 0.0000
0.5729 1.5632 -1.2217 1.7589 0.0000
0.5729 1.5632 -1.2217 1.7589 0.0000
0.5729 1.5632 -1.2217 1.7589 0.0000
0.5729 1.5632 -1.2217 1.7589 0.0000
0.5729 1.5632 -1.2217 1.7589 0.0000
0.5729 1.5632 -1.2217 1.7589 0.0000
0.5729 1.5632 -1.2217 1.7589 0.0000
0.5729 1.5632 -1.2217 1.7589 0.0000
0.5729 1.5632 -1.2217 1.7589 0.0000
0.5729 1.5632 -1.2217 1.7589 0.0000
0.5729 1.5632 -1.2217 1.7589 0.0000
0.5729 1.5632 -1.2217 1.7589 0.0000
0.5729 1.5632 -1.2217 1.7589 0.0000
0.5729 1.5632 -1.2217 1.7589 0.0000
0.5729 1.5632 -1.2217 1.7589 0.0000
0.5729 1.5632 -1.2217 1.7589 0.0000
0.5729 1.5632 -1.2217 1.7589 0.0000
0.5729 1.5632 -1.2217 1.7589 0.0000
0.5729 1.5632 -1.2217 1.7589 0.0000
0.5729 1.5632 -1.2217 1.7589 0.0000
0.5729 1.5632 -1.2217 1.7589 0.0000
0.5729 1.5632 -1.2217 1.7589 0.0000
0.5729 1.5632 -1.2217 1.7589 0.0000
0.5729 1.5632 -1.2217 1.7589 0.0000
0.5729 1.5632 -1.2217 1.7589 0.0000
0.5729 1.5632 -1.2217 1.7589 0.0000
0.5729 1.5632 -1.2217 1.7589 0.0000
0.5729 1.5632 -1.2217 1.7589 0.0000
0.5729 1.5632 -1.2217 1.7589 0.0000
0.5729 1.5632 -1.2217 1.7589 0.0000
0.5729 1.5632 -1.2217 1.7589 0.0000
0.5729 1.5632 -1.2217 1.7589 0.0000
0.5729 1.5632 -1.2217 1.7589 0.0000
0.5729 1.5632 -1.2217 1.7589 0.0000
0.5729 1.5632 -1.2217 1.7589 0.0000
0.5729 1.5632 -1.2217 1.7589 0.0000
0.5729 1.5632 -1.2217 1.7589 0.0000
0.5729 1.5632 -1.2217 1.7589 0.0000
0.5729 1.5632 -1.2217 1.7589 0.0000
0.5729 1.5632 -1.2217 1.7589 0.0000
0.5729 1.5632 -1.2217 1.7589 0.0000
0.5729 1.5632 -1.2217 1.7589 0.0000
0.5729 1.5632 -1.2217 1.7589 0.0000
0.5729 1.5632 -1.2217 1.7589 0.0000
0.5729 1.5632 -1.2217 1.7589 0.0000
0.5729 1.5632 -1.2217 1.7589 0.0000
0.5729 1.5632 -1.2217 1.7589 0.0000
0.5729 1.5632 -1.2217 1.7589 0.0000
0.5729 1.5632 -1.2217 1.7589 0.0000
0.5729 1.5632 -1.2217 1.7589 0.0000
0.5729 1.5632 -1.2217 1.7589 0.0000
0.5729 1.5632 -1.2217 1.7589 0.0000
0.5860 1.5632 -1.2217 1.7589 0.0000
0.5860 1.5632 -1.2217 1.7589 0.0000
0.5860 1.5632 -1.2217 1.7589 0.0000
0.5860 1.5632 -1.2217 1.7589 0.0000
0.5860 1.5632 -1.2217 1.7589 0.0000
0.5860 1.5632 -1.2217 1.7589 0.0000
0.5860 1.5632 -1.2217 1.7589 0.0000
0.5860 1.5632 -1.2217 1.7589 0.0000
0.5860 1.5632 -1.2217 1.7589 0.0000
0.5860 1.5632 -1.2217 1.7589 0.0000
0.5860 1.5632 -1.2217 1.7589 0.0000
0.5860 1.5632 -1.2217 1.7589 0.0000
0.5860 1.5632 -1.2217 1.7589 0.0000
0.5860 1.5632 -1.2217 1.7589 0.0000
0.5860 1.5632 -1.2217 1.7589 0.0000
0.5860 1.5632 -1.2217 1.7589 0.0000
0.5860 1.5632 -1.2217 1.7589 0.0000
0.5860 1.5632 -1.2217 1.7589 0.0000
0.5860 1.5632 -1.2217 1.7589 0.0000
0.5860 1.5632 -1.2217 1.7589 0.0000
0.5860 1.5632 -1.2217 1.7589 0.0000
0.5860 1.5632 -1.2217 1.7589 0.0000
0.5860 1.5632 -1.2217 1.7589 0.0000
0.5860 1.5632 -1.2217 1.7589 0.0000
0.5860 1.5632 -1.2217 1.7589 0.0000
0.5860 1.5632 -1.2217 1.7589 0.0000
0.5860 1.5632 -1.2217 1.7589 0.0000
0.5860 1.5632 -1.2217 1.7589 0.0000
0.5860 1.5632 -1.2217 1.7589 0.0000
0.5860 1.5632 -1.2217 1.7589 0.0000
0.5860 1.5632 -1.2217 1.7589 0.0000
0.5860 1.5632 -1.2217 1.7589 0.0000
0.5860 1.5632 -1.2217 1.7589 0.0000
0.5860 1.5632 -1.2217 1.7589 0.0000
0.5860 1.5632 -1.2217 1.7589 0.0000
0.5860 1.5632 -1.2217 1.7589 0.0000
0.5860 1.5632 -1.2217 1.7589 0.0000
0.5860 1.5632 -1.2217 1.7589 0.0000
0.5860 1.5632 -1.2217 1.7589 0.0000
0.5860 1.5632 -1.2217 1.7589 0.0000
0.5860 1.5632 -1.2217 1.7589 0.0000
0.5860 1.5632 -1.2217 1.7589 0.0000
0.5860 1.5632 -1.2217 1.7589 0.0000
0.5860 1.5632 -1.2217 1.7589 0.0000
0.5860 1.5632 -1.2217 1.7589 0.0000
0.5860 1.5632 -1.2217 1.7589 0.0000
0.5860 1.5632 -1.2217 1.7589 0.0000
0.5860 1.5632 -1.2217 1.7589 0.0000
0.5860 1.5632 -1.2217 1.7589 0.0000
0.5860 1.5632 -1.2217 1.7589 0.0000
0.5860 1.5632 -1.2217 1.7589 0.0000
0.5860 1.5632 -1.2217 1.7589 0.0000
0.5860 1.5632 -1.2217 1.7589 0.0000
0.5860 1.5632 -1.2217 1.7589 0.0000
0.5860 1.5632 -1.2217 1.7589 0.0000
0.5860 1.5632 -1.2217 1.7589 0.0000
0.5860 1.5632 -1.2217 1.7589 0.0000
0.5860 1.5632 -1.2217 1.7589 0.0000
0.5860 1.5632 -1.2217 1.7589 0.0000
0.5860 1.5632 -1.2217 1.7589 0.0000
0.5860 1.5632 -1.2217 1.7589 0.0000
0.5860 1.5632 -1.2217 1.7589 0.0000
0.5860 1.5632 -1.2217 1.7589 0.0000
0.5860 1.5632 -1.2217 1.7589 0.0000
0.5860 1.5632 -1.2217 1.7589 0.0000
0.5860 1.5632 -1.2217 1.7589 0.0000
0.5860 1.5632 -1.2217 1.7589 0.0000
0.5860 1.5632 -1.2217 1.7589 0.0000
0.5860 1.5632 -1.2217 1.7589 0.0000
0.5860 1.5632 -1.2217 1.7589 0.0000
0.5860 1.5632 -1.2217 1.7589 0.0000
0.5860 1.5632 -1.2217 1.7589 0.0000
0.5860 1.5632 -1.2217 1.7589 0.0000
0.5860 1.5632 -1.2217 1.7589 0.0000
0.5860 1.5632 -1.2217 1.7589 0.0000
0.5860 1.5632 -1.2217 1.7589 0.0000
0.5860 1.5632 -1.2217 1.7589 0.0000
0.5860 1.5632 -1.2217 1.7589 0.0000
0.5860 1.5632 -1.2217 1.7589 0.0000
0.5860 1.5632 -1.2217 1.7589 0.0000
0.5860 1.5632 -1.2217 1.7589 0.0000
0.5860 1.5632 -1.2217 1.7589 0.0000
0.5860 1.5632 -1.2217 1.7589 0.0000
0.5860 1.5632 -1.2217 1.7589 0.0000
0.5860 1.5632 -1.2217 1.7589 0.0000
0.5860 1.5632 -1.2217 1.7589 0.0000
0.5860 1.5632 -1.2217 1.7589 0.0000
0.5860 1.5632 -1.2217 1.7589 0.0000
0.5860 1.5632 -1.2217 1.7589 0.0000
0.5860 1.5632 -1.2217 1.7589 0.0000
0.5860 1.5632 -1.2217 1.7589 0.0000
0.5860 1.5632 -1.2217 1.7589 0.0000
0.5860 1.5632 -1.2217 1.7589 0.0000
0.5860 1.5632 -1.2217 1.7589 0.0000
0.5860 1.5632 -1.2217 1.7589 0.0000
0.5860 1.5632 -1.2217 1.7589 0.0000
0.5860 1.5632 -1.2217 1.7589 0.0000
0.5860 1.5632 -1.2217 1.7589 0.0000
0.5860 1.5632 -1.2217 1.7589 0.0000
0.5860 1.5632 -1.2217 1.7589 0.0000
0.5860 1.5632 -1.2217 1.7589 0.0000
0.5860 1.5632 -1.2217 1.7589 0.0000
0.5991 1.5632 -1.2217 1.7589 0.0000
0.5991 1.5632 -1.2217 1.7589 0.0000
0.5991 1.5632 -1.2217 1.7589 0.0000
0.5991 1.5632 -1.2217 1.7589 0.0000
0.5991 1.5632 -1.2217 1.7589 0.0000
0.5991 1.5632 -1.2217 1.7589 0.0000
0.5991 1.5632 -1.2217 1.7589 0.0000
0.5991 1.5632 -1.2217 1.7589 0.0000
0.5991 1.5632 -1.2217 1.7589 0.0000
0.5991 1.5632 -1.2217 1.7589 0.0000
0.5991 1.5632 -1.2217 1.7589 0.0000
0.5991 1.5632 -1.2217 1.7589 0.0000
0.5991 1.5632 -1.2217 1.7589 0.0000
0.5991 1.5632 -1.2217 1.7589 0.0000
0.5991 1.5632 -1.2217 1.7589 0.0000
0.5991 1.5632 -1.2217 1.7589 0.0000
0.5991 1.5632 -1.2217 1.7589 0.0000
0.5991 1.5632 -1.2217 1.7589 0.0000
0.5991 1.5632 -1.2217 1.7589 0.0000
0.5991 1.5632 -1.2217 1.7589 0.0000
0.5991 1.5632 -1.2217 1.7589 0.0000
0.5991 1.5632 -1.2217 1.7589 0.0000
0.5991 1.5632 -1.2217 1.7589 0.0000
0.5991 1.5632 -1.2217 1.7589 0.0000
0.5991 1.5632 -1.2217 1.7589 0.0000
0.5991 1.5632 -1.2217 1.7589 0.0000
0.5991 1.5632 -1.2217 1.7589 0.0000
0.5991 1.5632 -1.2217 1.7589 0.0000
0.5991 1.5632 -1.2217 1.7589 0.0000
0.5991 1.5632 -1.2217 1.7589 0.0000
0.5991 1.5632 -1.2217 1.7589 0.0000
0.5991 1.5632 -1.2217 1.7589 0.0000
0.5991 1.5632 -1.2217 1.7589 0.0000
0.5991 1.5632 -1.2217 1.7589 0.0000
0.5991 1.5632 -1.2217 1.7589 0.0000
0.5991 1.5632 -1.2217 1.7589 0.0000
0.5991 1.5632 -1.2217 1.7589 0.0000
0.5991 1.5632 -1.2217 1.7589 0.0000
0.5991 1.5632 -1.2217 1.7589 0.0000
0.5991 1.5632 -1.2217 1.7589 0.0000
0.5991 1.5632 -1.2217 1.7589 0.0000
0.5991 1.5632 -1.2217 1.7589 0.0000
0.5991 1.5632 -1.2217 1.7589 0.0000
0.5991 1.5632 -1.2217 1.7589 0.0000
0.5991 1.5632 -1.2217 1.7589 0.0000
0.5991 1.5632 -1.2217 1.7589 0.0000
0.5991 1.5632 -1.2217 1.7589 0.0000
0.5991 1.5632 -1.2217 1.7589 0.0000
0.5991 1.5632 -1.2217 1.7589 0.0000
0.5991 1.5632 -1.2217 1.7589 0.0000
0.5991 1.5632 -1.2217 1.7589 0.0000
0.5991 1.5632 -1.2217 1.7589 0.0000
0.5991 1.5632 -1.2217 1.7589 0.0000
0.5991 1.5632 -1.2217 1.7589 0.0000
0.5991 1.5632 -1.2217 1.7589 0.0000
0.5991 1.5632 -1.2217 1.7589 0.0000
0.5991 1.5632 -1.2217 1.7589 0.0000
0.5991 1.5632 -1.2217 1.7589 0.0000
0.5991 1.5632 -1.2217 1.7589 0.0000
0.5991 1.5632 -1.2217 1.7589 0.0000
0.5991 1.5632 -1.2217 1.7589 0.0000
0.5991 1.5632 -1.2217 1.7589 0.0000
0.5991 1.5632 -1.2217 1.7589 0.0000
0.5991 1.5632 -1.2217 1.7589 0.0000
0.5991 1.5632 -1.2217 1.7589 0.0000
0.5991 1.5632 -1.2217 1.7589 0.0000
0.5991 1.5632 -1.2217 1.7589 0.0000
0.5991 1.5632 -1.2217 1.7589 0.0000
0.5991 1.5632 -1.2217 1.7589 0.0000
0.5991 1.5632 -1.2217 1.7589 0.0000
0.5991 1.5632 -1.2217 1.7589 0.0000
0.5991 1.5632 -1.2217 1.7589 0.0000
0.5991 1.5632 -1.2217 1.7589 0.0000
0.5991 1.5632 -1.2217 1.7589 0.0000
0.5991 1.5632 -1.2217 1.7589 0.0000
0.5991 1.5632 -1.2217 1.7589 0.0000
0.5991 1.5632 -1.2217 1.7589 0.0000
0.5991 1.5632 -1.2217 1.7589 0.0000
0.5991 1.5632 -1.2217 1.7589 0.0000
0.5991 1.5632 -1.2217 1.7589 0.0000
0.5991 1.5632 -1.2217 1.7589 0.0000
0.5991 1.5632 -1.2217 1.7589 0.0000
0.5991 1.5632 -1.2217 1.7589 0.0000
0.5991 1.5632 -1.2217 1.7589 0.0000
0.5991 1.5632 -1.2217 1.7589 0.0000
0.5991 1.5632 -1.2217 1.7589 0.0000
0.5991 1.5632 -1.2217 1.7589 0.0000
0.5991 1.5632 -1.2217 1.7589 0.0000
0.5991 1.5632 -1.2217 1.7589 0.0000
0.5991 1.5632 -1.2217 1.7589 0.0000
0.5991 1.5632 -1.2217 1.7589 0.0000
0.5991 1.5632 -1.2217 1.7589 0.0000
0.5991 1.5632 -1.2217 1.7589 0.0000
0.5991 1.5632 -1.2217 1.7589 0.0000
0.5991 1.5632 -1.2217 1.7589 0.0000
0.5991 1.5632 -1.2217 1.7589 0.0000
0.5991 1.5632 -1.2217 1.7589 0.0000
0.5991 1.5632 -1.2217 1.7589 0.0000
0.5991 1.5632 -1.2217 1.7589 0.0000
0.5991 1.5632 -1.2217 1.7589 0.0000
0.5991 1.5632 -1.2217 1.7589 0.0000
0.5991 1.5632 -1.2217 1.7589 0.0000
0.5991 1.5632 -1.2217 1.7589 0.0000
0.5991 1.5632 -1.2217 1.7589 0.0000
0.5991 1.5632 -1.2217 1.7589 0.0000
0.5991 1.5632 -1.2217 1.7589 0.0000
0.5991 1.5632 -1.2217 1.7589 0.0000
0.5991 1.5632 -1.2217 1.7589 0.0000
0.5991 1.5632 -1.2217 1.7589 0.0000
0.5991 1.5632 -1.2217 1.7589 0.0000
0.5991 1.5632 -1.2217 1.7589 0.0000
0.5991 1.5632 -1.2217 1.7589 0.0000
0.5991 1.5632 -1.2217 1.7589 0.0000
0.6121 1.5632 -1.2217 1.7589 0.0000
0.6121 1.5632 -1.2217 1.7589 0.0000
0.6121 1.5632 -1.2217 1.7589 0.0000
0.6121 1.5632 -1.2217 1.7589 0.0000
0.6121 1.5632 -1.2217 1.7589 0.0000
0.6121 1.5632 -1.2217 1.7589 0.0000
0.6121 1.5632 -1.2217 1.7589 0.0000
0.6121 1.5632 -1.2217 1.7589 0.0000
0.6121 1.5632 -1.2217 1.7589 0.0000
0.6121 1.5632 -1.2217 1.7589 0.0000
0.6121 1.5632 -1.2217 1.7589 0.0000
0.6121 1.5632 -1.2217 1.7589 0.0000
0.6121 1.5632 -1.2217 1.7589 0.0000
0.6121 1.5632 -1.2217 1.7589 0.0000
0.6121 1.5632 -1.2217 1.7589 0.0000
0.6121 1.5632 -1.2217 1.7589 0.0000
0.6121 1.5632 -1.2217 1.7589 0.0000
0.6121 1.5632 -1.2217 1.7589 0.0000
0.6121 1.5632 -1.2217 1.7589 0.0000
0.6121 1.5632 -1.2217 1.7589 0.0000
0.6121 1.5632 -1.2217 1.7589 0.0000
0.6121 1.5632 -1.2217 1.7589 0.0000
0.6121 1.5632 -1.2217 1.7589 0.0000
0.6121 1.5632 -1.2217 1.7589 0.0000
0.6121 1.5632 -1.2217 1.7589 0.0000
0.6121 1.5632 -1.2217 1.7589 0.0000
0.6121 1.5632 -1.2217 1.7589 0.0000
0.6121 1.5632 -1.2217 1.7589 0.0000
0.6121 1.5632 -1.2217 1.7589 0.0000
0.6121 1.5632 -1.2217 1.7589 0.0000
0.6121 1.5632 -1.2217 1.7589 0.0000
0.6121 1.5632 -1.2217 1.7589 0.0000
0.6121 1.5632 -1.2217 1.7589 0.0000
0.6121 1.5632 -1.2217 1.7589 0.0000
0.6121 1.5632 -1.2217 1.7589 0.0000
0.6121 1.5632 -1.2217 1.7589 0.0000
0.6121 1.5632 -1.2217 1.7589 0.0000
0.6121 1.5632 -1.2217 1.7589 0.0000
0.6121 1.5632 -1.2217 1.7589 0.0000
0.6121 1.5632 -1.2217 1.7589 0.0000
0.6121 1.5632 -1.2217 1.7589 0.0000
0.6121 1.5632 -1.2217 1.7589 0.0000
0.6121 1.5632 -1.2217 1.7589 0.0000
0.6121 1.5632 -1.2217 1.7589 0.0000
0.6121 1.5632 -1.2217 1.7589 0.0000
0.6121 1.5632 -1.2217 1.7589 0.0000
0.6121 1.5632 -1.2217 1.7589 0.0000
0.6121 1.5632 -1.2217 1.7589 0.0000
0.6121 1.5632 -1.2217 1.7589 0.0000
0.6121 1.5632 -1.2217 1.7589 0.0000
0.6121 1.5632 -1.2217 1.7589 0.0000
0.6121 1.5632 -1.2217 1.7589 0.0000
0.6121 1.5632 -1.2217 1.7589 0.0000
0.6121 1.5632 -1.2217 1.7589 0.0000
0.6121 1.5632 -1.2217 1.7589 0.0000
0.6121 1.5632 -1.2217 1.7589 0.0000
0.6121 1.5632 -1.2217 1.7589 0.0000
0.6121 1.5632 -1.2217 1.7589 0.0000
0.6121 1.5632 -1.2217 1.7589 0.0000
0.6121 1.5632 -1.2217 1.7589 0.0000
0.6121 1.5632 -1.2217 1.7589 0.0000
0.6121 1.5632 -1.2217 1.7589 0.0000
0.6121 1.5632 -1.2217 1.7589 0.0000
0.6121 1.5632 -1.2217 1.7589 0.0000
0.6121 1.5632 -1.2217 1.7589 0.0000
0.6121 1.5632 -1.2217 1.7589 0.0000
0.6121 1.5632 -1.2217 1.7589 0.0000
0.6121 1.5632 -1.2217 1.7589 0.0000
0.6121 1.5632 -1.2217 1.7589 0.0000
0.6121 1.5632 -1.2217 1.7589 0.0000
0.6121 1.5632 -1.2217 1.7589 0.0000
0.6121 1.5632 -1.2217 1.7589 0.0000
0.6121 1.5632 -1.2217 1.7589 0.0000
0.6121 1.5632 -1.2217 1.7589 0.0000
0.6121 1.5632 -1.2217 1.7589 0.0000
0.6121 1.5632 -1.2217 1.7589 0.0000
0.6121 1.5632 -1.2217 1.7589 0.0000
0.6121 1.5632 -1.2217 1.7589 0.0000
0.6121 1.5632 -1.2217 1.7589 0.0000
0.6121 1.5632 -1.2217 1.7589 0.0000
0.6121 1.5632 -1.2217 1.7589 0.0000
0.6121 1.5632 -1.2217 1.7589 0.0000
0.6121 1.5632 -1.2217 1.7589 0.0000
0.6121 1.5632 -1.2217 1.7589 0.0000
0.6121 1.5632 -1.2217 1.7589 0.0000
0.6121 1.5632 -1.2217 1.7589 0.0000
0.6121 1.5632 -1.2217 1.7589 0.0000
0.6121 1.5632 -1.2217 1.7589 0.0000
0.6121 1.5632 -1.2217 1.7589 0.0000
0.6121 1.5632 -1.2217 1.7589 0.0000
0.6121 1.5632 -1.2217 1.7589 0.0000
0.6121 1.5632 -1.2217 1.7589 0.0000
0.6121 1.5632 -1.2217 1.7589 0.0000
0.6121 1.5632 -1.2217 1.7589 0.0000
0.6121 1.5632 -1.2217 1.7589 0.0000
0.6121 1.5632 -1.2217 1.7589 0.0000
0.6121 1.5632 -1.2217 1.7589 0.0000
0.6121 1.5632 -1.2217 1.7589 0.0000
0.6121 1.5632 -1.2217 1.7589 0.0000
0.6121 1.5632 -1.2217 1.7589 0.0000
0.6121 1.5632 -1.2217 1.7589 0.0000
0.6121 1.5632 -1.2217 1.7589 0.0000
0.6121 1.5632 -1.2217 1.7589 0.0000
0.6121 1.5632 -1.2217 1.7589 0.0000
0.6121 1.5632 -1.2217 1.7589 0.0000
0.6121 1.5632 -1.2217 1.7589 0.0000
0.6121 1.5632 -1.2217 1.7589 0.0000
0.6121 1.5632 -1.2217 1.7589 0.0000
0.6121 1.5632 -1.2217 1.7589 0.0000
0.6121 1.5632 -1.2217 1.7589 0.0000
0.6121 1.5632 -1.2217 1.7589 0.0000
0.6121 1.5632 -1.2217 1.7589 0.0000
0.6121 1.5632 -1.2217 1.7589 0.0000
0.6121 1.5632 -1.2217 1.7589 0.0000
0.6121 1.5632 -1.2217 1.7589 0.0000
0.6121 1.5632 -1.2217 1.7589 0.0000
0.6121 1.5632 -1.2217 1.7589 0.0000
0.6121 1.5632 -1.2217 1.7589 0.0000
0.6121 1.5632 -1.2217 1.7589 0.0000
0.6121 1.5632 -1.2217 1.7589 0.0000
0.6121 1.5632 -1.2217 1.7589 0.0000
0.6121 1.5632 -1.2217 1.7589 0.0000
0.6121 1.5632 -1.2217 1.7589 0.0000
0.6121 1.5632 -1.2217 1.7589 0.0000
0.6121 1.5632 -1.2217 1.7589 0.0000
0.6252 1.5632 -1.2217 1.7589 0.0000
0.6252 1.5632 -1.2217 1.7589 0.0000
0.6252 1.5632 -1.2217 1.7589 0.0000
0.6252 1.5632 -1.2217 1.7589 0.0000
0.6252 1.5632 -1.2217 1.7589 0.0000
0.6252 1.5632 -1.2217 1.7589 0.0000
0.6252 1.5632 -1.2217 1.7589 0.0000
0.6252 1.5632 -1.2217 1.7589 0.0000
0.6252 1.5632 -1.2217 1.7589 0.0000
0.6252 1.5632 -1.2217 1.7589 0.0000
0.6252 1.5632 -1.2217 1.7589 0.0000
0.6252 1.5632 -1.2217 1.7589 0.0000
0.6252 1.5632 -1.2217 1.7589 0.0000
0.6252 1.5632 -1.2217 1.7589 0.0000
0.6252 1.5632 -1.2217 1.7589 0.0000
0.6252 1.5632 -1.2217 1.7589 0.0000
0.6252 1.5632 -1.2217 1.7589 0.0000
0.6252 1.5632 -1.2217 1.7589 0.0000
0.6252 1.5632 -1.2217 1.7589 0.0000
0.6252 1.5632 -1.2217 1.7589 0.0000
0.6252 1.5632 -1.2217 1.7589 0.0000
0.6252 1.5632 -1.2217 1.7589 0.0000
0.6252 1.5632 -1.2217 1.7589 0.0000
0.6252 1.5632 -1.2217 1.7589 0.0000
0.6252 1.5632 -1.2217 1.7589 0.0000
0.6252 1.5632 -1.2217 1.7589 0.0000
0.6252 1.5632 -1.2217 1.7589 0.0000
0.6252 1.5632 -1.2217 1.7589 0.0000
0.6252 1.5632 -1.2217 1.7589 0.0000
0.6252 1.5632 -1.2217 1.7589 0.0000
0.6252 1.5632 -1.2217 1.7589 0.0000
0.6252 1.5632 -1.2217 1.7589 0.0000
0.6252 1.5632 -1.2217 1.7589 0.0000
0.6252 1.5632 -1.2217 1.7589 0.0000
0.6252 1.5632 -1.2217 1.7589 0.0000
0.6252 1.5632 -1.2217 1.7589 0.0000
0.6252 1.5632 -1.2217 1.7589 0.0000
0.6252 1.5632 -1.2217 1.7589 0.0000
0.6252 1.5632 -1.2217 1.7589 0.0000
0.6252 1.5632 -1.2217 1.7589 0.0000
0.6252 1.5632 -1.2217 1.7589 0.0000
0.6252 1.5632 -1.2217 1.7589 0.0000
0.6252 1.5632 -1.2217 1.7589 0.0000
0.6252 1.5632 -1.2217 1.7589 0.0000
0.6252 1.5632 -1.2217 1.7589 0.0000
0.6252 1.5632 -1.2217 1.7589 0.0000
0.6252 1.5632 -1.2217 1.7589 0.0000
0.6252 1.5632 -1.2217 1.7589 0.0000
0.6252 1.5632 -1.2217 1.7589 0.0000
0.6252 1.5632 -1.2217 1.7589 0.0000
0.6252 1.5632 -1.2217 1.7589 0.0000
0.6252 1.5632 -1.2217 1.7589 0.0000
0.6252 1.5632 -1.2217 1.7589 0.0000
0.6252 1.5632 -1.2217 1.7589 0.0000
0.6252 1.5632 -1.2217 1.7589 0.0000
0.6252 1.5632 -1.2217 1.7589 0.0000
0.6252 1.5632 -1.2217 1.7589 0.0000
0.6252 1.5632 -1.2217 1.7589 0.0000
0.6252 1.5632 -1.2217 1.7589 0.0000
0.6252 1.5632 -1.2217 1.7589 0.0000
0.6252 1.5632 -1.2217 1.7589 0.0000
0.6252 1.5632 -1.2217 1.7589 0.0000
0.6252 1.5632 -1.2217 1.7589 0.0000
0.6252 1.5632 -1.2217 1.7589 0.0000
0.6252 1.5632 -1.2217 1.7589 0.0000
0.6252 1.5632 -1.2217 1.7589 0.0000
0.6252 1.5632 -1.2217 1.7589 0.0000
0.6252 1.5632 -1.2217 1.7589 0.0000
0.6252 1.5632 -1.2217 1.7589 0.0000
0.6252 1.5632 -1.2217 1.7589 0.0000
0.6252 1.5632 -1.2217 1.7589 0.0000
0.6252 1.5632 -1.2217 1.7589 0.0000
0.6252 1.5632 -1.2217 1.7589 0.0000
0.6252 1.5632 -1.2217 1.7589 0.0000
0.6252 1.5632 -1.2217 1.7589 0.0000
0.6252 1.5632 -1.2217 1.7589 0.0000
0.6252 1.5632 -1.2217 1.7589 0.0000
0.6252 1.5632 -1.2217 1.7589 0.0000
0.6252 1.5632 -1.2217 1.7589 0.0000
0.6252 1.5632 -1.2217 1.7589 0.0000
0.6252 1.5632 -1.2217 1.7589 0.0000
0.6252 1.5632 -1.2217 1.7589 0.0000
0.6252 1.5632 -1.2217 1.7589 0.0000
0.6252 1.5632 -1.2217 1.7589 0.0000
0.6252 1.5632 -1.2217 1.7589 0.0000
0.6252 1.5632 -1.2217 1.7589 0.0000
0.6252 1.5632 -1.2217 1.7589 0.0000
0.6252 1.5632 -1.2217 1.7589 0.0000
0.6252 1.5632 -1.2217 1.7589 0.0000
0.6252 1.5632 -1.2217 1.7589 0.0000
0.6252 1.5632 -1.2217 1.7589 0.0000
0.6252 1.5632 -1.2217 1.7589 0.0000
0.6252 1.5632 -1.2217 1.7589 0.0000
0.6252 1.5632 -1.2217 1.7589 0.0000
0.6252 1.5632 -1.2217 1.7589 0.0000
0.6252 1.5632 -1.2217 1.7589 0.0000
0.6252 1.5632 -1.2217 1.7589 0.0000
0.6252 1.5632 -1.2217 1.7589 0.0000
0.6252 1.5632 -1.2217 1.7589 0.0000
0.6252 1.5632 -1.2217 1.7589 0.0000
0.6252 1.5632 -1.2217 1.7589 0.0000
0.6252 1.5632 -1.2217 1.7589 0.0000
0.6252 1.5632 -1.2217 1.7589 0.0000
0.6252 1.5632 -1.2217 1.7589 0.0000
0.6252 1.5632 -1.2217 1.7589 0.0000
0.6252 1.5632 -1.2217 1.7589 0.0000
0.6252 1.5632 -1.2217 1.7589 0.0000
0.6252 1.5632 -1.2217 1.7589 0.0000
0.6252 1.5632 -1.2217 1.7589 0.0000
0.6252 1.5632 -1.2217 1.7589 0.0000
0.6252 1.5632 -1.2217 1.7589 0.0000
0.6252 1.5632 -1.2217 1.7589 0.0000
0.6252 1.5632 -1.2217 1.7589 0.0000
0.6252 1.5632 -1.2217 1.7589 0.0000
0.6252 1.5632 -1.2217 1.7589 0.0000
0.6252 1.5632 -1.2217 1.7589 0.0000
0.6252 1.5632 -1.2217 1.7589 0.0000
0.6252 1.5632 -1.2217 1.7589 0.0000
0.6252 1.5632 -1.2217 1.7589 0.0000
0.6252 1.5632 -1.2217 1.7589 0.0000
0.6252 1.5632 -1.2217 1.7589 0.0000
0.6252 1.5632 -1.2217 1.7589 0.0000
0.6252 1.5632 -1.2217 1.7589 0.0000
0.6252 1.5632 -1.2217 1.7589 0.0000
0.6252 1.5632 -1.2217 1.7589 0.0000
0.6252 1.5632 -1.2217 1.7589 0.0000
0.6252 1.5632 -1.2217 1.7589 0.0000
0.6252 1.5632 -1.2217 1.7589 0.0000
0.6252 1.5632 -1.2217 1.7589 0.0000
0.6252 1.5632 -1.2217 1.7589 0.0000
0.6252 1.5632 -1.2217 1.7589 0.0000
0.6252 1.5632 -1.2217 1.7589 0.0000
0.6252 1.5632 -1.2217 1.7589 0.0000
0.6252 1.5632 -1.2217 1.7589 0.0000
0.6252 1.5632 -1.2217 1.7589 0.0000
0.6252 1.5632 -1.2217 1.7589 0.0000
0.6383 1.5632 -1.2217 1.7589 0.0000
0.6383 1.5632 -1.2217 1.7589 0.0000
0.6383 1.5632 -1.2217 1.7589 0.0000
0.6383 1.5632 -1.2217 1.7589 0.0000
0.6383 1.5632 -1.2217 1.7589 0.0000
0.6383 1.5632 -1.2217 1.7589 0.0000
0.6383 1.5632 -1.2217 1.7589 0.0000
0.6383 1.5632 -1.2217 1.7589 0.0000
0.6383 1.5632 -1.2217 1.7589 0.0000
0.6383 1.5632 -1.2217 1.7589 0.0000
0.6383 1.5632 -1.2217 1.7589 0.0000
0.6383 1.5632 -1.2217 1.7589 0.0000
0.6383 1.5632 -1.2217 1.7589 0.0000
0.6383 1.5632 -1.2217 1.7589 0.0000
0.6383 1.5632 -1.2217 1.7589 0.0000
0.6383 1.5632 -1.2217 1.7589 0.0000
0.6383 1.5632 -1.2217 1.7589 0.0000
0.6383 1.5632 -1.2217 1.7589 0.0000
0.6383 1.5632 -1.2217 1.7589 0.0000
0.6383 1.5632 -1.2217 1.7589 0.0000
0.6383 1.5632 -1.2217 1.7589 0.0000
0.6383 1.5632 -1.2217 1.7589 0.0000
0.6383 1.5632 -1.2217 1.7589 0.0000
0.6383 1.5632 -1.2217 1.7589 0.0000
0.6383 1.5632 -1.2217 1.7589 0.0000
0.6383 1.5632 -1.2217 1.7589 0.0000
0.6383 1.5632 -1.2217 1.7589 0.0000
0.6383 1.5632 -1.2217 1.7589 0.0000
0.6383 1.5632 -1.2217 1.7589 0.0000
0.6383 1.5632 -1.2217 1.7589 0.0000
0.6383 1.5632 -1.2217 1.7589 0.0000
0.6383 1.5632 -1.2217 1.7589 0.0000
0.6383 1.5632 -1.2217 1.7589 0.0000
0.6383 1.5632 -1.2217 1.7589 0.0000
0.6383 1.5632 -1.2217 1.7589 0.0000
0.6383 1.5632 -1.2217 1.7589 0.0000
0.6383 1.5632 -1.2217 1.7589 0.0000
0.6383 1.5632 -1.2217 1.7589 0.0000
0.6383 1.5632 -1.2217 1.7589 0.0000
0.6383 1.5632 -1.2217 1.7589 0.0000
0.6383 1.5632 -1.2217 1.7589 0.0000
0.6383 1.5632 -1.2217 1.7589 0.0000
0.6383 1.5632 -1.2217 1.7589 0.0000
0.6383 1.5632 -1.2217 1.7589 0.0000
0.6383 1.5632 -1.2217 1.7589 0.0000
0.6383 1.5632 -1.2217 1.7589 0.0000
0.6383 1.5632 -1.2217 1.7589 0.0000
0.6383 1.5632 -1.2217 1.7589 0.0000
0.6383 1.5632 -1.2217 1.7589 0.0000
0.6383 1.5632 -1.2217 1.7589 0.0000
0.6383 1.5632 -1.2217 1.7589 0.0000
0.6383 1.5632 -1.2217 1.7589 0.0000
0.6383 1.5632 -1.2217 1.7589 0.0000
0.6383 1.5632 -1.2217 1.7589 0.0000
0.6383 1.5632 -1.2217 1.7589 0.0000
0.6383 1.5632 -1.2217 1.7589 0.0000
0.6383 1.5632 -1.2217 1.7589 0.0000
0.6383 1.5632 -1.2217 1.7589 0.0000
0.6383 1.5632 -1.2217 1.7589 0.0000
0.6383 1.5632 -1.2217 1.7589 0.0000
0.6383 1.5632 -1.2217 1.7589 0.0000
0.6383 1.5632 -1.2217 1.7589 0.0000
0.6383 1.5632 -1.2217 1.7589 0.0000
0.6383 1.5632 -1.2217 1.7589 0.0000
0.6383 1.5632 -1.2217 1.7589 0.0000
0.6383 1.5632 -1.2217 1.7589 0.0000
0.6383 1.5632 -1.2217 1.7589 0.0000
0.6383 1.5632 -1.2217 1.7589 0.0000
0.6383 1.5632 -1.2217 1.7589 0.0000
0.6383 1.5632 -1.2217 1.7589 0.0000
0.6383 1.5632 -1.2217 1.7589 0.0000
0.6383 1.5632 -1.2217 1.7589 0.0000
0.6383 1.5632 -1.2217 1.7589 0.0000
0.6383 1.5632 -1.2217 1.7589 0.0000
0.6383 1.5632 -1.2217 1.7589 0.0000
0.6383 1.5632 -1.2217 1.7589 0.0000
0.6383 1.5632 -1.2217 1.7589 0.0000
0.6383 1.5632 -1.2217 1.7589 0.0000
0.6383 1.5632 -1.2217 1.7589 0.0000
0.6383 1.5632 -1.2217 1.7589 0.0000
0.6383 1.5632 -1.2217 1.7589 0.0000
0.6383 1.5632 -1.2217 1.7589 0.0000
0.6383 1.5632 -1.2217 1.7589 0.0000
0.6383 1.5632 -1.2217 1.7589 0.0000
0.6383 1.5632 -1.2217 1.7589 0.0000
0.6383 1.5632 -1.2217 1.7589 0.0000
0.6383 1.5632 -1.2217 1.7589 0.0000
0.6383 1.5632 -1.2217 1.7589 0.0000
0.6383 1.5632 -1.2217 1.7589 0.0000
0.6383 1.5632 -1.2217 1.7589 0.0000
0.6383 1.5632 -1.2217 1.7589 0.0000
0.6383 1.5632 -1.2217 1.7589 0.0000
0.6383 1.5632 -1.2217 1.7589 0.0000
0.6383 1.5632 -1.2217 1.7589 0.0000
0.6383 1.5632 -1.2217 1.7589 0.0000
0.6383 1.5632 -1.2217 1.7589 0.0000
0.6383 1.5632 -1.2217 1.7589 0.0000
0.6383 1.5632 -1.2217 1.7589 0.0000
0.6383 1.5632 -1.2217 1.7589 0.0000
0.6383 1.5632 -1.2217 1.7589 0.0000
0.6383 1.5632 -1.2217 1.7589 0.0000
0.6383 1.5632 -1.2217 1.7589 0.0000
0.6383 1.5632 -1.2217 1.7589 0.0000
0.6383 1.5632 -1.2217 1.7589 0.0000
0.6383 1.5632 -1.2217 1.7589 0.0000
0.6383 1.5632 -1.2217 1.7589 0.0000
0.6383 1.5632 -1.2217 1.7589 0.0000
0.6383 1.5632 -1.2217 1.7589 0.0000
0.6383 1.5632 -1.2217 1.7589 0.0000
0.6383 1.5632 -1.2217 1.7589 0.0000
0.6383 1.5632 -1.2217 1.7589 0.0000
0.6383 1.5632 -1.2217 1.7589 0.0000
0.6383 1.5632 -1.2217 1.7589 0.0000
0.6383 1.5632 -1.2217 1.7589 0.0000
0.6383 1.5632 -1.2217 1.7589 0.0000
0.6383 1.5632 -1.2217 1.7589 0.0000
0.6383 1.5632 -1.2217 1.7589 0.0000
0.6383 1.5632 -1.2217 1.7589 0.0000
0.6383 1.5632 -1.2217 1.7589 0.0000
0.6383 1.5632 -1.2217 1.7589 0.0000
0.6383 1.5632 -1.2217 1.7589 0.0000
0.6383 1.5632 -1.2217 1.7589 0.0000
0.6383 1.5632 -1.2217 1.7589 0.0000
0.6383 1.5632 -1.2217 1.7589 0.0000
0.6383 1.5632 -1.2217 1.7589 0.0000
0.6383 1.5632 -1.2217 1.7589 0.0000
0.6383 1.5632 -1.2217 1.7589 0.0000
0.6383 1.5632 -1.2217 1.7589 0.0000
0.6383 1.5632 -1.2217 1.7589 0.0000
0.6383 1.5632 -1.2217 1.7589 0.0000
0.6383 1.5632 -1.2217 1.7589 0.0000
0.6383 1.5632 -1.2217 1.7589 0.0000
0.6383 1.5632 -1.2217 1.7589 0.0000
0.6383 1.5632 -1.2217 1.7589 0.0000
0.6383 1.5632 -1.2217 1.7589 0.0000
0.6383 1.5632 -1.2217 1.7589 0.0000
0.6383 1.5632 -1.2217 1.7589 0.0000
0.6514 1.5632 -1.2217 1.7589 0.0000
0.6514 1.5632 -1.2217 1.7589 0.0000
0.6514 1.5632 -1.2217 1.7589 0.0000
0.6514 1.5632 -1.2217 1.7589 0.0000
0.6514 1.5632 -1.2217 1.7589 0.0000
0.6514 1.5632 -1.2217 1.7589 0.0000
0.6514 1.5632 -1.2217 1.7589 0.0000
0.6514 1.5632 -1.2217 1.7589 0.0000
0.6514 1.5632 -1.2217 1.7589 0.0000
0.6514 1.5632 -1.2217 1.7589 0.0000
0.6514 1.5632 -1.2217 1.7589 0.0000
0.6514 1.5632 -1.2217 1.7589 0.0000
0.6514 1.5632 -1.2217 1.7589 0.0000
0.6514 1.5632 -1.2217 1.7589 0.0000
0.6514 1.5632 -1.2217 1.7589 0.0000
0.6514 1.5632 -1.2217 1.7589 0.0000
0.6514 1.5632 -1.2217 1.7589 0.0000
0.6514 1.5632 -1.2217 1.7589 0.0000
0.6514 1.5632 -1.2217 1.7589 0.0000
0.6514 1.5632 -1.2217 1.7589 0.0000
0.6514 1.5632 -1.2217 1.7589 0.0000
0.6514 1.5632 -1.2217 1.7589 0.0000
0.6514 1.5632 -1.2217 1.7589 0.0000
0.6514 1.5632 -1.2217 1.7589 0.0000
0.6514 1.5632 -1.2217 1.7589 0.0000
0.6514 1.5632 -1.2217 1.7589 0.0000
0.6514 1.5632 -1.2217 1.7589 0.0000
0.6514 1.5632 -1.2217 1.7589 0.0000
0.6514 1.5632 -1.2217 1.7589 0.0000
0.6514 1.5632 -1.2217 1.7589 0.0000
0.6514 1.5632 -1.2217 1.7589 0.0000
0.6514 1.5632 -1.2217 1.7589 0.0000
0.6514 1.5632 -1.2217 1.7589 0.0000
0.6514 1.5632 -1.2217 1.7589 0.0000
0.6514 1.5632 -1.2217 1.7589 0.0000
0.6514 1.5632 -1.2217 1.7589 0.0000
0.6514 1.5632 -1.2217 1.7589 0.0000
0.6514 1.5632 -1.2217 1.7589 0.0000
0.6514 1.5632 -1.2217 1.7589 0.0000
0.6514 1.5632 -1.2217 1.7589 0.0000
0.6514 1.5632 -1.2217 1.7589 0.0000
0.6514 1.5632 -1.2217 1.7589 0.0000
0.6514 1.5632 -1.2217 1.7589 0.0000
0.6514 1.5632 -1.2217 1.7589 0.0000
0.6514 1.5632 -1.2217 1.7589 0.0000
0.6514 1.5632 -1.2217 1.7589 0.0000
0.6514 1.5632 -1.2217 1.7589 0.0000
0.6514 1.5632 -1.2217 1.7589 0.0000
0.6514 1.5632 -1.2217 1.7589 0.0000
0.6514 1.5632 -1.2217 1.7589 0.0000
0.6514 1.5632 -1.2217 1.7589 0.0000
0.6514 1.5632 -1.2217 1.7589 0.0000
0.6514 1.5632 -1.2217 1.7589 0.0000
0.6514 1.5632 -1.2217 1.7589 0.0000
0.6514 1.5632 -1.2217 1.7589 0.0000
0.6514 1.5632 -1.2217 1.7589 0.0000
0.6514 1.5632 -1.2217 1.7589 0.0000
0.6514 1.5632 -1.2217 1.7589 0.0000
0.6514 1.5632 -1.2217 1.7589 0.0000
0.6514 1.5632 -1.2217 1.7589 0.0000
0.6514 1.5632 -1.2217 1.7589 0.0000
0.6514 1.5632 -1.2217 1.7589 0.0000
0.6514 1.5632 -1.2217 1.7589 0.0000
0.6514 1.5632 -1.2217 1.7589 0.0000
0.6514 1.5632 -1.2217 1.7589 0.0000
0.6514 1.5632 -1.2217 1.7589 0.0000
0.6514 1.5632 -1.2217 1.7589 0.0000
0.6514 1.5632 -1.2217 1.7589 0.0000
0.6514 1.5632 -1.2217 1.7589 0.0000
0.6514 1.5632 -1.2217 1.7589 0.0000
0.6514 1.5632 -1.2217 1.7589 0.0000
0.6514 1.5632 -1.2217 1.7589 0.0000
0.6514 1.5632 -1.2217 1.7589 0.0000
0.6514 1.5632 -1.2217 1.7589 0.0000
0.6514 1.5632 -1.2217 1.7589 0.0000
0.6514 1.5632 -1.2217 1.7589 0.0000
0.6514 1.5632 -1.2217 1.7589 0.0000
0.6514 1.5632 -1.2217 1.7589 0.0000
0.6514 1.5632 -1.2217 1.7589 0.0000
0.6514 1.5632 -1.2217 1.7589 0.0000
0.6514 1.5632 -1.2217 1.7589 0.0000
0.6514 1.5632 -1.2217 1.7589 0.0000
0.6514 1.5632 -1.2217 1.7589 0.0000
0.6514 1.5632 -1.2217 1.7589 0.0000
0.6514 1.5632 -1.2217 1.7589 0.0000
0.6514 1.5632 -1.2217 1.7589 0.0000
0.6514 1.5632 -1.2217 1.7589 0.0000
0.6514 1.5632 -1.2217 1.7589 0.0000
0.6514 1.5632 -1.2217 1.7589 0.0000
0.6514 1.5632 -1.2217 1.7589 0.0000
0.6514 1.5632 -1.2217 1.7589 0.0000
0.6514 1.5632 -1.2217 1.7589 0.0000
0.6514 1.5632 -1.2217 1.7589 0.0000
0.6514 1.5632 -1.2217 1.7589 0.0000
0.6514 1.5632 -1.2217 1.7589 0.0000
0.6514 1.5632 -1.2217 1.7589 0.0000
0.6514 1.5632 -1.2217 1.7589 0.0000
0.6514 1.5632 -1.2217 1.7589 0.0000
0.6514 1.5632 -1.2217 1.7589 0.0000
0.6514 1.5632 -1.2217 1.7589 0.0000
0.6514 1.5632 -1.2217 1.7589 0.0000
0.6514 1.5632 -1.2217 1.7589 0.0000
0.6514 1.5632 -1.2217 1.7589 0.0000
0.6514 1.5632 -1.2217 1.7589 0.0000
0.6514 1.5632 -1.2217 1.7589 0.0000
0.6514 1.5632 -1.2217 1.7589 0.0000
0.6514 1.5632 -1.2217 1.7589 0.0000
0.6514 1.5632 -1.2217 1.7589 0.0000
0.6514 1.5632 -1.2217 1.7589 0.0000
0.6514 1.5632 -1.2217 1.7589 0.0000
0.6514 1.5632 -1.2217 1.7589 0.0000
0.6514 1.5632 -1.2217 1.7589 0.0000
0.6514 1.5632 -1.2217 1.7589 0.0000
0.6514 1.5632 -1.2217 1.7589 0.0000
0.6514 1.5632 -1.2217 1.7589 0.0000
0.6514 1.5632 -1.2217 1.7589 0.0000
0.6514 1.5632 -1.2217 1.7589 0.0000
0.6514 1.5632 -1.2217 1.7589 0.0000
0.6514 1.5632 -1.2217 1.7589 0.0000
0.6514 1.5632 -1.2217 1.7589 0.0000
0.6514 1.5632 -1.2217 1.7589 0.0000
0.6514 1.5632 -1.2217 1.7589 0.0000
0.6514 1.5632 -1.2217 1.7589 0.0000
0.6514 1.5632 -1.2217 1.7589 0.0000
0.6514 1.5632 -1.2217 1.7589 0.0000
0.6514 1.5632 -1.2217 1.7589 0.0000
0.6514 1.5632 -1.2217 1.7589 0.0000
0.6514 1.5632 -1.2217 1.7589 0.0000
0.6514 1.5632 -1.2217 1.7589 0.0000
0.6514 1.5632 -1.2217 1.7589 0.0000
0.6514 1.5632 -1.2217 1.7589 0.0000
0.6514 1.5632 -1.2217 1.7589 0.0000
0.6514 1.5632 -1.2217 1.7589 0.0000
0.6514 1.5632 -1.2217 1.7589 0.0000
0.6514 1.5632 -1.2217 1.7589 0.0000
0.6514 1.5632 -1.2217 1.7589 0.0000
0.6514 1.5632 -1.2217 1.7589 0.0000
0.6514 1.5632 -1.2217 1.7589 0.0000
0.6514 1.5632 -1.2217 1.7589 0.0000
0.6514 1.5632 -1.2217 1.7589 0.0000
0.6514 1.5632 -1.2217 1.7589 0.0000
0.6514 1.5632 -1.2217 1.7589 0.0000
0.6514 1.5632 -1.2217 1.7589 0.0000
0.6514 1.5632 -1.2217 1.7589 0.0000
0.6514 1.5632 -1.2217 1.7589 0.0000
0.6514 1.5632 -1.2217 1.7589 0.0000
0.6514 1.5632 -1.2217 1.7589 0.0000
0.6645 1.5632 -1.2217 1.7589 0.0000
0.6645 1.5632 -1.2217 1.7589 0.0000
0.6645 1.5632 -1.2217 1.7589 0.0000
0.6645 1.5632 -1.2217 1.7589 0.0000
0.6645 1.5632 -1.2217 1.7589 0.0000
0.6645 1.5632 -1.2217 1.7589 0.0000
0.6645 1.5632 -1.2217 1.7589 0.0000
0.6645 1.5632 -1.2217 1.7589 0.0000
0.6645 1.5632 -1.2217 1.7589 0.0000
0.6645 1.5632 -1.2217 1.7589 0.0000
0.6645 1.5632 -1.2217 1.7589 0.0000
0.6645 1.5632 -1.2217 1.7589 0.0000
0.6645 1.5632 -1.2217 1.7589 0.0000
0.6645 1.5632 -1.2217 1.7589 0.0000
0.6645 1.5632 -1.2217 1.7589 0.0000
0.6645 1.5632 -1.2217 1.7589 0.0000
0.6645 1.5632 -1.2217 1.7589 0.0000
0.6645 1.5632 -1.2217 1.7589 0.0000
0.6645 1.5632 -1.2217 1.7589 0.0000
0.6645 1.5632 -1.2217 1.7589 0.0000
0.6645 1.5632 -1.2217 1.7589 0.0000
0.6645 1.5632 -1.2217 1.7589 0.0000
0.6645 1.5632 -1.2217 1.7589 0.0000
0.6645 1.5632 -1.2217 1.7589 0.0000
0.6645 1.5632 -1.2217 1.7589 0.0000
0.6645 1.5632 -1.2217 1.7589 0.0000
0.6645 1.5632 -1.2217 1.7589 0.0000
0.6645 1.5632 -1.2217 1.7589 0.0000
0.6645 1.5632 -1.2217 1.7589 0.0000
0.6645 1.5632 -1.2217 1.7589 0.0000
0.6645 1.5632 -1.2217 1.7589 0.0000
0.6645 1.5632 -1.2217 1.7589 0.0000
0.6645 1.5632 -1.2217 1.7589 0.0000
0.6645 1.5632 -1.2217 1.7589 0.0000
0.6645 1.5632 -1.2217 1.7589 0.0000
0.6645 1.5632 -1.2217 1.7589 0.0000
0.6645 1.5632 -1.2217 1.7589 0.0000
0.6645 1.5632 -1.2217 1.7589 0.0000
0.6645 1.5632 -1.2217 1.7589 0.0000
0.6645 1.5632 -1.2217 1.7589 0.0000
0.6645 1.5632 -1.2217 1.7589 0.0000
0.6645 1.5632 -1.2217 1.7589 0.0000
0.6645 1.5632 -1.2217 1.7589 0.0000
0.6645 1.5632 -1.2217 1.7589 0.0000
0.6645 1.5632 -1.2217 1.7589 0.0000
0.6645 1.5632 -1.2217 1.7589 0.0000
0.6645 1.5632 -1.2217 1.7589 0.0000
0.6645 1.5632 -1.2217 1.7589 0.0000
0.6645 1.5632 -1.2217 1.7589 0.0000
0.6645 1.5632 -1.2217 1.7589 0.0000
0.6645 1.5632 -1.2217 1.7589 0.0000
0.6645 1.5632 -1.2217 1.7589 0.0000
0.6645 1.5632 -1.2217 1.7589 0.0000
0.6645 1.5632 -1.2217 1.7589 0.0000
0.6645 1.5632 -1.2217 1.7589 0.0000
0.6645 1.5632 -1.2217 1.7589 0.0000
0.6645 1.5632 -1.2217 1.7589 0.0000
0.6645 1.5632 -1.2217 1.7589 0.0000
0.6645 1.5632 -1.2217 1.7589 0.0000
0.6645 1.5632 -1.2217 1.7589 0.0000
0.6645 1.5632 -1.2217 1.7589 0.0000
0.6645 1.5632 -1.2217 1.7589 0.0000
0.6645 1.5632 -1.2217 1.7589 0.0000
0.6645 1.5632 -1.2217 1.7589 0.0000
0.6645 1.5632 -1.2217 1.7589 0.0000
0.6645 1.5632 -1.2217 1.7589 0.0000
0.6645 1.5632 -1.2217 1.7589 0.0000
0.6645 1.5632 -1.2217 1.7589 0.0000
0.6645 1.5632 -1.2217 1.7589 0.0000
0.6645 1.5632 -1.2217 1.7589 0.0000
0.6645 1.5632 -1.2217 1.7589 0.0000
0.6645 1.5632 -1.2217 1.7589 0.0000
0.6645 1.5632 -1.2217 1.7589 0.0000
0.6645 1.5632 -1.2217 1.7589 0.0000
0.6645 1.5632 -1.2217 1.7589 0.0000
0.6645 1.5632 -1.2217 1.7589 0.0000
0.6645 1.5632 -1.2217 1.7589 0.0000
0.6645 1.5632 -1.2217 1.7589 0.0000
0.6645 1.5632 -1.2217 1.7589 0.0000
0.6645 1.5632 -1.2217 1.7589 0.0000
0.6645 1.5632 -1.2217 1.7589 0.0000
0.6645 1.5632 -1.2217 1.7589 0.0000
0.6645 1.5632 -1.2217 1.7589 0.0000
0.6645 1.5632 -1.2217 1.7589 0.0000
0.6645 1.5632 -1.2217 1.7589 0.0000
0.6645 1.5632 -1.2217 1.7589 0.0000
0.6645 1.5632 -1.2217 1.7589 0.0000
0.6645 1.5632 -1.2217 1.7589 0.0000
0.6645 1.5632 -1.2217 1.7589 0.0000
0.6645 1.5632 -1.2217 1.7589 0.0000
0.6645 1.5632 -1.2217 1.7589 0.0000
0.6645 1.5632 -1.2217 1.7589 0.0000
0.6645 1.5632 -1.2217 1.7589 0.0000
0.6645 1.5632 -1.2217 1.7589 0.0000
0.6645 1.5632 -1.2217 1.7589 0.0000
0.6645 1.5632 -1.2217 1.7589 0.0000
0.6645 1.5632 -1.2217 1.7589 0.0000
0.6645 1.5632 -1.2217 1.7589 0.0000
0.6645 1.5632 -1.2217 1.7589 0.0000
0.6645 1.5632 -1.2217 1.7589 0.0000
0.6645 1.5632 -1.2217 1.7589 0.0000
0.6645 1.5632 -1.2217 1.7589 0.0000
0.6645 1.5632 -1.2217 1.7589 0.0000
0.6645 1.5632 -1.2217 1.7589 0.0000
0.6645 1.5632 -1.2217 1.7589 0.0000
0.6645 1.5632 -1.2217 1.7589 0.0000
0.6645 1.5632 -1.2217 1.7589 0.0000
0.6645 1.5632 -1.2217 1.7589 0.0000
0.6645 1.5632 -1.2217 1.7589 0.0000
0.6645 1.5632 -1.2217 1.7589 0.0000
0.6645 1.5632 -1.2217 1.7589 0.0000
0.6645 1.5632 -1.2217 1.7589 0.0000
0.6645 1.5632 -1.2217 1.7589 0.0000
0.6645 1.5632 -1.2217 1.7589 0.0000
0.6645 1.5632 -1.2217 1.7589 0.0000
0.6645 1.5632 -1.2217 1.7589 0.0000
0.6645 1.5632 -1.2217 1.7589 0.0000
0.6645 1.5632 -1.2217 1.7589 0.0000
0.6645 1.5632 -1.2217 1.7589 0.0000
0.6645 1.5632 -1.2217 1.7589 0.0000
0.6645 1.5632 -1.2217 1.7589 0.0000
0.6645 1.5632 -1.2217 1.7589 0.0000
0.6645 1.5632 -1.2217 1.7589 0.0000
0.6645 1.5632 -1.2217 1.7589 0.0000
0.6645 1.5632 -1.2217 1.7589 0.0000
0.6645 1.5632 -1.2217 1.7589 0.0000
0.6645 1.5632 -1.2217 1.7589 0.0000
0.6645 1.5632 -1.2217 1.7589 0.0000
0.6645 1.5632 -1.2217 1.7589 0.0000
0.6645 1.5632 -1.2217 1.7589 0.0000
0.6645 1.5632 -1.2217 1.7589 0.0000
0.6645 1.5632 -1.2217 1.7589 0.0000
0.6645 1.5632 -1.2217 1.7589 0.0000
0.6645 1.5632 -1.2217 1.7589 0.0000
0.6645 1.5632 -1.2217 1.7589 0.0000
0.6645 1.5632 -1.2217 1.7589 0.0000
0.6645 1.5632 -1.2217 1.7589 0.0000
0.6645 1.5632 -1.2217 1.7589 0.0000
0.6645 1.5632 -1.2217 1.7589 0.0000
0.6645 1.5632 -1.2217 1.7589 0.0000
0.6645 1.5632 -1.2217 1.7589 0.0000
0.6645 1.5632 -1.2217 1.7589 0.0000
0.6645 1.5632 -1.2217 1.7589 0.0000
0.6645 1.5632 -1.2217 1.7589 0.0000
0.6645 1.5632 -1.2217 1.7589 0.0000
0.6645 1.5632 -1.2217 1.7589 0.0000
0.6645 1.5632 -1.2217 1.7589 0.0000
0.6645 1.5632 -1.2217 1.7589 0.0000
0.6645 1.5632 -1.2217 1.7589 0.0000
0.6645 1.5632 -1.2217 1.7589 0.0000
0.6645 1.5632 -1.2217 1.7589 0.0000
0.6645 1.5632 -1.2217 1.7589 0.0000
0.6645 1.5632 -1.2217 1.7589 0.0000
0.6645 1.5632 -1.2217 1.7589 0.0000
0.6645 1.5632 -1.2217 1.7589 0.0000
0.6645 1.5632 -1.2217 1.7589 0.0000
0.6645 1.5632 -1.2217 1.7589 0.0000
0.6645 1.5632 -1.2217 1.7589 0.0000
0.6645 1.5632 -1.2217 1.7589 0.0000
0.6645 1.5632 -1.2217 1.7589 0.0000
0.6645 1.5632 -1.2217 1.7589 0.0000
0.6645 1.5632 -1.2217 1.7589 0.0000
0.6645 1.5632 -1.2217 1.7589 0.0000
0.6645 1.5632 -1.2217 1.7589 0.0000
0.6645 1.5632 -1.2217 1.7589 0.0000
0.6645 1.5632 -1.2217 1.7589 0.0000
0.6645 1.5632 -1.2217 1.7589 0.0000
0.6645 1.5632 -1.2217 1.7589 0.0000
0.6645 1.5632 -1.2217 1.7589 0.0000
0.6645 1.5632 -1.2217 1.7589 0.0000
0.6645 1.5632 -1.2217 1.7589 0.0000
0.6645 1.5632 -1.2217 1.7589 0.0000
0.6645 1.5632 -1.2217 1.7589 0.0000
0.6645 1.5632 -1.2217 1.7589 0.0000
0.6645 1.5632 -1.2217 1.7589 0.0000
0.6645 1.5632 -1.2217 1.7589 0.0000
0.6645 1.5632 -1.2217 1.7589 0.0000
0.6645 1.5632 -1.2217 1.7589 0.0000
0.6645 1.5632 -1.2217 1.7589 0.0000
0.6645 1.5632 -1.2217 1.7589 0.0000
0.6645 1.5632 -1.2217 1.7589 0.0000
0.6645 1.5632 -1.2217 1.7589 0.0000
0.6645 1.5632 -1.2217 1.7589 0.0000
0.6645 1.5632 -1.2217 1.7589 0.0000
0.6645 1.5632 -1.2217 1.7589 0.0000
0.6645 1.5632 -1.2217 1.7589 0.0000
0.6645 1.5632 -1.2217 1.7589 0.0000
0.6645 1.5632 -1.2217 1.7589 0.0000
0.6645 1.5632 -1.2217 1.7589 0.0000
0.6645 1.5632 -1.2217 1.7589 0.0000
0.6645 1.5632 -1.2217 1.7589 0.0000
0.6645 1.5632 -1.2217 1.7589 0.0000
0.6645 1.5632 -1.2217 1.7589 0.0000
0.6645 1.5632 -1.2217 1.7589 0.0000
0.6645 1.5632 -1.2217 1.7589 0.0000
0.6645 1.5632 -1.2217 1.7589 0.0000
0.6645 1.5632 -1.2217 1.7589 0.0000
0.6645 1.5632 -1.2217 1.7589 0.0000
0.6645 1.5632 -1.2217 1.7589 0.0000
0.6645 1.5632 -1.2217 1.7589 0.0000
0.6645 1.5632 -1.2217 1.7589 0.0000
0.6645 1.5632 -1.2217 1.7589 0.0000
0.6645 1.5632 -1.2217 1.7589 0.0000
0.6645 1.5632 -1.2217 1.7589 0.0000
0.6645 1.5632 -1.2217 1.7589 0.0000
0.6645 1.5632 -1.2217 1.7589 0.0000
0.6645 1.5632 -1.2217 1.7589 0.0000
0.6645 1.5632 -1.2217 1.7589 0.0000
0.6645 1.5632 -1.2217 1.7589 0.0000
0.6645 1.5632 -1.2217 1.7589 0.0000
0.6645 1.5632 -1.2217 1.7589 0.0000
0.6645 1.5632 -1.2217 1.7589 0.0000
0.6645 1.5632 -1.2217 1.7589 0.0000
0.6645 1.5632 -1.2217 1.7589 0.0000
0.6645 1.5632 -1.2217 1.7589 0.0000
0.6645 1.5632 -1.2217 1.7589 0.0000
0.6645 1.5632 -1.2217 1.7589 0.0000
0.6645 1.5632 -1.2217 1.7589 0.0000
0.6776 1.5632 -1.2217 1.7589 0.0000
0.6776 1.5632 -1.2217 1.7589 0.0000
0.6776 1.5632 -1.2217 1.7589 0.0000
0.6776 1.5632 -1.2217 1.7589 0.0000
0.6776 1.5632 -1.2217 1.7589 0.0000
0.6776 1.5632 -1.2217 1.7589 0.0000
0.6776 1.5632 -1.2217 1.7589 0.0000
0.6776 1.5632 -1.2217 1.7589 0.0000
0.6776 1.5632 -1.2217 1.7589 0.0000
0.6776 1.5632 -1.2217 1.7589 0.0000
0.6776 1.5632 -1.2217 1.7589 0.0000
0.6776 1.5632 -1.2217 1.7589 0.0000
0.6776 1.5632 -1.2217 1.7589 0.0000
0.6776 1.5632 -1.2217 1.7589 0.0000
0.6776 1.5632 -1.2217 1.7589 0.0000
0.6776 1.5632 -1.2217 1.7589 0.0000
0.6776 1.5632 -1.2217 1.7589 0.0000
0.6776 1.5632 -1.2217 1.7589 0.0000
0.6776 1.5632 -1.2217 1.7589 0.0000
0.6776 1.5632 -1.2217 1.7589 0.0000
0.6776 1.5632 -1.2217 1.7589 0.0000
0.6776 1.5632 -1.2217 1.7589 0.0000
0.6776 1.5632 -1.2217 1.7589 0.0000
0.6776 1.5632 -1.2217 1.7589 0.0000
0.6776 1.5632 -1.2217 1.7589 0.0000
0.6776 1.5632 -1.2217 1.7589 0.0000
0.6776 1.5632 -1.2217 1.7589 0.0000
0.6776 1.5632 -1.2217 1.7589 0.0000
0.6776 1.5632 -1.2217 1.7589 0.0000
0.6776 1.5632 -1.2217 1.7589 0.0000
0.6776 1.5632 -1.2217 1.7589 0.0000
0.6776 1.5632 -1.2217 1.7589 0.0000
0.6776 1.5632 -1.2217 1.7589 0.0000
0.6776 1.5632 -1.2217 1.7589 0.0000
0.6776 1.5632 -1.2217 1.7589 0.0000
0.6776 1.5632 -1.2217 1.7589 0.0000
0.6776 1.5632 -1.2217 1.7589 0.0000
0.6776 1.5632 -1.2217 1.7589 0.0000
0.6776 1.5632 -1.2217 1.7589 0.0000
0.6776 1.5632 -1.2217 1.7589 0.0000
0.6776 1.5632 -1.2217 1.7589 0.0000
0.6776 1.5632 -1.2217 1.7589 0.0000
0.6776 1.5632 -1.2217 1.7589 0.0000
0.6776 1.5632 -1.2217 1.7589 0.0000
0.6776 1.5632 -1.2217 1.7589 0.0000
0.6776 1.5632 -1.2217 1.7589 0.0000
0.6776 1.5632 -1.2217 1.7589 0.0000
0.6776 1.5632 -1.2217 1.7589 0.0000
0.6776 1.5632 -1.2217 1.7589 0.0000
0.6776 1.5632 -1.2217 1.7589 0.0000
0.6776 1.5632 -1.2217 1.7589 0.0000
0.6776 1.5632 -1.2217 1.7589 0.0000
0.6776 1.5632 -1.2217 1.7589 0.0000
0.6776 1.5632 -1.2217 1.7589 0.0000
0.6776 1.5632 -1.2217 1.7589 0.0000
0.6776 1.5632 -1.2217 1.7589 0.0000
0.6776 1.5632 -1.2217 1.7589 0.0000
0.6776 1.5632 -1.2217 1.7589 0.0000
0.6776 1.5632 -1.2217 1.7589 0.0000
0.6776 1.5632 -1.2217 1.7589 0.0000
0.6776 1.5632 -1.2217 1.7589 0.0000
0.6776 1.5632 -1.2217 1.7589 0.0000
0.6776 1.5632 -1.2217 1.7589 0.0000
0.6776 1.5632 -1.2217 1.7589 0.0000
0.6776 1.5632 -1.2217 1.7589 0.0000
0.6776 1.5632 -1.2217 1.7589 0.0000
0.6776 1.5632 -1.2217 1.7589 0.0000
0.6776 1.5632 -1.2217 1.7589 0.0000
0.6776 1.5632 -1.2217 1.7589 0.0000
0.6776 1.5632 -1.2217 1.7589 0.0000
0.6776 1.5632 -1.2217 1.7589 0.0000
0.6776 1.5632 -1.2217 1.7589 0.0000
0.6776 1.5632 -1.2217 1.7589 0.0000
0.6776 1.5632 -1.2217 1.7589 0.0000
0.6776 1.5632 -1.2217 1.7589 0.0000
0.6776 1.5632 -1.2217 1.7589 0.0000
0.6776 1.5632 -1.2217 1.7589 0.0000
0.6776 1.5632 -1.2217 1.7589 0.0000
0.6776 1.5632 -1.2217 1.7589 0.0000
0.6776 1.5632 -1.2217 1.7589 0.0000
0.6776 1.5632 -1.2217 1.7589 0.0000
0.6776 1.5632 -1.2217 1.7589 0.0000
0.6776 1.5632 -1.2217 1.7589 0.0000
0.6776 1.5632 -1.2217 1.7589 0.0000
0.6776 1.5632 -1.2217 1.7589 0.0000
0.6776 1.5632 -1.2217 1.7589 0.0000
0.6776 1.5632 -1.2217 1.7589 0.0000
0.6776 1.5632 -1.2217 1.7589 0.0000
0.6776 1.5632 -1.2217 1.7589 0.0000
0.6776 1.5632 -1.2217 1.7589 0.0000
0.6776 1.5632 -1.2217 1.7589 0.0000
0.6776 1.5632 -1.2217 1.7589 0.0000
0.6776 1.5632 -1.2217 1.7589 0.0000
0.6776 1.5632 -1.2217 1.7589 0.0000
0.6776 1.5632 -1.2217 1.7589 0.0000
0.6776 1.5632 -1.2217 1.7589 0.0000
0.6776 1.5632 -1.2217 1.7589 0.0000
0.6776 1.5632 -1.2217 1.7589 0.0000
0.6776 1.5632 -1.2217 1.7589 0.0000
0.6776 1.5632 -1.2217 1.7589 0.0000
0.6776 1.5632 -1.2217 1.7589 0.0000
0.6776 1.5632 -1.2217 1.7589 0.0000
0.6776 1.5632 -1.2217 1.7589 0.0000
0.6776 1.5632 -1.2217 1.7589 0.0000
0.6776 1.5632 -1.2217 1.7589 0.0000
0.6776 1.5632 -1.2217 1.7589 0.0000
0.6776 1.5632 -1.2217 1.7589 0.0000
0.6776 1.5632 -1.2217 1.7589 0.0000
0.6776 1.5632 -1.2217 1.7589 0.0000
0.6776 1.5632 -1.2217 1.7589 0.0000
0.6776 1.5632 -1.2217 1.7589 0.0000
0.6776 1.5632 -1.2217 1.7589 0.0000
0.6776 1.5632 -1.2217 1.7589 0.0000
0.6776 1.5632 -1.2217 1.7589 0.0000
0.6776 1.5632 -1.2217 1.7589 0.0000
0.6776 1.5632 -1.2217 1.7589 0.0000
0.6776 1.5632 -1.2217 1.7589 0.0000
0.6776 1.5632 -1.2217 1.7589 0.0000
0.6776 1.5632 -1.2217 1.7589 0.0000
0.6776 1.5632 -1.2217 1.7589 0.0000
0.6776 1.5632 -1.2217 1.7589 0.0000
0.6776 1.5632 -1.2217 1.7589 0.0000
0.6776 1.5632 -1.2217 1.7589 0.0000
0.6776 1.5632 -1.2217 1.7589 0.0000
0.6776 1.5632 -1.2217 1.7589 0.0000
0.6776 1.5632 -1.2217 1.7589 0.0000
0.6776 1.5632 -1.2217 1.7589 0.0000
0.6776 1.5632 -1.2217 1.7589 0.0000
0.6776 1.5632 -1.2217 1.7589 0.0000
0.6776 1.5632 -1.2217 1.7589 0.0000
0.6776 1.5632 -1.2217 1.7589 0.0000
0.6776 1.5632 -1.2217 1.7589 0.0000
0.6776 1.5632 -1.2217 1.7589 0.0000
0.6776 1.5632 -1.2217 1.7589 0.0000
0.6776 1.5632 -1.2217 1.7589 0.0000
0.6776 1.5632 -1.2217 1.7589 0.0000
0.6776 1.5632 -1.2217 1.7589 0.0000
0.6776 1.5632 -1.2217 1.7589 0.0000
0.6776 1.5632 -1.2217 1.7589 0.0000
0.6776 1.5632 -1.2217 1.7589 0.0000
0.6776 1.5632 -1.2217 1.7589 0.0000
0.6776 1.5632 -1.2217 1.7589 0.0000
0.6776 1.5632 -1.2217 1.7589 0.0000
0.6776 1.5632 -1.2217 1.7589 0.0000
0.6776 1.5632 -1.2217 1.7589 0.0000
0.6776 1.5632 -1.2217 1.7589 0.0000
0.6776 1.5632 -1.2217 1.7589 0.0000
0.6776 1.5632 -1.2217 1.7589 0.0000
0.6776 1.5632 -1.2217 1.7589 0.0000
0.6776 1.5632 -1.2217 1.7589 0.0000
0.6776 1.5632 -1.2217 1.7589 0.0000
0.6776 1.5632 -1.2217 1.7589 0.0000
0.6776 1.5632 -1.2217 1.7589 0.0000
0.6776 1.5632 -1.2217 1.7589 0.0000
0.6776 1.5632 -1.2217 1.7589 0.0000
0.6776 1.5632 -1.2217 1.7589 0.0000
0.6776 1.5632 -1.2217 1.7589 0.0000
0.6776 1.5632 -1.2217 1.7589 0.0000
0.6776 1.5632 -1.2217 1.7589 0.0000
0.6776 1.5632 -1.2217 1.7589 0.0000
0.6776 1.5632 -1.2217 1.7589 0.0000
0.6776 1.5632 -1.2217 1.7589 0.0000
0.6776 1.5632 -1.2217 1.7589 0.0000
0.6776 1.5632 -1.2217 1.7589 0.0000
0.6776 1.5632 -1.2217 1.7589 0.0000
0.6776 1.5632 -1.2217 1.7589 0.0000
0.6776 1.5632 -1.2217 1.7589 0.0000
0.6776 1.5632 -1.2217 1.7589 0.0000
0.6907 1.5632 -1.2217 1.7589 0.0000
0.6907 1.5632 -1.2217 1.7589 0.0000
0.6907 1.5632 -1.2217 1.7589 0.0000
0.6907 1.5632 -1.2217 1.7589 0.0000
0.6907 1.5632 -1.2217 1.7589 0.0000
0.6907 1.5632 -1.2217 1.7589 0.0000
0.6907 1.5632 -1.2217 1.7589 0.0000
0.6907 1.5632 -1.2217 1.7589 0.0000
0.6907 1.5632 -1.2217 1.7589 0.0000
0.6907 1.5632 -1.2217 1.7589 0.0000
0.6907 1.5632 -1.2217 1.7589 0.0000
0.6907 1.5632 -1.2217 1.7589 0.0000
0.6907 1.5632 -1.2217 1.7589 0.0000
0.6907 1.5632 -1.2217 1.7589 0.0000
0.6907 1.5632 -1.2217 1.7589 0.0000
0.6907 1.5632 -1.2217 1.7589 0.0000
0.6907 1.5632 -1.2217 1.7589 0.0000
0.6907 1.5632 -1.2217 1.7589 0.0000
0.6907 1.5632 -1.2217 1.7589 0.0000
0.6907 1.5632 -1.2217 1.7589 0.0000
0.6907 1.5632 -1.2217 1.7589 0.0000
0.6907 1.5632 -1.2217 1.7589 0.0000
0.6907 1.5632 -1.2217 1.7589 0.0000
0.6907 1.5632 -1.2217 1.7589 0.0000
0.6907 1.5632 -1.2217 1.7589 0.0000
0.6907 1.5632 -1.2217 1.7589 0.0000
0.6907 1.5632 -1.2217 1.7589 0.0000
0.6907 1.5632 -1.2217 1.7589 0.0000
0.6907 1.5632 -1.2217 1.7589 0.0000
0.6907 1.5632 -1.2217 1.7589 0.0000
0.6907 1.5632 -1.2217 1.7589 0.0000
0.6907 1.5632 -1.2217 1.7589 0.0000
0.6907 1.5632 -1.2217 1.7589 0.0000
0.6907 1.5632 -1.2217 1.7589 0.0000
0.6907 1.5632 -1.2217 1.7589 0.0000
0.6907 1.5632 -1.2217 1.7589 0.0000
0.6907 1.5632 -1.2217 1.7589 0.0000
0.6907 1.5632 -1.2217 1.7589 0.0000
0.6907 1.5632 -1.2217 1.7589 0.0000
0.6907 1.5632 -1.2217 1.7589 0.0000
0.6907 1.5632 -1.2217 1.7589 0.0000
0.6907 1.5632 -1.2217 1.7589 0.0000
0.6907 1.5632 -1.2217 1.7589 0.0000
0.6907 1.5632 -1.2217 1.7589 0.0000
0.6907 1.5632 -1.2217 1.7589 0.0000
0.6907 1.5632 -1.2217 1.7589 0.0000
0.6907 1.5632 -1.2217 1.7589 0.0000
0.6907 1.5632 -1.2217 1.7589 0.0000
0.6907 1.5632 -1.2217 1.7589 0.0000
0.6907 1.5632 -1.2217 1.7589 0.0000
0.6907 1.5632 -1.2217 1.7589 0.0000
0.6907 1.5632 -1.2217 1.7589 0.0000
0.6907 1.5632 -1.2217 1.7589 0.0000
0.6907 1.5632 -1.2217 1.7589 0.0000
0.6907 1.5632 -1.2217 1.7589 0.0000
0.6907 1.5632 -1.2217 1.7589 0.0000
0.6907 1.5632 -1.2217 1.7589 0.0000
0.6907 1.5632 -1.2217 1.7589 0.0000
0.6907 1.5632 -1.2217 1.7589 0.0000
0.6907 1.5632 -1.2217 1.7589 0.0000
0.6907 1.5632 -1.2217 1.7589 0.0000
0.6907 1.5632 -1.2217 1.7589 0.0000
0.6907 1.5632 -1.2217 1.7589 0.0000
0.6907 1.5632 -1.2217 1.7589 0.0000
0.6907 1.5632 -1.2217 1.7589 0.0000
0.6907 1.5632 -1.2217 1.7589 0.0000
0.6907 1.5632 -1.2217 1.7589 0.0000
0.6907 1.5632 -1.2217 1.7589 0.0000
0.6907 1.5632 -1.2217 1.7589 0.0000
0.6907 1.5632 -1.2217 1.7589 0.0000
0.6907 1.5632 -1.2217 1.7589 0.0000
0.6907 1.5632 -1.2217 1.7589 0.0000
0.6907 1.5632 -1.2217 1.7589 0.0000
0.6907 1.5632 -1.2217 1.7589 0.0000
0.6907 1.5632 -1.2217 1.7589 0.0000
0.6907 1.5632 -1.2217 1.7589 0.0000
0.6907 1.5632 -1.2217 1.7589 0.0000
0.6907 1.5632 -1.2217 1.7589 0.0000
0.6907 1.5632 -1.2217 1.7589 0.0000
0.6907 1.5632 -1.2217 1.7589 0.0000
0.6907 1.5632 -1.2217 1.7589 0.0000
0.6907 1.5632 -1.2217 1.7589 0.0000
0.6907 1.5632 -1.2217 1.7589 0.0000
0.6907 1.5632 -1.2217 1.7589 0.0000
0.6907 1.5632 -1.2217 1.7589 0.0000
0.6907 1.5632 -1.2217 1.7589 0.0000
0.6907 1.5632 -1.2217 1.7589 0.0000
0.6907 1.5632 -1.2217 1.7589 0.0000
0.6907 1.5632 -1.2217 1.7589 0.0000
0.6907 1.5632 -1.2217 1.7589 0.0000
0.6907 1.5632 -1.2217 1.7589 0.0000
0.6907 1.5632 -1.2217 1.7589 0.0000
0.6907 1.5632 -1.2217 1.7589 0.0000
0.6907 1.5632 -1.2217 1.7589 0.0000
0.6907 1.5632 -1.2217 1.7589 0.0000
0.6907 1.5632 -1.2217 1.7589 0.0000
0.6907 1.5632 -1.2217 1.7589 0.0000
0.6907 1.5632 -1.2217 1.7589 0.0000
0.6907 1.5632 -1.2217 1.7589 0.0000
0.6907 1.5632 -1.2217 1.7589 0.0000
0.6907 1.5632 -1.2217 1.7589 0.0000
0.6907 1.5632 -1.2217 1.7589 0.0000
0.6907 1.5632 -1.2217 1.7589 0.0000
0.6907 1.5632 -1.2217 1.7589 0.0000
0.6907 1.5632 -1.2217 1.7589 0.0000
0.6907 1.5632 -1.2217 1.7589 0.0000
0.6907 1.5632 -1.2217 1.7589 0.0000
0.6907 1.5632 -1.2217 1.7589 0.0000
0.6907 1.5632 -1.2217 1.7589 0.0000
0.6907 1.5632 -1.2217 1.7589 0.0000
0.6907 1.5632 -1.2217 1.7589 0.0000
0.6907 1.5632 -1.2217 1.7589 0.0000
0.6907 1.5632 -1.2217 1.7589 0.0000
0.6907 1.5632 -1.2217 1.7589 0.0000
0.6907 1.5632 -1.2217 1.7589 0.0000
0.6907 1.5632 -1.2217 1.7589 0.0000
0.6907 1.5632 -1.2217 1.7589 0.0000
0.6907 1.5632 -1.2217 1.7589 0.0000
0.6907 1.5632 -1.2217 1.7589 0.0000
0.6907 1.5632 -1.2217 1.7589 0.0000
0.6907 1.5632 -1.2217 1.7589 0.0000
0.6907 1.5632 -1.2217 1.7589 0.0000
0.6907 1.5632 -1.2217 1.7589 0.0000
0.6907 1.5632 -1.2217 1.7589 0.0000
0.6907 1.5632 -1.2217 1.7589 0.0000
0.6907 1.5632 -1.2217 1.7589 0.0000
0.6907 1.5632 -1.2217 1.7589 0.0000
0.6907 1.5632 -1.2217 1.7589 0.0000
0.6907 1.5632 -1.2217 1.7589 0.0000
0.6907 1.5632 -1.2217 1.7589 0.0000
0.6907 1.5632 -1.2217 1.7589 0.0000
0.6907 1.5632 -1.2217 1.7589 0.0000
0.6907 1.5632 -1.2217 1.7589 0.0000
0.6907 1.5632 -1.2217 1.7589 0.0000
0.6907 1.5632 -1.2217 1.7589 0.0000
0.6907 1.5632 -1.2217 1.7589 0.0000
0.6907 1.5632 -1.2217 1.7589 0.0000
0.6907 1.5632 -1.2217 1.7589 0.0000
0.6907 1.5632 -1.2217 1.7589 0.0000
0.6907 1.5632 -1.2217 1.7589 0.0000
0.6907 1.5632 -1.2217 1.7589 0.0000
0.6907 1.5632 -1.2217 1.7589 0.0000
0.6907 1.5632 -1.2217 1.7589 0.0000
0.6907 1.5632 -1.2217 1.7589 0.0000
0.6907 1.5632 -1.2217 1.7589 0.0000
0.6907 1.5632 -1.2217 1.7589 0.0000
0.6907 1.5632 -1.2217 1.7589 0.0000
0.6907 1.5632 -1.2217 1.7589 0.0000
0.6907 1.5632 -1.2217 1.7589 0.0000
0.6907 1.5632 -1.2217 1.7589 0.0000
0.6907 1.5632 -1.2217 1.7589 0.0000
0.6907 1.5632 -1.2217 1.7589 0.0000
0.6907 1.5632 -1.2217 1.7589 0.0000
0.6907 1.5632 -1.2217 1.7589 0.0000
0.6907 1.5632 -1.2217 1.7589 0.0000
0.6907 1.5632 -1.2217 1.7589 0.0000
0.6907 1.5632 -1.2217 1.7589 0.0000
0.6907 1.5632 -1.2217 1.7589 0.0000
0.6907 1.5632 -1.2217 1.7589 0.0000
0.6907 1.5632 -1.2217 1.7589 0.0000
0.6907 1.5632 -1.2217 1.7589 0.0000
0.6907 1.5632 -1.2217 1.7589 0.0000
0.6907 1.5632 -1.2217 1.7589 0.0000
0.6907 1.5632 -1.2217 1.7589 0.0000
0.6907 1.5632 -1.2217 1.7589 0.0000
0.6907 1.5632 -1.2217 1.7589 0.0000
0.6907 1.5632 -1.2217 1.7589 0.0000
0.6907 1.5632 -1.2217 1.7589 0.0000
0.6907 1.5632 -1.2217 1.7589 0.0000
0.6907 1.5632 -1.2217 1.7589 0.0000
0.6907 1.5632 -1.2217 1.7589 0.0000
0.6907 1.5632 -1.2217 1.7589 0.0000
0.6907 1.5632 -1.2217 1.7589 0.0000
0.6907 1.5632 -1.2217 1.7589 0.0000
0.6907 1.5632 -1.2217 1.7589 0.0000
0.6907 1.5632 -1.2217 1.7589 0.0000
0.6907 1.5632 -1.2217 1.7589 0.0000
0.6907 1.5632 -1.2217 1.7589 0.0000
0.6907 1.5632 -1.2217 1.7589 0.0000
0.6907 1.5632 -1.2217 1.7589 0.0000
0.7037 1.5632 -1.2217 1.7589 0.0000
0.7037 1.5632 -1.2217 1.7589 0.0000
0.7037 1.5632 -1.2217 1.7589 0.0000
0.7037 1.5632 -1.2217 1.7589 0.0000
0.7037 1.5632 -1.2217 1.7589 0.0000
0.7037 1.5632 -1.2217 1.7589 0.0000
0.7037 1.5632 -1.2217 1.7589 0.0000
0.7037 1.5632 -1.2217 1.7589 0.0000
0.7037 1.5632 -1.2217 1.7589 0.0000
0.7037 1.5632 -1.2217 1.7589 0.0000
0.7037 1.5632 -1.2217 1.7589 0.0000
0.7037 1.5632 -1.2217 1.7589 0.0000
0.7037 1.5632 -1.2217 1.7589 0.0000
0.7037 1.5632 -1.2217 1.7589 0.0000
0.7037 1.5632 -1.2217 1.7589 0.0000
0.7037 1.5632 -1.2217 1.7589 0.0000
0.7037 1.5632 -1.2217 1.7589 0.0000
0.7037 1.5632 -1.2217 1.7589 0.0000
0.7037 1.5632 -1.2217 1.7589 0.0000
0.7037 1.5632 -1.2217 1.7589 0.0000
0.7037 1.5632 -1.2217 1.7589 0.0000
0.7037 1.5632 -1.2217 1.7589 0.0000
0.7037 1.5632 -1.2217 1.7589 0.0000
0.7037 1.5632 -1.2217 1.7589 0.0000
0.7037 1.5632 -1.2217 1.7589 0.0000
0.7037 1.5632 -1.2217 1.7589 0.0000
0.7037 1.5632 -1.2217 1.7589 0.0000
0.7037 1.5632 -1.2217 1.7589 0.0000
0.7037 1.5632 -1.2217 1.7589 0.0000
0.7037 1.5632 -1.2217 1.7589 0.0000
0.7037 1.5632 -1.2217 1.7589 0.0000
0.7037 1.5632 -1.2217 1.7589 -0.0033
0.7037 1.5632 -1.2217 1.7589 -0.0065
0.7037 1.5632 -1.2217 1.7589 -0.0098
0.7037 1.5632 -1.2217 1.7589 -0.0131
0.7037 1.5632 -1.2217 1.7589 -0.0164
0.7037 1.5632 -1.2217 1.7589 -0.0196
0.7037 1.5632 -1.2217 1.7589 -0.0229
0.7037 1.5632 -1.2217 1.7589 -0.0262
0.7037 1.5632 -1.2217 1.7589 -0.0295
0.7037 1.5632 -1.2217 1.7589 -0.0327
0.7037 1.5632 -1.2217 1.7589 -0.0360
0.7037 1.5632 -1.2217 1.7589 -0.0393
0.7037 1.5632 -1.2217 1.7589 -0.0425
0.7037 1.5632 -1.2217 1.7589 -0.0458
0.7037 1.5632 -1.2217 1.7589 -0.0491
0.7037 1.5632 -1.2217 1.7589 -0.0524
0.7037 1.5632 -1.2217 1.7589 -0.0556
0.7037 1.5632 -1.2217 1.7589 -0.0589
0.7037 1.5632 -1.2217 1.7589 -0.0622
0.7037 1.5632 -1.2217 1.7589 -0.0654
0.7037 1.5632 -1.2217 1.7589 -0.0687
0.7037 1.5632 -1.2217 1.7589 -0.0720
0.7037 1.5632 -1.2217 1.7589 -0.0753
0.7037 1.5632 -1.2217 1.7589 -0.0785
0.7037 1.5632 -1.2217 1.7589 -0.0818
0.7037 1.5632 -1.2217 1.7589 -0.0851
0.7037 1.5632 -1.2217 1.7589 -0.0884
0.7037 1.5632 -1.2217 1.7589 -0.0916
0.7037 1.5632 -1.2217 1.7589 -0.0949
0.7037 1.5632 -1.2217 1.7589 -0.0982
0.7037 1.5632 -1.2217 1.7589 -0.1014
0.7037 1.5632 -1.2217 1.7589 -0.1047
0.7037 1.5632 -1.2217 1.7589 -0.1080
0.7037 1.5632 -1.2217 1.7589 -0.1113
0.7037 1.5632 -1.2217 1.7589 -0.1145
0.7037 1.5632 -1.2217 1.7589 -0.1178
0.7037 1.5632 -1.2217 1.7589 -0.1211
0.7037 1.5632 -1.2217 1.7589 -0.1244
0.7037 1.5632 -1.2217 1.7589 -0.1276
0.7037 1.5632 -1.2217 1.7589 -0.1309
0.7037 1.5632 -1.2217 1.7589 -0.1342
0.7037 1.5632 -1.2217 1.7589 -0.1374
0.7037 1.5632 -1.2217 1.7589 -0.1407
0.7037 1.5632 -1.2217 1.7589 -0.1440
0.7037 1.5632 -1.2217 1.7589 -0.1473
0.7037 1.5632 -1.2217 1.7589 -0.1505
0.7037 1.5632 -1.2217 1.7589 -0.1538
0.7037 1.5632 -1.2217 1.7589 -0.1571
0.7037 1.5632 -1.2217 1.7589 -0.1604
0.7037 1.5632 -1.2217 1.7589 -0.1636
0.7037 1.5632 -1.2217 1.7589 -0.1669
0.7037 1.5632 -1.2217 1.7589 -0.1702
0.7037 1.5632 -1.2217 1.7589 -0.1734
0.7037 1.5632 -1.2217 1.7589 -0.1767
0.7037 1.5632 -1.2217 1.7589 -0.1800
0.7037 1.5632 -1.2217 1.7589 -0.1833
0.7037 1.5632 -1.2217 1.7589 -0.1865
0.7037 1.5632 -1.2217 1.7589 -0.1898
0.7037 1.5632 -1.2217 1.7589 -0.1931
0.7037 1.5632 -1.2217 1.7589 -0.1963
0.7037 1.5632 -1.2217 1.7589 -0.1996
0.7037 1.5632 -1.2217 1.7589 -0.2029
0.7037 1.5632 -1.2217 1.7589 -0.2062
0.7037 1.5632 -1.2217 1.7589 -0.2094
0.7037 1.5632 -1.2217 1.7589 -0.2127
0.7037 1.5632 -1.2217 1.7589 -0.2160
0.7037 1.5632 -1.2217 1.7589 -0.2193
0.7037 1.5632 -1.2217 1.7589 -0.2225
0.7037 1.5632 -1.2217 1.7589 -0.2258
0.7037 1.5632 -1.2217 1.7589 -0.2291
0.7037 1.5632 -1.2217 1.7589 -0.2323
0.7037 1.5632 -1.2217 1.7589 -0.2356
0.7037 1.5632 -1.2217 1.7589 -0.2389
0.7037 1.5632 -1.2217 1.7589 -0.2422
0.7037 1.5632 -1.2217 1.7589 -0.2454
0.7037 1.5632 -1.2217 1.7589 -0.2487
0.7037 1.5632 -1.2217 1.7589 -0.2520
0.7037 1.5632 -1.2217 1.7589 -0.2553
0.7037 1.5632 -1.2217 1.7589 -0.2585
0.7037 1.5632 -1.2217 1.7589 -0.2618
0.7037 1.5632 -1.2217 1.7589 -0.2651
0.7037 1.5632 -1.2217 1.7589 -0.2683
0.7037 1.5632 -1.2217 1.7589 -0.2716
0.7037 1.5632 -1.2217 1.7589 -0.2749
0.7037 1.5632 -1.2217 1.7589 -0.2782
0.7037 1.5632 -1.2217 1.7589 -0.2814
0.7037 1.5632 -1.2217 1.7589 -0.2847
0.7037 1.5632 -1.2217 1.7589 -0.2880
0.7037 1.5632 -1.2217 1.7589 -0.2913
0.7037 1.5632 -1.2217 1.7589 -0.2945
0.7037 1.5632 -1.2217 1.7589 -0.2978
0.7037 1.5632 -1.2217 1.7589 -0.3011
0.7037 1.5632 -1.2217 1.7589 -0.3043
0.7037 1.5632 -1.2217 1.7589 -0.3076
0.7037 1.5632 -1.2217 1.7589 -0.3109
0.7037 1.5632 -1.2217 1.7589 -0.3142
0.7037 1.5632 -1.2217 1.7589 -0.3174
0.7037 1.5632 -1.2217 1.7589 -0.3207
0.7037 1.5632 -1.2217 1.7589 -0.3240
0.7037 1.5632 -1.2217 1.7589 -0.3272
0.7037 1.5632 -1.2217 1.7589 -0.3305
0.7037 1.5632 -1.2217 1.7589 -0.3338
0.7037 1.5632 -1.2217 1.7589 -0.3371
0.7037 1.5632 -1.2217 1.7589 -0.3403
0.7037 1.5632 -1.2217 1.7589 -0.3436
0.7037 1.5632 -1.2217 1.7589 -0.3469
0.7037 1.5632 -1.2217 1.7589 -0.3502
0.7037 1.5632 -1.2217 1.7589 -0.3534
0.7037 1.5632 -1.2217 1.7589 -0.3567
0.7168 1.5632 -1.2217 1.7589 -0.3600
0.7168 1.5632 -1.2217 1.7589 -0.3632
0.7168 1.5632 -1.2217 1.7589 -0.3665
0.7168 1.5632 -1.2217 1.7589 -0.3698
0.7168 1.5632 -1.2217 1.7589 -0.3731
0.7168 1.5632 -1.2217 1.7589 -0.3763
0.7168 1.5632 -1.2217 1.7589 -0.3796
0.7168 1.5632 -1.2217 1.7589 -0.3829
0.7168 1.5632 -1.2217 1.7589 -0.3862
0.7168 1.5632 -1.2217 1.7589 -0.3894
0.7168 1.5632 -1.2217 1.7589 -0.3927
0.7168 1.5632 -1.2217 1.7589 -0.3960
0.7168 1.5632 -1.2217 1.7589 -0.3992
0.7168 1.5632 -1.2217 1.7589 -0.4025
0.7168 1.5632 -1.2217 1.7589 -0.4058
0.7168 1.5632 -1.2217 1.7589 -0.4091
0.7168 1.5632 -1.2217 1.7589 -0.4123
0.7168 1.5632 -1.2217 1.7589 -0.4156
0.7168 1.5632 -1.2217 1.7589 -0.4189
0.7168 1.5632 -1.2217 1.7589 -0.4222
0.7168 1.5632 -1.2217 1.7589 -0.4254
0.7168 1.5632 -1.2217 1.7589 -0.4287
0.7168 1.5632 -1.2217 1.7589 -0.4320
0.7168 1.5632 -1.2217 1.7589 -0.4352
0.7168 1.5632 -1.2217 1.7589 -0.4385
0.7168 1.5632 -1.2217 1.7589 -0.4418
0.7168 1.5632 -1.2217 1.7589 -0.4451
0.7168 1.5632 -1.2217 1.7589 -0.4483
0.7168 1.5632 -1.2217 1.7589 -0.4516
0.7168 1.5632 -1.2217 1.7589 -0.4549
0.7168 1.5632 -1.2217 1.7589 -0.4581
0.7168 1.5632 -1.2217 1.7589 -0.4614
0.7168 1.5632 -1.2217 1.7589 -0.4647
0.7168 1.5632 -1.2217 1.7589 -0.4680
0.7168 1.5632 -1.2217 1.7589 -0.4712
0.7168 1.5632 -1.2217 1.7589 -0.4745
0.7168 1.5632 -1.2217 1.7589 -0.4778
0.7168 1.5632 -1.2217 1.7589 -0.4811
0.7168 1.5632 -1.2217 1.7589 -0.4843
0.7168 1.5632 -1.2217 1.7589 -0.4876
0.7168 1.5632 -1.2217 1.7589 -0.4909
0.7168 1.5632 -1.2217 1.7589 -0.4941
0.7168 1.5632 -1.2217 1.7589 -0.4974
0.7168 1.5632 -1.2217 1.7589 -0.5007
0.7168 1.5632 -1.2217 1.7589 -0.5040
0.7168 1.5632 -1.2217 1.7589 -0.5072
0.7168 1.5632 -1.2217 1.7589 -0.5105
0.7168 1.5632 -1.2217 1.7589 -0.5138
0.7168 1.5632 -1.2217 1.7589 -0.5171
0.7168 1.5632 -1.2217 1.7589 -0.5203
0.7168 1.5632 -1.2217 1.7589 -0.5236
0.7168 1.5632 -1.2217 1.7589 -0.5269
0.7168 1.5632 -1.2217 1.7589 -0.5301
0.7168 1.5632 -1.2217 1.7589 -0.5334
0.7168 1.5632 -1.2217 1.7589 -0.5367
0.7168 1.5632 -1.2217 1.7589 -0.5400
0.7168 1.5632 -1.2217 1.7589 -0.5432
0.7168 1.5632 -1.2217 1.7589 -0.5465
0.7168 1.5632 -1.2217 1.7589 -0.5498
0.7168 1.5632 -1.2217 1.7589 -0.5531
0.7168 1.5632 -1.2217 1.7589 -0.5563
0.7168 1.5632 -1.2217 1.7589 -0.5596
0.7168 1.5632 -1.2217 1.7589 -0.5629
0.7168 1.5632 -1.2217 1.7589 -0.5661
0.7168 1.5632 -1.2217 1.7589 -0.5694
0.7168 1.5632 -1.2217 1.7589 -0.5727
0.7168 1.5632 -1.2217 1.7589 -0.5760
0.7168 1.5632 -1.2217 1.7589 -0.5792
0.7168 1.5632 -1.2217 1.7589 -0.5825
0.7168 1.5632 -1.2217 1.7589 -0.5858
0.7168 1.5632 -1.2217 1.7589 -0.5890
0.7168 1.5632 -1.2217 1.7589 -0.5923
0.7168 1.5632 -1.2217 1.7589 -0.5956
0.7168 1.5632 -1.2217 1.7589 -0.5989
0.7168 1.5632 -1.2217 1.7589 -0.6021
0.7168 1.5632 -1.2217 1.7589 -0.6054
0.7168 1.5632 -1.2217 1.7589 -0.6087
0.7168 1.5632 -1.2217 1.7589 -0.6120
0.7168 1.5632 -1.2217 1.7589 -0.6152
0.7168 1.5632 -1.2217 1.7589 -0.6185
0.7168 1.5632 -1.2217 1.7589 -0.6218
0.7168 1.5632 -1.2217 1.7589 -0.6250
0.7168 1.5632 -1.2217 1.7589 -0.6283
0.7168 1.5632 -1.2217 1.7589 -0.6316
0.7168 1.5632 -1.2217 1.7589 -0.6349
0.7168 1.5632 -1.2217 1.7589 -0.6381
0.7168 1.5632 -1.2217 1.7589 -0.6414
0.7168 1.5632 -1.2217 1.7589 -0.6447
0.7168 1.5632 -1.2217 1.7589 -0.6480
0.7168 1.5632 -1.2217 1.7589 -0.6512
0.7168 1.5632 -1.2217 1.7589 -0.6545
0.7168 1.5632 -1.2217 1.7589 -0.6578
0.7168 1.5632 -1.2217 1.7589 -0.6610
0.7168 1.5632 -1.2217 1.7589 -0.6643
0.7168 1.5632 -1.2217 1.7589 -0.6676
0.7168 1.5632 -1.2217 1.7589 -0.6709
0.7168 1.5632 -1.2217 1.7589 -0.6741
0.7168 1.5632 -1.2217 1.7589 -0.6774
0.7168 1.5632 -1.2217 1.7589 -0.6807
0.7168 1.5632 -1.2217 1.7589 -0.6840
0.7168 1.5632 -1.2217 1.7589 -0.6872
0.7168 1.5632 -1.2217 1.7589 -0.6905
0.7168 1.5632 -1.2217 1.7589 -0.6938
0.7168 1.5632 -1.2217 1.7589 -0.6970
0.7168 1.5632 -1.2217 1.7589 -0.7003
0.7168 1.5632 -1.2217 1.7589 -0.7036
0.7168 1.5632 -1.2217 1.7589 -0.7069
0.7168 1.5632 -1.2217 1.7589 -0.7101
0.7168 1.5632 -1.2217 1.7589 -0.7134
0.7168 1.5632 -1.2217 1.7589 -0.7167
0.7168 1.5632 -1.2217 1.7589 -0.7199
0.7168 1.5632 -1.2217 1.7589 -0.7232
0.7168 1.5632 -1.2217 1.7589 -0.7265
0.7168 1.5632 -1.2217 1.7589 -0.7298
0.7168 1.5632 -1.2217 1.7589 -0.7330
0.7299 1.5632 -1.2217 1.7589 -0.7363
0.7299 1.5632 -1.2217 1.7589 -0.7396
0.7299 1.5632 -1.2217 1.7589 -0.7429
0.7299 1.5632 -1.2217 1.7589 -0.7461
0.7299 1.5632 -1.2217 1.7589 -0.7494
0.7299 1.5632 -1.2217 1.7589 -0.7527
0.7299 1.5632 -1.2217 1.7589 -0.7559
0.7299 1.5632 -1.2217 1.7589 -0.7592
0.7299 1.5632 -1.2217 1.7589 -0.7625
0.7299 1.5632 -1.2217 1.7589 -0.7658
0.7299 1.5632 -1.2217 1.7589 -0.7690
0.7299 1.5632 -1.2217 1.7589 -0.7723
0.7299 1.5632 -1.2217 1.7589 -0.7756
0.7299 1.5632 -1.2217 1.7589 -0.7789
0.7299 1.5632 -1.2217 1.7589 -0.7821
0.7299 1.5632 -1.2217 1.7589 -0.7854
0.7299 1.5632 -1.2217 1.7589 -0.7887
0.7299 1.5632 -1.2217 1.7589 -0.7919
0.7299 1.5632 -1.2217 1.7589 -0.7952
0.7299 1.5632 -1.2217 1.7589 -0.7985
0.7299 1.5632 -1.2217 1.7589 -0.8018
0.7299 1.5632 -1.2217 1.7589 -0.8050
0.7299 1.5632 -1.2217 1.7589 -0.8083
0.7299 1.5632 -1.2217 1.7589 -0.8116
0.7299 1.5632 -1.2217 1.7589 -0.8149
0.7299 1.5632 -1.2217 1.7589 -0.8181
0.7299 1.5632 -1.2217 1.7589 -0.8214
0.7299 1.5632 -1.2217 1.7589 -0.8247
0.7299 1.5632 -1.2217 1.7589 -0.8279
0.7299 1.5632 -1.2217 1.7589 -0.8312
0.7299 1.5632 -1.2217 1.7589 -0.8345
0.7299 1.5632 -1.2217 1.7589 -0.8378
0.7299 1.5632 -1.2217 1.7589 -0.8410
0.7299 1.5632 -1.2217 1.7589 -0.8443
0.7299 1.5632 -1.2217 1.7589 -0.8476
0.7299 1.5632 -1.2217 1.7589 -0.8508
0.7299 1.5632 -1.2217 1.7589 -0.8541
0.7299 1.5632 -1.2217 1.7589 -0.8574
0.7299 1.5632 -1.2217 1.7589 -0.8607
0.7299 1.5632 -1.2217 1.7589 -0.8639
0.7299 1.5632 -1.2217 1.7589 -0.8672
0.7299 1.5632 -1.2217 1.7589 -0.8705
0.7299 1.5632 -1.2217 1.7589 -0.8738
0.7299 1.5632 -1.2217 1.7589 -0.8770
0.7299 1.5632 -1.2217 1.7589 -0.8803
0.7299 1.5632 -1.2217 1.7589 -0.8836
0.7299 1.5632 -1.2217 1.7589 -0.8868
0.7299 1.5632 -1.2217 1.7589 -0.8901
0.7299 1.5632 -1.2217 1.7589 -0.8934
0.7299 1.5632 -1.2217 1.7589 -0.8967
0.7299 1.5632 -1.2217 1.7589 -0.8999
0.7299 1.5632 -1.2217 1.7589 -0.9032
0.7299 1.5632 -1.2217 1.7589 -0.9065
0.7299 1.5632 -1.2217 1.7589 -0.9098
0.7299 1.5632 -1.2217 1.7589 -0.9130
0.7299 1.5632 -1.2217 1.7589 -0.9163
0.7299 1.5632 -1.2217 1.7589 -0.9196
0.7299 1.5632 -1.2217 1.7589 -0.9228
0.7299 1.5632 -1.2217 1.7589 -0.9261
0.7299 1.5632 -1.2217 1.7589 -0.9294
0.7299 1.5632 -1.2217 1.7589 -0.9327
0.7299 1.5632 -1.2217 1.7589 -0.9359
0.7299 1.5632 -1.2217 1.7589 -0.9392
0.7299 1.5632 -1.2217 1.7589 -0.9425
0.7299 1.5632 -1.2217 1.7589 -0.9458
0.7299 1.5632 -1.2217 1.7589 -0.9490
0.7299 1.5632 -1.2217 1.7589 -0.9523
0.7299 1.5632 -1.2217 1.7589 -0.9556
0.7299 1.5632 -1.2217 1.7589 -0.9588
0.7299 1.5632 -1.2217 1.7589 -0.9621
0.7299 1.5632 -1.2217 1.7589 -0.9654
0.7299 1.5632 -1.2217 1.7589 -0.9687
0.7299 1.5632 -1.2217 1.7589 -0.9719
0.7299 1.5632 -1.2217 1.7589 -0.9752
0.7299 1.5632 -1.2217 1.7589 -0.9785
0.7299 1.5632 -1.2217 1.7589 -0.9817
0.7299 1.5632 -1.2217 1.7589 -0.9850
0.7299 1.5632 -1.2217 1.7589 -0.9883
0.7299 1.5632 -1.2217 1.7589 -0.9916
0.7299 1.5632 -1.2217 1.7589 -0.9948
0.7299 1.5632 -1.2217 1.7589 -0.9981
0.7299 1.5632 -1.2217 1.7589 -1.0014
0.7299 1.5632 -1.2217 1.7589 -1.0047
0.7299 1.5632 -1.2217 1.7589 -1.0079
0.7299 1.5632 -1.2217 1.7589 -1.0112
0.7299 1.5632 -1.2217 1.7589 -1.0145
0.7299 1.5632 -1.2217 1.7589 -1.0177
0.7299 1.5632 -1.2217 1.7589 -1.0210
0.7299 1.5632 -1.2217 1.7589 -1.0243
0.7299 1.5632 -1.2217 1.7589 -1.0276
0.7299 1.5632 -1.2217 1.7589 -1.0308
0.7299 1.5632 -1.2217 1.7589 -1.0341
0.7299 1.5632 -1.2217 1.7589 -1.0374
0.7299 1.5632 -1.2217 1.7589 -1.0407
0.7299 1.5632 -1.2217 1.7589 -1.0439
0.7299 1.5632 -1.2217 1.7589 -1.0472
0.7299 1.5632 -1.2217 1.7589 -1.0505
0.7299 1.5632 -1.2217 1.7589 -1.0537
0.7299 1.5632 -1.2217 1.7589 -1.0570
0.7299 1.5632 -1.2217 1.7589 -1.0603
0.7299 1.5632 -1.2217 1.7589 -1.0636
0.7299 1.5632 -1.2217 1.7589 -1.0668
0.7299 1.5632 -1.2217 1.7589 -1.0701
0.7299 1.5632 -1.2217 1.7589 -1.0734
0.7299 1.5632 -1.2217 1.7589 -1.0766
0.7299 1.5632 -1.2217 1.7589 -1.0799
0.7299 1.5632 -1.2217 1.7589 -1.0832
0.7299 1.5632 -1.2217 1.7589 -1.0865
0.7299 1.5632 -1.2217 1.7589 -1.0897
0.7299 1.5632 -1.2217 1.7589 -1.0930
0.7299 1.5632 -1.2217 1.7589 -1.0963
0.7299 1.5632 -1.2217 1.7589 -1.0996
0.7299 1.5632 -1.2217 1.7589 -1.1028
0.7299 1.5632 -1.2217 1.7589 -1.1061
0.7299 1.5632 -1.2217 1.7589 -1.1094
0.7299 1.5632 -1.2217 1.7589 -1.1126
0.7299 1.5632 -1.2217 1.7589 -1.1159
0.7299 1.5632 -1.2217 1.7589 -1.1192
0.7299 1.5632 -1.2217 1.7589 -1.1225
0.7299 1.5632 -1.2217 1.7589 -1.1257
0.7299 1.5632 -1.2217 1.7589 -1.1290
0.7299 1.5632 -1.2217 1.7589 -1.1323
0.7299 1.5632 -1.2217 1.7589 -1.1356
0.7299 1.5632 -1.2217 1.7589 -1.1388
0.7299 1.5632 -1.2217 1.7589 -1.1421
0.7299 1.5632 -1.2217 1.7589 -1.1454
0.7299 1.5632 -1.2217 1.7589 -1.1486
0.7299 1.5632 -1.2217 1.7589 -1.1519
0.7299 1.5632 -1.2217 1.7589 -1.1552
0.7299 1.5632 -1.2217 1.7589 -1.1585
0.7299 1.5632 -1.2217 1.7589 -1.1617
0.7299 1.5632 -1.2217 1.7589 -1.1650
0.7299 1.5632 -1.2217 1.7589 -1.1683
0.7299 1.5632 -1.2217 1.7589 -1.1716
0.7299 1.5632 -1.2217 1.7589 -1.1748
0.7299 1.5632 -1.2217 1.7589 -1.1781
0.7299 1.5632 -1.2217 1.7589 -1.1814
0.7299 1.5632 -1.2217 1.7589 -1.1846
0.7299 1.5632 -1.2217 1.7589 -1.1879
0.7299 1.5632 -1.2217 1.7589 -1.1912
0.7299 1.5632 -1.2217 1.7589 -1.1945
0.7299 1.5632 -1.2217 1.7589 -1.1977
0.7299 1.5632 -1.2217 1.7589 -1.2010
0.7299 1.5632 -1.2217 1.7589 -1.2043
0.7430 1.5632 -1.2217 1.7589 -1.2075
0.7430 1.5632 -1.2217 1.7589 -1.2108
0.7430 1.5632 -1.2217 1.7589 -1.2141
0.7430 1.5632 -1.2217 1.7589 -1.2174
0.7430 1.5632 -1.2217 1.7589 -1.2206
0.7430 1.5632 -1.2217 1.7589 -1.2217
0.7430 1.5632 -1.2217 1.7589 -1.2217
0.7430 1.5632 -1.2217 1.7589 -1.2217
0.7430 1.5632 -1.2217 1.7589 -1.2217
0.7430 1.5632 -1.2217 1.7589 -1.2217
0.7430 1.5632 -1.2217 1.7589 -1.2217
0.7430 1.5632 -1.2217 1.7589 -1.2217
0.7430 1.5632 -1.2217 1.7589 -1.2217
0.7430 1.5632 -1.2217 1.7589 -1.2217
0.7430 1.5632 -1.2217 1.7589 -1.2217
0.7430 1.5632 -1.2217 1.7589 -1.2217
0.7430 1.5632 -1.2217 1.7589 -1.2217
0.7430 1.5632 -1.2217 1.7589 -1.2217
0.7430 1.5632 -1.2217 1.7589 -1.2217
0.7430 1.5632 -1.2217 1.7589 -1.2217
0.7430 1.5632 -1.2217 1.7589 -1.2217
0.7430 1.5632 -1.2217 1.7589 -1.2217
0.7430 1.5632 -1.2217 1.7589 -1.2217
0.7430 1.5632 -1.2217 1.7589 -1.2217
0.7430 1.5632 -1.2217 1.7589 -1.2217
0.7430 1.5632 -1.2217 1.7589 -1.2217
0.7430 1.5632 -1.2217 1.7589 -1.2217
0.7430 1.5632 -1.2217 1.7589 -1.2217
0.7430 1.5632 -1.2217 1.7589 -1.2217
0.7430 1.5632 -1.2217 1.7589 -1.2217
0.7430 1.5632 -1.2217 1.7589 -1.2217
0.7430 1.5632 -1.2217 1.7589 -1.2217
0.7430 1.5632 -1.2217 1.7589 -1.2217
0.7430 1.5632 -1.2217 1.7589 -1.2217
0.7430 1.5632 -1.2217 1.7589 -1.2217
0.7430 1.5632 -1.2217 1.7589 -1.2217
0.7430 1.5632 -1.2217 1.7589 -1.2217
0.7430 1.5632 -1.2217 1.7589 -1.2217
0.7430 1.5632 -1.2217 1.7589 -1.2217
0.7430 1.5632 -1.2217 1.7589 -1.2217
0.7430 1.5632 -1.2217 1.7589 -1.2217
0.7430 1.5632 -1.2217 1.7589 -1.2217
0.7430 1.5632 -1.2217 1.7589 -1.2217
0.7430 1.5632 -1.2217 1.7589 -1.2217
0.7430 1.5632 -1.2217 1.7589 -1.2217
0.7430 1.5632 -1.2217 1.7589 -1.2217
0.7430 1.5632 -1.2217 1.7589 -1.2217
0.7430 1.5632 -1.2217 1.7589 -1.2217
0.7430 1.5632 -1.2217 1.7589 -1.2217
0.7430 1.5632 -1.2217 1.7589 -1.2217
0.7430 1.5632 -1.2217 1.7589 -1.2217
0.7430 1.5632 -1.2217 1.7589 -1.2217
0.7430 1.5632 -1.2217 1.7589 -1.2217
0.7430 1.5632 -1.2217 1.7589 -1.2217
0.7430 1.5632 -1.2217 1.7589 -1.2217
0.7430 1.5632 -1.2217 1.7589 -1.2217
0.7430 1.5632 -1.2217 1.7589 -1.2217
0.7430 1.5632 -1.2217 1.7589 -1.2217
0.7430 1.5632 -1.2217 1.7589 -1.2217
0.7430 1.5632 -1.2217 1.7589 -1.2217
0.7430 1.5632 -1.2217 1.7589 -1.2217
0.7430 1.5632 -1.2217 1.7589 -1.2217
0.7430 1.5632 -1.2217 1.7589 -1.2217
0.7430 1.5632 -1.2217 1.7589 -1.2217
0.7430 1.5632 -1.2217 1.7589 -1.2217
0.7430 1.5632 -1.2217 1.7589 -1.2217
0.7430 1.5632 -1.2217 1.7589 -1.2217
0.7430 1.5632 -1.2217 1.7589 -1.2217
0.7430 1.5632 -1.2217 1.7589 -1.2217
0.7430 1.5632 -1.2217 1.7589 -1.2217
0.7430 1.5632 -1.2217 1.7589 -1.2217
0.7430 1.5632 -1.2217 1.7589 -1.2217
0.7430 1.5632 -1.2217 1.7589 -1.2217
0.7430 1.5632 -1.2217 1.7589 -1.2217
0.7430 1.5632 -1.2217 1.7589 -1.2217
0.7430 1.5632 -1.2217 1.7589 -1.2217
0.7430 1.5632 -1.2217 1.7589 -1.2217
0.7430 1.5632 -1.2217 1.7589 -1.2217
0.7430 1.5632 -1.2217 1.7589 -1.2217
0.7430 1.5632 -1.2217 1.7589 -1.2217
0.7430 1.5632 -1.2217 1.7589 -1.2217
0.7430 1.5632 -1.2217 1.7589 -1.2217
0.7430 1.5632 -1.2217 1.7589 -1.2217
0.7430 1.5632 -1.2217 1.7589 -1.2217
0.7430 1.5632 -1.2217 1.7589 -1.2217
0.7430 1.5632 -1.2217 1.7589 -1.2217
0.7430 1.5632 -1.2217 1.7589 -1.2217
0.7430 1.5632 -1.2217 1.7589 -1.2217
0.7430 1.5632 -1.2217 1.7589 -1.2217
0.7430 1.5632 -1.2217 1.7589 -1.2217
0.7430 1.5632 -1.2217 1.7589 -1.2217
0.7430 1.5632 -1.2217 1.7589 -1.2217
0.7430 1.5632 -1.2217 1.7589 -1.2217
0.7430 1.5632 -1.2217 1.7589 -1.2217
0.7430 1.5632 -1.2217 1.7589 -1.2217
0.7430 1.5632 -1.2217 1.7589 -1.2217
0.7430 1.5632 -1.2217 1.7589 -1.2217
0.7430 1.5632 -1.2217 1.7589 -1.2217
0.7430 1.5632 -1.2217 1.7589 -1.2217
0.7430 1.5632 -1.2217 1.7589 -1.2217
0.7430 1.5632 -1.2217 1.7589 -1.2217
0.7430 1.5632 -1.2217 1.7589 -1.2217
0.7430 1.5632 -1.2217 1.7589 -1.2217
0.7430 1.5632 -1.2217 1.7589 -1.2217
0.7430 1.5632 -1.2217 1.7589 -1.2217
0.7430 1.5632 -1.2217 1.7589 -1.2217
0.7430 1.5632 -1.2217 1.7589 -1.2217
0.7430 1.5632 -1.2217 1.7589 -1.2217
0.7430 1.5632 -1.2217 1.7589 -1.2217
0.7430 1.5632 -1.2217 1.7589 -1.2217
0.7430 1.5632 -1.2217 1.7589 -1.2217
0.7430 1.5632 -1.2217 1.7589 -1.2217
0.7430 1.5632 -1.2217 1.7589 -1.2217
0.7430 1.5632 -1.2217 1.7589 -1.2217
0.7430 1.5632 -1.2217 1.7589 -1.2217
0.7430 1.5632 -1.2217 1.7589 -1.2217
0.7430 1.5632 -1.2217 1.7589 -1.2217
0.7430 1.5632 -1.2217 1.7589 -1.2217
0.7430 1.5632 -1.2217 1.7589 -1.2217
0.7430 1.5632 -1.2217 1.7589 -1.2217
0.7430 1.5632 -1.2217 1.7589 -1.2217
0.7430 1.5632 -1.2217 1.7589 -1.2217
0.7430 1.5632 -1.2217 1.7589 -1.2217
0.7430 1.5632 -1.2217 1.7589 -1.2217
0.7430 1.5632 -1.2217 1.7589 -1.2217
0.7430 1.5632 -1.2217 1.7589 -1.2217
0.7430 1.5632 -1.2217 1.7589 -1.2217
0.7430 1.5632 -1.2217 1.7589 -1.2217
0.7430 1.5632 -1.2217 1.7589 -1.2217
0.7430 1.5632 -1.2217 1.7589 -1.2217
0.7430 1.5632 -1.2217 1.7589 -1.2217
0.7430 1.5632 -1.2217 1.7589 -1.2217
0.7430 1.5632 -1.2217 1.7589 -1.2217
0.7430 1.5632 -1.2217 1.7589 -1.2217
0.7430 1.5632 -1.2217 1.7589 -1.2217
0.7430 1.5632 -1.2217 1.7589 -1.2217
0.7430 1.5632 -1.2217 1.7589 -1.2217
0.7430 1.5632 -1.2217 1.7589 -1.2217
0.7430 1.5632 -1.2217 1.7589 -1.2217
0.7430 1.5632 -1.2217 1.7589 -1.2217
0.7430 1.5632 -1.2217 1.7589 -1.2217
0.7430 1.5632 -1.2217 1.7589 -1.2217
0.7430 1.5632 -1.2217 1.7589 -1.2217
0.7430 1.5632 -1.2217 1.7589 -1.2217
0.7430 1.5632 -1.2217 1.7589 -1.2217
0.7430 1.5632 -1.2217 1.7589 -1.2217
0.7430 1.5632 -1.2217 1.7589 -1.2217
0.7430 1.5632 -1.2217 1.7589 -1.2217
0.7430 1.5632 -1.2217 1.7589 -1.2217
0.7430 1.5632 -1.2217 1.7589 -1.2217
0.7430 1.5632 -1.2217 1.7589 -1.2217
0.7430 1.5632 -1.2217 1.7589 -1.2217
0.7430 1.5632 -1.2217 1.7589 -1.2217
0.7430 1.5632 -1.2217 1.7589 -1.2217
0.7430 1.5632 -1.2217 1.7589 -1.2217
0.7430 1.5632 -1.2217 1.7589 -1.2217
0.7430 1.5632 -1.2217 1.7589 -1.2217
0.7430 1.5632 -1.2217 1.7589 -1.2217
0.7430 1.5632 -1.2217 1.7589 -1.2217
0.7430 1.5632 -1.2217 1.7589 -1.2217
0.7430 1.5632 -1.2217 1.7589 -1.2217
0.7430 1.5632 -1.2217 1.7589 -1.2217
0.7430 1.5632 -1.2217 1.7589 -1.2217
0.7430 1.5632 -1.2217 1.7589 -1.2217
0.7430 1.5632 -1.2217 1.7589 -1.2217
0.7430 1.5632 -1.2217 1.7589 -1.2217
0.7430 1.5632 -1.2217 1.7589 -1.2217
0.7430 1.5632 -1.2217 1.7589 -1.2217
0.7430 1.5632 -1.2217 1.7589 -1.2217
0.7430 1.5632 -1.2217 1.7589 -1.2217
0.7430 1.5632 -1.2217 1.7589 -1.2217
0.7430 1.5632 -1.2217 1.7589 -1.2217
0.7430 1.5632 -1.2217 1.7589 -1.2217
0.7430 1.5632 -1.2217 1.7589 -1.2217
0.7430 1.5632 -1.2217 1.7589 -1.2217
0.7561 1.5632 -1.2217 1.7589 -1.2217
0.7561 1.5632 -1.2217 1.7589 -1.2217
0.7561 1.5632 -1.2217 1.7589 -1.2217
0.7561 1.5632 -1.2217 1.7589 -1.2217
0.7561 1.5632 -1.2217 1.7589 -1.2217
0.7561 1.5632 -1.2217 1.7589 -1.2217
0.7561 1.5632 -1.2217 1.7589 -1.2217
0.7561 1.5632 -1.2217 1.7589 -1.2217
0.7561 1.5632 -1.2217 1.7589 -1.2217
0.7561 1.5632 -1.2217 1.7589 -1.2217
0.7561 1.5632 -1.2217 1.7589 -1.2217
0.7561 1.5632 -1.2217 1.7589 -1.2217
0.7561 1.5632 -1.2217 1.7589 -1.2217
0.7561 1.5632 -1.2217 1.7589 -1.2217
0.7561 1.5632 -1.2217 1.7589 -1.2217
0.7561 1.5632 -1.2217 1.7589 -1.2217
0.7561 1.5632 -1.2217 1.7589 -1.2217
0.7561 1.5632 -1.2217 1.7589 -1.2217
0.7561 1.5632 -1.2217 1.7589 -1.2217
0.7561 1.5632 -1.2217 1.7589 -1.2217
0.7561 1.5632 -1.2217 1.7589 -1.2217
0.7561 1.5632 -1.2217 1.7589 -1.2217
0.7561 1.5632 -1.2217 1.7589 -1.2217
0.7561 1.5632 -1.2217 1.7589 -1.2217
0.7561 1.5632 -1.2217 1.7589 -1.2217
0.7561 1.5632 -1.2217 1.7589 -1.2217
0.7561 1.5632 -1.2217 1.7589 -1.2217
0.7561 1.5632 -1.2217 1.7589 -1.2217
0.7561 1.5632 -1.2217 1.7589 -1.2217
0.7561 1.5632 -1.2217 1.7589 -1.2217
0.7561 1.5632 -1.2217 1.7589 -1.2217
0.7561 1.5632 -1.2217 1.7589 -1.2217
0.7561 1.5632 -1.2217 1.7589 -1.2217
0.7561 1.5632 -1.2217 1.7589 -1.2217
0.7561 1.5632 -1.2217 1.7589 -1.2217
0.7561 1.5632 -1.2217 1.7589 -1.2217
0.7561 1.5632 -1.2217 1.7589 -1.2217
0.7561 1.5632 -1.2217 1.7589 -1.2217
0.7561 1.5632 -1.2217 1.7589 -1.2217
0.7561 1.5632 -1.2217 1.7589 -1.2217
0.7561 1.5632 -1.2217 1.7589 -1.2217
0.7561 1.5632 -1.2217 1.7589 -1.2217
0.7561 1.5632 -1.2217 1.7589 -1.2217
0.7561 1.5632 -1.2217 1.7589 -1.2217
0.7561 1.5632 -1.2217 1.7589 -1.2217
0.7561 1.5632 -1.2217 1.7589 -1.2217
0.7561 1.5632 -1.2217 1.7589 -1.2217
0.7561 1.5632 -1.2217 1.7589 -1.2217
0.7561 1.5632 -1.2217 1.7589 -1.2217
0.7561 1.5632 -1.2217 1.7589 -1.2217
0.7561 1.5632 -1.2217 1.7589 -1.2217
0.7561 1.5632 -1.2217 1.7589 -1.2217
0.7561 1.5632 -1.2217 1.7589 -1.2217
0.7561 1.5632 -1.2217 1.7589 -1.2217
0.7561 1.5632 -1.2217 1.7589 -1.2217
0.7561 1.5632 -1.2217 1.7589 -1.2217
0.7561 1.5632 -1.2217 1.7589 -1.2217
0.7561 1.5632 -1.2217 1.7589 -1.2217
0.7561 1.5632 -1.2217 1.7589 -1.2217
0.7561 1.5632 -1.2217 1.7589 -1.2217
0.7561 1.5632 -1.2217 1.7589 -1.2217
0.7561 1.5632 -1.2217 1.7589 -1.2217
0.7561 1.5632 -1.2217 1.7589 -1.2217
0.7561 1.5632 -1.2217 1.7589 -1.2217
0.7561 1.5632 -1.2217 1.7589 -1.2217
0.7561 1.5632 -1.2217 1.7589 -1.2217
0.7561 1.5632 -1.2217 1.7589 -1.2217
0.7561 1.5632 -1.2217 1.7589 -1.2217
0.7561 1.5632 -1.2217 1.7589 -1.2217
0.7561 1.5632 -1.2217 1.7589 -1.2217
0.7561 1.5632 -1.2217 1.7589 -1.2217
0.7561 1.5632 -1.2217 1.7589 -1.2217
0.7561 1.5632 -1.2217 1.7589 -1.2217
0.7561 1.5632 -1.2217 1.7589 -1.2217
0.7561 1.5632 -1.2217 1.7589 -1.2217
0.7561 1.5632 -1.2217 1.7589 -1.2217
0.7561 1.5632 -1.2217 1.7589 -1.2217
0.7561 1.5632 -1.2217 1.7589 -1.2217
0.7561 1.5632 -1.2217 1.7589 -1.2217
0.7561 1.5632 -1.2217 1.7589 -1.2217
0.7561 1.5632 -1.2217 1.7589 -1.2217
0.7561 1.5632 -1.2217 1.7589 -1.2217
0.7561 1.5632 -1.2217 1.7589 -1.2217
0.7561 1.5632 -1.2217 1.7589 -1.2217
0.7561 1.5632 -1.2217 1.7589 -1.2217
0.7561 1.5632 -1.2217 1.7589 -1.2217
0.7561 1.5632 -1.2217 1.7589 -1.2217
0.7561 1.5632 -1.2217 1.7589 -1.2217
0.7561 1.5632 -1.2217 1.7589 -1.2217
0.7561 1.5632 -1.2217 1.7589 -1.2217
0.7561 1.5632 -1.2217 1.7589 -1.2217
0.7561 1.5632 -1.2217 1.7589 -1.2217
0.7561 1.5632 -1.2217 1.7589 -1.2217
0.7561 1.5632 -1.2217 1.7589 -1.2217
0.7561 1.5632 -1.2217 1.7589 -1.2217
0.7561 1.5632 -1.2217 1.7589 -1.2217
0.7561 1.5632 -1.2217 1.7589 -1.2217
0.7561 1.5632 -1.2217 1.7589 -1.2217
0.7561 1.5632 -1.2217 1.7589 -1.2217
0.7561 1.5632 -1.2217 1.7589 -1.2217
0.7561 1.5632 -1.2217 1.7589 -1.2217
0.7561 1.5632 -1.2217 1.7589 -1.2217
0.7561 1.5632 -1.2217 1.7589 -1.2217
0.7561 1.5632 -1.2217 1.7589 -1.2217
0.7561 1.5632 -1.2217 1.7589 -1.2217
0.7561 1.5632 -1.2217 1.7589 -1.2217
0.7561 1.5632 -1.2217 1.7589 -1.2217
0.7561 1.5632 -1.2217 1.7589 -1.2217
0.7561 1.5632 -1.2217 1.7589 -1.2217
0.7561 1.5632 -1.2217 1.7589 -1.2217
0.7561 1.5632 -1.2217 1.7589 -1.2217
0.7561 1.5632 -1.2217 1.7589 -1.2217
0.7561 1.5632 -1.2217 1.7589 -1.2217
0.7561 1.5632 -1.2217 1.7589 -1.2217
0.7561 1.5632 -1.2217 1.7589 -1.2217
0.7561 1.5632 -1.2217 1.7589 -1.2217
0.7561 1.5632 -1.2217 1.7589 -1.2217
0.7561 1.5632 -1.2217 1.7589 -1.2217
0.7561 1.5632 -1.2217 1.7589 -1.2217
0.7561 1.5632 -1.2217 1.7589 -1.2217
0.7561 1.5632 -1.2217 1.7589 -1.2217
0.7561 1.5632 -1.2217 1.7589 -1.2217
0.7561 1.5632 -1.2217 1.7589 -1.2217
0.7561 1.5632 -1.2217 1.7589 -1.2217
0.7561 1.5632 -1.2217 1.7589 -1.2217
0.7561 1.5632 -1.2217 1.7589 -1.2217
0.7561 1.5632 -1.2217 1.7589 -1.2217
0.7561 1.5632 -1.2217 1.7589 -1.2217
0.7561 1.5632 -1.2217 1.7589 -1.2217
0.7561 1.5632 -1.2217 1.7589 -1.2217
0.7561 1.5632 -1.2217 1.7589 -1.2217
0.7561 1.5632 -1.2217 1.7589 -1.2217
0.7561 1.5632 -1.2217 1.7589 -1.2217
0.7561 1.5632 -1.2217 1.7589 -1.2217
0.7561 1.5632 -1.2217 1.7589 -1.2217
0.7561 1.5632 -1.2217 1.7589 -1.2217
0.7561 1.5632 -1.2217 1.7589 -1.2217
0.7561 1.5632 -1.2217 1.7589 -1.2217
0.7561 1.5632 -1.2217 1.7589 -1.2217
0.7561 1.5632 -1.2217 1.7589 -1.2217
0.7561 1.5632 -1.2217 1.7589 -1.2217
0.7561 1.5632 -1.2217 1.7589 -1.2217
0.7561 1.5632 -1.2217 1.7589 -1.2217
0.7561 1.5632 -1.2217 1.7589 -1.2217
0.7561 1.5632 -1.2217 1.7589 -1.2217
0.7561 1.5632 -1.2217 1.7589 -1.2217
0.7561 1.5632 -1.2217 1.7589 -1.2217
0.7561 1.5632 -1.2217 1.7589 -1.2217
0.7561 1.5632 -1.2217 1.7589 -1.2217
0.7561 1.5632 -1.2217 1.7589 -1.2217
0.7561 1.5632 -1.2217 1.7589 -1.2217
0.7561 1.5632 -1.2217 1.7589 -1.2217
0.7561 1.5632 -1.2217 1.7589 -1.2217
0.7561 1.5632 -1.2217 1.7589 -1.2217
0.7561 1.5632 -1.2217 1.7589 -1.2217
0.7561 1.5632 -1.2217 1.7589 -1.2217
0.7561 1.5632 -1.2217 1.7589 -1.2217
0.7561 1.5632 -1.2217 1.7589 -1.2217
0.7561 1.5632 -1.2217 1.7589 -1.2217
0.7561 1.5632 -1.2217 1.7589 -1.2217
0.7561 1.5632 -1.2217 1.7589 -1.2217
0.7561 1.5632 -1.2217 1.7589 -1.2217
0.7765 1.5632 -1.2217 1.7589 -1.2217
0.7765 1.5632 -1.2217 1.7589 -1.2217
0.7765 1.5632 -1.2217 1.7589 -1.2217
0.7765 1.5632 -1.2217 1.7589 -1.2217
0.7765 1.5632 -1.2217 1.7589 -1.2217
0.7765 1.5632 -1.2217 1.7589 -1.2217
0.7765 1.5632 -1.2217 1.7589 -1.2217
0.7765 1.5632 -1.2217 1.7589 -1.2217
0.7765 1.5632 -1.2217 1.7589 -1.2217
0.7765 1.5632 -1.2217 1.7589 -1.2217
0.7765 1.5632 -1.2217 1.7589 -1.2217
0.7765 1.5632 -1.2217 1.7589 -1.2217
0.7765 1.5632 -1.2217 1.7589 -1.2217
0.7765 1.5632 -1.2217 1.7589 -1.2217
0.7765 1.5632 -1.2217 1.7589 -1.2217
0.7765 1.5632 -1.2217 1.7589 -1.2217
0.7765 1.5632 -1.2217 1.7589 -1.2217
0.7765 1.5632 -1.2217 1.7589 -1.2217
0.7765 1.5632 -1.2217 1.7589 -1.2217
0.7765 1.5632 -1.2217 1.7589 -1.2217
0.7765 1.5632 -1.2217 1.7589 -1.2217
0.7765 1.5632 -1.2217 1.7589 -1.2217
0.7765 1.5632 -1.2217 1.7589 -1.2217
0.7765 1.5632 -1.2217 1.7589 -1.2217
0.7765 1.5632 -1.2217 1.7589 -1.2217
0.7765 1.5632 -1.2217 1.7589 -1.2217
0.7765 1.5632 -1.2217 1.7589 -1.2217
0.7765 1.5632 -1.2217 1.7589 -1.2217
0.7765 1.5632 -1.2217 1.7589 -1.2217
0.7765 1.5632 -1.2217 1.7589 -1.2217
0.7765 1.5632 -1.2217 1.7589 -1.2217
0.7765 1.5632 -1.2217 1.7589 -1.2217
0.7765 1.5632 -1.2217 1.7589 -1.2217
0.7765 1.5632 -1.2217 1.7589 -1.2217
0.7765 1.5632 -1.2217 1.7589 -1.2217
0.7765 1.5632 -1.2217 1.7589 -1.2217
0.7765 1.5632 -1.2217 1.7589 -1.2217
0.7765 1.5632 -1.2217 1.7589 -1.2217
0.7765 1.5632 -1.2217 1.7589 -1.2217
0.7765 1.5632 -1.2217 1.7589 -1.2217
0.7765 1.5632 -1.2217 1.7589 -1.2217
0.7765 1.5632 -1.2217 1.7589 -1.2217
0.7765 1.5632 -1.2217 1.7589 -1.2217
0.7765 1.5632 -1.2217 1.7589 -1.2217
0.7765 1.5632 -1.2217 1.7589 -1.2217
0.7765 1.5632 -1.2217 1.7589 -1.2217
0.7765 1.5632 -1.2217 1.7589 -1.2217
0.7765 1.5632 -1.2217 1.7589 -1.2217
0.7765 1.5632 -1.2217 1.7589 -1.2217
0.7765 1.5632 -1.2217 1.7589 -1.2217
0.7765 1.5632 -1.2217 1.7589 -1.2217
0.7765 1.5632 -1.2217 1.7589 -1.2217
0.7765 1.5632 -1.2217 1.7589 -1.2217
0.7765 1.5632 -1.2217 1.7589 -1.2217
0.7765 1.5632 -1.2217 1.7589 -1.2217
0.7765 1.5632 -1.2217 1.7589 -1.2217
0.7765 1.5632 -1.2217 1.7589 -1.2217
0.7765 1.5632 -1.2217 1.7589 -1.2217
0.7765 1.5632 -1.2217 1.7589 -1.2217
0.7765 1.5632 -1.2217 1.7589 -1.2217
0.7765 1.5632 -1.2217 1.7589 -1.2217
0.7765 1.5632 -1.2217 1.7589 -1.2217
0.7765 1.5632 -1.2217 1.7589 -1.2217
0.7765 1.5632 -1.2217 1.7589 -1.2217
0.7765 1.5632 -1.2217 1.7589 -1.2217
0.7765 1.5632 -1.2217 1.7589 -1.2217
0.7765 1.5632 -1.2217 1.7589 -1.2217
0.7765 1.5632 -1.2217 1.7589 -1.2217
0.7765 1.5632 -1.2217 1.7589 -1.2217
0.7765 1.5632 -1.2217 1.7589 -1.2217
0.7765 1.5632 -1.2217 1.7589 -1.2217
0.7765 1.5632 -1.2217 1.7589 -1.2217
0.7765 1.5632 -1.2217 1.7589 -1.2217
0.7765 1.5632 -1.2217 1.7589 -1.2217
0.7765 1.5632 -1.2217 1.7589 -1.2217
0.7765 1.5632 -1.2217 1.7589 -1.2217
0.7765 1.5632 -1.2217 1.7589 -1.2217
0.7765 1.5632 -1.2217 1.7589 -1.2217
0.7765 1.5632 -1.2217 1.7589 -1.2217
0.7765 1.5632 -1.2217 1.7589 -1.2217
0.7765 1.5632 -1.2217 1.7589 -1.2217
0.7765 1.5632 -1.2217 1.7589 -1.2217
0.7765 1.5632 -1.2217 1.7589 -1.2217
0.7765 1.5632 -1.2217 1.7589 -1.2217
0.7765 1.5632 -1.2217 1.7589 -1.2217
0.7765 1.5632 -1.2217 1.7589 -1.2217
0.7765 1.5632 -1.2217 1.7589 -1.2217
0.7765 1.5632 -1.2217 1.7589 -1.2217
0.7765 1.5632 -1.2217 1.7589 -1.2217
0.7765 1.5632 -1.2217 1.7589 -1.2217
0.7765 1.5632 -1.2217 1.7589 -1.2217
0.7765 1.5632 -1.2217 1.7589 -1.2217
0.7765 1.5632 -1.2217 1.7589 -1.2217
0.7765 1.5632 -1.2217 1.7589 -1.2217
0.7765 1.5632 -1.2217 1.7589 -1.2217
0.7765 1.5632 -1.2217 1.7589 -1.2217
0.7765 1.5632 -1.2217 1.7589 -1.2217
0.7765 1.5632 -1.2217 1.7589 -1.2217
0.7765 1.5632 -1.2217 1.7589 -1.2217
0.7765 1.5632 -1.2217 1.7589 -1.2217
0.7765 1.5632 -1.2217 1.7589 -1.2217
0.7765 1.5632 -1.2217 1.7589 -1.2217
0.7765 1.5632 -1.2217 1.7589 -1.2217
0.7765 1.5632 -1.2217 1.7589 -1.2217
0.7765 1.5632 -1.2217 1.7589 -1.2217
0.7765 1.5632 -1.2217 1.7589 -1.2217
0.7765 1.5632 -1.2217 1.7589 -1.2217
0.7765 1.5632 -1.2217 1.7589 -1.2217
0.7765 1.5632 -1.2217 1.7589 -1.2217
0.7765 1.5632 -1.2217 1.7589 -1.2217
0.7765 1.5632 -1.2217 1.7589 -1.2217
0.7765 1.5632 -1.2217 1.7589 -1.2217
0.7765 1.5632 -1.2217 1.7589 -1.2217
0.7765 1.5632 -1.2217 1.7589 -1.2217
0.7765 1.5632 -1.2217 1.7589 -1.2217
0.7765 1.5632 -1.2217 1.7589 -1.2217
0.7765 1.5632 -1.2217 1.7589 -1.2217
0.7765 1.5632 -1.2217 1.7589 -1.2217
0.7765 1.5632 -1.2217 1.7589 -1.2217
0.7765 1.5632 -1.2217 1.7589 -1.2217
0.7765 1.5632 -1.2217 1.7589 -1.2217
0.7765 1.5632 -1.2217 1.7589 -1.2217
0.7765 1.5632 -1.2217 1.7589 -1.2217
0.7765 1.5632 -1.2217 1.7589 -1.2217
0.7765 1.5632 -1.2217 1.7589 -1.2217
0.7765 1.5632 -1.2217 1.7589 -1.2217
0.7765 1.5632 -1.2217 1.7589 -1.2217
0.7765 1.5632 -1.2217 1.7589 -1.2217
0.7765 1.5632 -1.2217 1.7589 -1.2217
0.7765 1.5632 -1.2217 1.7589 -1.2217
0.7765 1.5632 -1.2217 1.7589 -1.2217
0.7765 1.5632 -1.2217 1.7589 -1.2217
0.7765 1.5632 -1.2217 1.7589 -1.2217
0.7765 1.5632 -1.2217 1.7589 -1.2217
0.7765 1.5632 -1.2217 1.7589 -1.2217
0.7765 1.5632 -1.2217 1.7589 -1.2217
0.7765 1.5632 -1.2217 1.7589 -1.2217
0.7765 1.5632 -1.2217 1.7589 -1.2217
0.7765 1.5632 -1.2217 1.7589 -1.2217
0.7765 1.5632 -1.2217 1.7589 -1.2217
0.7765 1.5632 -1.2217 1.7589 -1.2217
0.7765 1.5632 -1.2217 1.7589 -1.2217
0.7765 1.5632 -1.2217 1.7589 -1.2217
0.7765 1.5632 -1.2217 1.7589 -1.2217
0.7765 1.5632 -1.2217 1.7589 -1.2217
0.7765 1.5632 -1.2217 1.7589 -1.2217
0.7765 1.5632 -1.2217 1.7589 -1.2217
0.7765 1.5632 -1.2217 1.7589 -1.2217
0.7765 1.5632 -1.2217 1.7589 -1.2217
0.7765 1.5632 -1.2217 1.7589 -1.2217
0.7765 1.5632 -1.2217 1.7589 -1.2217
0.7765 1.5632 -1.2217 1.7589 -1.2217
0.7765 1.5632 -1.2217 1.7589 -1.2217
0.7765 1.5632 -1.2217 1.7589 -1.2217
0.7765 1.5632 -1.2217 1.7589 -1.2217
0.7765 1.5632 -1.2217 1.7589 -1.2217
0.7765 1.5632 -1.2217 1.7589 -1.2217
0.7765 1.5632 -1.2217 1.7589 -1.2217
0.7765 1.5632 -1.2217 1.7589 -1.2217
0.7765 1.5632 -1.2217 1.7589 -1.2217
0.7765 1.5632 -1.2217 1.7589 -1.2217
0.7765 1.5632 -1.2217 1.7589 -1.2217
0.7765 1.5632 -1.2217 1.7589 -1.2217
0.7765 1.5632 -1.2217 1.7589 -1.2217
0.7765 1.5632 -1.2217 1.7589 -1.2217
0.7765 1.5632 -1.2217 1.7589 -1.2217
0.7765 1.5632 -1.2217 1.7589 -1.2217
0.7765 1.5632 -1.2217 1.7589 -1.2217
0.7765 1.5632 -1.2217 1.7589 -1.2217
0.7765 1.5632 -1.2217 1.7589 -1.2217
0.7970 1.5632 -1.2217 1.7589 -1.2217
0.7970 1.5632 -1.2217 1.7589 -1.2217
0.7970 1.5632 -1.2217 1.7589 -1.2217
0.7970 1.5632 -1.2217 1.7589 -1.2217
0.7970 1.5632 -1.2217 1.7589 -1.2217
0.7970 1.5632 -1.2217 1.7589 -1.2217
0.7970 1.5632 -1.2217 1.7589 -1.2217
0.7970 1.5632 -1.2217 1.7589 -1.2217
0.7970 1.5632 -1.2217 1.7589 -1.2217
0.7970 1.5632 -1.2217 1.7589 -1.2217
0.7970 1.5632 -1.2217 1.7589 -1.2217
0.7970 1.5632 -1.2217 1.7589 -1.2217
0.7970 1.5632 -1.2217 1.7589 -1.2217
0.7970 1.5632 -1.2217 1.7589 -1.2217
0.7970 1.5632 -1.2217 1.7589 -1.2217
0.7970 1.5632 -1.2217 1.7589 -1.2217
0.7970 1.5632 -1.2217 1.7589 -1.2217
0.7970 1.5632 -1.2217 1.7589 -1.2217
0.7970 1.5632 -1.2217 1.7589 -1.2217
0.7970 1.5632 -1.2217 1.7589 -1.2217
0.7970 1.5632 -1.2217 1.7589 -1.2217
0.7970 1.5632 -1.2217 1.7589 -1.2217
0.7970 1.5632 -1.2217 1.7589 -1.2217
0.7970 1.5632 -1.2217 1.7589 -1.2217
0.7970 1.5632 -1.2217 1.7589 -1.2217
0.7970 1.5632 -1.2217 1.7589 -1.2217
0.7970 1.5632 -1.2217 1.7589 -1.2217
0.7970 1.5632 -1.2217 1.7589 -1.2217
0.7970 1.5632 -1.2217 1.7589 -1.2217
0.7970 1.5632 -1.2217 1.7589 -1.2217
0.7970 1.5632 -1.2217 1.7589 -1.2217
0.7970 1.5632 -1.2217 1.7589 -1.2217
0.7970 1.5632 -1.2217 1.7589 -1.2217
0.7970 1.5632 -1.2217 1.7589 -1.2217
0.7970 1.5632 -1.2217 1.7589 -1.2217
0.7970 1.5632 -1.2185 1.7589 -1.2217
0.7970 1.5632 -1.2152 1.7589 -1.2217
0.7970 1.5632 -1.2119 1.7589 -1.2217
0.7970 1.5632 -1.2086 1.7589 -1.2217
0.7970 1.5632 -1.2054 1.7589 -1.2217
0.7970 1.5632 -1.2021 1.7589 -1.2217
0.7970 1.5632 -1.1988 1.7589 -1.2217
0.7970 1.5632 -1.1956 1.7589 -1.2217
0.7970 1.5632 -1.1923 1.7589 -1.2217
0.7970 1.5632 -1.1890 1.7589 -1.2217
0.7970 1.5632 -1.1857 1.7589 -1.2217
0.7970 1.5632 -1.1825 1.7589 -1.2217
0.7970 1.5632 -1.1792 1.7589 -1.2217
0.7970 1.5632 -1.1759 1.7589 -1.2217
0.7970 1.5632 -1.1726 1.7589 -1.2217
0.7970 1.5632 -1.1694 1.7589 -1.2217
0.7970 1.5632 -1.1661 1.7589 -1.2217
0.7970 1.5632 -1.1628 1.7589 -1.2217
0.7970 1.5632 -1.1596 1.7589 -1.2217
0.7970 1.5632 -1.1563 1.7589 -1.2217
0.7970 1.5632 -1.1530 1.7589 -1.2217
0.7970 1.5632 -1.1497 1.7589 -1.2217
0.7970 1.5632 -1.1465 1.7589 -1.2217
0.7970 1.5632 -1.1432 1.7589 -1.2217
0.7970 1.5632 -1.1399 1.7589 -1.2217
0.7970 1.5632 -1.1366 1.7589 -1.2217
0.7970 1.5632 -1.1334 1.7589 -1.2217
0.7970 1.5632 -1.1301 1.7589 -1.2217
0.7970 1.5632 -1.1268 1.7589 -1.2217
0.7970 1.5632 -1.1236 1.7589 -1.2217
0.7970 1.5632 -1.1203 1.7589 -1.2217
0.7970 1.5632 -1.1170 1.7589 -1.2217
0.7970 1.5632 -1.1137 1.7589 -1.2217
0.7970 1.5632 -1.1105 1.7589 -1.2217
0.7970 1.5632 -1.1072 1.7589 -1.2217
0.7970 1.5632 -1.1039 1.7589 -1.2217
0.7970 1.5632 -1.1006 1.7589 -1.2217
0.7970 1.5632 -1.0974 1.7589 -1.2217
0.7970 1.5632 -1.0941 1.7589 -1.2217
0.7970 1.5632 -1.0908 1.7589 -1.2217
0.7970 1.5632 -1.0876 1.7589 -1.2217
0.7970 1.5632 -1.0843 1.7589 -1.2217
0.7970 1.5632 -1.0810 1.7589 -1.2217
0.7970 1.5632 -1.0777 1.7589 -1.2217
0.7970 1.5632 -1.0745 1.7589 -1.2217
0.7970 1.5632 -1.0712 1.7589 -1.2217
0.7970 1.5632 -1.0679 1.7589 -1.2217
0.7970 1.5632 -1.0647 1.7589 -1.2217
0.7970 1.5632 -1.0614 1.7589 -1.2217
0.7970 1.5632 -1.0581 1.7589 -1.2217
0.7970 1.5632 -1.0548 1.7589 -1.2217
0.7970 1.5632 -1.0516 1.7589 -1.2217
0.7970 1.5632 -1.0483 1.7589 -1.2217
0.7970 1.5632 -1.0450 1.7589 -1.2217
0.7970 1.5632 -1.0417 1.7589 -1.2217
0.7970 1.5632 -1.0385 1.7589 -1.2217
0.7970 1.5632 -1.0352 1.7589 -1.2217
0.7970 1.5632 -1.0319 1.7589 -1.2217
0.7970 1.5632 -1.0287 1.7589 -1.2217
0.7970 1.5632 -1.0254 1.7589 -1.2217
0.7970 1.5632 -1.0221 1.7589 -1.2217
0.7970 1.5632 -1.0188 1.7589 -1.2217
0.7970 1.5632 -1.0156 1.7589 -1.2217
0.7970 1.5632 -1.0123 1.7589 -1.2217
0.7970 1.5632 -1.0090 1.7589 -1.2217
0.7970 1.5632 -1.0057 1.7589 -1.2217
0.7970 1.5632 -1.0025 1.7589 -1.2217
0.7970 1.5632 -0.9992 1.7589 -1.2217
0.7970 1.5632 -0.9959 1.7589 -1.2217
0.7970 1.5632 -0.9927 1.7589 -1.2217
0.7970 1.5632 -0.9894 1.7589 -1.2217
0.7970 1.5632 -0.9861 1.7589 -1.2217
0.7970 1.5632 -0.9828 1.7589 -1.2217
0.7970 1.5632 -0.9796 1.7589 -1.2217
0.7970 1.5632 -0.9763 1.7589 -1.2217
0.7970 1.5632 -0.9730 1.7589 -1.2217
0.7970 1.5632 -0.9697 1.7589 -1.2217
0.7970 1.5632 -0.9665 1.7589 -1.2217
0.7970 1.5632 -0.9632 1.7589 -1.2217
0.7970 1.5632 -0.9599 1.7589 -1.2217
0.7970 1.5632 -0.9567 1.7589 -1.2217
0.7970 1.5632 -0.9534 1.7589 -1.2217
0.7970 1.5632 -0.9501 1.7589 -1.2217
0.7970 1.5632 -0.9468 1.7589 -1.2217
0.7970 1.5632 -0.9436 1.7589 -1.2217
0.7970 1.5632 -0.9403 1.7589 -1.2217
0.7970 1.5632 -0.9370 1.7589 -1.2217
0.7970 1.5632 -0.9338 1.7589 -1.2217
0.7970 1.5632 -0.9305 1.7589 -1.2217
0.7970 1.5632 -0.9272 1.7589 -1.2217
0.7970 1.5632 -0.9239 1.7589 -1.2217
0.7970 1.5632 -0.9207 1.7589 -1.2217
0.7970 1.5632 -0.9174 1.7589 -1.2217
0.7970 1.5632 -0.9141 1.7589 -1.2217
0.7970 1.5632 -0.9108 1.7589 -1.2217
0.7970 1.5632 -0.9076 1.7589 -1.2217
0.7970 1.5632 -0.9043 1.7589 -1.2217
0.7970 1.5632 -0.9010 1.7589 -1.2217
0.7970 1.5632 -0.8978 1.7589 -1.2217
0.7970 1.5632 -0.8945 1.7589 -1.2217
0.7970 1.5632 -0.8912 1.7589 -1.2217
0.7970 1.5632 -0.8879 1.7589 -1.2217
0.7970 1.5632 -0.8847 1.7589 -1.2217
0.7970 1.5632 -0.8814 1.7589 -1.2217
0.7970 1.5632 -0.8781 1.7589 -1.2217
0.7970 1.5632 -0.8748 1.7589 -1.2217
0.7970 1.5632 -0.8716 1.7589 -1.2217
0.7970 1.5632 -0.8683 1.7589 -1.2217
0.7970 1.5632 -0.8650 1.7589 -1.2217
0.7970 1.5632 -0.8618 1.7589 -1.2217
0.7970 1.5632 -0.8585 1.7589 -1.2217
0.7970 1.5632 -0.8552 1.7589 -1.2217
0.7970 1.5632 -0.8519 1.7589 -1.2217
0.7970 1.5632 -0.8487 1.7589 -1.2217
0.7970 1.5632 -0.8454 1.7589 -1.2217
0.7970 1.5632 -0.8421 1.7589 -1.2217
0.7970 1.5632 -0.8388 1.7589 -1.2217
0.7970 1.5632 -0.8356 1.7589 -1.2217
0.7970 1.5632 -0.8323 1.7589 -1.2217
0.7970 1.5632 -0.8290 1.7589 -1.2217
0.7970 1.5632 -0.8258 1.7589 -1.2217
0.7970 1.5632 -0.8225 1.7589 -1.2217
0.7970 1.5632 -0.8192 1.7589 -1.2217
0.8175 1.5632 -0.8159 1.7589 -1.2217
0.8175 1.5632 -0.8127 1.7589 -1.2217
0.8175 1.5632 -0.8094 1.7589 -1.2217
0.8175 1.5632 -0.8061 1.7589 -1.2217
0.8175 1.5632 -0.8029 1.7589 -1.2217
0.8175 1.5632 -0.7996 1.7589 -1.2217
0.8175 1.5632 -0.7963 1.7589 -1.2217
0.8175 1.5632 -0.7930 1.7589 -1.2217
0.8175 1.5632 -0.7898 1.7589 -1.2217
0.8175 1.5632 -0.7865 1.7589 -1.2217
0.8175 1.5632 -0.7832 1.7589 -1.2217
0.8175 1.5632 -0.7799 1.7589 -1.2217
0.8175 1.5632 -0.7767 1.7589 -1.2217
0.8175 1.5632 -0.7734 1.7589 -1.2217
0.8175 1.5632 -0.7701 1.7589 -1.2217
0.8175 1.5632 -0.7669 1.7589 -1.2217
0.8175 1.5632 -0.7636 1.7589 -1.2217
0.8175 1.5632 -0.7603 1.7589 -1.2217
0.8175 1.5632 -0.7570 1.7589 -1.2217
0.8175 1.5632 -0.7538 1.7589 -1.2217
0.8175 1.5632 -0.7505 1.7589 -1.2217
0.8175 1.5632 -0.7472 1.7589 -1.2217
0.8175 1.5632 -0.7439 1.7589 -1.2217
0.8175 1.5632 -0.7407 1.7589 -1.2217
0.8175 1.5632 -0.7374 1.7589 -1.2217
0.8175 1.5632 -0.7341 1.7589 -1.2217
0.8175 1.5632 -0.7309 1.7589 -1.2217
0.8175 1.5632 -0.7276 1.7589 -1.2217
0.8175 1.5632 -0.7243 1.7589 -1.2217
0.8175 1.5632 -0.7210 1.7589 -1.2217
0.8175 1.5632 -0.7178 1.7589 -1.2217
0.8175 1.5632 -0.7145 1.7589 -1.2217
0.8175 1.5632 -0.7112 1.7589 -1.2217
0.8175 1.5632 -0.7079 1.7589 -1.2217
0.8175 1.5632 -0.7047 1.7589 -1.2217
0.8175 1.5632 -0.7014 1.7589 -1.2217
0.8175 1.5632 -0.6981 1.7589 -1.2217
0.8175 1.5632 -0.6949 1.7589 -1.2217
0.8175 1.5632 -0.6916 1.7589 -1.2217
0.8175 1.5632 -0.6883 1.7589 -1.2217
0.8175 1.5632 -0.6850 1.7589 -1.2217
0.8175 1.5632 -0.6818 1.7589 -1.2217
0.8175 1.5632 -0.6785 1.7589 -1.2217
0.8175 1.5632 -0.6752 1.7589 -1.2217
0.8175 1.5632 -0.6720 1.7589 -1.2217
0.8175 1.5632 -0.6687 1.7589 -1.2217
0.8175 1.5632 -0.6654 1.7589 -1.2217
0.8175 1.5632 -0.6621 1.7589 -1.2217
0.8175 1.5632 -0.6589 1.7589 -1.2217
0.8175 1.5632 -0.6556 1.7589 -1.2217
0.8175 1.5632 -0.6523 1.7589 -1.2217
0.8175 1.5632 -0.6490 1.7589 -1.2217
0.8175 1.5632 -0.6458 1.7589 -1.2217
0.8175 1.5632 -0.6425 1.7589 -1.2217
0.8175 1.5632 -0.6392 1.7589 -1.2217
0.8175 1.5632 -0.6360 1.7589 -1.2217
0.8175 1.5632 -0.6327 1.7589 -1.2217
0.8175 1.5632 -0.6294 1.7589 -1.2217
0.8175 1.5632 -0.6261 1.7589 -1.2217
0.8175 1.5632 -0.6229 1.7589 -1.2217
0.8175 1.5632 -0.6196 1.7589 -1.2217
0.8175 1.5632 -0.6163 1.7589 -1.2217
0.8175 1.5632 -0.6130 1.7589 -1.2217
0.8175 1.5632 -0.6098 1.7589 -1.2217
0.8175 1.5632 -0.6065 1.7589 -1.2217
0.8175 1.5632 -0.6032 1.7589 -1.2217
0.8175 1.5632 -0.6000 1.7589 -1.2217
0.8175 1.5632 -0.5967 1.7589 -1.2217
0.8175 1.5632 -0.5934 1.7589 -1.2217
0.8175 1.5632 -0.5901 1.7589 -1.2217
0.8175 1.5632 -0.5869 1.7589 -1.2217
0.8175 1.5632 -0.5836 1.7589 -1.2217
0.8175 1.5632 -0.5803 1.7589 -1.2217
0.8175 1.5632 -0.5770 1.7589 -1.2217
0.8175 1.5632 -0.5738 1.7589 -1.2217
0.8175 1.5632 -0.5705 1.7589 -1.2217
0.8175 1.5632 -0.5672 1.7589 -1.2217
0.8175 1.5632 -0.5640 1.7589 -1.2217
0.8175 1.5632 -0.5607 1.7589 -1.2217
0.8175 1.5632 -0.5574 1.7589 -1.2217
0.8175 1.5632 -0.5541 1.7589 -1.2217
0.8175 1.5632 -0.5509 1.7589 -1.2217
0.8175 1.5632 -0.5476 1.7589 -1.2217
0.8175 1.5632 -0.5443 1.7589 -1.2217
0.8175 1.5632 -0.5411 1.7589 -1.2217
0.8175 1.5632 -0.5378 1.7589 -1.2217
0.8175 1.5632 -0.5345 1.7589 -1.2217
0.8175 1.5632 -0.5312 1.7589 -1.2217
0.8175 1.5632 -0.5280 1.7589 -1.2217
0.8175 1.5632 -0.5247 1.7589 -1.2217
0.8175 1.5632 -0.5214 1.7589 -1.2217
0.8175 1.5632 -0.5181 1.7589 -1.2217
0.8175 1.5632 -0.5149 1.7589 -1.2217
0.8175 1.5632 -0.5116 1.7589 -1.2217
0.8175 1.5632 -0.5083 1.7589 -1.2217
0.8175 1.5632 -0.5051 1.7589 -1.2217
0.8175 1.5632 -0.5018 1.7589 -1.2217
0.8175 1.5632 -0.4985 1.7589 -1.2217
0.8175 1.5632 -0.4952 1.7589 -1.2217
0.8175 1.5632 -0.4920 1.7589 -1.2217
0.8175 1.5632 -0.4887 1.7589 -1.2217
0.8175 1.5632 -0.4854 1.7589 -1.2217
0.8175 1.5632 -0.4821 1.7589 -1.2217
0.8175 1.5632 -0.4789 1.7589 -1.2217
0.8175 1.5632 -0.4756 1.7589 -1.2217
0.8175 1.5632 -0.4723 1.7589 -1.2217
0.8175 1.5632 -0.4691 1.7589 -1.2217
0.8175 1.5632 -0.4658 1.7589 -1.2217
0.8175 1.5632 -0.4625 1.7589 -1.2217
0.8175 1.5632 -0.4592 1.7589 -1.2217
0.8175 1.5632 -0.4560 1.7589 -1.2217
0.8175 1.5632 -0.4527 1.7589 -1.2217
0.8175 1.5632 -0.4494 1.7589 -1.2217
0.8175 1.5632 -0.4461 1.7589 -1.2217
0.8175 1.5632 -0.4429 1.7589 -1.2217
0.8175 1.5632 -0.4396 1.7589 -1.2217
0.8175 1.5632 -0.4363 1.7589 -1.2217
0.8175 1.5632 -0.4331 1.7589 -1.2217
0.8175 1.5632 -0.4298 1.7589 -1.2217
0.8175 1.5632 -0.4265 1.7589 -1.2217
0.8175 1.5632 -0.4232 1.7589 -1.2217
0.8175 1.5632 -0.4200 1.7589 -1.2217
0.8175 1.5632 -0.4167 1.7589 -1.2217
0.8175 1.5632 -0.4134 1.7589 -1.2217
0.8175 1.5632 -0.4102 1.7589 -1.2217
0.8175 1.5632 -0.4069 1.7589 -1.2217
0.8175 1.5632 -0.4036 1.7589 -1.2217
0.8175 1.5632 -0.4003 1.7589 -1.2217
0.8175 1.5632 -0.3971 1.7589 -1.2217
0.8175 1.5632 -0.3938 1.7589 -1.2217
0.8175 1.5632 -0.3905 1.7589 -1.2217
0.8175 1.5632 -0.3872 1.7589 -1.2217
0.8175 1.5632 -0.3840 1.7589 -1.2217
0.8175 1.5632 -0.3807 1.7589 -1.2217
0.8175 1.5632 -0.3774 1.7589 -1.2217
0.8175 1.5632 -0.3742 1.7589 -1.2217
0.8175 1.5632 -0.3709 1.7589 -1.2217
0.8175 1.5632 -0.3676 1.7589 -1.2217
0.8175 1.5632 -0.3643 1.7589 -1.2217
0.8175 1.5632 -0.3611 1.7589 -1.2217
0.8175 1.5632 -0.3578 1.7589 -1.2217
0.8175 1.5632 -0.3545 1.7589 -1.2217
0.8175 1.5632 -0.3512 1.7589 -1.2217
0.8175 1.5632 -0.3480 1.7589 -1.2217
0.8175 1.5632 -0.3447 1.7589 -1.2217
0.8175 1.5632 -0.3414 1.7589 -1.2217
0.8175 1.5632 -0.3382 1.7589 -1.2217
0.8175 1.5632 -0.3349 1.7589 -1.2217
0.8175 1.5632 -0.3316 1.7589 -1.2217
0.8175 1.5632 -0.3283 1.7589 -1.2217
0.8379 1.5632 -0.3251 1.7589 -1.2217
0.8379 1.5632 -0.3218 1.7589 -1.2217
0.8379 1.5632 -0.3185 1.7589 -1.2217
0.8379 1.5632 -0.3153 1.7589 -1.2217
0.8379 1.5632 -0.3120 1.7589 -1.2217
0.8379 1.5632 -0.3087 1.7589 -1.2217
0.8379 1.5632 -0.3054 1.7589 -1.2217
0.8379 1.5632 -0.3022 1.7589 -1.2217
0.8379 1.5632 -0.2989 1.7589 -1.2217
0.8379 1.5632 -0.2956 1.7589 -1.2217
0.8379 1.5632 -0.2923 1.7589 -1.2217
0.8379 1.5632 -0.2891 1.7589 -1.2217
0.8379 1.5632 -0.2858 1.7589 -1.2217
0.8379 1.5632 -0.2825 1.7589 -1.2217
0.8379 1.5632 -0.2793 1.7589 -1.2217
0.8379 1.5632 -0.2760 1.7589 -1.2217
0.8379 1.5632 -0.2727 1.7589 -1.2217
0.8379 1.5632 -0.2694 1.7589 -1.2217
0.8379 1.5632 -0.2662 1.7589 -1.2217
0.8379 1.5632 -0.2629 1.7589 -1.2217
0.8379 1.5632 -0.2596 1.7589 -1.2217
0.8379 1.5632 -0.2563 1.7589 -1.2217
0.8379 1.5632 -0.2531 1.7589 -1.2217
0.8379 1.5632 -0.2498 1.7589 -1.2217
0.8379 1.5632 -0.2465 1.7589 -1.2217
0.8379 1.5632 -0.2433 1.7589 -1.2217
0.8379 1.5632 -0.2400 1.7589 -1.2217
0.8379 1.5632 -0.2367 1.7589 -1.2217
0.8379 1.5632 -0.2334 1.7589 -1.2217
0.8379 1.5632 -0.2302 1.7589 -1.2217
0.8379 1.5632 -0.2269 1.7589 -1.2217
0.8379 1.5632 -0.2236 1.7589 -1.2217
0.8379 1.5632 -0.2203 1.7589 -1.2217
0.8379 1.5632 -0.2171 1.7589 -1.2217
0.8379 1.5632 -0.2138 1.7589 -1.2217
0.8379 1.5632 -0.2105 1.7589 -1.2217
0.8379 1.5632 -0.2073 1.7589 -1.2217
0.8379 1.5632 -0.2040 1.7589 -1.2217
0.8379 1.5632 -0.2007 1.7589 -1.2217
0.8379 1.5632 -0.1974 1.7589 -1.2217
0.8379 1.5632 -0.1942 1.7589 -1.2217
0.8379 1.5632 -0.1909 1.7589 -1.2217
0.8379 1.5632 -0.1876 1.7589 -1.2217
0.8379 1.5632 -0.1844 1.7589 -1.2217
0.8379 1.5632 -0.1811 1.7589 -1.2217
0.8379 1.5632 -0.1778 1.7589 -1.2217
0.8379 1.5632 -0.1745 1.7589 -1.2217
0.8379 1.5632 -0.1713 1.7589 -1.2217
0.8379 1.5632 -0.1680 1.7589 -1.2217
0.8379 1.5632 -0.1647 1.7589 -1.2217
0.8379 1.5632 -0.1614 1.7589 -1.2217
0.8379 1.5632 -0.1582 1.7589 -1.2217
0.8379 1.5632 -0.1549 1.7589 -1.2217
0.8379 1.5632 -0.1516 1.7589 -1.2217
0.8379 1.5632 -0.1484 1.7589 -1.2217
0.8379 1.5632 -0.1451 1.7589 -1.2217
0.8379 1.5632 -0.1418 1.7589 -1.2217
0.8379 1.5632 -0.1385 1.7589 -1.2217
0.8379 1.5632 -0.1353 1.7589 -1.2217
0.8379 1.5632 -0.1320 1.7589 -1.2217
0.8379 1.5632 -0.1287 1.7589 -1.2217
0.8379 1.5632 -0.1254 1.7589 -1.2217
0.8379 1.5632 -0.1222 1.7589 -1.2217
0.8379 1.5632 -0.1189 1.7589 -1.2217
0.8379 1.5632 -0.1156 1.7589 -1.2217
0.8379 1.5632 -0.1124 1.7589 -1.2217
0.8379 1.5632 -0.1091 1.7589 -1.2217
0.8379 1.5632 -0.1058 1.7589 -1.2217
0.8379 1.5632 -0.1025 1.7589 -1.2217
0.8379 1.5632 -0.0993 1.7589 -1.2217
0.8379 1.5632 -0.0960 1.7589 -1.2217
0.8379 1.5632 -0.0927 1.7589 -1.2217
0.8379 1.5632 -0.0894 1.7589 -1.2217
0.8379 1.5632 -0.0862 1.7589 -1.2217
0.8379 1.5632 -0.0829 1.7589 -1.2217
0.8379 1.5632 -0.0796 1.7589 -1.2217
0.8379 1.5632 -0.0764 1.7589 -1.2217
0.8379 1.5632 -0.0731 1.7589 -1.2217
0.8379 1.5632 -0.0698 1.7589 -1.2217
0.8379 1.5632 -0.0665 1.7589 -1.2217
0.8379 1.5632 -0.0633 1.7589 -1.2217
0.8379 1.5632 -0.0600 1.7589 -1.2217
0.8379 1.5632 -0.0567 1.7589 -1.2217
0.8379 1.5632 -0.0535 1.7589 -1.2217
0.8379 1.5632 -0.0502 1.7589 -1.2217
0.8379 1.5632 -0.0469 1.7589 -1.2217
0.8379 1.5632 -0.0436 1.7589 -1.2217
0.8379 1.5632 -0.0404 1.7589 -1.2217
0.8379 1.5632 -0.0371 1.7589 -1.2217
0.8379 1.5632 -0.0338 1.7589 -1.2217
0.8379 1.5632 -0.0305 1.7589 -1.2217
0.8379 1.5632 -0.0273 1.7589 -1.2217
0.8379 1.5632 -0.0240 1.7589 -1.2217
0.8379 1.5632 -0.0207 1.7589 -1.2217
0.8379 1.5632 -0.0175 1.7589 -1.2217
0.8379 1.5632 -0.0142 1.7589 -1.2217
0.8379 1.5632 -0.0109 1.7589 -1.2217
0.8379 1.5632 -0.0076 1.7589 -1.2217
0.8379 1.5632 -0.0044 1.7589 -1.2217
0.8379 1.5632 -0.0011 1.7589 -1.2217
0.8379 1.5632 0.0000 1.7589 -1.2217
0.8379 1.5632 0.0000 1.7589 -1.2217
0.8379 1.5632 0.0000 1.7589 -1.2217
0.8379 1.5632 0.0000 1.7589 -1.2217
0.8379 1.5632 0.0000 1.7589 -1.2217
0.8379 1.5632 0.0000 1.7589 -1.2217
0.8379 1.5632 0.0000 1.7589 -1.2217
0.8379 1.5632 0.0000 1.7589 -1.2217
0.8379 1.5632 0.0000 1.7589 -1.2217
0.8379 1.5632 0.0000 1.7589 -1.2217
0.8379 1.5632 0.0000 1.7589 -1.2217
0.8379 1.5632 0.0000 1.7589 -1.2217
0.8379 1.5632 0.0000 1.7589 -1.2217
0.8379 1.5632 0.0000 1.7589 -1.2217
0.8379 1.5632 0.0000 1.7589 -1.2217
0.8379 1.5632 0.0000 1.7589 -1.2217
0.8379 1.5632 0.0000 1.7589 -1.2217
0.8379 1.5632 0.0000 1.7589 -1.2217
0.8379 1.5632 0.0000 1.7589 -1.2217
0.8379 1.5632 0.0000 1.7589 -1.2217
0.8379 1.5632 0.0000 1.7589 -1.2217
0.8379 1.5632 0.0000 1.7589 -1.2217
0.8379 1.5632 0.0000 1.7589 -1.2217
0.8379 1.5632 0.0000 1.7589 -1.2217
0.8379 1.5632 0.0000 1.7589 -1.2217
0.8379 1.5632 0.0000 1.7589 -1.2217
0.8379 1.5632 0.0000 1.7589 -1.2217
0.8379 1.5632 0.0000 1.7589 -1.2217
0.8379 1.5632 0.0000 1.7589 -1.2217
0.8584 1.5632 0.0000 1.7589 -1.2217
0.8584 1.5632 0.0000 1.7589 -1.2217
0.8584 1.5632 0.0000 1.7589 -1.2217
0.8584 1.5632 0.0000 1.7589 -1.2217
0.8584 1.5632 0.0000 1.7589 -1.2217
0.8584 1.5632 0.0000 1.7589 -1.2217
0.8584 1.5632 0.0000 1.7589 -1.2217
0.8584 1.5632 0.0000 1.7589 -1.2217
0.8584 1.5632 0.0000 1.7589 -1.2217
0.8584 1.5632 0.0000 1.7589 -1.2217
0.8584 1.5632 0.0000 1.7589 -1.2217
0.8584 1.5632 0.0000 1.7589 -1.2217
0.8584 1.5632 0.0000 1.7589 -1.2217
0.8584 1.5632 0.0000 1.7589 -1.2217
0.8584 1.5632 0.0000 1.7589 -1.2217
0.8584 1.5632 0.0000 1.7589 -1.2217
0.8584 1.5632 0.0000 1.7589 -1.2217
0.8584 1.5632 0.0000 1.7589 -1.2217
0.8584 1.5632 0.0000 1.7589 -1.2217
0.8584 1.5632 0.0000 1.7589 -1.2217
0.8584 1.5632 0.0000 1.7589 -1.2217
0.8584 1.5632 0.0000 1.7589 -1.2217
0.8584 1.5632 0.0000 1.7589 -1.2217
0.8584 1.5632 0.0000 1.7589 -1.2217
0.8584 1.5632 0.0000 1.7589 -1.2217
0.8584 1.5632 0.0000 1.7589 -1.2217
0.8584 1.5632 0.0000 1.7589 -1.2217
0.8584 1.5632 0.0000 1.7589 -1.2217
0.8584 1.5632 0.0000 1.7589 -1.2217
0.8584 1.5632 0.0000 1.7589 -1.2217
0.8584 1.5632 0.0000 1.7589 -1.2217
0.8584 1.5632 0.0000 1.7589 -1.2217
0.8584 1.5632 0.0000 1.7589 -1.2217
0.8584 1.5632 0.0000 1.7589 -1.2217
0.8584 1.5632 0.0000 1.7589 -1.2217
0.8584 1.5632 0.0000 1.7589 -1.2217
0.8584 1.5632 0.0000 1.7589 -1.2217
0.8584 1.5632 0.0000 1.7589 -1.2217
0.8584 1.5632 0.0000 1.7589 -1.2217
0.8584 1.5632 0.0000 1.7589 -1.2217
0.8584 1.5632 0.0000 1.7589 -1.2217
0.8584 1.5632 0.0000 1.7589 -1.2217
0.8584 1.5632 0.0000 1.7589 -1.2217
0.8584 1.5632 0.0000 1.7589 -1.2217
0.8584 1.5632 0.0000 1.7589 -1.2217
0.8584 1.5632 0.0000 1.7589 -1.2217
0.8584 1.5632 0.0000 1.7589 -1.2217
0.8584 1.5632 0.0000 1.7589 -1.2217
0.8584 1.5632 0.0000 1.7589 -1.2185
0.8584 1.5632 0.0000 1.7589 -1.2152
0.8584 1.5632 0.0000 1.7589 -1.2119
0.8584 1.5632 0.0000 1.7589 -1.2086
0.8584 1.5632 0.0000 1.7589 -1.2054
0.8584 1.5632 0.0000 1.7589 -1.2021
0.8584 1.5632 0.0000 1.7589 -1.1988
0.8584 1.5632 0.0000 1.7589 -1.1956
0.8584 1.5632 0.0000 1.7589 -1.1923
0.8584 1.5632 0.0000 1.7589 -1.1890
0.8584 1.5632 0.0000 1.7589 -1.1857
0.8584 1.5632 0.0000 1.7589 -1.1825
0.8584 1.5632 0.0000 1.7589 -1.1792
0.8584 1.5632 0.0000 1.7589 -1.1759
0.8584 1.5632 0.0000 1.7589 -1.1726
0.8584 1.5632 0.0000 1.7589 -1.1694
0.8584 1.5632 0.0000 1.7589 -1.1661
0.8584 1.5632 0.0000 1.7589 -1.1628
0.8584 1.5632 0.0000 1.7589 -1.1596
0.8584 1.5632 0.0000 1.7589 -1.1563
0.8584 1.5632 0.0000 1.7589 -1.1530
0.8584 1.5632 0.0000 1.7589 -1.1497
0.8584 1.5632 0.0000 1.7589 -1.1465
0.8584 1.5632 0.0000 1.7589 -1.1432
0.8584 1.5632 0.0000 1.7589 -1.1399
0.8584 1.5632 0.0000 1.7589 -1.1366
0.8584 1.5632 0.0000 1.7589 -1.1334
0.8584 1.5632 0.0000 1.7589 -1.1301
0.8584 1.5632 0.0000 1.7589 -1.1268
0.8584 1.5632 0.0000 1.7589 -1.1236
0.8584 1.5632 0.0000 1.7589 -1.1203
0.8584 1.5632 0.0000 1.7589 -1.1170
0.8584 1.5632 0.0000 1.7589 -1.1137
0.8584 1.5632 0.0000 1.7589 -1.1105
0.8584 1.5632 0.0000 1.7589 -1.1072
0.8584 1.5632 0.0000 1.7589 -1.1039
0.8584 1.5632 0.0000 1.7589 -1.1006
0.8584 1.5632 0.0000 1.7589 -1.0974
0.8584 1.5632 0.0000 1.7589 -1.0941
0.8584 1.5632 0.0000 1.7589 -1.0908
0.8584 1.5632 0.0000 1.7589 -1.0876
0.8584 1.5632 0.0000 1.7589 -1.0843
0.8584 1.5632 0.0000 1.7589 -1.0810
0.8584 1.5632 0.0000 1.7589 -1.0777
0.8584 1.5632 0.0000 1.7589 -1.0745
0.8584 1.5632 0.0000 1.7589 -1.0712
0.8584 1.5632 0.0000 1.7589 -1.0679
0.8584 1.5632 0.0000 1.7589 -1.0647
0.8584 1.5632 0.0000 1.7589 -1.0614
0.8584 1.5632 0.0000 1.7589 -1.0581
0.8584 1.5632 0.0000 1.7589 -1.0548
0.8584 1.5632 0.0000 1.7589 -1.0516
0.8584 1.5632 0.0000 1.7589 -1.0483
0.8584 1.5632 0.0000 1.7589 -1.0450
0.8584 1.5632 0.0000 1.7589 -1.0417
0.8584 1.5632 0.0000 1.7589 -1.0385
0.8584 1.5632 0.0000 1.7589 -1.0352
0.8584 1.5632 0.0000 1.7589 -1.0319
0.8584 1.5632 0.0000 1.7589 -1.0287
0.8584 1.5632 0.0000 1.7589 -1.0254
0.8584 1.5632 0.0000 1.7589 -1.0221
0.8584 1.5632 0.0000 1.7589 -1.0188
0.8584 1.5632 0.0000 1.7589 -1.0156
0.8584 1.5632 0.0000 1.7589 -1.0123
0.8584 1.5632 0.0000 1.7589 -1.0090
0.8584 1.5632 0.0000 1.7589 -1.0057
0.8584 1.5632 0.0000 1.7589 -1.0025
0.8584 1.5632 0.0000 1.7589 -0.9992
0.8584 1.5632 0.0000 1.7589 -0.9959
0.8584 1.5632 0.0000 1.7589 -0.9927
0.8584 1.5632 0.0000 1.7589 -0.9894
0.8584 1.5632 0.0000 1.7589 -0.9861
0.8584 1.5632 0.0000 1.7589 -0.9828
0.8584 1.5632 0.0000 1.7589 -0.9796
0.8584 1.5632 0.0000 1.7589 -0.9763
0.8584 1.5632 0.0000 1.7589 -0.9730
0.8584 1.5632 0.0000 1.7589 -0.9697
0.8584 1.5632 0.0000 1.7589 -0.9665
0.8584 1.5632 0.0000 1.7589 -0.9632
0.8584 1.5632 0.0000 1.7589 -0.9599
0.8584 1.5632 0.0000 1.7589 -0.9567
0.8584 1.5632 0.0000 1.7589 -0.9534
0.8584 1.5632 0.0000 1.7589 -0.9501
0.8584 1.5632 0.0000 1.7589 -0.9468
0.8584 1.5632 0.0000 1.7589 -0.9436
0.8584 1.5632 0.0000 1.7589 -0.9403
0.8584 1.5632 0.0000 1.7589 -0.9370
0.8584 1.5632 0.0000 1.7589 -0.9338
0.8584 1.5632 0.0000 1.7589 -0.9305
0.8584 1.5632 0.0000 1.7589 -0.9272
0.8584 1.5632 0.0000 1.7589 -0.9239
0.8584 1.5632 0.0000 1.7589 -0.9207
0.8584 1.5632 0.0000 1.7589 -0.9174
0.8584 1.5632 0.0000 1.7589 -0.9141
0.8584 1.5632 0.0000 1.7589 -0.9108
0.8584 1.5632 0.0000 1.7589 -0.9076
0.8584 1.5632 0.0000 1.7589 -0.9043
0.8584 1.5632 0.0000 1.7589 -0.9010
0.8584 1.5632 0.0000 1.7589 -0.8978
0.8584 1.5632 0.0000 1.7589 -0.8945
0.8584 1.5632 0.0000 1.7589 -0.8912
0.8584 1.5632 0.0000 1.7589 -0.8879
0.8584 1.5632 0.0000 1.7589 -0.8847
0.8584 1.5632 0.0000 1.7589 -0.8814
0.8584 1.5632 0.0000 1.7589 -0.8781
0.8584 1.5632 0.0000 1.7589 -0.8748
0.8584 1.5632 0.0000 1.7589 -0.8716
0.8584 1.5632 0.0000 1.7589 -0.8683
0.8584 1.5632 0.0000 1.7589 -0.8650
0.8584 1.5632 0.0000 1.7589 -0.8618
0.8584 1.5632 0.0000 1.7589 -0.8585
0.8584 1.5632 0.0000 1.7589 -0.8552
0.8788 1.5632 0.0000 1.7589 -0.8519
0.8788 1.5632 0.0000 1.7589 -0.8487
0.8788 1.5632 0.0000 1.7589 -0.8454
0.8788 1.5632 0.0000 1.7589 -0.8421
0.8788 1.5632 0.0000 1.7589 -0.8388
0.8788 1.5632 0.0000 1.7589 -0.8356
0.8788 1.5632 0.0000 1.7589 -0.8323
0.8788 1.5632 0.0000 1.7589 -0.8290
0.8788 1.5632 0.0000 1.7589 -0.8258
0.8788 1.5632 0.0000 1.7589 -0.8225
0.8788 1.5632 0.0000 1.7589 -0.8192
0.8788 1.5632 0.0000 1.7589 -0.8159
0.8788 1.5632 0.0000 1.7589 -0.8127
0.8788 1.5632 0.0000 1.7589 -0.8094
0.8788 1.5632 0.0000 1.7589 -0.8061
0.8788 1.5632 0.0000 1.7589 -0.8029
0.8788 1.5632 0.0000 1.7589 -0.7996
0.8788 1.5632 0.0000 1.7589 -0.7963
0.8788 1.5632 0.0000 1.7589 -0.7930
0.8788 1.5632 0.0000 1.7589 -0.7898
0.8788 1.5632 0.0000 1.7589 -0.7865
0.8788 1.5632 0.0000 1.7589 -0.7832
0.8788 1.5632 0.0000 1.7589 -0.7799
0.8788 1.5632 0.0000 1.7589 -0.7767
0.8788 1.5632 0.0000 1.7589 -0.7734
0.8788 1.5632 0.0000 1.7589 -0.7701
0.8788 1.5632 0.0000 1.7589 -0.7669
0.8788 1.5632 0.0000 1.7589 -0.7636
0.8788 1.5632 0.0000 1.7589 -0.7603
0.8788 1.5632 0.0000 1.7589 -0.7570
0.8788 1.5632 0.0000 1.7589 -0.7538
0.8788 1.5632 0.0000 1.7589 -0.7505
0.8788 1.5632 0.0000 1.7589 -0.7472
0.8788 1.5632 0.0000 1.7589 -0.7439
0.8788 1.5632 0.0000 1.7589 -0.7407
0.8788 1.5632 0.0000 1.7589 -0.7374
0.8788 1.5632 0.0000 1.7589 -0.7341
0.8788 1.5632 0.0000 1.7589 -0.7309
0.8788 1.5632 0.0000 1.7589 -0.7276
0.8788 1.5632 0.0000 1.7589 -0.7243
0.8788 1.5632 0.0000 1.7589 -0.7210
0.8788 1.5632 0.0000 1.7589 -0.7178
0.8788 1.5632 0.0000 1.7589 -0.7145
0.8788 1.5632 0.0000 1.7589 -0.7112
0.8788 1.5632 0.0000 1.7589 -0.7079
0.8788 1.5632 0.0000 1.7589 -0.7047
0.8788 1.5632 0.0000 1.7589 -0.7014
0.8788 1.5632 0.0000 1.7589 -0.6981
0.8788 1.5632 0.0000 1.7589 -0.6949
0.8788 1.5632 0.0000 1.7589 -0.6916
0.8788 1.5632 0.0000 1.7589 -0.6883
0.8788 1.5632 0.0000 1.7589 -0.6850
0.8788 1.5632 0.0000 1.7589 -0.6818
0.8788 1.5632 0.0000 1.7589 -0.6785
0.8788 1.5632 0.0000 1.7589 -0.6752
0.8788 1.5632 0.0000 1.7589 -0.6720
0.8788 1.5632 0.0000 1.7589 -0.6687
0.8788 1.5632 0.0000 1.7589 -0.6654
0.8788 1.5632 0.0000 1.7589 -0.6621
0.8788 1.5632 0.0000 1.7589 -0.6589
0.8788 1.5632 0.0000 1.7589 -0.6556
0.8788 1.5632 0.0000 1.7589 -0.6523
0.8788 1.5632 0.0000 1.7589 -0.6490
0.8788 1.5632 0.0000 1.7589 -0.6458
0.8788 1.5632 0.0000 1.7589 -0.6425
0.8788 1.5632 0.0000 1.7589 -0.6392
0.8788 1.5632 0.0000 1.7589 -0.6360
0.8788 1.5632 0.0000 1.7589 -0.6327
0.8788 1.5632 0.0000 1.7589 -0.6294
0.8788 1.5632 0.0000 1.7589 -0.6261
0.8788 1.5632 0.0000 1.7589 -0.6229
0.8788 1.5632 0.0000 1.7589 -0.6196
0.8788 1.5632 0.0000 1.7589 -0.6163
0.8788 1.5632 0.0000 1.7589 -0.6130
0.8788 1.5632 0.0000 1.7589 -0.6098
0.8788 1.5632 0.0000 1.7589 -0.6065
0.8788 1.5632 0.0000 1.7589 -0.6032
0.8788 1.5632 0.0000 1.7589 -0.6000
0.8788 1.5632 0.0000 1.7589 -0.5967
0.8788 1.5632 0.0000 1.7589 -0.5934
0.8788 1.5632 0.0000 1.7589 -0.5901
0.8788 1.5632 0.0000 1.7589 -0.5869
0.8788 1.5632 0.0000 1.7589 -0.5836
0.8788 1.5632 0.0000 1.7589 -0.5803
0.8788 1.5632 0.0000 1.7589 -0.5770
0.8788 1.5632 0.0000 1.7589 -0.5738
0.8788 1.5632 0.0000 1.7589 -0.5705
0.8788 1.5632 0.0000 1.7589 -0.5672
0.8788 1.5632 0.0000 1.7589 -0.5640
0.8788 1.5632 0.0000 1.7589 -0.5607
0.8788 1.5632 0.0000 1.7589 -0.5574
0.8788 1.5632 0.0000 1.7589 -0.5541
0.8788 1.5632 0.0000 1.7589 -0.5509
0.8788 1.5632 0.0000 1.7589 -0.5476
0.8788 1.5632 0.0000 1.7589 -0.5443
0.8788 1.5632 0.0000 1.7589 -0.5411
0.8788 1.5632 0.0000 1.7589 -0.5378
0.8788 1.5632 0.0000 1.7589 -0.5345
0.8788 1.5632 0.0000 1.7589 -0.5312
0.8788 1.5632 0.0000 1.7589 -0.5280
0.8788 1.5632 0.0000 1.7589 -0.5247
0.8788 1.5632 0.0000 1.7589 -0.5214
0.8788 1.5632 0.0000 1.7589 -0.5181
0.8788 1.5632 0.0000 1.7589 -0.5149
0.8788 1.5632 0.0000 1.7589 -0.5116
0.8788 1.5632 0.0000 1.7589 -0.5083
0.8788 1.5632 0.0000 1.7589 -0.5051
0.8788 1.5632 0.0000 1.7589 -0.5018
0.8788 1.5632 0.0000 1.7589 -0.4985
0.8788 1.5632 0.0000 1.7589 -0.4952
0.8788 1.5632 0.0000 1.7589 -0.4920
0.8788 1.5632 0.0000 1.7589 -0.4887
0.8788 1.5632 0.0000 1.7589 -0.4854
0.8788 1.5632 0.0000 1.7589 -0.4821
0.8788 1.5632 0.0000 1.7589 -0.4789
0.8788 1.5632 0.0000 1.7589 -0.4756
0.8788 1.5632 0.0000 1.7589 -0.4723
0.8788 1.5632 0.0000 1.7589 -0.4691
0.8788 1.5632 0.0000 1.7589 -0.4658
0.8788 1.5632 0.0000 1.7589 -0.4625
0.8788 1.5632 0.0000 1.7589 -0.4592
0.8788 1.5632 0.0000 1.7589 -0.4560
0.8788 1.5632 0.0000 1.7589 -0.4527
0.8788 1.5632 0.0000 1.7589 -0.4494
0.8788 1.5632 0.0000 1.7589 -0.4461
0.8788 1.5632 0.0000 1.7589 -0.4429
0.8788 1.5632 0.0000 1.7589 -0.4396
0.8788 1.5632 0.0000 1.7589 -0.4363
0.8788 1.5632 0.0000 1.7589 -0.4331
0.8788 1.5632 0.0000 1.7589 -0.4298
0.8788 1.5632 0.0000 1.7589 -0.4265
0.8788 1.5632 0.0000 1.7589 -0.4232
0.8788 1.5632 0.0000 1.7589 -0.4200
0.8788 1.5632 0.0000 1.7589 -0.4167
0.8788 1.5632 0.0000 1.7589 -0.4134
0.8993 1.5632 0.0000 1.7589 -0.4102
0.8993 1.5632 0.0000 1.7589 -0.4069
0.8993 1.5632 0.0000 1.7589 -0.4036
0.8993 1.5632 0.0000 1.7589 -0.4003
0.8993 1.5632 0.0000 1.7589 -0.3971
0.8993 1.5632 0.0000 1.7589 -0.3938
0.8993 1.5632 0.0000 1.7589 -0.3905
0.8993 1.5632 0.0000 1.7589 -0.3872
0.8993 1.5632 0.0000 1.7589 -0.3840
0.8993 1.5632 0.0000 1.7589 -0.3807
0.8993 1.5632 0.0000 1.7589 -0.3774
0.8993 1.5632 0.0000 1.7589 -0.3742
0.8993 1.5632 0.0000 1.7589 -0.3709
0.8993 1.5632 0.0000 1.7589 -0.3676
0.8993 1.5632 0.0000 1.7589 -0.3643
0.8993 1.5632 0.0000 1.7589 -0.3611
0.8993 1.5632 0.0000 1.7589 -0.3578
0.8993 1.5632 0.0000 1.7589 -0.3545
0.8993 1.5632 0.0000 1.7589 -0.3512
0.8993 1.5632 0.0000 1.7589 -0.3480
0.8993 1.5632 0.0000 1.7589 -0.3447
0.8993 1.5632 0.0000 1.7589 -0.3414
0.8993 1.5632 0.0000 1.7589 -0.3382
0.8993 1.5632 0.0000 1.7589 -0.3349
0.8993 1.5632 0.0000 1.7589 -0.3316
0.8993 1.5632 0.0000 1.7589 -0.3283
0.8993 1.5632 0.0000 1.7589 -0.3251
0.8993 1.5632 0.0000 1.7589 -0.3218
0.8993 1.5632 0.0000 1.7589 -0.3185
0.8993 1.5632 0.0000 1.7589 -0.3153
0.8993 1.5632 0.0000 1.7589 -0.3120
0.8993 1.5632 0.0000 1.7589 -0.3087
0.8993 1.5632 0.0000 1.7589 -0.3054
0.8993 1.5632 0.0000 1.7589 -0.3022
0.8993 1.5632 0.0000 1.7589 -0.2989
0.8993 1.5632 0.0000 1.7589 -0.2956
0.8993 1.5632 0.0000 1.7589 -0.2923
0.8993 1.5632 0.0000 1.7589 -0.2891
0.8993 1.5632 0.0000 1.7589 -0.2858
0.8993 1.5632 0.0000 1.7589 -0.2825
0.8993 1.5632 0.0000 1.7589 -0.2793
0.8993 1.5632 0.0000 1.7589 -0.2760
0.8993 1.5632 0.0000 1.7589 -0.2727
0.8993 1.5632 0.0000 1.7589 -0.2694
0.8993 1.5632 0.0000 1.7589 -0.2662
0.8993 1.5632 0.0000 1.7589 -0.2629
0.8993 1.5632 0.0000 1.7589 -0.2596
0.8993 1.5632 0.0000 1.7589 -0.2563
0.8993 1.5632 0.0000 1.7589 -0.2531
0.8993 1.5632 0.0000 1.7589 -0.2498
0.8993 1.5632 0.0000 1.7589 -0.2465
0.8993 1.5632 0.0000 1.7589 -0.2433
0.8993 1.5632 0.0000 1.7589 -0.2400
0.8993 1.5632 0.0000 1.7589 -0.2367
0.8993 1.5632 0.0000 1.7589 -0.2334
0.8993 1.5632 0.0000 1.7589 -0.2302
0.8993 1.5632 0.0000 1.7589 -0.2269
0.8993 1.5632 0.0000 1.7589 -0.2236
0.8993 1.5632 0.0000 1.7589 -0.2203
0.8993 1.5632 0.0000 1.7589 -0.2171
0.8993 1.5632 0.0000 1.7589 -0.2138
0.8993 1.5632 0.0000 1.7589 -0.2105
0.8993 1.5632 0.0000 1.7589 -0.2073
0.8993 1.5632 0.0000 1.7589 -0.2040
0.8993 1.5632 0.0000 1.7589 -0.2007
0.8993 1.5632 0.0000 1.7589 -0.1974
0.8993 1.5632 0.0000 1.7589 -0.1942
0.8993 1.5632 0.0000 1.7589 -0.1909
0.8993 1.5632 0.0000 1.7589 -0.1876
0.8993 1.5632 0.0000 1.7589 -0.1844
0.8993 1.5632 0.0000 1.7589 -0.1811
0.8993 1.5632 0.0000 1.7589 -0.1778
0.8993 1.5632 0.0000 1.7589 -0.1745
0.8993 1.5632 0.0000 1.7589 -0.1713
0.8993 1.5632 0.0000 1.7589 -0.1680
0.8993 1.5632 0.0000 1.7589 -0.1647
0.8993 1.5632 0.0000 1.7589 -0.1614
0.8993 1.5632 0.0000 1.7589 -0.1582
0.8993 1.5632 0.0000 1.7589 -0.1549
0.8993 1.5632 0.0000 1.7589 -0.1516
0.8993 1.5632 0.0000 1.7589 -0.1484
0.8993 1.5632 0.0000 1.7589 -0.1451
0.8993 1.5632 0.0000 1.7589 -0.1418
0.8993 1.5632 0.0000 1.7589 -0.1385
0.8993 1.5632 0.0000 1.7589 -0.1353
0.8993 1.5632 0.0000 1.7589 -0.1320
0.8993 1.5632 0.0000 1.7589 -0.1287
0.8993 1.5632 0.0000 1.7589 -0.1254
0.8993 1.5632 0.0000 1.7589 -0.1222
0.8993 1.5632 0.0000 1.7589 -0.1189
0.8993 1.5632 0.0000 1.7589 -0.1156
0.8993 1.5632 0.0000 1.7589 -0.1124
0.8993 1.5632 0.0000 1.7589 -0.1091
0.8993 1.5632 0.0000 1.7589 -0.1058
0.8993 1.5632 0.0000 1.7589 -0.1025
0.8993 1.5632 0.0000 1.7589 -0.0993
0.8993 1.5632 0.0000 1.7589 -0.0960
0.8993 1.5632 0.0000 1.7589 -0.0927
0.8993 1.5632 0.0000 1.7589 -0.0894
0.8993 1.5632 0.0000 1.7589 -0.0862
0.8993 1.5632 0.0000 1.7589 -0.0829
0.8993 1.5632 0.0000 1.7589 -0.0796
0.8993 1.5632 0.0000 1.7589 -0.0764
0.8993 1.5632 0.0000 1.7589 -0.0731
0.8993 1.5632 0.0000 1.7589 -0.0698
0.8993 1.5632 0.0000 1.7589 -0.0665
0.8993 1.5632 0.0000 1.7589 -0.0633
0.8993 1.5632 0.0000 1.7589 -0.0600
0.8993 1.5632 0.0000 1.7589 -0.0567
0.8993 1.5632 0.0000 1.7589 -0.0535
0.8993 1.5632 0.0000 1.7589 -0.0502
0.8993 1.5632 0.0000 1.7589 -0.0469
0.8993 1.5632 0.0000 1.7589 -0.0436
0.8993 1.5632 0.0000 1.7589 -0.0404
0.8993 1.5632 0.0000 1.7589 -0.0371
0.8993 1.5632 0.0000 1.7589 -0.0338
0.8993 1.5632 0.0000 1.7589 -0.0305
0.8993 1.5632 0.0000 1.7589 -0.0273
0.8993 1.5632 0.0000 1.7589 -0.0240
0.9197 1.5632 0.0000 1.7589 -0.0207
0.9197 1.5632 0.0000 1.7589 -0.0175
0.9197 1.5632 0.0000 1.7589 -0.0142
0.9197 1.5632 0.0000 1.7589 -0.0109
0.9197 1.5632 0.0000 1.7589 -0.0076
0.9197 1.5632 0.0000 1.7589 -0.0044
0.9197 1.5632 0.0000 1.7589 -0.0011
0.9197 1.5632 0.0000 1.7589 0.0000
0.9197 1.5632 0.0000 1.7589 0.0000
0.9197 1.5632 0.0000 1.7589 0.0000
0.9197 1.5632 0.0000 1.7589 0.0000
0.9197 1.5632 0.0000 1.7589 0.0000
0.9197 1.5632 0.0000 1.7589 0.0000
0.9197 1.5632 0.0000 1.7589 0.0000
0.9197 1.5632 0.0000 1.7589 0.0000
0.9197 1.5632 0.0000 1.7589 0.0000
0.9197 1.5632 0.0000 1.7589 0.0000
0.9197 1.5632 0.0000 1.7589 0.0000
0.9197 1.5632 0.0000 1.7589 0.0000
0.9197 1.5632 0.0000 1.7589 0.0000
0.9197 1.5632 0.0000 1.7589 0.0000
0.9197 1.5632 0.0000 1.7589 0.0000
0.9197 1.5632 0.0000 1.7589 0.0000
0.9197 1.5632 0.0000 1.7589 0.0000
0.9197 1.5632 0.0000 1.7589 0.0000
0.9197 1.5632 0.0000 1.7589 0.0000
0.9197 1.5632 0.0000 1.7589 0.0000
0.9197 1.5632 0.0000 1.7589 0.0000
0.9197 1.5632 0.0000 1.7589 0.0000
0.9197 1.5632 0.0000 1.7589 0.0000
0.9197 1.5632 0.0000 1.7589 0.0000
0.9197 1.5632 0.0000 1.7589 0.0000
0.9197 1.5632 0.0000 1.7589 0.0000
0.9197 1.5632 0.0000 1.7589 0.0000
0.9197 1.5632 0.0000 1.7589 0.0000
0.9197 1.5632 0.0000 1.7589 0.0000
0.9197 1.5632 0.0000 1.7589 0.0000
0.9197 1.5632 0.0000 1.7589 0.0000
0.9197 1.5632 0.0000 1.7589 0.0000
0.9197 1.5632 0.0000 1.7589 0.0000
0.9197 1.5632 0.0000 1.7589 0.0000
0.9197 1.5632 0.0000 1.7589 0.0000
0.9197 1.5632 0.0000 1.7589 0.0000
0.9197 1.5632 0.0000 1.7589 0.0000
0.9197 1.5632 0.0000 1.7589 0.0000
0.9197 1.5632 0.0000 1.7589 0.0000
0.9197 1.5632 0.0000 1.7589 0.0000
0.9197 1.5632 0.0000 1.7589 0.0000
0.9197 1.5632 0.0000 1.7589 0.0000
0.9197 1.5632 0.0000 1.7589 0.0000
0.9197 1.5632 0.0000 1.7589 0.0000
0.9197 1.5632 0.0000 1.7589 0.0000
0.9197 1.5632 0.0000 1.7589 0.0000
0.9197 1.5632 0.0000 1.7589 0.0000
0.9197 1.5632 0.0000 1.7589 0.0000
0.9197 1.5632 0.0000 1.7589 0.0000
0.9197 1.5632 0.0000 1.7589 0.0000
0.9197 1.5632 0.0000 1.7589 0.0000
0.9197 1.5632 0.0000 1.7589 0.0000
0.9197 1.5632 0.0000 1.7589 0.0000
0.9197 1.5632 0.0000 1.7589 0.0000
0.9197 1.5632 0.0000 1.7589 0.0000
0.9197 1.5632 0.0000 1.7589 0.0000
0.9197 1.5632 0.0000 1.7589 0.0000
0.9197 1.5632 0.0000 1.7589 0.0000
0.9197 1.5632 0.0000 1.7589 0.0000
0.9197 1.5632 0.0000 1.7589 0.0000
0.9197 1.5632 0.0000 1.7589 0.0000
0.9197 1.5632 0.0000 1.7589 0.0000
0.9197 1.5632 0.0000 1.7589 0.0000
0.9197 1.5632 0.0000 1.7589 0.0000
0.9197 1.5632 0.0000 1.7589 0.0000
0.9197 1.5632 0.0000 1.7589 0.0000
0.9197 1.5632 0.0000 1.7589 0.0000
0.9197 1.5632 0.0000 1.7589 0.0000
0.9197 1.5632 0.0000 1.7589 0.0000
0.9197 1.5632 0.0000 1.7589 0.0000
0.9197 1.5632 0.0000 1.7589 0.0000
0.9197 1.5632 0.0000 1.7589 0.0000
0.9197 1.5632 0.0000 1.7589 0.0000
0.9197 1.5632 0.0000 1.7589 0.0000
0.9197 1.5632 0.0000 1.7589 0.0000
0.9197 1.5632 0.0000 1.7589 0.0000
0.9197 1.5632 0.0000 1.7589 0.0000
0.9197 1.5632 0.0000 1.7589 0.0000
0.9197 1.5632 0.0000 1.7589 0.0000
0.9197 1.5632 0.0000 1.7589 0.0000
0.9197 1.5632 0.0000 1.7589 0.0000
0.9197 1.5632 0.0000 1.7589 0.0000
0.9197 1.5632 0.0000 1.7589 0.0000
0.9197 1.5632 0.0000 1.7589 0.0000
0.9197 1.5632 0.0000 1.7589 0.0000
0.9197 1.5632 0.0000 1.7589 0.0000
0.9197 1.5632 0.0000 1.7589 0.0000
0.9197 1.5632 0.0000 1.7589 0.0000
0.9197 1.5632 0.0000 1.7589 0.0000
0.9197 1.5632 0.0000 1.7589 0.0000
0.9197 1.5632 0.0000 1.7589 0.0000
0.9197 1.5632 0.0000 1.7589 0.0000
0.9197 1.5632 0.0000 1.7589 0.0000
0.9197 1.5632 0.0000 1.7589 0.0000
0.9197 1.5632 0.0000 1.7589 0.0000
0.9197 1.5632 0.0000 1.7589 0.0000
0.9197 1.5632 0.0000 1.7589 0.0000
0.9197 1.5632 0.0000 1.7589 0.0000
0.9197 1.5632 0.0000 1.7589 0.0000
0.9197 1.5632 0.0000 1.7589 0.0000
0.9197 1.5632 0.0000 1.7589 0.0000
0.9197 1.5632 0.0000 1.7589 0.0000
0.9197 1.5632 0.0000 1.7589 0.0000
0.9197 1.5632 0.0000 1.7589 0.0000
0.9197 1.5632 0.0000 1.7589 0.0000
0.9197 1.5632 0.0000 1.7589 0.0000
0.9197 1.5632 0.0000 1.7589 0.0000
0.9197 1.5632 0.0000 1.7589 0.0000
0.9197 1.5632 0.0000 1.7589 0.0000
0.9197 1.5632 0.0000 1.7589 0.0000
0.9197 1.5632 0.0000 1.7589 0.0000
0.9197 1.5632 0.0000 1.7589 0.0000
0.9197 1.5632 0.0000 1.7589 0.0000
0.9197 1.5632 0.0000 1.7589 0.0000
0.9197 1.5632 0.0000 1.7589 0.0000
0.9197 1.5632 0.0000 1.7589 0.0000
0.9197 1.5632 0.0000 1.7589 0.0000
0.9197 1.5632 0.0000 1.7589 0.0000
0.9197 1.5632 0.0000 1.7589 0.0000
0.9197 1.5632 0.0000 1.7589 0.0000
0.9197 1.5632 0.0000 1.7589 0.0000
0.9197 1.5632 0.0000 1.7589 0.0000
0.9197 1.5632 0.0000 1.7589 0.0000
0.9197 1.5632 0.0000 1.7589 0.0000
0.9402 1.5632 0.0000 1.7589 0.0000
0.9402 1.5632 0.0000 1.7589 0.0000
0.9402 1.5632 0.0000 1.7589 0.0000
0.9402 1.5632 0.0000 1.7589 0.0000
0.9402 1.5632 0.0000 1.7589 0.0000
0.9402 1.5632 0.0000 1.7589 0.0000
0.9402 1.5632 0.0000 1.7589 0.0000
0.9402 1.5632 0.0000 1.7589 0.0000
0.9402 1.5632 0.0000 1.7589 0.0000
0.9402 1.5632 0.0000 1.7589 0.0000
0.9402 1.5632 0.0000 1.7589 0.0000
0.9402 1.5632 0.0000 1.7589 0.0000
0.9402 1.5632 0.0000 1.7589 0.0000
0.9402 1.5632 0.0000 1.7589 0.0000
0.9402 1.5632 0.0000 1.7589 0.0000
0.9402 1.5632 0.0000 1.7589 0.0000
0.9402 1.5632 0.0000 1.7589 0.0000
0.9402 1.5632 0.0000 1.7589 0.0000
0.9402 1.5632 0.0000 1.7589 0.0000
0.9402 1.5632 0.0000 1.7589 0.0000
0.9402 1.5632 0.0000 1.7589 0.0000
0.9402 1.5632 0.0000 1.7589 0.0000
0.9402 1.5632 0.0000 1.7589 0.0000
0.9402 1.5632 0.0000 1.7589 0.0000
0.9402 1.5632 0.0000 1.7589 0.0000
0.9402 1.5632 0.0000 1.7589 0.0000
0.9402 1.5632 0.0000 1.7589 0.0000
0.9402 1.5632 0.0000 1.7589 0.0000
0.9402 1.5632 0.0000 1.7589 0.0000
0.9402 1.5632 0.0000 1.7589 0.0000
0.9402 1.5632 0.0000 1.7589 0.0000
0.9402 1.5632 0.0000 1.7589 0.0000
0.9402 1.5632 0.0000 1.7589 0.0000
0.9402 1.5632 0.0000 1.7589 0.0000
0.9402 1.5632 0.0000 1.7589 0.0000
0.9402 1.5632 0.0000 1.7589 0.0000
0.9402 1.5632 0.0000 1.7589 0.0000
0.9402 1.5632 0.0000 1.7589 0.0000
0.9402 1.5632 0.0000 1.7589 0.0000
0.9402 1.5632 0.0000 1.7589 0.0000
0.9402 1.5632 0.0000 1.7589 0.0000
0.9402 1.5632 0.0000 1.7589 0.0000
0.9402 1.5632 0.0000 1.7589 0.0000
0.9402 1.5632 0.0000 1.7589 0.0000
0.9402 1.5632 0.0000 1.7589 0.0000
0.9402 1.5632 0.0000 1.7589 0.0000
0.9402 1.5632 0.0000 1.7589 0.0000
0.9402 1.5632 0.0000 1.7589 0.0000
0.9402 1.5632 0.0000 1.7589 0.0000
0.9402 1.5632 0.0000 1.7589 0.0000
0.9402 1.5632 0.0000 1.7589 0.0000
0.9402 1.5632 0.0000 1.7589 0.0000
0.9402 1.5632 0.0000 1.7589 0.0000
0.9402 1.5632 0.0000 1.7589 0.0000
0.9402 1.5632 0.0000 1.7589 0.0000
0.9402 1.5632 0.0000 1.7589 0.0000
0.9402 1.5632 0.0000 1.7589 0.0000
0.9402 1.5632 0.0000 1.7589 0.0000
0.9402 1.5632 0.0000 1.7589 0.0000
0.9402 1.5632 0.0000 1.7589 0.0000
0.9402 1.5632 0.0000 1.7589 0.0000
0.9402 1.5632 0.0000 1.7589 0.0000
0.9402 1.5632 0.0000 1.7589 0.0000
0.9402 1.5632 0.0000 1.7589 0.0000
0.9402 1.5632 0.0000 1.7589 0.0000
0.9402 1.5632 0.0000 1.7589 0.0000
0.9402 1.5632 0.0000 1.7589 0.0000
0.9402 1.5632 0.0000 1.7589 0.0000
0.9402 1.5632 0.0000 1.7589 0.0000
0.9402 1.5632 0.0000 1.7589 0.0000
0.9402 1.5632 0.0000 1.7589 0.0000
0.9402 1.5632 0.0000 1.7589 0.0000
0.9402 1.5632 0.0000 1.7589 0.0000
0.9402 1.5632 0.0000 1.7589 0.0000
0.9402 1.5632 0.0000 1.7589 0.0000
0.9402 1.5632 0.0000 1.7589 0.0000
0.9402 1.5632 0.0000 1.7589 0.0000
0.9402 1.5632 0.0000 1.7589 0.0000
0.9402 1.5632 0.0000 1.7589 0.0000
0.9402 1.5632 0.0000 1.7589 0.0000
0.9402 1.5632 0.0000 1.7589 0.0000
0.9402 1.5632 0.0000 1.7589 0.0000
0.9402 1.5632 0.0000 1.7589 0.0000
0.9402 1.5632 0.0000 1.7589 0.0000
0.9402 1.5632 0.0000 1.7589 0.0000
0.9402 1.5632 0.0000 1.7589 0.0000
0.9402 1.5632 0.0000 1.7589 0.0000
0.9402 1.5632 0.0000 1.7589 0.0000
0.9402 1.5632 0.0000 1.7589 0.0000
0.9402 1.5632 0.0000 1.7589 0.0000
0.9402 1.5632 0.0000 1.7589 0.0000
0.9402 1.5632 0.0000 1.7589 0.0000
0.9402 1.5632 0.0000 1.7589 0.0000
0.9402 1.5632 0.0000 1.7589 0.0000
0.9402 1.5632 0.0000 1.7589 0.0000
0.9402 1.5632 0.0000 1.7589 0.0000
0.9402 1.5632 0.0000 1.7589 0.0000
0.9402 1.5632 0.0000 1.7589 0.0000
0.9402 1.5632 0.0000 1.7589 0.0000
0.9402 1.5632 0.0000 1.7589 0.0000
0.9402 1.5632 0.0000 1.7589 0.0000
0.9402 1.5632 0.0000 1.7589 0.0000
0.9402 1.5632 0.0000 1.7589 0.0000
0.9402 1.5632 0.0000 1.7589 0.0000
0.9402 1.5632 0.0000 1.7589 0.0000
0.9402 1.5632 0.0000 1.7589 0.0000
0.9402 1.5632 0.0000 1.7589 0.0000
0.9402 1.5632 0.0000 1.7589 0.0000
0.9402 1.5632 0.0000 1.7589 0.0000
0.9402 1.5632 0.0000 1.7589 0.0000
0.9402 1.5632 0.0000 1.7589 0.0000
0.9402 1.5632 0.0000 1.7589 0.0000
0.9402 1.5632 0.0000 1.7589 0.0000
0.9402 1.5632 0.0000 1.7589 0.0000
0.9402 1.5632 0.0000 1.7589 0.0000
0.9402 1.5632 0.0000 1.7589 0.0000
0.9402 1.5632 0.0000 1.7589 0.0000
0.9402 1.5632 0.0000 1.7589 0.0000
0.9402 1.5632 0.0000 1.7589 0.0000
0.9402 1.5632 0.0000 1.7589 0.0000
0.9402 1.5632 0.0000 1.7589 0.0000
0.9402 1.5632 0.0000 1.7589 0.0000
0.9402 1.5632 0.0000 1.7589 0.0000
0.9402 1.5632 0.0000 1.7589 0.0000
0.9402 1.5632 0.0000 1.7589 0.0000
0.9402 1.5632 0.0000 1.7589 0.0000
0.9402 1.5632 0.0000 1.7589 0.0000
0.9402 1.5632 0.0000 1.7589 0.0000
0.9402 1.5632 0.0000 1.7589 0.0000
0.9402 1.5632 0.0000 1.7589 0.0000
0.9402 1.5632 0.0000 1.7589 0.0000
0.9402 1.5632 0.0000 1.7589 0.0000
0.9402 1.5632 0.0000 1.7589 0.0000
0.9402 1.5632 0.0000 1.7589 0.0000
0.9402 1.5632 0.0000 1.7589 0.0000
0.9402 1.5632 0.0000 1.7589 0.0000
0.9606 1.5632 0.0000 1.7589 0.0000
0.9606 1.5632 0.0000 1.7589 0.0000
0.9606 1.5632 0.0000 1.7589 0.0000
0.9606 1.5632 0.0000 1.7589 0.0000
0.9606 1.5632 0.0000 1.7589 0.0000
0.9606 1.5632 0.0000 1.7589 0.0000
0.9606 1.5632 0.0000 1.7589 0.0000
0.9606 1.5632 0.0000 1.7589 0.0000
0.9606 1.5632 0.0000 1.7589 0.0000
0.9606 1.5632 0.0000 1.7589 0.0000
0.9606 1.5632 0.0000 1.7589 0.0000
0.9606 1.5632 0.0000 1.7589 0.0000
0.9606 1.5632 0.0000 1.7589 0.0000
0.9606 1.5632 0.0000 1.7589 0.0000
0.9606 1.5632 0.0000 1.7589 0.0000
0.9606 1.5632 0.0000 1.7589 0.0000
0.9606 1.5632 0.0000 1.7589 0.0000
0.9606 1.5632 0.0000 1.7589 0.0000
0.9606 1.5632 0.0000 1.7589 0.0000
0.9606 1.5632 0.0000 1.7589 0.0000
0.9606 1.5632 0.0000 1.7589 0.0000
0.9606 1.5632 0.0000 1.7589 0.0000
0.9606 1.5632 0.0000 1.7589 0.0000
0.9606 1.5632 0.0000 1.7589 0.0000
0.9606 1.5632 0.0000 1.7589 0.0000
0.9606 1.5632 0.0000 1.7589 0.0000
0.9606 1.5632 0.0000 1.7589 0.0000
0.9606 1.5632 0.0000 1.7589 0.0000
0.9606 1.5632 0.0000 1.7589 0.0000
0.9606 1.5632 0.0000 1.7589 0.0000
0.9606 1.5632 0.0000 1.7589 0.0000
0.9606 1.5632 0.0000 1.7589 0.0000
0.9606 1.5632 0.0000 1.7589 0.0000
0.9606 1.5632 0.0000 1.7589 0.0000
0.9606 1.5632 0.0000 1.7589 0.0000
0.9606 1.5632 0.0000 1.7589 0.0000
0.9606 1.5632 0.0000 1.7589 0.0000
0.9606 1.5632 0.0000 1.7589 0.0000
0.9606 1.5632 0.0000 1.7589 0.0000
0.9606 1.5632 0.0000 1.7589 0.0000
0.9606 1.5632 0.0000 1.7589 0.0000
0.9606 1.5632 0.0000 1.7589 0.0000
0.9606 1.5632 0.0000 1.7589 0.0000
0.9606 1.5632 0.0000 1.7589 0.0000
0.9606 1.5632 0.0000 1.7589 0.0000
0.9606 1.5632 0.0000 1.7589 0.0000
0.9606 1.5632 0.0000 1.7589 0.0000
0.9606 1.5632 0.0000 1.7589 0.0000
0.9606 1.5632 0.0000 1.7589 0.0000
0.9606 1.5632 0.0000 1.7589 0.0000
0.9606 1.5632 0.0000 1.7589 0.0000
0.9606 1.5632 0.0000 1.7589 0.0000
0.9606 1.5632 0.0000 1.7589 0.0000
0.9606 1.5632 0.0000 1.7589 0.0000
0.9606 1.5632 0.0000 1.7589 0.0000
0.9606 1.5632 0.0000 1.7589 0.0000
0.9606 1.5632 0.0000 1.7589 0.0000
0.9606 1.5632 0.0000 1.7589 0.0000
0.9606 1.5632 0.0000 1.7589 0.0000
0.9606 1.5632 0.0000 1.7589 0.0000
0.9606 1.5632 0.0000 1.7589 0.0000
0.9606 1.5632 0.0000 1.7589 0.0000
0.9606 1.5632 0.0000 1.7589 0.0000
0.9606 1.5632 0.0000 1.7589 0.0000
0.9606 1.5632 0.0000 1.7589 0.0000
0.9606 1.5632 0.0000 1.7589 0.0000
0.9606 1.5632 0.0000 1.7589 0.0000
0.9606 1.5632 0.0000 1.7589 0.0000
0.9606 1.5632 0.0000 1.7589 0.0000
0.9606 1.5632 0.0000 1.7589 0.0000
0.9606 1.5632 0.0000 1.7589 0.0000
0.9606 1.5632 0.0000 1.7589 0.0000
0.9606 1.5632 0.0000 1.7589 0.0000
0.9606 1.5632 0.0000 1.7589 0.0000
0.9606 1.5632 0.0000 1.7589 0.0000
0.9606 1.5632 0.0000 1.7589 0.0000
0.9606 1.5632 0.0000 1.7589 0.0000
0.9606 1.5632 0.0000 1.7589 0.0000
0.9606 1.5632 0.0000 1.7589 0.0000
0.9606 1.5632 0.0000 1.7589 0.0000
0.9606 1.5632 0.0000 1.7589 0.0000
0.9606 1.5632 0.0000 1.7589 0.0000
0.9606 1.5632 0.0000 1.7589 0.0000
0.9606 1.5632 0.0000 1.7589 0.0000
0.9606 1.5632 0.0000 1.7589 0.0000
0.9606 1.5632 0.0000 1.7589 0.0000
0.9606 1.5632 0.0000 1.7589 0.0000
0.9606 1.5632 0.0000 1.7589 0.0000
0.9606 1.5632 0.0000 1.7589 0.0000
0.9606 1.5632 0.0000 1.7589 0.0000
0.9606 1.5632 0.0000 1.7589 0.0000
0.9606 1.5632 0.0000 1.7589 0.0000
0.9606 1.5632 0.0000 1.7589 0.0000
0.9606 1.5632 0.0000 1.7589 0.0000
0.9606 1.5632 0.0000 1.7589 0.0000
0.9606 1.5632 0.0000 1.7589 0.0000
0.9606 1.5632 0.0000 1.7589 0.0000
0.9606 1.5632 0.0000 1.7589 0.0000
0.9606 1.5632 0.0000 1.7589 0.0000
0.9606 1.5632 0.0000 1.7589 0.0000
0.9606 1.5632 0.0000 1.7589 0.0000
0.9606 1.5632 0.0000 1.7589 0.0000
