#usda 1.0
(
    defaultPrim = "World"
    metersPerUnit = 1
    upAxis = "Z"
)

def Xform "World"
{
    def PhysicsScene "PhysicsScene" (
        prepend apiSchemas = ["PhysxSceneAPI"]
    )
    {
        vector3f physics:gravityDirection = (0, 0, -1)
        float physics:gravityMagnitude = 9.81
        custom bool physxScene:enableCCD = 1
        custom token physxScene:solverType = "TGS"
        custom uint physxScene:timeStepsPerSecond = 240
    }

    def "Looks"
    {
        def Material "Body"
        {
            token outputs:surface.connect = </World/Looks/Body/Shader.outputs:surface>

            def Shader "Shader"
            {
                uniform token info:id = "UsdPreviewSurface"
                color3f inputs:diffuseColor = (0.72, 0.09, 0.07)
                float inputs:metallic = 0.6
                float inputs:roughness = 0.34
                token outputs:surface
            }
        }

        def Material "Disc"
        {
            token outputs:surface.connect = </World/Looks/Disc/Shader.outputs:surface>

            def Shader "Shader"
            {
                uniform token info:id = "UsdPreviewSurface"
                color3f inputs:diffuseColor = (0.19, 0.22, 0.26)
                float inputs:metallic = 0.6
                float inputs:roughness = 0.34
                token outputs:surface
            }
        }

        def Material "Drum"
        {
            token outputs:surface.connect = </World/Looks/Drum/Shader.outputs:surface>

            def Shader "Shader"
            {
                uniform token info:id = "UsdPreviewSurface"
                color3f inputs:diffuseColor = (0.72, 0.76, 0.8)
                float inputs:metallic = 0.92
                float inputs:roughness = 0.18
                token outputs:surface
            }
        }

        def Material "Hous"
        {
            token outputs:surface.connect = </World/Looks/Hous/Shader.outputs:surface>

            def Shader "Shader"
            {
                uniform token info:id = "UsdPreviewSurface"
                color3f inputs:diffuseColor = (0.34, 0.36, 0.39)
                float inputs:metallic = 0.8
                float inputs:roughness = 0.3
                token outputs:surface
            }
        }

        def Material "Rod"
        {
            token outputs:surface.connect = </World/Looks/Rod/Shader.outputs:surface>

            def Shader "Shader"
            {
                uniform token info:id = "UsdPreviewSurface"
                color3f inputs:diffuseColor = (0.75, 0.77, 0.8)
                float inputs:metallic = 0.9
                float inputs:roughness = 0.18
                token outputs:surface
            }
        }

        def Material "Fork"
        {
            token outputs:surface.connect = </World/Looks/Fork/Shader.outputs:surface>

            def Shader "Shader"
            {
                uniform token info:id = "UsdPreviewSurface"
                color3f inputs:diffuseColor = (0.46, 0.48, 0.51)
                float inputs:metallic = 0.8
                float inputs:roughness = 0.3
                token outputs:surface
            }
        }

        def Material "Axle"
        {
            token outputs:surface.connect = </World/Looks/Axle/Shader.outputs:surface>

            def Shader "Shader"
            {
                uniform token info:id = "UsdPreviewSurface"
                color3f inputs:diffuseColor = (0.86, 0.8, 0.62)
                float inputs:metallic = 0.9
                float inputs:roughness = 0.22
                token outputs:surface
            }
        }

        def Material "Wheel"
        {
            token outputs:surface.connect = </World/Looks/Wheel/Shader.outputs:surface>

            def Shader "Shader"
            {
                uniform token info:id = "UsdPreviewSurface"
                color3f inputs:diffuseColor = (0.022, 0.022, 0.024)
                float inputs:metallic = 0
                float inputs:roughness = 0.95
                token outputs:surface
            }
        }

        def Material "Pin"
        {
            token outputs:surface.connect = </World/Looks/Pin/Shader.outputs:surface>

            def Shader "Shader"
            {
                uniform token info:id = "UsdPreviewSurface"
                color3f inputs:diffuseColor = (0.95, 0.72, 0.2)
                float inputs:metallic = 0.9
                float inputs:roughness = 0.22
                token outputs:surface
            }
        }

        def Material "TyrePhys" (
            prepend apiSchemas = ["PhysicsMaterialAPI"]
        )
        {
            float physics:dynamicFriction = 1.1
            float physics:restitution = 0
            float physics:staticFriction = 1.3
        }

        def Material "Decal"
        {
            token outputs:surface.connect = </World/Looks/Decal/Shader.outputs:surface>

            def Shader "Reader"
            {
                uniform token info:id = "UsdPrimvarReader_float2"
                token inputs:varname = "st"
                float2 outputs:result
            }

            def Shader "Texture"
            {
                uniform token info:id = "UsdUVTexture"
                asset inputs:file = @./decal_mario.png@
                float2 inputs:st.connect = </World/Looks/Decal/Reader.outputs:result>
                token inputs:wrapS = "clamp"
                token inputs:wrapT = "clamp"
                float outputs:a
                float3 outputs:rgb
            }

            def Shader "Shader"
            {
                uniform token info:id = "UsdPreviewSurface"
                color3f inputs:diffuseColor.connect = </World/Looks/Decal/Texture.outputs:rgb>
                float inputs:metallic = 0
                float inputs:opacity.connect = </World/Looks/Decal/Texture.outputs:a>
                float inputs:opacityThreshold = 0.01
                float inputs:roughness = 0.55
                token outputs:surface
            }
        }
    }

    def Xform "Robot" (
        apiSchemas = ["PhysicsArticulationRootAPI", "PhysxArticulationAPI"]
    )
    {
        custom int physxArticulation:solverPositionIterationCount = 32
        custom int physxArticulation:solverVelocityIterationCount = 4
        matrix4d xformOp:transform = ( (1, 0, 0, 0), (0, 1, 0, 0), (0, 0, 1, 0), (0, 0, 0, 1) )
        uniform token[] xformOpOrder = ["xformOp:transform"]

        def Xform "Body" (
            prepend apiSchemas = ["PhysicsRigidBodyAPI", "PhysicsMassAPI"]
        )
        {
            point3f physics:centerOfMass = (0, 0, 0)
            float3 physics:diagonalInertia = (0.000125, 0.00019903334, 0.00019903334)
            float physics:mass = 0.4
            quatf physics:principalAxes = (1, 0, 0, 0)
            matrix4d xformOp:transform = ( (1, 0, 0, 0), (0, 1, 0, 0), (0, 0, 1, 0), (0, 0, 0, 1) )
            uniform token[] xformOpOrder = ["xformOp:transform"]

            def Cylinder "CoreCollider" (
                apiSchemas = ["PhysicsCollisionAPI", "PhysxCollisionAPI"]
            )
            {
                uniform token axis = "X"
                float3[] extent = [(-0.032, -0.025, -0.025), (0.032, 0.025, 0.025)]
                double height = 0.064
                custom float physxCollision:contactOffset = 0.003
                custom float physxCollision:restOffset = 0
                double radius = 0.025
                token visibility = "invisible"
            }

            def Mesh "CoreVisual" (
                prepend apiSchemas = ["MaterialBindingAPI"]
            )
            {
                float3[] extent = [(-0.032, -0.025, -0.025), (0.032, 0.025, 0.025)]
                int[] faceVertexCounts = [4, 4, 4, 4, 4, 4, 4, 4, 4, 4, 4, 4, 4, 4, 4, 4, 4, 4, 4, 4, 4, 4, 4, 4, 4, 4, 4, 4, 4, 4, 4, 4, 4, 4, 4, 4, 4, 4, 4, 4, 4, 4, 4, 4, 4, 4, 4, 4, 3, 3, 3, 3, 3, 3, 3, 3, 3, 3, 3, 3, 3, 3, 3, 3, 3, 3, 3, 3, 3, 3, 3, 3, 3, 3, 3, 3, 3, 3, 3, 3, 3, 3, 3, 3, 3, 3, 3, 3, 3, 3, 3, 3, 3, 3, 3, 3, 3, 3, 3, 3, 3, 3, 3, 3, 3, 3, 3, 3, 3, 3, 3, 3, 3, 3, 3, 3, 3, 3, 3, 3, 3, 3, 3, 3, 3, 3, 3, 3, 3, 3, 3, 3, 3, 3, 3, 3, 3, 3, 3, 3, 3, 3, 3, 3]
                int[] faceVertexIndices = [0, 1, 49, 48, 1, 2, 50, 49, 2, 3, 51, 50, 3, 4, 52, 51, 4, 5, 53, 52, 5, 6, 54, 53, 6, 7, 55, 54, 7, 8, 56, 55, 8, 9, 57, 56, 9, 10, 58, 57, 10, 11, 59, 58, 11, 12, 60, 59, 12, 13, 61, 60, 13, 14, 62, 61, 14, 15, 63, 62, 15, 16, 64, 63, 16, 17, 65, 64, 17, 18, 66, 65, 18, 19, 67, 66, 19, 20, 68, 67, 20, 21, 69, 68, 21, 22, 70, 69, 22, 23, 71, 70, 23, 24, 72, 71, 24, 25, 73, 72, 25, 26, 74, 73, 26, 27, 75, 74, 27, 28, 76, 75, 28, 29, 77, 76, 29, 30, 78, 77, 30, 31, 79, 78, 31, 32, 80, 79, 32, 33, 81, 80, 33, 34, 82, 81, 34, 35, 83, 82, 35, 36, 84, 83, 36, 37, 85, 84, 37, 38, 86, 85, 38, 39, 87, 86, 39, 40, 88, 87, 40, 41, 89, 88, 41, 42, 90, 89, 42, 43, 91, 90, 43, 44, 92, 91, 44, 45, 93, 92, 45, 46, 94, 93, 46, 47, 95, 94, 47, 0, 48, 95, 96, 1, 0, 97, 48, 49, 96, 2, 1, 97, 49, 50, 96, 3, 2, 97, 50, 51, 96, 4, 3, 97, 51, 52, 96, 5, 4, 97, 52, 53, 96, 6, 5, 97, 53, 54, 96, 7, 6, 97, 54, 55, 96, 8, 7, 97, 55, 56, 96, 9, 8, 97, 56, 57, 96, 10, 9, 97, 57, 58, 96, 11, 10, 97, 58, 59, 96, 12, 11, 97, 59, 60, 96, 13, 12, 97, 60, 61, 96, 14, 13, 97, 61, 62, 96, 15, 14, 97, 62, 63, 96, 16, 15, 97, 63, 64, 96, 17, 16, 97, 64, 65, 96, 18, 17, 97, 65, 66, 96, 19, 18, 97, 66, 67, 96, 20, 19, 97, 67, 68, 96, 21, 20, 97, 68, 69, 96, 22, 21, 97, 69, 70, 96, 23, 22, 97, 70, 71, 96, 24, 23, 97, 71, 72, 96, 25, 24, 97, 72, 73, 96, 26, 25, 97, 73, 74, 96, 27, 26, 97, 74, 75, 96, 28, 27, 97, 75, 76, 96, 29, 28, 97, 76, 77, 96, 30, 29, 97, 77, 78, 96, 31, 30, 97, 78, 79, 96, 32, 31, 97, 79, 80, 96, 33, 32, 97, 80, 81, 96, 34, 33, 97, 81, 82, 96, 35, 34, 97, 82, 83, 96, 36, 35, 97, 83, 84, 96, 37, 36, 97, 84, 85, 96, 38, 37, 97, 85, 86, 96, 39, 38, 97, 86, 87, 96, 40, 39, 97, 87, 88, 96, 41, 40, 97, 88, 89, 96, 42, 41, 97, 89, 90, 96, 43, 42, 97, 90, 91, 96, 44, 43, 97, 91, 92, 96, 45, 44, 97, 92, 93, 96, 46, 45, 97, 93, 94, 96, 47, 46, 97, 94, 95, 96, 0, 47, 97, 95, 48]
                rel material:binding = </World/Looks/Body>
                normal3f[] normals = [(0, 1, 0), (0, 0.9914449, 0.13052619), (0, 0.9914449, 0.13052619), (0, 1, 0), (0, 0.9914449, 0.13052619), (0, 0.9659258, 0.25881904), (0, 0.9659258, 0.25881904), (0, 0.9914449, 0.13052619), (0, 0.9659258, 0.25881904), (0, 0.9238795, 0.38268343), (0, 0.9238795, 0.38268343), (0, 0.9659258, 0.25881904), (0, 0.9238795, 0.38268343), (0, 0.8660254, 0.5), (0, 0.8660254, 0.5), (0, 0.9238795, 0.38268343), (0, 0.8660254, 0.5), (0, 0.7933533, 0.6087614), (0, 0.7933533, 0.6087614), (0, 0.8660254, 0.5), (0, 0.7933533, 0.6087614), (0, 0.70710677, 0.70710677), (0, 0.70710677, 0.70710677), (0, 0.7933533, 0.6087614), (0, 0.70710677, 0.70710677), (0, 0.6087614, 0.7933533), (0, 0.6087614, 0.7933533), (0, 0.70710677, 0.70710677), (0, 0.6087614, 0.7933533), (0, 0.5, 0.8660254), (0, 0.5, 0.8660254), (0, 0.6087614, 0.7933533), (0, 0.5, 0.8660254), (0, 0.38268343, 0.9238795), (0, 0.38268343, 0.9238795), (0, 0.5, 0.8660254), (0, 0.38268343, 0.9238795), (0, 0.25881904, 0.9659258), (0, 0.25881904, 0.9659258), (0, 0.38268343, 0.9238795), (0, 0.25881904, 0.9659258), (0, 0.13052619, 0.9914449), (0, 0.13052619, 0.9914449), (0, 0.25881904, 0.9659258), (0, 0.13052619, 0.9914449), (0, 6.123234e-17, 1), (0, 6.123234e-17, 1), (0, 0.13052619, 0.9914449), (0, 6.123234e-17, 1), (0, -0.13052619, 0.9914449), (0, -0.13052619, 0.9914449), (0, 6.123234e-17, 1), (0, -0.13052619, 0.9914449), (0, -0.25881904, 0.9659258), (0, -0.25881904, 0.9659258), (0, -0.13052619, 0.9914449), (0, -0.25881904, 0.9659258), (0, -0.38268343, 0.9238795), (0, -0.38268343, 0.9238795), (0, -0.25881904, 0.9659258), (0, -0.38268343, 0.9238795), (0, -0.5, 0.8660254), (0, -0.5, 0.8660254), (0, -0.38268343, 0.9238795), (0, -0.5, 0.8660254), (0, -0.6087614, 0.7933533), (0, -0.6087614, 0.7933533), (0, -0.5, 0.8660254), (0, -0.6087614, 0.7933533), (0, -0.70710677, 0.70710677), (0, -0.70710677, 0.70710677), (0, -0.6087614, 0.7933533), (0, -0.70710677, 0.70710677), (0, -0.7933533, 0.6087614), (0, -0.7933533, 0.6087614), (0, -0.70710677, 0.70710677), (0, -0.7933533, 0.6087614), (0, -0.8660254, 0.5), (0, -0.8660254, 0.5), (0, -0.7933533, 0.6087614), (0, -0.8660254, 0.5), (0, -0.9238795, 0.38268343), (0, -0.9238795, 0.38268343), (0, -0.8660254, 0.5), (0, -0.9238795, 0.38268343), (0, -0.9659258, 0.25881904), (0, -0.9659258, 0.25881904), (0, -0.9238795, 0.38268343), (0, -0.9659258, 0.25881904), (0, -0.9914449, 0.13052619), (0, -0.9914449, 0.13052619), (0, -0.9659258, 0.25881904), (0, -0.9914449, 0.13052619), (0, -1, 1.2246469e-16), (0, -1, 1.2246469e-16), (0, -0.9914449, 0.13052619), (0, -1, 1.2246469e-16), (0, -0.9914449, -0.13052619), (0, -0.9914449, -0.13052619), (0, -1, 1.2246469e-16), (0, -0.9914449, -0.13052619), (0, -0.9659258, -0.25881904), (0, -0.9659258, -0.25881904), (0, -0.9914449, -0.13052619), (0, -0.9659258, -0.25881904), (0, -0.9238795, -0.38268343), (0, -0.9238795, -0.38268343), (0, -0.9659258, -0.25881904), (0, -0.9238795, -0.38268343), (0, -0.8660254, -0.5), (0, -0.8660254, -0.5), (0, -0.9238795, -0.38268343), (0, -0.8660254, -0.5), (0, -0.7933533, -0.6087614), (0, -0.7933533, -0.6087614), (0, -0.8660254, -0.5), (0, -0.7933533, -0.6087614), (0, -0.70710677, -0.70710677), (0, -0.70710677, -0.70710677), (0, -0.7933533, -0.6087614), (0, -0.70710677, -0.70710677), (0, -0.6087614, -0.7933533), (0, -0.6087614, -0.7933533), (0, -0.70710677, -0.70710677), (0, -0.6087614, -0.7933533), (0, -0.5, -0.8660254), (0, -0.5, -0.8660254), (0, -0.6087614, -0.7933533), (0, -0.5, -0.8660254), (0, -0.38268343, -0.9238795), (0, -0.38268343, -0.9238795), (0, -0.5, -0.8660254), (0, -0.38268343, -0.9238795), (0, -0.25881904, -0.9659258), (0, -0.25881904, -0.9659258), (0, -0.38268343, -0.9238795), (0, -0.25881904, -0.9659258), (0, -0.13052619, -0.9914449), (0, -0.13052619, -0.9914449), (0, -0.25881904, -0.9659258), (0, -0.13052619, -0.9914449), (0, -1.8369701e-16, -1), (0, -1.8369701e-16, -1), (0, -0.13052619, -0.9914449), (0, -1.8369701e-16, -1), (0, 0.13052619, -0.9914449), (0, 0.13052619, -0.9914449), (0, -1.8369701e-16, -1), (0, 0.13052619, -0.9914449), (0, 0.25881904, -0.9659258), (0, 0.25881904, -0.9659258), (0, 0.13052619, -0.9914449), (0, 0.25881904, -0.9659258), (0, 0.38268343, -0.9238795), (0, 0.38268343, -0.9238795), (0, 0.25881904, -0.9659258), (0, 0.38268343, -0.9238795), (0, 0.5, -0.8660254), (0, 0.5, -0.8660254), (0, 0.38268343, -0.9238795), (0, 0.5, -0.8660254), (0, 0.6087614, -0.7933533), (0, 0.6087614, -0.7933533), (0, 0.5, -0.8660254), (0, 0.6087614, -0.7933533), (0, 0.70710677, -0.70710677), (0, 0.70710677, -0.70710677), (0, 0.6087614, -0.7933533), (0, 0.70710677, -0.70710677), (0, 0.7933533, -0.6087614), (0, 0.7933533, -0.6087614), (0, 0.70710677, -0.70710677), (0, 0.7933533, -0.6087614), (0, 0.8660254, -0.5), (0, 0.8660254, -0.5), (0, 0.7933533, -0.6087614), (0, 0.8660254, -0.5), (0, 0.9238795, -0.38268343), (0, 0.9238795, -0.38268343), (0, 0.8660254, -0.5), (0, 0.9238795, -0.38268343), (0, 0.9659258, -0.25881904), (0, 0.9659258, -0.25881904), (0, 0.9238795, -0.38268343), (0, 0.9659258, -0.25881904), (0, 0.9914449, -0.13052619), (0, 0.9914449, -0.13052619), (0, 0.9659258, -0.25881904), (0, 0.9914449, -0.13052619), (0, 1, 0), (0, 1, 0), (0, 0.9914449, -0.13052619), (-1, 0, 0), (-1, 0, 0), (-1, 0, 0), (1, 0, 0), (1, 0, 0), (1, 0, 0), (-1, 0, 0), (-1, 0, 0), (-1, 0, 0), (1, 0, 0), (1, 0, 0), (1, 0, 0), (-1, 0, 0), (-1, 0, 0), (-1, 0, 0), (1, 0, 0), (1, 0, 0), (1, 0, 0), (-1, 0, 0), (-1, 0, 0), (-1, 0, 0), (1, 0, 0), (1, 0, 0), (1, 0, 0), (-1, 0, 0), (-1, 0, 0), (-1, 0, 0), (1, 0, 0), (1, 0, 0), (1, 0, 0), (-1, 0, 0), (-1, 0, 0), (-1, 0, 0), (1, 0, 0), (1, 0, 0), (1, 0, 0), (-1, 0, 0), (-1, 0, 0), (-1, 0, 0), (1, 0, 0), (1, 0, 0), (1, 0, 0), (-1, 0, 0), (-1, 0, 0), (-1, 0, 0), (1, 0, 0), (1, 0, 0), (1, 0, 0), (-1, 0, 0), (-1, 0, 0), (-1, 0, 0), (1, 0, 0), (1, 0, 0), (1, 0, 0), (-1, 0, 0), (-1, 0, 0), (-1, 0, 0), (1, 0, 0), (1, 0, 0), (1, 0, 0), (-1, 0, 0), (-1, 0, 0), (-1, 0, 0), (1, 0, 0), (1, 0, 0), (1, 0, 0), (-1, 0, 0), (-1, 0, 0), (-1, 0, 0), (1, 0, 0), (1, 0, 0), (1, 0, 0), (-1, 0, 0), (-1, 0, 0), (-1, 0, 0), (1, 0, 0), (1, 0, 0), (1, 0, 0), (-1, 0, 0), (-1, 0, 0), (-1, 0, 0), (1, 0, 0), (1, 0, 0), (1, 0, 0), (-1, 0, 0), (-1, 0, 0), (-1, 0, 0), (1, 0, 0), (1, 0, 0), (1, 0, 0), (-1, 0, 0), (-1, 0, 0), (-1, 0, 0), (1, 0, 0), (1, 0, 0), (1, 0, 0), (-1, 0, 0), (-1, 0, 0), (-1, 0, 0), (1, 0, 0), (1, 0, 0), (1, 0, 0), (-1, 0, 0), (-1, 0, 0), (-1, 0, 0), (1, 0, 0), (1, 0, 0), (1, 0, 0), (-1, 0, 0), (-1, 0, 0), (-1, 0, 0), (1, 0, 0), (1, 0, 0), (1, 0, 0), (-1, 0, 0), (-1, 0, 0), (-1, 0, 0), (1, 0, 0), (1, 0, 0), (1, 0, 0), (-1, 0, 0), (-1, 0, 0), (-1, 0, 0), (1, 0, 0), (1, 0, 0), (1, 0, 0), (-1, 0, 0), (-1, 0, 0), (-1, 0, 0), (1, 0, 0), (1, 0, 0), (1, 0, 0), (-1, 0, 0), (-1, 0, 0), (-1, 0, 0), (1, 0, 0), (1, 0, 0), (1, 0, 0), (-1, 0, 0), (-1, 0, 0), (-1, 0, 0), (1, 0, 0), (1, 0, 0), (1, 0, 0), (-1, 0, 0), (-1, 0, 0), (-1, 0, 0), (1, 0, 0), (1, 0, 0), (1, 0, 0), (-1, 0, 0), (-1, 0, 0), (-1, 0, 0), (1, 0, 0), (1, 0, 0), (1, 0, 0), (-1, 0, 0), (-1, 0, 0), (-1, 0, 0), (1, 0, 0), (1, 0, 0), (1, 0, 0), (-1, 0, 0), (-1, 0, 0), (-1, 0, 0), (1, 0, 0), (1, 0, 0), (1, 0, 0), (-1, 0, 0), (-1, 0, 0), (-1, 0, 0), (1, 0, 0), (1, 0, 0), (1, 0, 0), (-1, 0, 0), (-1, 0, 0), (-1, 0, 0), (1, 0, 0), (1, 0, 0), (1, 0, 0), (-1, 0, 0), (-1, 0, 0), (-1, 0, 0), (1, 0, 0), (1, 0, 0), (1, 0, 0), (-1, 0, 0), (-1, 0, 0), (-1, 0, 0), (1, 0, 0), (1, 0, 0), (1, 0, 0), (-1, 0, 0), (-1, 0, 0), (-1, 0, 0), (1, 0, 0), (1, 0, 0), (1, 0, 0), (-1, 0, 0), (-1, 0, 0), (-1, 0, 0), (1, 0, 0), (1, 0, 0), (1, 0, 0), (-1, 0, 0), (-1, 0, 0), (-1, 0, 0), (1, 0, 0), (1, 0, 0), (1, 0, 0), (-1, 0, 0), (-1, 0, 0), (-1, 0, 0), (1, 0, 0), (1, 0, 0), (1, 0, 0), (-1, 0, 0), (-1, 0, 0), (-1, 0, 0), (1, 0, 0), (1, 0, 0), (1, 0, 0), (-1, 0, 0), (-1, 0, 0), (-1, 0, 0), (1, 0, 0), (1, 0, 0), (1, 0, 0), (-1, 0, 0), (-1, 0, 0), (-1, 0, 0), (1, 0, 0), (1, 0, 0), (1, 0, 0), (-1, 0, 0), (-1, 0, 0), (-1, 0, 0), (1, 0, 0), (1, 0, 0), (1, 0, 0), (-1, 0, 0), (-1, 0, 0), (-1, 0, 0), (1, 0, 0), (1, 0, 0), (1, 0, 0), (-1, 0, 0), (-1, 0, 0), (-1, 0, 0), (1, 0, 0), (1, 0, 0), (1, 0, 0), (-1, 0, 0), (-1, 0, 0), (-1, 0, 0), (1, 0, 0), (1, 0, 0), (1, 0, 0), (-1, 0, 0), (-1, 0, 0), (-1, 0, 0), (1, 0, 0), (1, 0, 0), (1, 0, 0), (-1, 0, 0), (-1, 0, 0), (-1, 0, 0), (1, 0, 0), (1, 0, 0), (1, 0, 0), (-1, 0, 0), (-1, 0, 0), (-1, 0, 0), (1, 0, 0), (1, 0, 0), (1, 0, 0), (-1, 0, 0), (-1, 0, 0), (-1, 0, 0), (1, 0, 0), (1, 0, 0), (1, 0, 0), (-1, 0, 0), (-1, 0, 0), (-1, 0, 0), (1, 0, 0), (1, 0, 0), (1, 0, 0)] (
                    interpolation = "faceVarying"
                )
                point3f[] points = [(-0.032, 0.025, 0), (-0.032, 0.024786122, 0.0032631548), (-0.032, 0.024148146, 0.0064704763), (-0.032, 0.023096988, 0.009567086), (-0.032, 0.021650635, 0.0125), (-0.032, 0.019833833, 0.015219036), (-0.032, 0.01767767, 0.01767767), (-0.032, 0.015219036, 0.019833833), (-0.032, 0.0125, 0.021650635), (-0.032, 0.009567086, 0.023096988), (-0.032, 0.0064704763, 0.024148146), (-0.032, 0.0032631548, 0.024786122), (-0.032, 1.5308085e-18, 0.025), (-0.032, -0.0032631548, 0.024786122), (-0.032, -0.0064704763, 0.024148146), (-0.032, -0.009567086, 0.023096988), (-0.032, -0.0125, 0.021650635), (-0.032, -0.015219036, 0.019833833), (-0.032, -0.01767767, 0.01767767), (-0.032, -0.019833833, 0.015219036), (-0.032, -0.021650635, 0.0125), (-0.032, -0.023096988, 0.009567086), (-0.032, -0.024148146, 0.0064704763), (-0.032, -0.024786122, 0.0032631548), (-0.032, -0.025, 3.061617e-18), (-0.032, -0.024786122, -0.0032631548), (-0.032, -0.024148146, -0.0064704763), (-0.032, -0.023096988, -0.009567086), (-0.032, -0.021650635, -0.0125), (-0.032, -0.019833833, -0.015219036), (-0.032, -0.01767767, -0.01767767), (-0.032, -0.015219036, -0.019833833), (-0.032, -0.0125, -0.021650635), (-0.032, -0.009567086, -0.023096988), (-0.032, -0.0064704763, -0.024148146), (-0.032, -0.0032631548, -0.024786122), (-0.032, -4.5924257e-18, -0.025), (-0.032, 0.0032631548, -0.024786122), (-0.032, 0.0064704763, -0.024148146), (-0.032, 0.009567086, -0.023096988), (-0.032, 0.0125, -0.021650635), (-0.032, 0.015219036, -0.019833833), (-0.032, 0.01767767, -0.01767767), (-0.032, 0.019833833, -0.015219036), (-0.032, 0.021650635, -0.0125), (-0.032, 0.023096988, -0.009567086), (-0.032, 0.024148146, -0.0064704763), (-0.032, 0.024786122, -0.0032631548), (0.032, 0.025, 0), (0.032, 0.024786122, 0.0032631548), (0.032, 0.024148146, 0.0064704763), (0.032, 0.023096988, 0.009567086), (0.032, 0.021650635, 0.0125), (0.032, 0.019833833, 0.015219036), (0.032, 0.01767767, 0.01767767), (0.032, 0.015219036, 0.019833833), (0.032, 0.0125, 0.021650635), (0.032, 0.009567086, 0.023096988), (0.032, 0.0064704763, 0.024148146), (0.032, 0.0032631548, 0.024786122), (0.032, 1.5308085e-18, 0.025), (0.032, -0.0032631548, 0.024786122), (0.032, -0.0064704763, 0.024148146), (0.032, -0.009567086, 0.023096988), (0.032, -0.0125, 0.021650635), (0.032, -0.015219036, 0.019833833), (0.032, -0.01767767, 0.01767767), (0.032, -0.019833833, 0.015219036), (0.032, -0.021650635, 0.0125), (0.032, -0.023096988, 0.009567086), (0.032, -0.024148146, 0.0064704763), (0.032, -0.024786122, 0.0032631548), (0.032, -0.025, 3.061617e-18), (0.032, -0.024786122, -0.0032631548), (0.032, -0.024148146, -0.0064704763), (0.032, -0.023096988, -0.009567086), (0.032, -0.021650635, -0.0125), (0.032, -0.019833833, -0.015219036), (0.032, -0.01767767, -0.01767767), (0.032, -0.015219036, -0.019833833), (0.032, -0.0125, -0.021650635), (0.032, -0.009567086, -0.023096988), (0.032, -0.0064704763, -0.024148146), (0.032, -0.0032631548, -0.024786122), (0.032, -4.5924257e-18, -0.025), (0.032, 0.0032631548, -0.024786122), (0.032, 0.0064704763, -0.024148146), (0.032, 0.009567086, -0.023096988), (0.032, 0.0125, -0.021650635), (0.032, 0.015219036, -0.019833833), (0.032, 0.01767767, -0.01767767), (0.032, 0.019833833, -0.015219036), (0.032, 0.021650635, -0.0125), (0.032, 0.023096988, -0.009567086), (0.032, 0.024148146, -0.0064704763), (0.032, 0.024786122, -0.0032631548), (-0.032, 0, 0), (0.032, 0, 0)]
                uniform token subdivisionScheme = "none"
            }

            def Mesh "StubR" (
                prepend apiSchemas = ["MaterialBindingAPI"]
            )
            {
                float3[] extent = [(-0.048, -0.01, -0.01), (-0.032, 0.01, 0.01)]
                int[] faceVertexCounts = [4, 4, 4, 4, 4, 4, 4, 4, 4, 4, 4, 4, 4, 4, 4, 4, 4, 4, 4, 4, 4, 4, 4, 4, 4, 4, 4, 4, 3, 3, 3, 3, 3, 3, 3, 3, 3, 3, 3, 3, 3, 3, 3, 3, 3, 3, 3, 3, 3, 3, 3, 3, 3, 3, 3, 3, 3, 3, 3, 3, 3, 3, 3, 3, 3, 3, 3, 3, 3, 3, 3, 3, 3, 3, 3, 3, 3, 3, 3, 3, 3, 3, 3, 3]
                int[] faceVertexIndices = [0, 1, 29, 28, 1, 2, 30, 29, 2, 3, 31, 30, 3, 4, 32, 31, 4, 5, 33, 32, 5, 6, 34, 33, 6, 7, 35, 34, 7, 8, 36, 35, 8, 9, 37, 36, 9, 10, 38, 37, 10, 11, 39, 38, 11, 12, 40, 39, 12, 13, 41, 40, 13, 14, 42, 41, 14, 15, 43, 42, 15, 16, 44, 43, 16, 17, 45, 44, 17, 18, 46, 45, 18, 19, 47, 46, 19, 20, 48, 47, 20, 21, 49, 48, 21, 22, 50, 49, 22, 23, 51, 50, 23, 24, 52, 51, 24, 25, 53, 52, 25, 26, 54, 53, 26, 27, 55, 54, 27, 0, 28, 55, 56, 1, 0, 57, 28, 29, 56, 2, 1, 57, 29, 30, 56, 3, 2, 57, 30, 31, 56, 4, 3, 57, 31, 32, 56, 5, 4, 57, 32, 33, 56, 6, 5, 57, 33, 34, 56, 7, 6, 57, 34, 35, 56, 8, 7, 57, 35, 36, 56, 9, 8, 57, 36, 37, 56, 10, 9, 57, 37, 38, 56, 11, 10, 57, 38, 39, 56, 12, 11, 57, 39, 40, 56, 13, 12, 57, 40, 41, 56, 14, 13, 57, 41, 42, 56, 15, 14, 57, 42, 43, 56, 16, 15, 57, 43, 44, 56, 17, 16, 57, 44, 45, 56, 18, 17, 57, 45, 46, 56, 19, 18, 57, 46, 47, 56, 20, 19, 57, 47, 48, 56, 21, 20, 57, 48, 49, 56, 22, 21, 57, 49, 50, 56, 23, 22, 57, 50, 51, 56, 24, 23, 57, 51, 52, 56, 25, 24, 57, 52, 53, 56, 26, 25, 57, 53, 54, 56, 27, 26, 57, 54, 55, 56, 0, 27, 57, 55, 28]
                rel material:binding = </World/Looks/Drum>
                normal3f[] normals = [(0, 1, 0), (0, 0.9749279, 0.22252093), (0, 0.9749279, 0.22252093), (0, 1, 0), (0, 0.9749279, 0.22252093), (0, 0.90096885, 0.43388373), (0, 0.90096885, 0.43388373), (0, 0.9749279, 0.22252093), (0, 0.90096885, 0.43388373), (0, 0.7818315, 0.6234898), (0, 0.7818315, 0.6234898), (0, 0.90096885, 0.43388373), (0, 0.7818315, 0.6234898), (0, 0.6234898, 0.7818315), (0, 0.6234898, 0.7818315), (0, 0.7818315, 0.6234898), (0, 0.6234898, 0.7818315), (0, 0.43388373, 0.90096885), (0, 0.43388373, 0.90096885), (0, 0.6234898, 0.7818315), (0, 0.43388373, 0.90096885), (0, 0.22252093, 0.9749279), (0, 0.22252093, 0.9749279), (0, 0.43388373, 0.90096885), (0, 0.22252093, 0.9749279), (0, 6.123234e-17, 1), (0, 6.123234e-17, 1), (0, 0.22252093, 0.9749279), (0, 6.123234e-17, 1), (0, -0.22252093, 0.9749279), (0, -0.22252093, 0.9749279), (0, 6.123234e-17, 1), (0, -0.22252093, 0.9749279), (0, -0.43388373, 0.90096885), (0, -0.43388373, 0.90096885), (0, -0.22252093, 0.9749279), (0, -0.43388373, 0.90096885), (0, -0.6234898, 0.7818315), (0, -0.6234898, 0.7818315), (0, -0.43388373, 0.90096885), (0, -0.6234898, 0.7818315), (0, -0.7818315, 0.6234898), (0, -0.7818315, 0.6234898), (0, -0.6234898, 0.7818315), (0, -0.7818315, 0.6234898), (0, -0.90096885, 0.43388373), (0, -0.90096885, 0.43388373), (0, -0.7818315, 0.6234898), (0, -0.90096885, 0.43388373), (0, -0.9749279, 0.22252093), (0, -0.9749279, 0.22252093), (0, -0.90096885, 0.43388373), (0, -0.9749279, 0.22252093), (0, -1, 1.2246469e-16), (0, -1, 1.2246469e-16), (0, -0.9749279, 0.22252093), (0, -1, 1.2246469e-16), (0, -0.9749279, -0.22252093), (0, -0.9749279, -0.22252093), (0, -1, 1.2246469e-16), (0, -0.9749279, -0.22252093), (0, -0.90096885, -0.43388373), (0, -0.90096885, -0.43388373), (0, -0.9749279, -0.22252093), (0, -0.90096885, -0.43388373), (0, -0.7818315, -0.6234898), (0, -0.7818315, -0.6234898), (0, -0.90096885, -0.43388373), (0, -0.7818315, -0.6234898), (0, -0.6234898, -0.7818315), (0, -0.6234898, -0.7818315), (0, -0.7818315, -0.6234898), (0, -0.6234898, -0.7818315), (0, -0.43388373, -0.90096885), (0, -0.43388373, -0.90096885), (0, -0.6234898, -0.7818315), (0, -0.43388373, -0.90096885), (0, -0.22252093, -0.9749279), (0, -0.22252093, -0.9749279), (0, -0.43388373, -0.90096885), (0, -0.22252093, -0.9749279), (0, -1.8369701e-16, -1), (0, -1.8369701e-16, -1), (0, -0.22252093, -0.9749279), (0, -1.8369701e-16, -1), (0, 0.22252093, -0.9749279), (0, 0.22252093, -0.9749279), (0, -1.8369701e-16, -1), (0, 0.22252093, -0.9749279), (0, 0.43388373, -0.90096885), (0, 0.43388373, -0.90096885), (0, 0.22252093, -0.9749279), (0, 0.43388373, -0.90096885), (0, 0.6234898, -0.7818315), (0, 0.6234898, -0.7818315), (0, 0.43388373, -0.90096885), (0, 0.6234898, -0.7818315), (0, 0.7818315, -0.6234898), (0, 0.7818315, -0.6234898), (0, 0.6234898, -0.7818315), (0, 0.7818315, -0.6234898), (0, 0.90096885, -0.43388373), (0, 0.90096885, -0.43388373), (0, 0.7818315, -0.6234898), (0, 0.90096885, -0.43388373), (0, 0.9749279, -0.22252093), (0, 0.9749279, -0.22252093), (0, 0.90096885, -0.43388373), (0, 0.9749279, -0.22252093), (0, 1, 0), (0, 1, 0), (0, 0.9749279, -0.22252093), (-1, 0, 0), (-1, 0, 0), (-1, 0, 0), (1, 0, 0), (1, 0, 0), (1, 0, 0), (-1, 0, 0), (-1, 0, 0), (-1, 0, 0), (1, 0, 0), (1, 0, 0), (1, 0, 0), (-1, 0, 0), (-1, 0, 0), (-1, 0, 0), (1, 0, 0), (1, 0, 0), (1, 0, 0), (-1, 0, 0), (-1, 0, 0), (-1, 0, 0), (1, 0, 0), (1, 0, 0), (1, 0, 0), (-1, 0, 0), (-1, 0, 0), (-1, 0, 0), (1, 0, 0), (1, 0, 0), (1, 0, 0), (-1, 0, 0), (-1, 0, 0), (-1, 0, 0), (1, 0, 0), (1, 0, 0), (1, 0, 0), (-1, 0, 0), (-1, 0, 0), (-1, 0, 0), (1, 0, 0), (1, 0, 0), (1, 0, 0), (-1, 0, 0), (-1, 0, 0), (-1, 0, 0), (1, 0, 0), (1, 0, 0), (1, 0, 0), (-1, 0, 0), (-1, 0, 0), (-1, 0, 0), (1, 0, 0), (1, 0, 0), (1, 0, 0), (-1, 0, 0), (-1, 0, 0), (-1, 0, 0), (1, 0, 0), (1, 0, 0), (1, 0, 0), (-1, 0, 0), (-1, 0, 0), (-1, 0, 0), (1, 0, 0), (1, 0, 0), (1, 0, 0), (-1, 0, 0), (-1, 0, 0), (-1, 0, 0), (1, 0, 0), (1, 0, 0), (1, 0, 0), (-1, 0, 0), (-1, 0, 0), (-1, 0, 0), (1, 0, 0), (1, 0, 0), (1, 0, 0), (-1, 0, 0), (-1, 0, 0), (-1, 0, 0), (1, 0, 0), (1, 0, 0), (1, 0, 0), (-1, 0, 0), (-1, 0, 0), (-1, 0, 0), (1, 0, 0), (1, 0, 0), (1, 0, 0), (-1, 0, 0), (-1, 0, 0), (-1, 0, 0), (1, 0, 0), (1, 0, 0), (1, 0, 0), (-1, 0, 0), (-1, 0, 0), (-1, 0, 0), (1, 0, 0), (1, 0, 0), (1, 0, 0), (-1, 0, 0), (-1, 0, 0), (-1, 0, 0), (1, 0, 0), (1, 0, 0), (1, 0, 0), (-1, 0, 0), (-1, 0, 0), (-1, 0, 0), (1, 0, 0), (1, 0, 0), (1, 0, 0), (-1, 0, 0), (-1, 0, 0), (-1, 0, 0), (1, 0, 0), (1, 0, 0), (1, 0, 0), (-1, 0, 0), (-1, 0, 0), (-1, 0, 0), (1, 0, 0), (1, 0, 0), (1, 0, 0), (-1, 0, 0), (-1, 0, 0), (-1, 0, 0), (1, 0, 0), (1, 0, 0), (1, 0, 0), (-1, 0, 0), (-1, 0, 0), (-1, 0, 0), (1, 0, 0), (1, 0, 0), (1, 0, 0), (-1, 0, 0), (-1, 0, 0), (-1, 0, 0), (1, 0, 0), (1, 0, 0), (1, 0, 0), (-1, 0, 0), (-1, 0, 0), (-1, 0, 0), (1, 0, 0), (1, 0, 0), (1, 0, 0), (-1, 0, 0), (-1, 0, 0), (-1, 0, 0), (1, 0, 0), (1, 0, 0), (1, 0, 0), (-1, 0, 0), (-1, 0, 0), (-1, 0, 0), (1, 0, 0), (1, 0, 0), (1, 0, 0), (-1, 0, 0), (-1, 0, 0), (-1, 0, 0), (1, 0, 0), (1, 0, 0), (1, 0, 0)] (
                    interpolation = "faceVarying"
                )
                point3f[] points = [(-0.048, 0.01, 0), (-0.048, 0.009749279, 0.0022252093), (-0.048, 0.009009689, 0.004338837), (-0.048, 0.007818315, 0.006234898), (-0.048, 0.006234898, 0.007818315), (-0.048, 0.004338837, 0.009009689), (-0.048, 0.0022252093, 0.009749279), (-0.048, 6.123234e-19, 0.01), (-0.048, -0.0022252093, 0.009749279), (-0.048, -0.004338837, 0.009009689), (-0.048, -0.006234898, 0.007818315), (-0.048, -0.007818315, 0.006234898), (-0.048, -0.009009689, 0.004338837), (-0.048, -0.009749279, 0.0022252093), (-0.048, -0.01, 1.2246468e-18), (-0.048, -0.009749279, -0.0022252093), (-0.048, -0.009009689, -0.004338837), (-0.048, -0.007818315, -0.006234898), (-0.048, -0.006234898, -0.007818315), (-0.048, -0.004338837, -0.009009689), (-0.048, -0.0022252093, -0.009749279), (-0.048, -1.8369702e-18, -0.01), (-0.048, 0.0022252093, -0.009749279), (-0.048, 0.004338837, -0.009009689), (-0.048, 0.006234898, -0.007818315), (-0.048, 0.007818315, -0.006234898), (-0.048, 0.009009689, -0.004338837), (-0.048, 0.009749279, -0.0022252093), (-0.032, 0.01, 0), (-0.032, 0.009749279, 0.0022252093), (-0.032, 0.009009689, 0.004338837), (-0.032, 0.007818315, 0.006234898), (-0.032, 0.006234898, 0.007818315), (-0.032, 0.004338837, 0.009009689), (-0.032, 0.0022252093, 0.009749279), (-0.032, 6.123234e-19, 0.01), (-0.032, -0.0022252093, 0.009749279), (-0.032, -0.004338837, 0.009009689), (-0.032, -0.006234898, 0.007818315), (-0.032, -0.007818315, 0.006234898), (-0.032, -0.009009689, 0.004338837), (-0.032, -0.009749279, 0.0022252093), (-0.032, -0.01, 1.2246468e-18), (-0.032, -0.009749279, -0.0022252093), (-0.032, -0.009009689, -0.004338837), (-0.032, -0.007818315, -0.006234898), (-0.032, -0.006234898, -0.007818315), (-0.032, -0.004338837, -0.009009689), (-0.032, -0.0022252093, -0.009749279), (-0.032, -1.8369702e-18, -0.01), (-0.032, 0.0022252093, -0.009749279), (-0.032, 0.004338837, -0.009009689), (-0.032, 0.006234898, -0.007818315), (-0.032, 0.007818315, -0.006234898), (-0.032, 0.009009689, -0.004338837), (-0.032, 0.009749279, -0.0022252093), (-0.048, 0, 0), (-0.032, 0, 0)]
                uniform token subdivisionScheme = "none"
            }

            def Mesh "StubF" (
                prepend apiSchemas = ["MaterialBindingAPI"]
            )
            {
                float3[] extent = [(0.032, -0.01, -0.01), (0.048, 0.01, 0.01)]
                int[] faceVertexCounts = [4, 4, 4, 4, 4, 4, 4, 4, 4, 4, 4, 4, 4, 4, 4, 4, 4, 4, 4, 4, 4, 4, 4, 4, 4, 4, 4, 4, 3, 3, 3, 3, 3, 3, 3, 3, 3, 3, 3, 3, 3, 3, 3, 3, 3, 3, 3, 3, 3, 3, 3, 3, 3, 3, 3, 3, 3, 3, 3, 3, 3, 3, 3, 3, 3, 3, 3, 3, 3, 3, 3, 3, 3, 3, 3, 3, 3, 3, 3, 3, 3, 3, 3, 3]
                int[] faceVertexIndices = [0, 1, 29, 28, 1, 2, 30, 29, 2, 3, 31, 30, 3, 4, 32, 31, 4, 5, 33, 32, 5, 6, 34, 33, 6, 7, 35, 34, 7, 8, 36, 35, 8, 9, 37, 36, 9, 10, 38, 37, 10, 11, 39, 38, 11, 12, 40, 39, 12, 13, 41, 40, 13, 14, 42, 41, 14, 15, 43, 42, 15, 16, 44, 43, 16, 17, 45, 44, 17, 18, 46, 45, 18, 19, 47, 46, 19, 20, 48, 47, 20, 21, 49, 48, 21, 22, 50, 49, 22, 23, 51, 50, 23, 24, 52, 51, 24, 25, 53, 52, 25, 26, 54, 53, 26, 27, 55, 54, 27, 0, 28, 55, 56, 1, 0, 57, 28, 29, 56, 2, 1, 57, 29, 30, 56, 3, 2, 57, 30, 31, 56, 4, 3, 57, 31, 32, 56, 5, 4, 57, 32, 33, 56, 6, 5, 57, 33, 34, 56, 7, 6, 57, 34, 35, 56, 8, 7, 57, 35, 36, 56, 9, 8, 57, 36, 37, 56, 10, 9, 57, 37, 38, 56, 11, 10, 57, 38, 39, 56, 12, 11, 57, 39, 40, 56, 13, 12, 57, 40, 41, 56, 14, 13, 57, 41, 42, 56, 15, 14, 57, 42, 43, 56, 16, 15, 57, 43, 44, 56, 17, 16, 57, 44, 45, 56, 18, 17, 57, 45, 46, 56, 19, 18, 57, 46, 47, 56, 20, 19, 57, 47, 48, 56, 21, 20, 57, 48, 49, 56, 22, 21, 57, 49, 50, 56, 23, 22, 57, 50, 51, 56, 24, 23, 57, 51, 52, 56, 25, 24, 57, 52, 53, 56, 26, 25, 57, 53, 54, 56, 27, 26, 57, 54, 55, 56, 0, 27, 57, 55, 28]
                rel material:binding = </World/Looks/Drum>
                normal3f[] normals = [(0, 1, 0), (0, 0.9749279, 0.22252093), (0, 0.9749279, 0.22252093), (0, 1, 0), (0, 0.9749279, 0.22252093), (0, 0.90096885, 0.43388373), (0, 0.90096885, 0.43388373), (0, 0.9749279, 0.22252093), (0, 0.90096885, 0.43388373), (0, 0.7818315, 0.6234898), (0, 0.7818315, 0.6234898), (0, 0.90096885, 0.43388373), (0, 0.7818315, 0.6234898), (0, 0.6234898, 0.7818315), (0, 0.6234898, 0.7818315), (0, 0.7818315, 0.6234898), (0, 0.6234898, 0.7818315), (0, 0.43388373, 0.90096885), (0, 0.43388373, 0.90096885), (0, 0.6234898, 0.7818315), (0, 0.43388373, 0.90096885), (0, 0.22252093, 0.9749279), (0, 0.22252093, 0.9749279), (0, 0.43388373, 0.90096885), (0, 0.22252093, 0.9749279), (0, 6.123234e-17, 1), (0, 6.123234e-17, 1), (0, 0.22252093, 0.9749279), (0, 6.123234e-17, 1), (0, -0.22252093, 0.9749279), (0, -0.22252093, 0.9749279), (0, 6.123234e-17, 1), (0, -0.22252093, 0.9749279), (0, -0.43388373, 0.90096885), (0, -0.43388373, 0.90096885), (0, -0.22252093, 0.9749279), (0, -0.43388373, 0.90096885), (0, -0.6234898, 0.7818315), (0, -0.6234898, 0.7818315), (0, -0.43388373, 0.90096885), (0, -0.6234898, 0.7818315), (0, -0.7818315, 0.6234898), (0, -0.7818315, 0.6234898), (0, -0.6234898, 0.7818315), (0, -0.7818315, 0.6234898), (0, -0.90096885, 0.43388373), (0, -0.90096885, 0.43388373), (0, -0.7818315, 0.6234898), (0, -0.90096885, 0.43388373), (0, -0.9749279, 0.22252093), (0, -0.9749279, 0.22252093), (0, -0.90096885, 0.43388373), (0, -0.9749279, 0.22252093), (0, -1, 1.2246469e-16), (0, -1, 1.2246469e-16), (0, -0.9749279, 0.22252093), (0, -1, 1.2246469e-16), (0, -0.9749279, -0.22252093), (0, -0.9749279, -0.22252093), (0, -1, 1.2246469e-16), (0, -0.9749279, -0.22252093), (0, -0.90096885, -0.43388373), (0, -0.90096885, -0.43388373), (0, -0.9749279, -0.22252093), (0, -0.90096885, -0.43388373), (0, -0.7818315, -0.6234898), (0, -0.7818315, -0.6234898), (0, -0.90096885, -0.43388373), (0, -0.7818315, -0.6234898), (0, -0.6234898, -0.7818315), (0, -0.6234898, -0.7818315), (0, -0.7818315, -0.6234898), (0, -0.6234898, -0.7818315), (0, -0.43388373, -0.90096885), (0, -0.43388373, -0.90096885), (0, -0.6234898, -0.7818315), (0, -0.43388373, -0.90096885), (0, -0.22252093, -0.9749279), (0, -0.22252093, -0.9749279), (0, -0.43388373, -0.90096885), (0, -0.22252093, -0.9749279), (0, -1.8369701e-16, -1), (0, -1.8369701e-16, -1), (0, -0.22252093, -0.9749279), (0, -1.8369701e-16, -1), (0, 0.22252093, -0.9749279), (0, 0.22252093, -0.9749279), (0, -1.8369701e-16, -1), (0, 0.22252093, -0.9749279), (0, 0.43388373, -0.90096885), (0, 0.43388373, -0.90096885), (0, 0.22252093, -0.9749279), (0, 0.43388373, -0.90096885), (0, 0.6234898, -0.7818315), (0, 0.6234898, -0.7818315), (0, 0.43388373, -0.90096885), (0, 0.6234898, -0.7818315), (0, 0.7818315, -0.6234898), (0, 0.7818315, -0.6234898), (0, 0.6234898, -0.7818315), (0, 0.7818315, -0.6234898), (0, 0.90096885, -0.43388373), (0, 0.90096885, -0.43388373), (0, 0.7818315, -0.6234898), (0, 0.90096885, -0.43388373), (0, 0.9749279, -0.22252093), (0, 0.9749279, -0.22252093), (0, 0.90096885, -0.43388373), (0, 0.9749279, -0.22252093), (0, 1, 0), (0, 1, 0), (0, 0.9749279, -0.22252093), (-1, 0, 0), (-1, 0, 0), (-1, 0, 0), (1, 0, 0), (1, 0, 0), (1, 0, 0), (-1, 0, 0), (-1, 0, 0), (-1, 0, 0), (1, 0, 0), (1, 0, 0), (1, 0, 0), (-1, 0, 0), (-1, 0, 0), (-1, 0, 0), (1, 0, 0), (1, 0, 0), (1, 0, 0), (-1, 0, 0), (-1, 0, 0), (-1, 0, 0), (1, 0, 0), (1, 0, 0), (1, 0, 0), (-1, 0, 0), (-1, 0, 0), (-1, 0, 0), (1, 0, 0), (1, 0, 0), (1, 0, 0), (-1, 0, 0), (-1, 0, 0), (-1, 0, 0), (1, 0, 0), (1, 0, 0), (1, 0, 0), (-1, 0, 0), (-1, 0, 0), (-1, 0, 0), (1, 0, 0), (1, 0, 0), (1, 0, 0), (-1, 0, 0), (-1, 0, 0), (-1, 0, 0), (1, 0, 0), (1, 0, 0), (1, 0, 0), (-1, 0, 0), (-1, 0, 0), (-1, 0, 0), (1, 0, 0), (1, 0, 0), (1, 0, 0), (-1, 0, 0), (-1, 0, 0), (-1, 0, 0), (1, 0, 0), (1, 0, 0), (1, 0, 0), (-1, 0, 0), (-1, 0, 0), (-1, 0, 0), (1, 0, 0), (1, 0, 0), (1, 0, 0), (-1, 0, 0), (-1, 0, 0), (-1, 0, 0), (1, 0, 0), (1, 0, 0), (1, 0, 0), (-1, 0, 0), (-1, 0, 0), (-1, 0, 0), (1, 0, 0), (1, 0, 0), (1, 0, 0), (-1, 0, 0), (-1, 0, 0), (-1, 0, 0), (1, 0, 0), (1, 0, 0), (1, 0, 0), (-1, 0, 0), (-1, 0, 0), (-1, 0, 0), (1, 0, 0), (1, 0, 0), (1, 0, 0), (-1, 0, 0), (-1, 0, 0), (-1, 0, 0), (1, 0, 0), (1, 0, 0), (1, 0, 0), (-1, 0, 0), (-1, 0, 0), (-1, 0, 0), (1, 0, 0), (1, 0, 0), (1, 0, 0), (-1, 0, 0), (-1, 0, 0), (-1, 0, 0), (1, 0, 0), (1, 0, 0), (1, 0, 0), (-1, 0, 0), (-1, 0, 0), (-1, 0, 0), (1, 0, 0), (1, 0, 0), (1, 0, 0), (-1, 0, 0), (-1, 0, 0), (-1, 0, 0), (1, 0, 0), (1, 0, 0), (1, 0, 0), (-1, 0, 0), (-1, 0, 0), (-1, 0, 0), (1, 0, 0), (1, 0, 0), (1, 0, 0), (-1, 0, 0), (-1, 0, 0), (-1, 0, 0), (1, 0, 0), (1, 0, 0), (1, 0, 0), (-1, 0, 0), (-1, 0, 0), (-1, 0, 0), (1, 0, 0), (1, 0, 0), (1, 0, 0), (-1, 0, 0), (-1, 0, 0), (-1, 0, 0), (1, 0, 0), (1, 0, 0), (1, 0, 0), (-1, 0, 0), (-1, 0, 0), (-1, 0, 0), (1, 0, 0), (1, 0, 0), (1, 0, 0), (-1, 0, 0), (-1, 0, 0), (-1, 0, 0), (1, 0, 0), (1, 0, 0), (1, 0, 0), (-1, 0, 0), (-1, 0, 0), (-1, 0, 0), (1, 0, 0), (1, 0, 0), (1, 0, 0), (-1, 0, 0), (-1, 0, 0), (-1, 0, 0), (1, 0, 0), (1, 0, 0), (1, 0, 0)] (
                    interpolation = "faceVarying"
                )
                point3f[] points = [(0.032, 0.01, 0), (0.032, 0.009749279, 0.0022252093), (0.032, 0.009009689, 0.004338837), (0.032, 0.007818315, 0.006234898), (0.032, 0.006234898, 0.007818315), (0.032, 0.004338837, 0.009009689), (0.032, 0.0022252093, 0.009749279), (0.032, 6.123234e-19, 0.01), (0.032, -0.0022252093, 0.009749279), (0.032, -0.004338837, 0.009009689), (0.032, -0.006234898, 0.007818315), (0.032, -0.007818315, 0.006234898), (0.032, -0.009009689, 0.004338837), (0.032, -0.009749279, 0.0022252093), (0.032, -0.01, 1.2246468e-18), (0.032, -0.009749279, -0.0022252093), (0.032, -0.009009689, -0.004338837), (0.032, -0.007818315, -0.006234898), (0.032, -0.006234898, -0.007818315), (0.032, -0.004338837, -0.009009689), (0.032, -0.0022252093, -0.009749279), (0.032, -1.8369702e-18, -0.01), (0.032, 0.0022252093, -0.009749279), (0.032, 0.004338837, -0.009009689), (0.032, 0.006234898, -0.007818315), (0.032, 0.007818315, -0.006234898), (0.032, 0.009009689, -0.004338837), (0.032, 0.009749279, -0.0022252093), (0.048, 0.01, 0), (0.048, 0.009749279, 0.0022252093), (0.048, 0.009009689, 0.004338837), (0.048, 0.007818315, 0.006234898), (0.048, 0.006234898, 0.007818315), (0.048, 0.004338837, 0.009009689), (0.048, 0.0022252093, 0.009749279), (0.048, 6.123234e-19, 0.01), (0.048, -0.0022252093, 0.009749279), (0.048, -0.004338837, 0.009009689), (0.048, -0.006234898, 0.007818315), (0.048, -0.007818315, 0.006234898), (0.048, -0.009009689, 0.004338837), (0.048, -0.009749279, 0.0022252093), (0.048, -0.01, 1.2246468e-18), (0.048, -0.009749279, -0.0022252093), (0.048, -0.009009689, -0.004338837), (0.048, -0.007818315, -0.006234898), (0.048, -0.006234898, -0.007818315), (0.048, -0.004338837, -0.009009689), (0.048, -0.0022252093, -0.009749279), (0.048, -1.8369702e-18, -0.01), (0.048, 0.0022252093, -0.009749279), (0.048, 0.004338837, -0.009009689), (0.048, 0.006234898, -0.007818315), (0.048, 0.007818315, -0.006234898), (0.048, 0.009009689, -0.004338837), (0.048, 0.009749279, -0.0022252093), (0.032, 0, 0), (0.048, 0, 0)]
                uniform token subdivisionScheme = "none"
            }

            def Xform "Hous_A0"
            {
                matrix4d xformOp:transform = ( (0, 1, 0, 0), (0, -0, 1, 0), (1, 0, 0, 0), (-0.018, 0.021, 0, 1) )
                uniform token[] xformOpOrder = ["xformOp:transform"]

                def Mesh "G" (
                    prepend apiSchemas = ["MaterialBindingAPI"]
                )
                {
                    float3[] extent = [(-0.007, -0.008, -0.008), (0.007, 0.008, 0.008)]
                    int[] faceVertexCounts = [4, 4, 4, 4, 4, 4, 4, 4, 4, 4, 4, 4, 4, 4, 4, 4, 4, 4, 4, 4, 4, 4, 4, 4, 4, 4, 4, 4, 3, 3, 3, 3, 3, 3, 3, 3, 3, 3, 3, 3, 3, 3, 3, 3, 3, 3, 3, 3, 3, 3, 3, 3, 3, 3, 3, 3, 3, 3, 3, 3, 3, 3, 3, 3, 3, 3, 3, 3, 3, 3, 3, 3, 3, 3, 3, 3, 3, 3, 3, 3, 3, 3, 3, 3]
                    int[] faceVertexIndices = [0, 1, 29, 28, 1, 2, 30, 29, 2, 3, 31, 30, 3, 4, 32, 31, 4, 5, 33, 32, 5, 6, 34, 33, 6, 7, 35, 34, 7, 8, 36, 35, 8, 9, 37, 36, 9, 10, 38, 37, 10, 11, 39, 38, 11, 12, 40, 39, 12, 13, 41, 40, 13, 14, 42, 41, 14, 15, 43, 42, 15, 16, 44, 43, 16, 17, 45, 44, 17, 18, 46, 45, 18, 19, 47, 46, 19, 20, 48, 47, 20, 21, 49, 48, 21, 22, 50, 49, 22, 23, 51, 50, 23, 24, 52, 51, 24, 25, 53, 52, 25, 26, 54, 53, 26, 27, 55, 54, 27, 0, 28, 55, 56, 1, 0, 57, 28, 29, 56, 2, 1, 57, 29, 30, 56, 3, 2, 57, 30, 31, 56, 4, 3, 57, 31, 32, 56, 5, 4, 57, 32, 33, 56, 6, 5, 57, 33, 34, 56, 7, 6, 57, 34, 35, 56, 8, 7, 57, 35, 36, 56, 9, 8, 57, 36, 37, 56, 10, 9, 57, 37, 38, 56, 11, 10, 57, 38, 39, 56, 12, 11, 57, 39, 40, 56, 13, 12, 57, 40, 41, 56, 14, 13, 57, 41, 42, 56, 15, 14, 57, 42, 43, 56, 16, 15, 57, 43, 44, 56, 17, 16, 57, 44, 45, 56, 18, 17, 57, 45, 46, 56, 19, 18, 57, 46, 47, 56, 20, 19, 57, 47, 48, 56, 21, 20, 57, 48, 49, 56, 22, 21, 57, 49, 50, 56, 23, 22, 57, 50, 51, 56, 24, 23, 57, 51, 52, 56, 25, 24, 57, 52, 53, 56, 26, 25, 57, 53, 54, 56, 27, 26, 57, 54, 55, 56, 0, 27, 57, 55, 28]
                    rel material:binding = </World/Looks/Hous>
                    normal3f[] normals = [(0, 1, 0), (0, 0.9749279, 0.22252093), (0, 0.9749279, 0.22252093), (0, 1, 0), (0, 0.9749279, 0.22252093), (0, 0.90096885, 0.43388373), (0, 0.90096885, 0.43388373), (0, 0.9749279, 0.22252093), (0, 0.90096885, 0.43388373), (0, 0.7818315, 0.6234898), (0, 0.7818315, 0.6234898), (0, 0.90096885, 0.43388373), (0, 0.7818315, 0.6234898), (0, 0.6234898, 0.7818315), (0, 0.6234898, 0.7818315), (0, 0.7818315, 0.6234898), (0, 0.6234898, 0.7818315), (0, 0.43388373, 0.90096885), (0, 0.43388373, 0.90096885), (0, 0.6234898, 0.7818315), (0, 0.43388373, 0.90096885), (0, 0.22252093, 0.9749279), (0, 0.22252093, 0.9749279), (0, 0.43388373, 0.90096885), (0, 0.22252093, 0.9749279), (0, 6.123234e-17, 1), (0, 6.123234e-17, 1), (0, 0.22252093, 0.9749279), (0, 6.123234e-17, 1), (0, -0.22252093, 0.9749279), (0, -0.22252093, 0.9749279), (0, 6.123234e-17, 1), (0, -0.22252093, 0.9749279), (0, -0.43388373, 0.90096885), (0, -0.43388373, 0.90096885), (0, -0.22252093, 0.9749279), (0, -0.43388373, 0.90096885), (0, -0.6234898, 0.7818315), (0, -0.6234898, 0.7818315), (0, -0.43388373, 0.90096885), (0, -0.6234898, 0.7818315), (0, -0.7818315, 0.6234898), (0, -0.7818315, 0.6234898), (0, -0.6234898, 0.7818315), (0, -0.7818315, 0.6234898), (0, -0.90096885, 0.43388373), (0, -0.90096885, 0.43388373), (0, -0.7818315, 0.6234898), (0, -0.90096885, 0.43388373), (0, -0.9749279, 0.22252093), (0, -0.9749279, 0.22252093), (0, -0.90096885, 0.43388373), (0, -0.9749279, 0.22252093), (0, -1, 1.2246469e-16), (0, -1, 1.2246469e-16), (0, -0.9749279, 0.22252093), (0, -1, 1.2246469e-16), (0, -0.9749279, -0.22252093), (0, -0.9749279, -0.22252093), (0, -1, 1.2246469e-16), (0, -0.9749279, -0.22252093), (0, -0.90096885, -0.43388373), (0, -0.90096885, -0.43388373), (0, -0.9749279, -0.22252093), (0, -0.90096885, -0.43388373), (0, -0.7818315, -0.6234898), (0, -0.7818315, -0.6234898), (0, -0.90096885, -0.43388373), (0, -0.7818315, -0.6234898), (0, -0.6234898, -0.7818315), (0, -0.6234898, -0.7818315), (0, -0.7818315, -0.6234898), (0, -0.6234898, -0.7818315), (0, -0.43388373, -0.90096885), (0, -0.43388373, -0.90096885), (0, -0.6234898, -0.7818315), (0, -0.43388373, -0.90096885), (0, -0.22252093, -0.9749279), (0, -0.22252093, -0.9749279), (0, -0.43388373, -0.90096885), (0, -0.22252093, -0.9749279), (0, -1.8369701e-16, -1), (0, -1.8369701e-16, -1), (0, -0.22252093, -0.9749279), (0, -1.8369701e-16, -1), (0, 0.22252093, -0.9749279), (0, 0.22252093, -0.9749279), (0, -1.8369701e-16, -1), (0, 0.22252093, -0.9749279), (0, 0.43388373, -0.90096885), (0, 0.43388373, -0.90096885), (0, 0.22252093, -0.9749279), (0, 0.43388373, -0.90096885), (0, 0.6234898, -0.7818315), (0, 0.6234898, -0.7818315), (0, 0.43388373, -0.90096885), (0, 0.6234898, -0.7818315), (0, 0.7818315, -0.6234898), (0, 0.7818315, -0.6234898), (0, 0.6234898, -0.7818315), (0, 0.7818315, -0.6234898), (0, 0.90096885, -0.43388373), (0, 0.90096885, -0.43388373), (0, 0.7818315, -0.6234898), (0, 0.90096885, -0.43388373), (0, 0.9749279, -0.22252093), (0, 0.9749279, -0.22252093), (0, 0.90096885, -0.43388373), (0, 0.9749279, -0.22252093), (0, 1, 0), (0, 1, 0), (0, 0.9749279, -0.22252093), (-1, 0, 0), (-1, 0, 0), (-1, 0, 0), (1, 0, 0), (1, 0, 0), (1, 0, 0), (-1, 0, 0), (-1, 0, 0), (-1, 0, 0), (1, 0, 0), (1, 0, 0), (1, 0, 0), (-1, 0, 0), (-1, 0, 0), (-1, 0, 0), (1, 0, 0), (1, 0, 0), (1, 0, 0), (-1, 0, 0), (-1, 0, 0), (-1, 0, 0), (1, 0, 0), (1, 0, 0), (1, 0, 0), (-1, 0, 0), (-1, 0, 0), (-1, 0, 0), (1, 0, 0), (1, 0, 0), (1, 0, 0), (-1, 0, 0), (-1, 0, 0), (-1, 0, 0), (1, 0, 0), (1, 0, 0), (1, 0, 0), (-1, 0, 0), (-1, 0, 0), (-1, 0, 0), (1, 0, 0), (1, 0, 0), (1, 0, 0), (-1, 0, 0), (-1, 0, 0), (-1, 0, 0), (1, 0, 0), (1, 0, 0), (1, 0, 0), (-1, 0, 0), (-1, 0, 0), (-1, 0, 0), (1, 0, 0), (1, 0, 0), (1, 0, 0), (-1, 0, 0), (-1, 0, 0), (-1, 0, 0), (1, 0, 0), (1, 0, 0), (1, 0, 0), (-1, 0, 0), (-1, 0, 0), (-1, 0, 0), (1, 0, 0), (1, 0, 0), (1, 0, 0), (-1, 0, 0), (-1, 0, 0), (-1, 0, 0), (1, 0, 0), (1, 0, 0), (1, 0, 0), (-1, 0, 0), (-1, 0, 0), (-1, 0, 0), (1, 0, 0), (1, 0, 0), (1, 0, 0), (-1, 0, 0), (-1, 0, 0), (-1, 0, 0), (1, 0, 0), (1, 0, 0), (1, 0, 0), (-1, 0, 0), (-1, 0, 0), (-1, 0, 0), (1, 0, 0), (1, 0, 0), (1, 0, 0), (-1, 0, 0), (-1, 0, 0), (-1, 0, 0), (1, 0, 0), (1, 0, 0), (1, 0, 0), (-1, 0, 0), (-1, 0, 0), (-1, 0, 0), (1, 0, 0), (1, 0, 0), (1, 0, 0), (-1, 0, 0), (-1, 0, 0), (-1, 0, 0), (1, 0, 0), (1, 0, 0), (1, 0, 0), (-1, 0, 0), (-1, 0, 0), (-1, 0, 0), (1, 0, 0), (1, 0, 0), (1, 0, 0), (-1, 0, 0), (-1, 0, 0), (-1, 0, 0), (1, 0, 0), (1, 0, 0), (1, 0, 0), (-1, 0, 0), (-1, 0, 0), (-1, 0, 0), (1, 0, 0), (1, 0, 0), (1, 0, 0), (-1, 0, 0), (-1, 0, 0), (-1, 0, 0), (1, 0, 0), (1, 0, 0), (1, 0, 0), (-1, 0, 0), (-1, 0, 0), (-1, 0, 0), (1, 0, 0), (1, 0, 0), (1, 0, 0), (-1, 0, 0), (-1, 0, 0), (-1, 0, 0), (1, 0, 0), (1, 0, 0), (1, 0, 0), (-1, 0, 0), (-1, 0, 0), (-1, 0, 0), (1, 0, 0), (1, 0, 0), (1, 0, 0), (-1, 0, 0), (-1, 0, 0), (-1, 0, 0), (1, 0, 0), (1, 0, 0), (1, 0, 0), (-1, 0, 0), (-1, 0, 0), (-1, 0, 0), (1, 0, 0), (1, 0, 0), (1, 0, 0), (-1, 0, 0), (-1, 0, 0), (-1, 0, 0), (1, 0, 0), (1, 0, 0), (1, 0, 0)] (
                        interpolation = "faceVarying"
                    )
                    point3f[] points = [(-0.007, 0.008, 0), (-0.007, 0.0077994233, 0.0017801675), (-0.007, 0.007207751, 0.00347107), (-0.007, 0.006254652, 0.0049879183), (-0.007, 0.0049879183, 0.006254652), (-0.007, 0.00347107, 0.007207751), (-0.007, 0.0017801675, 0.0077994233), (-0.007, 4.8985874e-19, 0.008), (-0.007, -0.0017801675, 0.0077994233), (-0.007, -0.00347107, 0.007207751), (-0.007, -0.0049879183, 0.006254652), (-0.007, -0.006254652, 0.0049879183), (-0.007, -0.007207751, 0.00347107), (-0.007, -0.0077994233, 0.0017801675), (-0.007, -0.008, 9.797175e-19), (-0.007, -0.0077994233, -0.0017801675), (-0.007, -0.007207751, -0.00347107), (-0.007, -0.006254652, -0.0049879183), (-0.007, -0.0049879183, -0.006254652), (-0.007, -0.00347107, -0.007207751), (-0.007, -0.0017801675, -0.0077994233), (-0.007, -1.4695761e-18, -0.008), (-0.007, 0.0017801675, -0.0077994233), (-0.007, 0.00347107, -0.007207751), (-0.007, 0.0049879183, -0.006254652), (-0.007, 0.006254652, -0.0049879183), (-0.007, 0.007207751, -0.00347107), (-0.007, 0.0077994233, -0.0017801675), (0.007, 0.008, 0), (0.007, 0.0077994233, 0.0017801675), (0.007, 0.007207751, 0.00347107), (0.007, 0.006254652, 0.0049879183), (0.007, 0.0049879183, 0.006254652), (0.007, 0.00347107, 0.007207751), (0.007, 0.0017801675, 0.0077994233), (0.007, 4.8985874e-19, 0.008), (0.007, -0.0017801675, 0.0077994233), (0.007, -0.00347107, 0.007207751), (0.007, -0.0049879183, 0.006254652), (0.007, -0.006254652, 0.0049879183), (0.007, -0.007207751, 0.00347107), (0.007, -0.0077994233, 0.0017801675), (0.007, -0.008, 9.797175e-19), (0.007, -0.0077994233, -0.0017801675), (0.007, -0.007207751, -0.00347107), (0.007, -0.006254652, -0.0049879183), (0.007, -0.0049879183, -0.006254652), (0.007, -0.00347107, -0.007207751), (0.007, -0.0017801675, -0.0077994233), (0.007, -1.4695761e-18, -0.008), (0.007, 0.0017801675, -0.0077994233), (0.007, 0.00347107, -0.007207751), (0.007, 0.0049879183, -0.006254652), (0.007, 0.006254652, -0.0049879183), (0.007, 0.007207751, -0.00347107), (0.007, 0.0077994233, -0.0017801675), (-0.007, 0, 0), (0.007, 0, 0)]
                    uniform token subdivisionScheme = "none"
                }
            }

            def Xform "Hous_A1"
            {
                matrix4d xformOp:transform = ( (0, -0.4999999999999998, 0.8660254037844387, 0), (0, -0.8660254037844387, -0.4999999999999998, 0), (1, 0, 0, 0), (-0.018, -0.010499999999999995, 0.018186533479473212, 1) )
                uniform token[] xformOpOrder = ["xformOp:transform"]

                def Mesh "G" (
                    prepend apiSchemas = ["MaterialBindingAPI"]
                )
                {
                    float3[] extent = [(-0.007, -0.008, -0.008), (0.007, 0.008, 0.008)]
                    int[] faceVertexCounts = [4, 4, 4, 4, 4, 4, 4, 4, 4, 4, 4, 4, 4, 4, 4, 4, 4, 4, 4, 4, 4, 4, 4, 4, 4, 4, 4, 4, 3, 3, 3, 3, 3, 3, 3, 3, 3, 3, 3, 3, 3, 3, 3, 3, 3, 3, 3, 3, 3, 3, 3, 3, 3, 3, 3, 3, 3, 3, 3, 3, 3, 3, 3, 3, 3, 3, 3, 3, 3, 3, 3, 3, 3, 3, 3, 3, 3, 3, 3, 3, 3, 3, 3, 3]
                    int[] faceVertexIndices = [0, 1, 29, 28, 1, 2, 30, 29, 2, 3, 31, 30, 3, 4, 32, 31, 4, 5, 33, 32, 5, 6, 34, 33, 6, 7, 35, 34, 7, 8, 36, 35, 8, 9, 37, 36, 9, 10, 38, 37, 10, 11, 39, 38, 11, 12, 40, 39, 12, 13, 41, 40, 13, 14, 42, 41, 14, 15, 43, 42, 15, 16, 44, 43, 16, 17, 45, 44, 17, 18, 46, 45, 18, 19, 47, 46, 19, 20, 48, 47, 20, 21, 49, 48, 21, 22, 50, 49, 22, 23, 51, 50, 23, 24, 52, 51, 24, 25, 53, 52, 25, 26, 54, 53, 26, 27, 55, 54, 27, 0, 28, 55, 56, 1, 0, 57, 28, 29, 56, 2, 1, 57, 29, 30, 56, 3, 2, 57, 30, 31, 56, 4, 3, 57, 31, 32, 56, 5, 4, 57, 32, 33, 56, 6, 5, 57, 33, 34, 56, 7, 6, 57, 34, 35, 56, 8, 7, 57, 35, 36, 56, 9, 8, 57, 36, 37, 56, 10, 9, 57, 37, 38, 56, 11, 10, 57, 38, 39, 56, 12, 11, 57, 39, 40, 56, 13, 12, 57, 40, 41, 56, 14, 13, 57, 41, 42, 56, 15, 14, 57, 42, 43, 56, 16, 15, 57, 43, 44, 56, 17, 16, 57, 44, 45, 56, 18, 17, 57, 45, 46, 56, 19, 18, 57, 46, 47, 56, 20, 19, 57, 47, 48, 56, 21, 20, 57, 48, 49, 56, 22, 21, 57, 49, 50, 56, 23, 22, 57, 50, 51, 56, 24, 23, 57, 51, 52, 56, 25, 24, 57, 52, 53, 56, 26, 25, 57, 53, 54, 56, 27, 26, 57, 54, 55, 56, 0, 27, 57, 55, 28]
                    rel material:binding = </World/Looks/Hous>
                    normal3f[] normals = [(0, 1, 0), (0, 0.9749279, 0.22252093), (0, 0.9749279, 0.22252093), (0, 1, 0), (0, 0.9749279, 0.22252093), (0, 0.90096885, 0.43388373), (0, 0.90096885, 0.43388373), (0, 0.9749279, 0.22252093), (0, 0.90096885, 0.43388373), (0, 0.7818315, 0.6234898), (0, 0.7818315, 0.6234898), (0, 0.90096885, 0.43388373), (0, 0.7818315, 0.6234898), (0, 0.6234898, 0.7818315), (0, 0.6234898, 0.7818315), (0, 0.7818315, 0.6234898), (0, 0.6234898, 0.7818315), (0, 0.43388373, 0.90096885), (0, 0.43388373, 0.90096885), (0, 0.6234898, 0.7818315), (0, 0.43388373, 0.90096885), (0, 0.22252093, 0.9749279), (0, 0.22252093, 0.9749279), (0, 0.43388373, 0.90096885), (0, 0.22252093, 0.9749279), (0, 6.123234e-17, 1), (0, 6.123234e-17, 1), (0, 0.22252093, 0.9749279), (0, 6.123234e-17, 1), (0, -0.22252093, 0.9749279), (0, -0.22252093, 0.9749279), (0, 6.123234e-17, 1), (0, -0.22252093, 0.9749279), (0, -0.43388373, 0.90096885), (0, -0.43388373, 0.90096885), (0, -0.22252093, 0.9749279), (0, -0.43388373, 0.90096885), (0, -0.6234898, 0.7818315), (0, -0.6234898, 0.7818315), (0, -0.43388373, 0.90096885), (0, -0.6234898, 0.7818315), (0, -0.7818315, 0.6234898), (0, -0.7818315, 0.6234898), (0, -0.6234898, 0.7818315), (0, -0.7818315, 0.6234898), (0, -0.90096885, 0.43388373), (0, -0.90096885, 0.43388373), (0, -0.7818315, 0.6234898), (0, -0.90096885, 0.43388373), (0, -0.9749279, 0.22252093), (0, -0.9749279, 0.22252093), (0, -0.90096885, 0.43388373), (0, -0.9749279, 0.22252093), (0, -1, 1.2246469e-16), (0, -1, 1.2246469e-16), (0, -0.9749279, 0.22252093), (0, -1, 1.2246469e-16), (0, -0.9749279, -0.22252093), (0, -0.9749279, -0.22252093), (0, -1, 1.2246469e-16), (0, -0.9749279, -0.22252093), (0, -0.90096885, -0.43388373), (0, -0.90096885, -0.43388373), (0, -0.9749279, -0.22252093), (0, -0.90096885, -0.43388373), (0, -0.7818315, -0.6234898), (0, -0.7818315, -0.6234898), (0, -0.90096885, -0.43388373), (0, -0.7818315, -0.6234898), (0, -0.6234898, -0.7818315), (0, -0.6234898, -0.7818315), (0, -0.7818315, -0.6234898), (0, -0.6234898, -0.7818315), (0, -0.43388373, -0.90096885), (0, -0.43388373, -0.90096885), (0, -0.6234898, -0.7818315), (0, -0.43388373, -0.90096885), (0, -0.22252093, -0.9749279), (0, -0.22252093, -0.9749279), (0, -0.43388373, -0.90096885), (0, -0.22252093, -0.9749279), (0, -1.8369701e-16, -1), (0, -1.8369701e-16, -1), (0, -0.22252093, -0.9749279), (0, -1.8369701e-16, -1), (0, 0.22252093, -0.9749279), (0, 0.22252093, -0.9749279), (0, -1.8369701e-16, -1), (0, 0.22252093, -0.9749279), (0, 0.43388373, -0.90096885), (0, 0.43388373, -0.90096885), (0, 0.22252093, -0.9749279), (0, 0.43388373, -0.90096885), (0, 0.6234898, -0.7818315), (0, 0.6234898, -0.7818315), (0, 0.43388373, -0.90096885), (0, 0.6234898, -0.7818315), (0, 0.7818315, -0.6234898), (0, 0.7818315, -0.6234898), (0, 0.6234898, -0.7818315), (0, 0.7818315, -0.6234898), (0, 0.90096885, -0.43388373), (0, 0.90096885, -0.43388373), (0, 0.7818315, -0.6234898), (0, 0.90096885, -0.43388373), (0, 0.9749279, -0.22252093), (0, 0.9749279, -0.22252093), (0, 0.90096885, -0.43388373), (0, 0.9749279, -0.22252093), (0, 1, 0), (0, 1, 0), (0, 0.9749279, -0.22252093), (-1, 0, 0), (-1, 0, 0), (-1, 0, 0), (1, 0, 0), (1, 0, 0), (1, 0, 0), (-1, 0, 0), (-1, 0, 0), (-1, 0, 0), (1, 0, 0), (1, 0, 0), (1, 0, 0), (-1, 0, 0), (-1, 0, 0), (-1, 0, 0), (1, 0, 0), (1, 0, 0), (1, 0, 0), (-1, 0, 0), (-1, 0, 0), (-1, 0, 0), (1, 0, 0), (1, 0, 0), (1, 0, 0), (-1, 0, 0), (-1, 0, 0), (-1, 0, 0), (1, 0, 0), (1, 0, 0), (1, 0, 0), (-1, 0, 0), (-1, 0, 0), (-1, 0, 0), (1, 0, 0), (1, 0, 0), (1, 0, 0), (-1, 0, 0), (-1, 0, 0), (-1, 0, 0), (1, 0, 0), (1, 0, 0), (1, 0, 0), (-1, 0, 0), (-1, 0, 0), (-1, 0, 0), (1, 0, 0), (1, 0, 0), (1, 0, 0), (-1, 0, 0), (-1, 0, 0), (-1, 0, 0), (1, 0, 0), (1, 0, 0), (1, 0, 0), (-1, 0, 0), (-1, 0, 0), (-1, 0, 0), (1, 0, 0), (1, 0, 0), (1, 0, 0), (-1, 0, 0), (-1, 0, 0), (-1, 0, 0), (1, 0, 0), (1, 0, 0), (1, 0, 0), (-1, 0, 0), (-1, 0, 0), (-1, 0, 0), (1, 0, 0), (1, 0, 0), (1, 0, 0), (-1, 0, 0), (-1, 0, 0), (-1, 0, 0), (1, 0, 0), (1, 0, 0), (1, 0, 0), (-1, 0, 0), (-1, 0, 0), (-1, 0, 0), (1, 0, 0), (1, 0, 0), (1, 0, 0), (-1, 0, 0), (-1, 0, 0), (-1, 0, 0), (1, 0, 0), (1, 0, 0), (1, 0, 0), (-1, 0, 0), (-1, 0, 0), (-1, 0, 0), (1, 0, 0), (1, 0, 0), (1, 0, 0), (-1, 0, 0), (-1, 0, 0), (-1, 0, 0), (1, 0, 0), (1, 0, 0), (1, 0, 0), (-1, 0, 0), (-1, 0, 0), (-1, 0, 0), (1, 0, 0), (1, 0, 0), (1, 0, 0), (-1, 0, 0), (-1, 0, 0), (-1, 0, 0), (1, 0, 0), (1, 0, 0), (1, 0, 0), (-1, 0, 0), (-1, 0, 0), (-1, 0, 0), (1, 0, 0), (1, 0, 0), (1, 0, 0), (-1, 0, 0), (-1, 0, 0), (-1, 0, 0), (1, 0, 0), (1, 0, 0), (1, 0, 0), (-1, 0, 0), (-1, 0, 0), (-1, 0, 0), (1, 0, 0), (1, 0, 0), (1, 0, 0), (-1, 0, 0), (-1, 0, 0), (-1, 0, 0), (1, 0, 0), (1, 0, 0), (1, 0, 0), (-1, 0, 0), (-1, 0, 0), (-1, 0, 0), (1, 0, 0), (1, 0, 0), (1, 0, 0), (-1, 0, 0), (-1, 0, 0), (-1, 0, 0), (1, 0, 0), (1, 0, 0), (1, 0, 0), (-1, 0, 0), (-1, 0, 0), (-1, 0, 0), (1, 0, 0), (1, 0, 0), (1, 0, 0), (-1, 0, 0), (-1, 0, 0), (-1, 0, 0), (1, 0, 0), (1, 0, 0), (1, 0, 0), (-1, 0, 0), (-1, 0, 0), (-1, 0, 0), (1, 0, 0), (1, 0, 0), (1, 0, 0)] (
                        interpolation = "faceVarying"
                    )
                    point3f[] points = [(-0.007, 0.008, 0), (-0.007, 0.0077994233, 0.0017801675), (-0.007, 0.007207751, 0.00347107), (-0.007, 0.006254652, 0.0049879183), (-0.007, 0.0049879183, 0.006254652), (-0.007, 0.00347107, 0.007207751), (-0.007, 0.0017801675, 0.0077994233), (-0.007, 4.8985874e-19, 0.008), (-0.007, -0.0017801675, 0.0077994233), (-0.007, -0.00347107, 0.007207751), (-0.007, -0.0049879183, 0.006254652), (-0.007, -0.006254652, 0.0049879183), (-0.007, -0.007207751, 0.00347107), (-0.007, -0.0077994233, 0.0017801675), (-0.007, -0.008, 9.797175e-19), (-0.007, -0.0077994233, -0.0017801675), (-0.007, -0.007207751, -0.00347107), (-0.007, -0.006254652, -0.0049879183), (-0.007, -0.0049879183, -0.006254652), (-0.007, -0.00347107, -0.007207751), (-0.007, -0.0017801675, -0.0077994233), (-0.007, -1.4695761e-18, -0.008), (-0.007, 0.0017801675, -0.0077994233), (-0.007, 0.00347107, -0.007207751), (-0.007, 0.0049879183, -0.006254652), (-0.007, 0.006254652, -0.0049879183), (-0.007, 0.007207751, -0.00347107), (-0.007, 0.0077994233, -0.0017801675), (0.007, 0.008, 0), (0.007, 0.0077994233, 0.0017801675), (0.007, 0.007207751, 0.00347107), (0.007, 0.006254652, 0.0049879183), (0.007, 0.0049879183, 0.006254652), (0.007, 0.00347107, 0.007207751), (0.007, 0.0017801675, 0.0077994233), (0.007, 4.8985874e-19, 0.008), (0.007, -0.0017801675, 0.0077994233), (0.007, -0.00347107, 0.007207751), (0.007, -0.0049879183, 0.006254652), (0.007, -0.006254652, 0.0049879183), (0.007, -0.007207751, 0.00347107), (0.007, -0.0077994233, 0.0017801675), (0.007, -0.008, 9.797175e-19), (0.007, -0.0077994233, -0.0017801675), (0.007, -0.007207751, -0.00347107), (0.007, -0.006254652, -0.0049879183), (0.007, -0.0049879183, -0.006254652), (0.007, -0.00347107, -0.007207751), (0.007, -0.0017801675, -0.0077994233), (0.007, -1.4695761e-18, -0.008), (0.007, 0.0017801675, -0.0077994233), (0.007, 0.00347107, -0.007207751), (0.007, 0.0049879183, -0.006254652), (0.007, 0.006254652, -0.0049879183), (0.007, 0.007207751, -0.00347107), (0.007, 0.0077994233, -0.0017801675), (-0.007, 0, 0), (0.007, 0, 0)]
                    uniform token subdivisionScheme = "none"
                }
            }

            def Xform "Hous_A2"
            {
                matrix4d xformOp:transform = ( (0, -0.5000000000000004, -0.8660254037844384, 0), (0, 0.8660254037844384, -0.5000000000000004, 0), (1, 0, 0, 0), (-0.018, -0.01050000000000001, -0.018186533479473205, 1) )
                uniform token[] xformOpOrder = ["xformOp:transform"]

                def Mesh "G" (
                    prepend apiSchemas = ["MaterialBindingAPI"]
                )
                {
                    float3[] extent = [(-0.007, -0.008, -0.008), (0.007, 0.008, 0.008)]
                    int[] faceVertexCounts = [4, 4, 4, 4, 4, 4, 4, 4, 4, 4, 4, 4, 4, 4, 4, 4, 4, 4, 4, 4, 4, 4, 4, 4, 4, 4, 4, 4, 3, 3, 3, 3, 3, 3, 3, 3, 3, 3, 3, 3, 3, 3, 3, 3, 3, 3, 3, 3, 3, 3, 3, 3, 3, 3, 3, 3, 3, 3, 3, 3, 3, 3, 3, 3, 3, 3, 3, 3, 3, 3, 3, 3, 3, 3, 3, 3, 3, 3, 3, 3, 3, 3, 3, 3]
                    int[] faceVertexIndices = [0, 1, 29, 28, 1, 2, 30, 29, 2, 3, 31, 30, 3, 4, 32, 31, 4, 5, 33, 32, 5, 6, 34, 33, 6, 7, 35, 34, 7, 8, 36, 35, 8, 9, 37, 36, 9, 10, 38, 37, 10, 11, 39, 38, 11, 12, 40, 39, 12, 13, 41, 40, 13, 14, 42, 41, 14, 15, 43, 42, 15, 16, 44, 43, 16, 17, 45, 44, 17, 18, 46, 45, 18, 19, 47, 46, 19, 20, 48, 47, 20, 21, 49, 48, 21, 22, 50, 49, 22, 23, 51, 50, 23, 24, 52, 51, 24, 25, 53, 52, 25, 26, 54, 53, 26, 27, 55, 54, 27, 0, 28, 55, 56, 1, 0, 57, 28, 29, 56, 2, 1, 57, 29, 30, 56, 3, 2, 57, 30, 31, 56, 4, 3, 57, 31, 32, 56, 5, 4, 57, 32, 33, 56, 6, 5, 57, 33, 34, 56, 7, 6, 57, 34, 35, 56, 8, 7, 57, 35, 36, 56, 9, 8, 57, 36, 37, 56, 10, 9, 57, 37, 38, 56, 11, 10, 57, 38, 39, 56, 12, 11, 57, 39, 40, 56, 13, 12, 57, 40, 41, 56, 14, 13, 57, 41, 42, 56, 15, 14, 57, 42, 43, 56, 16, 15, 57, 43, 44, 56, 17, 16, 57, 44, 45, 56, 18, 17, 57, 45, 46, 56, 19, 18, 57, 46, 47, 56, 20, 19, 57, 47, 48, 56, 21, 20, 57, 48, 49, 56, 22, 21, 57, 49, 50, 56, 23, 22, 57, 50, 51, 56, 24, 23, 57, 51, 52, 56, 25, 24, 57, 52, 53, 56, 26, 25, 57, 53, 54, 56, 27, 26, 57, 54, 55, 56, 0, 27, 57, 55, 28]
                    rel material:binding = </World/Looks/Hous>
                    normal3f[] normals = [(0, 1, 0), (0, 0.9749279, 0.22252093), (0, 0.9749279, 0.22252093), (0, 1, 0), (0, 0.9749279, 0.22252093), (0, 0.90096885, 0.43388373), (0, 0.90096885, 0.43388373), (0, 0.9749279, 0.22252093), (0, 0.90096885, 0.43388373), (0, 0.7818315, 0.6234898), (0, 0.7818315, 0.6234898), (0, 0.90096885, 0.43388373), (0, 0.7818315, 0.6234898), (0, 0.6234898, 0.7818315), (0, 0.6234898, 0.7818315), (0, 0.7818315, 0.6234898), (0, 0.6234898, 0.7818315), (0, 0.43388373, 0.90096885), (0, 0.43388373, 0.90096885), (0, 0.6234898, 0.7818315), (0, 0.43388373, 0.90096885), (0, 0.22252093, 0.9749279), (0, 0.22252093, 0.9749279), (0, 0.43388373, 0.90096885), (0, 0.22252093, 0.9749279), (0, 6.123234e-17, 1), (0, 6.123234e-17, 1), (0, 0.22252093, 0.9749279), (0, 6.123234e-17, 1), (0, -0.22252093, 0.9749279), (0, -0.22252093, 0.9749279), (0, 6.123234e-17, 1), (0, -0.22252093, 0.9749279), (0, -0.43388373, 0.90096885), (0, -0.43388373, 0.90096885), (0, -0.22252093, 0.9749279), (0, -0.43388373, 0.90096885), (0, -0.6234898, 0.7818315), (0, -0.6234898, 0.7818315), (0, -0.43388373, 0.90096885), (0, -0.6234898, 0.7818315), (0, -0.7818315, 0.6234898), (0, -0.7818315, 0.6234898), (0, -0.6234898, 0.7818315), (0, -0.7818315, 0.6234898), (0, -0.90096885, 0.43388373), (0, -0.90096885, 0.43388373), (0, -0.7818315, 0.6234898), (0, -0.90096885, 0.43388373), (0, -0.9749279, 0.22252093), (0, -0.9749279, 0.22252093), (0, -0.90096885, 0.43388373), (0, -0.9749279, 0.22252093), (0, -1, 1.2246469e-16), (0, -1, 1.2246469e-16), (0, -0.9749279, 0.22252093), (0, -1, 1.2246469e-16), (0, -0.9749279, -0.22252093), (0, -0.9749279, -0.22252093), (0, -1, 1.2246469e-16), (0, -0.9749279, -0.22252093), (0, -0.90096885, -0.43388373), (0, -0.90096885, -0.43388373), (0, -0.9749279, -0.22252093), (0, -0.90096885, -0.43388373), (0, -0.7818315, -0.6234898), (0, -0.7818315, -0.6234898), (0, -0.90096885, -0.43388373), (0, -0.7818315, -0.6234898), (0, -0.6234898, -0.7818315), (0, -0.6234898, -0.7818315), (0, -0.7818315, -0.6234898), (0, -0.6234898, -0.7818315), (0, -0.43388373, -0.90096885), (0, -0.43388373, -0.90096885), (0, -0.6234898, -0.7818315), (0, -0.43388373, -0.90096885), (0, -0.22252093, -0.9749279), (0, -0.22252093, -0.9749279), (0, -0.43388373, -0.90096885), (0, -0.22252093, -0.9749279), (0, -1.8369701e-16, -1), (0, -1.8369701e-16, -1), (0, -0.22252093, -0.9749279), (0, -1.8369701e-16, -1), (0, 0.22252093, -0.9749279), (0, 0.22252093, -0.9749279), (0, -1.8369701e-16, -1), (0, 0.22252093, -0.9749279), (0, 0.43388373, -0.90096885), (0, 0.43388373, -0.90096885), (0, 0.22252093, -0.9749279), (0, 0.43388373, -0.90096885), (0, 0.6234898, -0.7818315), (0, 0.6234898, -0.7818315), (0, 0.43388373, -0.90096885), (0, 0.6234898, -0.7818315), (0, 0.7818315, -0.6234898), (0, 0.7818315, -0.6234898), (0, 0.6234898, -0.7818315), (0, 0.7818315, -0.6234898), (0, 0.90096885, -0.43388373), (0, 0.90096885, -0.43388373), (0, 0.7818315, -0.6234898), (0, 0.90096885, -0.43388373), (0, 0.9749279, -0.22252093), (0, 0.9749279, -0.22252093), (0, 0.90096885, -0.43388373), (0, 0.9749279, -0.22252093), (0, 1, 0), (0, 1, 0), (0, 0.9749279, -0.22252093), (-1, 0, 0), (-1, 0, 0), (-1, 0, 0), (1, 0, 0), (1, 0, 0), (1, 0, 0), (-1, 0, 0), (-1, 0, 0), (-1, 0, 0), (1, 0, 0), (1, 0, 0), (1, 0, 0), (-1, 0, 0), (-1, 0, 0), (-1, 0, 0), (1, 0, 0), (1, 0, 0), (1, 0, 0), (-1, 0, 0), (-1, 0, 0), (-1, 0, 0), (1, 0, 0), (1, 0, 0), (1, 0, 0), (-1, 0, 0), (-1, 0, 0), (-1, 0, 0), (1, 0, 0), (1, 0, 0), (1, 0, 0), (-1, 0, 0), (-1, 0, 0), (-1, 0, 0), (1, 0, 0), (1, 0, 0), (1, 0, 0), (-1, 0, 0), (-1, 0, 0), (-1, 0, 0), (1, 0, 0), (1, 0, 0), (1, 0, 0), (-1, 0, 0), (-1, 0, 0), (-1, 0, 0), (1, 0, 0), (1, 0, 0), (1, 0, 0), (-1, 0, 0), (-1, 0, 0), (-1, 0, 0), (1, 0, 0), (1, 0, 0), (1, 0, 0), (-1, 0, 0), (-1, 0, 0), (-1, 0, 0), (1, 0, 0), (1, 0, 0), (1, 0, 0), (-1, 0, 0), (-1, 0, 0), (-1, 0, 0), (1, 0, 0), (1, 0, 0), (1, 0, 0), (-1, 0, 0), (-1, 0, 0), (-1, 0, 0), (1, 0, 0), (1, 0, 0), (1, 0, 0), (-1, 0, 0), (-1, 0, 0), (-1, 0, 0), (1, 0, 0), (1, 0, 0), (1, 0, 0), (-1, 0, 0), (-1, 0, 0), (-1, 0, 0), (1, 0, 0), (1, 0, 0), (1, 0, 0), (-1, 0, 0), (-1, 0, 0), (-1, 0, 0), (1, 0, 0), (1, 0, 0), (1, 0, 0), (-1, 0, 0), (-1, 0, 0), (-1, 0, 0), (1, 0, 0), (1, 0, 0), (1, 0, 0), (-1, 0, 0), (-1, 0, 0), (-1, 0, 0), (1, 0, 0), (1, 0, 0), (1, 0, 0), (-1, 0, 0), (-1, 0, 0), (-1, 0, 0), (1, 0, 0), (1, 0, 0), (1, 0, 0), (-1, 0, 0), (-1, 0, 0), (-1, 0, 0), (1, 0, 0), (1, 0, 0), (1, 0, 0), (-1, 0, 0), (-1, 0, 0), (-1, 0, 0), (1, 0, 0), (1, 0, 0), (1, 0, 0), (-1, 0, 0), (-1, 0, 0), (-1, 0, 0), (1, 0, 0), (1, 0, 0), (1, 0, 0), (-1, 0, 0), (-1, 0, 0), (-1, 0, 0), (1, 0, 0), (1, 0, 0), (1, 0, 0), (-1, 0, 0), (-1, 0, 0), (-1, 0, 0), (1, 0, 0), (1, 0, 0), (1, 0, 0), (-1, 0, 0), (-1, 0, 0), (-1, 0, 0), (1, 0, 0), (1, 0, 0), (1, 0, 0), (-1, 0, 0), (-1, 0, 0), (-1, 0, 0), (1, 0, 0), (1, 0, 0), (1, 0, 0), (-1, 0, 0), (-1, 0, 0), (-1, 0, 0), (1, 0, 0), (1, 0, 0), (1, 0, 0), (-1, 0, 0), (-1, 0, 0), (-1, 0, 0), (1, 0, 0), (1, 0, 0), (1, 0, 0), (-1, 0, 0), (-1, 0, 0), (-1, 0, 0), (1, 0, 0), (1, 0, 0), (1, 0, 0)] (
                        interpolation = "faceVarying"
                    )
                    point3f[] points = [(-0.007, 0.008, 0), (-0.007, 0.0077994233, 0.0017801675), (-0.007, 0.007207751, 0.00347107), (-0.007, 0.006254652, 0.0049879183), (-0.007, 0.0049879183, 0.006254652), (-0.007, 0.00347107, 0.007207751), (-0.007, 0.0017801675, 0.0077994233), (-0.007, 4.8985874e-19, 0.008), (-0.007, -0.0017801675, 0.0077994233), (-0.007, -0.00347107, 0.007207751), (-0.007, -0.0049879183, 0.006254652), (-0.007, -0.006254652, 0.0049879183), (-0.007, -0.007207751, 0.00347107), (-0.007, -0.0077994233, 0.0017801675), (-0.007, -0.008, 9.797175e-19), (-0.007, -0.0077994233, -0.0017801675), (-0.007, -0.007207751, -0.00347107), (-0.007, -0.006254652, -0.0049879183), (-0.007, -0.0049879183, -0.006254652), (-0.007, -0.00347107, -0.007207751), (-0.007, -0.0017801675, -0.0077994233), (-0.007, -1.4695761e-18, -0.008), (-0.007, 0.0017801675, -0.0077994233), (-0.007, 0.00347107, -0.007207751), (-0.007, 0.0049879183, -0.006254652), (-0.007, 0.006254652, -0.0049879183), (-0.007, 0.007207751, -0.00347107), (-0.007, 0.0077994233, -0.0017801675), (0.007, 0.008, 0), (0.007, 0.0077994233, 0.0017801675), (0.007, 0.007207751, 0.00347107), (0.007, 0.006254652, 0.0049879183), (0.007, 0.0049879183, 0.006254652), (0.007, 0.00347107, 0.007207751), (0.007, 0.0017801675, 0.0077994233), (0.007, 4.8985874e-19, 0.008), (0.007, -0.0017801675, 0.0077994233), (0.007, -0.00347107, 0.007207751), (0.007, -0.0049879183, 0.006254652), (0.007, -0.006254652, 0.0049879183), (0.007, -0.007207751, 0.00347107), (0.007, -0.0077994233, 0.0017801675), (0.007, -0.008, 9.797175e-19), (0.007, -0.0077994233, -0.0017801675), (0.007, -0.007207751, -0.00347107), (0.007, -0.006254652, -0.0049879183), (0.007, -0.0049879183, -0.006254652), (0.007, -0.00347107, -0.007207751), (0.007, -0.0017801675, -0.0077994233), (0.007, -1.4695761e-18, -0.008), (0.007, 0.0017801675, -0.0077994233), (0.007, 0.00347107, -0.007207751), (0.007, 0.0049879183, -0.006254652), (0.007, 0.006254652, -0.0049879183), (0.007, 0.007207751, -0.00347107), (0.007, 0.0077994233, -0.0017801675), (-0.007, 0, 0), (0.007, 0, 0)]
                    uniform token subdivisionScheme = "none"
                }
            }

            def Xform "Hous_B0"
            {
                matrix4d xformOp:transform = ( (0, 1, 0, 0), (0, -0, 1, 0), (1, 0, 0, 0), (0.018, 0.021, 0, 1) )
                uniform token[] xformOpOrder = ["xformOp:transform"]

                def Mesh "G" (
                    prepend apiSchemas = ["MaterialBindingAPI"]
                )
                {
                    float3[] extent = [(-0.007, -0.008, -0.008), (0.007, 0.008, 0.008)]
                    int[] faceVertexCounts = [4, 4, 4, 4, 4, 4, 4, 4, 4, 4, 4, 4, 4, 4, 4, 4, 4, 4, 4, 4, 4, 4, 4, 4, 4, 4, 4, 4, 3, 3, 3, 3, 3, 3, 3, 3, 3, 3, 3, 3, 3, 3, 3, 3, 3, 3, 3, 3, 3, 3, 3, 3, 3, 3, 3, 3, 3, 3, 3, 3, 3, 3, 3, 3, 3, 3, 3, 3, 3, 3, 3, 3, 3, 3, 3, 3, 3, 3, 3, 3, 3, 3, 3, 3]
                    int[] faceVertexIndices = [0, 1, 29, 28, 1, 2, 30, 29, 2, 3, 31, 30, 3, 4, 32, 31, 4, 5, 33, 32, 5, 6, 34, 33, 6, 7, 35, 34, 7, 8, 36, 35, 8, 9, 37, 36, 9, 10, 38, 37, 10, 11, 39, 38, 11, 12, 40, 39, 12, 13, 41, 40, 13, 14, 42, 41, 14, 15, 43, 42, 15, 16, 44, 43, 16, 17, 45, 44, 17, 18, 46, 45, 18, 19, 47, 46, 19, 20, 48, 47, 20, 21, 49, 48, 21, 22, 50, 49, 22, 23, 51, 50, 23, 24, 52, 51, 24, 25, 53, 52, 25, 26, 54, 53, 26, 27, 55, 54, 27, 0, 28, 55, 56, 1, 0, 57, 28, 29, 56, 2, 1, 57, 29, 30, 56, 3, 2, 57, 30, 31, 56, 4, 3, 57, 31, 32, 56, 5, 4, 57, 32, 33, 56, 6, 5, 57, 33, 34, 56, 7, 6, 57, 34, 35, 56, 8, 7, 57, 35, 36, 56, 9, 8, 57, 36, 37, 56, 10, 9, 57, 37, 38, 56, 11, 10, 57, 38, 39, 56, 12, 11, 57, 39, 40, 56, 13, 12, 57, 40, 41, 56, 14, 13, 57, 41, 42, 56, 15, 14, 57, 42, 43, 56, 16, 15, 57, 43, 44, 56, 17, 16, 57, 44, 45, 56, 18, 17, 57, 45, 46, 56, 19, 18, 57, 46, 47, 56, 20, 19, 57, 47, 48, 56, 21, 20, 57, 48, 49, 56, 22, 21, 57, 49, 50, 56, 23, 22, 57, 50, 51, 56, 24, 23, 57, 51, 52, 56, 25, 24, 57, 52, 53, 56, 26, 25, 57, 53, 54, 56, 27, 26, 57, 54, 55, 56, 0, 27, 57, 55, 28]
                    rel material:binding = </World/Looks/Hous>
                    normal3f[] normals = [(0, 1, 0), (0, 0.9749279, 0.22252093), (0, 0.9749279, 0.22252093), (0, 1, 0), (0, 0.9749279, 0.22252093), (0, 0.90096885, 0.43388373), (0, 0.90096885, 0.43388373), (0, 0.9749279, 0.22252093), (0, 0.90096885, 0.43388373), (0, 0.7818315, 0.6234898), (0, 0.7818315, 0.6234898), (0, 0.90096885, 0.43388373), (0, 0.7818315, 0.6234898), (0, 0.6234898, 0.7818315), (0, 0.6234898, 0.7818315), (0, 0.7818315, 0.6234898), (0, 0.6234898, 0.7818315), (0, 0.43388373, 0.90096885), (0, 0.43388373, 0.90096885), (0, 0.6234898, 0.7818315), (0, 0.43388373, 0.90096885), (0, 0.22252093, 0.9749279), (0, 0.22252093, 0.9749279), (0, 0.43388373, 0.90096885), (0, 0.22252093, 0.9749279), (0, 6.123234e-17, 1), (0, 6.123234e-17, 1), (0, 0.22252093, 0.9749279), (0, 6.123234e-17, 1), (0, -0.22252093, 0.9749279), (0, -0.22252093, 0.9749279), (0, 6.123234e-17, 1), (0, -0.22252093, 0.9749279), (0, -0.43388373, 0.90096885), (0, -0.43388373, 0.90096885), (0, -0.22252093, 0.9749279), (0, -0.43388373, 0.90096885), (0, -0.6234898, 0.7818315), (0, -0.6234898, 0.7818315), (0, -0.43388373, 0.90096885), (0, -0.6234898, 0.7818315), (0, -0.7818315, 0.6234898), (0, -0.7818315, 0.6234898), (0, -0.6234898, 0.7818315), (0, -0.7818315, 0.6234898), (0, -0.90096885, 0.43388373), (0, -0.90096885, 0.43388373), (0, -0.7818315, 0.6234898), (0, -0.90096885, 0.43388373), (0, -0.9749279, 0.22252093), (0, -0.9749279, 0.22252093), (0, -0.90096885, 0.43388373), (0, -0.9749279, 0.22252093), (0, -1, 1.2246469e-16), (0, -1, 1.2246469e-16), (0, -0.9749279, 0.22252093), (0, -1, 1.2246469e-16), (0, -0.9749279, -0.22252093), (0, -0.9749279, -0.22252093), (0, -1, 1.2246469e-16), (0, -0.9749279, -0.22252093), (0, -0.90096885, -0.43388373), (0, -0.90096885, -0.43388373), (0, -0.9749279, -0.22252093), (0, -0.90096885, -0.43388373), (0, -0.7818315, -0.6234898), (0, -0.7818315, -0.6234898), (0, -0.90096885, -0.43388373), (0, -0.7818315, -0.6234898), (0, -0.6234898, -0.7818315), (0, -0.6234898, -0.7818315), (0, -0.7818315, -0.6234898), (0, -0.6234898, -0.7818315), (0, -0.43388373, -0.90096885), (0, -0.43388373, -0.90096885), (0, -0.6234898, -0.7818315), (0, -0.43388373, -0.90096885), (0, -0.22252093, -0.9749279), (0, -0.22252093, -0.9749279), (0, -0.43388373, -0.90096885), (0, -0.22252093, -0.9749279), (0, -1.8369701e-16, -1), (0, -1.8369701e-16, -1), (0, -0.22252093, -0.9749279), (0, -1.8369701e-16, -1), (0, 0.22252093, -0.9749279), (0, 0.22252093, -0.9749279), (0, -1.8369701e-16, -1), (0, 0.22252093, -0.9749279), (0, 0.43388373, -0.90096885), (0, 0.43388373, -0.90096885), (0, 0.22252093, -0.9749279), (0, 0.43388373, -0.90096885), (0, 0.6234898, -0.7818315), (0, 0.6234898, -0.7818315), (0, 0.43388373, -0.90096885), (0, 0.6234898, -0.7818315), (0, 0.7818315, -0.6234898), (0, 0.7818315, -0.6234898), (0, 0.6234898, -0.7818315), (0, 0.7818315, -0.6234898), (0, 0.90096885, -0.43388373), (0, 0.90096885, -0.43388373), (0, 0.7818315, -0.6234898), (0, 0.90096885, -0.43388373), (0, 0.9749279, -0.22252093), (0, 0.9749279, -0.22252093), (0, 0.90096885, -0.43388373), (0, 0.9749279, -0.22252093), (0, 1, 0), (0, 1, 0), (0, 0.9749279, -0.22252093), (-1, 0, 0), (-1, 0, 0), (-1, 0, 0), (1, 0, 0), (1, 0, 0), (1, 0, 0), (-1, 0, 0), (-1, 0, 0), (-1, 0, 0), (1, 0, 0), (1, 0, 0), (1, 0, 0), (-1, 0, 0), (-1, 0, 0), (-1, 0, 0), (1, 0, 0), (1, 0, 0), (1, 0, 0), (-1, 0, 0), (-1, 0, 0), (-1, 0, 0), (1, 0, 0), (1, 0, 0), (1, 0, 0), (-1, 0, 0), (-1, 0, 0), (-1, 0, 0), (1, 0, 0), (1, 0, 0), (1, 0, 0), (-1, 0, 0), (-1, 0, 0), (-1, 0, 0), (1, 0, 0), (1, 0, 0), (1, 0, 0), (-1, 0, 0), (-1, 0, 0), (-1, 0, 0), (1, 0, 0), (1, 0, 0), (1, 0, 0), (-1, 0, 0), (-1, 0, 0), (-1, 0, 0), (1, 0, 0), (1, 0, 0), (1, 0, 0), (-1, 0, 0), (-1, 0, 0), (-1, 0, 0), (1, 0, 0), (1, 0, 0), (1, 0, 0), (-1, 0, 0), (-1, 0, 0), (-1, 0, 0), (1, 0, 0), (1, 0, 0), (1, 0, 0), (-1, 0, 0), (-1, 0, 0), (-1, 0, 0), (1, 0, 0), (1, 0, 0), (1, 0, 0), (-1, 0, 0), (-1, 0, 0), (-1, 0, 0), (1, 0, 0), (1, 0, 0), (1, 0, 0), (-1, 0, 0), (-1, 0, 0), (-1, 0, 0), (1, 0, 0), (1, 0, 0), (1, 0, 0), (-1, 0, 0), (-1, 0, 0), (-1, 0, 0), (1, 0, 0), (1, 0, 0), (1, 0, 0), (-1, 0, 0), (-1, 0, 0), (-1, 0, 0), (1, 0, 0), (1, 0, 0), (1, 0, 0), (-1, 0, 0), (-1, 0, 0), (-1, 0, 0), (1, 0, 0), (1, 0, 0), (1, 0, 0), (-1, 0, 0), (-1, 0, 0), (-1, 0, 0), (1, 0, 0), (1, 0, 0), (1, 0, 0), (-1, 0, 0), (-1, 0, 0), (-1, 0, 0), (1, 0, 0), (1, 0, 0), (1, 0, 0), (-1, 0, 0), (-1, 0, 0), (-1, 0, 0), (1, 0, 0), (1, 0, 0), (1, 0, 0), (-1, 0, 0), (-1, 0, 0), (-1, 0, 0), (1, 0, 0), (1, 0, 0), (1, 0, 0), (-1, 0, 0), (-1, 0, 0), (-1, 0, 0), (1, 0, 0), (1, 0, 0), (1, 0, 0), (-1, 0, 0), (-1, 0, 0), (-1, 0, 0), (1, 0, 0), (1, 0, 0), (1, 0, 0), (-1, 0, 0), (-1, 0, 0), (-1, 0, 0), (1, 0, 0), (1, 0, 0), (1, 0, 0), (-1, 0, 0), (-1, 0, 0), (-1, 0, 0), (1, 0, 0), (1, 0, 0), (1, 0, 0), (-1, 0, 0), (-1, 0, 0), (-1, 0, 0), (1, 0, 0), (1, 0, 0), (1, 0, 0), (-1, 0, 0), (-1, 0, 0), (-1, 0, 0), (1, 0, 0), (1, 0, 0), (1, 0, 0), (-1, 0, 0), (-1, 0, 0), (-1, 0, 0), (1, 0, 0), (1, 0, 0), (1, 0, 0), (-1, 0, 0), (-1, 0, 0), (-1, 0, 0), (1, 0, 0), (1, 0, 0), (1, 0, 0)] (
                        interpolation = "faceVarying"
                    )
                    point3f[] points = [(-0.007, 0.008, 0), (-0.007, 0.0077994233, 0.0017801675), (-0.007, 0.007207751, 0.00347107), (-0.007, 0.006254652, 0.0049879183), (-0.007, 0.0049879183, 0.006254652), (-0.007, 0.00347107, 0.007207751), (-0.007, 0.0017801675, 0.0077994233), (-0.007, 4.8985874e-19, 0.008), (-0.007, -0.0017801675, 0.0077994233), (-0.007, -0.00347107, 0.007207751), (-0.007, -0.0049879183, 0.006254652), (-0.007, -0.006254652, 0.0049879183), (-0.007, -0.007207751, 0.00347107), (-0.007, -0.0077994233, 0.0017801675), (-0.007, -0.008, 9.797175e-19), (-0.007, -0.0077994233, -0.0017801675), (-0.007, -0.007207751, -0.00347107), (-0.007, -0.006254652, -0.0049879183), (-0.007, -0.0049879183, -0.006254652), (-0.007, -0.00347107, -0.007207751), (-0.007, -0.0017801675, -0.0077994233), (-0.007, -1.4695761e-18, -0.008), (-0.007, 0.0017801675, -0.0077994233), (-0.007, 0.00347107, -0.007207751), (-0.007, 0.0049879183, -0.006254652), (-0.007, 0.006254652, -0.0049879183), (-0.007, 0.007207751, -0.00347107), (-0.007, 0.0077994233, -0.0017801675), (0.007, 0.008, 0), (0.007, 0.0077994233, 0.0017801675), (0.007, 0.007207751, 0.00347107), (0.007, 0.006254652, 0.0049879183), (0.007, 0.0049879183, 0.006254652), (0.007, 0.00347107, 0.007207751), (0.007, 0.0017801675, 0.0077994233), (0.007, 4.8985874e-19, 0.008), (0.007, -0.0017801675, 0.0077994233), (0.007, -0.00347107, 0.007207751), (0.007, -0.0049879183, 0.006254652), (0.007, -0.006254652, 0.0049879183), (0.007, -0.007207751, 0.00347107), (0.007, -0.0077994233, 0.0017801675), (0.007, -0.008, 9.797175e-19), (0.007, -0.0077994233, -0.0017801675), (0.007, -0.007207751, -0.00347107), (0.007, -0.006254652, -0.0049879183), (0.007, -0.0049879183, -0.006254652), (0.007, -0.00347107, -0.007207751), (0.007, -0.0017801675, -0.0077994233), (0.007, -1.4695761e-18, -0.008), (0.007, 0.0017801675, -0.0077994233), (0.007, 0.00347107, -0.007207751), (0.007, 0.0049879183, -0.006254652), (0.007, 0.006254652, -0.0049879183), (0.007, 0.007207751, -0.00347107), (0.007, 0.0077994233, -0.0017801675), (-0.007, 0, 0), (0.007, 0, 0)]
                    uniform token subdivisionScheme = "none"
                }
            }

            def Xform "Hous_B1"
            {
                matrix4d xformOp:transform = ( (0, -0.4999999999999998, 0.8660254037844387, 0), (0, -0.8660254037844387, -0.4999999999999998, 0), (1, 0, 0, 0), (0.018, -0.010499999999999995, 0.018186533479473212, 1) )
                uniform token[] xformOpOrder = ["xformOp:transform"]

                def Mesh "G" (
                    prepend apiSchemas = ["MaterialBindingAPI"]
                )
                {
                    float3[] extent = [(-0.007, -0.008, -0.008), (0.007, 0.008, 0.008)]
                    int[] faceVertexCounts = [4, 4, 4, 4, 4, 4, 4, 4, 4, 4, 4, 4, 4, 4, 4, 4, 4, 4, 4, 4, 4, 4, 4, 4, 4, 4, 4, 4, 3, 3, 3, 3, 3, 3, 3, 3, 3, 3, 3, 3, 3, 3, 3, 3, 3, 3, 3, 3, 3, 3, 3, 3, 3, 3, 3, 3, 3, 3, 3, 3, 3, 3, 3, 3, 3, 3, 3, 3, 3, 3, 3, 3, 3, 3, 3, 3, 3, 3, 3, 3, 3, 3, 3, 3]
                    int[] faceVertexIndices = [0, 1, 29, 28, 1, 2, 30, 29, 2, 3, 31, 30, 3, 4, 32, 31, 4, 5, 33, 32, 5, 6, 34, 33, 6, 7, 35, 34, 7, 8, 36, 35, 8, 9, 37, 36, 9, 10, 38, 37, 10, 11, 39, 38, 11, 12, 40, 39, 12, 13, 41, 40, 13, 14, 42, 41, 14, 15, 43, 42, 15, 16, 44, 43, 16, 17, 45, 44, 17, 18, 46, 45, 18, 19, 47, 46, 19, 20, 48, 47, 20, 21, 49, 48, 21, 22, 50, 49, 22, 23, 51, 50, 23, 24, 52, 51, 24, 25, 53, 52, 25, 26, 54, 53, 26, 27, 55, 54, 27, 0, 28, 55, 56, 1, 0, 57, 28, 29, 56, 2, 1, 57, 29, 30, 56, 3, 2, 57, 30, 31, 56, 4, 3, 57, 31, 32, 56, 5, 4, 57, 32, 33, 56, 6, 5, 57, 33, 34, 56, 7, 6, 57, 34, 35, 56, 8, 7, 57, 35, 36, 56, 9, 8, 57, 36, 37, 56, 10, 9, 57, 37, 38, 56, 11, 10, 57, 38, 39, 56, 12, 11, 57, 39, 40, 56, 13, 12, 57, 40, 41, 56, 14, 13, 57, 41, 42, 56, 15, 14, 57, 42, 43, 56, 16, 15, 57, 43, 44, 56, 17, 16, 57, 44, 45, 56, 18, 17, 57, 45, 46, 56, 19, 18, 57, 46, 47, 56, 20, 19, 57, 47, 48, 56, 21, 20, 57, 48, 49, 56, 22, 21, 57, 49, 50, 56, 23, 22, 57, 50, 51, 56, 24, 23, 57, 51, 52, 56, 25, 24, 57, 52, 53, 56, 26, 25, 57, 53, 54, 56, 27, 26, 57, 54, 55, 56, 0, 27, 57, 55, 28]
                    rel material:binding = </World/Looks/Hous>
                    normal3f[] normals = [(0, 1, 0), (0, 0.9749279, 0.22252093), (0, 0.9749279, 0.22252093), (0, 1, 0), (0, 0.9749279, 0.22252093), (0, 0.90096885, 0.43388373), (0, 0.90096885, 0.43388373), (0, 0.9749279, 0.22252093), (0, 0.90096885, 0.43388373), (0, 0.7818315, 0.6234898), (0, 0.7818315, 0.6234898), (0, 0.90096885, 0.43388373), (0, 0.7818315, 0.6234898), (0, 0.6234898, 0.7818315), (0, 0.6234898, 0.7818315), (0, 0.7818315, 0.6234898), (0, 0.6234898, 0.7818315), (0, 0.43388373, 0.90096885), (0, 0.43388373, 0.90096885), (0, 0.6234898, 0.7818315), (0, 0.43388373, 0.90096885), (0, 0.22252093, 0.9749279), (0, 0.22252093, 0.9749279), (0, 0.43388373, 0.90096885), (0, 0.22252093, 0.9749279), (0, 6.123234e-17, 1), (0, 6.123234e-17, 1), (0, 0.22252093, 0.9749279), (0, 6.123234e-17, 1), (0, -0.22252093, 0.9749279), (0, -0.22252093, 0.9749279), (0, 6.123234e-17, 1), (0, -0.22252093, 0.9749279), (0, -0.43388373, 0.90096885), (0, -0.43388373, 0.90096885), (0, -0.22252093, 0.9749279), (0, -0.43388373, 0.90096885), (0, -0.6234898, 0.7818315), (0, -0.6234898, 0.7818315), (0, -0.43388373, 0.90096885), (0, -0.6234898, 0.7818315), (0, -0.7818315, 0.6234898), (0, -0.7818315, 0.6234898), (0, -0.6234898, 0.7818315), (0, -0.7818315, 0.6234898), (0, -0.90096885, 0.43388373), (0, -0.90096885, 0.43388373), (0, -0.7818315, 0.6234898), (0, -0.90096885, 0.43388373), (0, -0.9749279, 0.22252093), (0, -0.9749279, 0.22252093), (0, -0.90096885, 0.43388373), (0, -0.9749279, 0.22252093), (0, -1, 1.2246469e-16), (0, -1, 1.2246469e-16), (0, -0.9749279, 0.22252093), (0, -1, 1.2246469e-16), (0, -0.9749279, -0.22252093), (0, -0.9749279, -0.22252093), (0, -1, 1.2246469e-16), (0, -0.9749279, -0.22252093), (0, -0.90096885, -0.43388373), (0, -0.90096885, -0.43388373), (0, -0.9749279, -0.22252093), (0, -0.90096885, -0.43388373), (0, -0.7818315, -0.6234898), (0, -0.7818315, -0.6234898), (0, -0.90096885, -0.43388373), (0, -0.7818315, -0.6234898), (0, -0.6234898, -0.7818315), (0, -0.6234898, -0.7818315), (0, -0.7818315, -0.6234898), (0, -0.6234898, -0.7818315), (0, -0.43388373, -0.90096885), (0, -0.43388373, -0.90096885), (0, -0.6234898, -0.7818315), (0, -0.43388373, -0.90096885), (0, -0.22252093, -0.9749279), (0, -0.22252093, -0.9749279), (0, -0.43388373, -0.90096885), (0, -0.22252093, -0.9749279), (0, -1.8369701e-16, -1), (0, -1.8369701e-16, -1), (0, -0.22252093, -0.9749279), (0, -1.8369701e-16, -1), (0, 0.22252093, -0.9749279), (0, 0.22252093, -0.9749279), (0, -1.8369701e-16, -1), (0, 0.22252093, -0.9749279), (0, 0.43388373, -0.90096885), (0, 0.43388373, -0.90096885), (0, 0.22252093, -0.9749279), (0, 0.43388373, -0.90096885), (0, 0.6234898, -0.7818315), (0, 0.6234898, -0.7818315), (0, 0.43388373, -0.90096885), (0, 0.6234898, -0.7818315), (0, 0.7818315, -0.6234898), (0, 0.7818315, -0.6234898), (0, 0.6234898, -0.7818315), (0, 0.7818315, -0.6234898), (0, 0.90096885, -0.43388373), (0, 0.90096885, -0.43388373), (0, 0.7818315, -0.6234898), (0, 0.90096885, -0.43388373), (0, 0.9749279, -0.22252093), (0, 0.9749279, -0.22252093), (0, 0.90096885, -0.43388373), (0, 0.9749279, -0.22252093), (0, 1, 0), (0, 1, 0), (0, 0.9749279, -0.22252093), (-1, 0, 0), (-1, 0, 0), (-1, 0, 0), (1, 0, 0), (1, 0, 0), (1, 0, 0), (-1, 0, 0), (-1, 0, 0), (-1, 0, 0), (1, 0, 0), (1, 0, 0), (1, 0, 0), (-1, 0, 0), (-1, 0, 0), (-1, 0, 0), (1, 0, 0), (1, 0, 0), (1, 0, 0), (-1, 0, 0), (-1, 0, 0), (-1, 0, 0), (1, 0, 0), (1, 0, 0), (1, 0, 0), (-1, 0, 0), (-1, 0, 0), (-1, 0, 0), (1, 0, 0), (1, 0, 0), (1, 0, 0), (-1, 0, 0), (-1, 0, 0), (-1, 0, 0), (1, 0, 0), (1, 0, 0), (1, 0, 0), (-1, 0, 0), (-1, 0, 0), (-1, 0, 0), (1, 0, 0), (1, 0, 0), (1, 0, 0), (-1, 0, 0), (-1, 0, 0), (-1, 0, 0), (1, 0, 0), (1, 0, 0), (1, 0, 0), (-1, 0, 0), (-1, 0, 0), (-1, 0, 0), (1, 0, 0), (1, 0, 0), (1, 0, 0), (-1, 0, 0), (-1, 0, 0), (-1, 0, 0), (1, 0, 0), (1, 0, 0), (1, 0, 0), (-1, 0, 0), (-1, 0, 0), (-1, 0, 0), (1, 0, 0), (1, 0, 0), (1, 0, 0), (-1, 0, 0), (-1, 0, 0), (-1, 0, 0), (1, 0, 0), (1, 0, 0), (1, 0, 0), (-1, 0, 0), (-1, 0, 0), (-1, 0, 0), (1, 0, 0), (1, 0, 0), (1, 0, 0), (-1, 0, 0), (-1, 0, 0), (-1, 0, 0), (1, 0, 0), (1, 0, 0), (1, 0, 0), (-1, 0, 0), (-1, 0, 0), (-1, 0, 0), (1, 0, 0), (1, 0, 0), (1, 0, 0), (-1, 0, 0), (-1, 0, 0), (-1, 0, 0), (1, 0, 0), (1, 0, 0), (1, 0, 0), (-1, 0, 0), (-1, 0, 0), (-1, 0, 0), (1, 0, 0), (1, 0, 0), (1, 0, 0), (-1, 0, 0), (-1, 0, 0), (-1, 0, 0), (1, 0, 0), (1, 0, 0), (1, 0, 0), (-1, 0, 0), (-1, 0, 0), (-1, 0, 0), (1, 0, 0), (1, 0, 0), (1, 0, 0), (-1, 0, 0), (-1, 0, 0), (-1, 0, 0), (1, 0, 0), (1, 0, 0), (1, 0, 0), (-1, 0, 0), (-1, 0, 0), (-1, 0, 0), (1, 0, 0), (1, 0, 0), (1, 0, 0), (-1, 0, 0), (-1, 0, 0), (-1, 0, 0), (1, 0, 0), (1, 0, 0), (1, 0, 0), (-1, 0, 0), (-1, 0, 0), (-1, 0, 0), (1, 0, 0), (1, 0, 0), (1, 0, 0), (-1, 0, 0), (-1, 0, 0), (-1, 0, 0), (1, 0, 0), (1, 0, 0), (1, 0, 0), (-1, 0, 0), (-1, 0, 0), (-1, 0, 0), (1, 0, 0), (1, 0, 0), (1, 0, 0), (-1, 0, 0), (-1, 0, 0), (-1, 0, 0), (1, 0, 0), (1, 0, 0), (1, 0, 0), (-1, 0, 0), (-1, 0, 0), (-1, 0, 0), (1, 0, 0), (1, 0, 0), (1, 0, 0), (-1, 0, 0), (-1, 0, 0), (-1, 0, 0), (1, 0, 0), (1, 0, 0), (1, 0, 0)] (
                        interpolation = "faceVarying"
                    )
                    point3f[] points = [(-0.007, 0.008, 0), (-0.007, 0.0077994233, 0.0017801675), (-0.007, 0.007207751, 0.00347107), (-0.007, 0.006254652, 0.0049879183), (-0.007, 0.0049879183, 0.006254652), (-0.007, 0.00347107, 0.007207751), (-0.007, 0.0017801675, 0.0077994233), (-0.007, 4.8985874e-19, 0.008), (-0.007, -0.0017801675, 0.0077994233), (-0.007, -0.00347107, 0.007207751), (-0.007, -0.0049879183, 0.006254652), (-0.007, -0.006254652, 0.0049879183), (-0.007, -0.007207751, 0.00347107), (-0.007, -0.0077994233, 0.0017801675), (-0.007, -0.008, 9.797175e-19), (-0.007, -0.0077994233, -0.0017801675), (-0.007, -0.007207751, -0.00347107), (-0.007, -0.006254652, -0.0049879183), (-0.007, -0.0049879183, -0.006254652), (-0.007, -0.00347107, -0.007207751), (-0.007, -0.0017801675, -0.0077994233), (-0.007, -1.4695761e-18, -0.008), (-0.007, 0.0017801675, -0.0077994233), (-0.007, 0.00347107, -0.007207751), (-0.007, 0.0049879183, -0.006254652), (-0.007, 0.006254652, -0.0049879183), (-0.007, 0.007207751, -0.00347107), (-0.007, 0.0077994233, -0.0017801675), (0.007, 0.008, 0), (0.007, 0.0077994233, 0.0017801675), (0.007, 0.007207751, 0.00347107), (0.007, 0.006254652, 0.0049879183), (0.007, 0.0049879183, 0.006254652), (0.007, 0.00347107, 0.007207751), (0.007, 0.0017801675, 0.0077994233), (0.007, 4.8985874e-19, 0.008), (0.007, -0.0017801675, 0.0077994233), (0.007, -0.00347107, 0.007207751), (0.007, -0.0049879183, 0.006254652), (0.007, -0.006254652, 0.0049879183), (0.007, -0.007207751, 0.00347107), (0.007, -0.0077994233, 0.0017801675), (0.007, -0.008, 9.797175e-19), (0.007, -0.0077994233, -0.0017801675), (0.007, -0.007207751, -0.00347107), (0.007, -0.006254652, -0.0049879183), (0.007, -0.0049879183, -0.006254652), (0.007, -0.00347107, -0.007207751), (0.007, -0.0017801675, -0.0077994233), (0.007, -1.4695761e-18, -0.008), (0.007, 0.0017801675, -0.0077994233), (0.007, 0.00347107, -0.007207751), (0.007, 0.0049879183, -0.006254652), (0.007, 0.006254652, -0.0049879183), (0.007, 0.007207751, -0.00347107), (0.007, 0.0077994233, -0.0017801675), (-0.007, 0, 0), (0.007, 0, 0)]
                    uniform token subdivisionScheme = "none"
                }
            }

            def Xform "Hous_B2"
            {
                matrix4d xformOp:transform = ( (0, -0.5000000000000004, -0.8660254037844384, 0), (0, 0.8660254037844384, -0.5000000000000004, 0), (1, 0, 0, 0), (0.018, -0.01050000000000001, -0.018186533479473205, 1) )
                uniform token[] xformOpOrder = ["xformOp:transform"]

                def Mesh "G" (
                    prepend apiSchemas = ["MaterialBindingAPI"]
                )
                {
                    float3[] extent = [(-0.007, -0.008, -0.008), (0.007, 0.008, 0.008)]
                    int[] faceVertexCounts = [4, 4, 4, 4, 4, 4, 4, 4, 4, 4, 4, 4, 4, 4, 4, 4, 4, 4, 4, 4, 4, 4, 4, 4, 4, 4, 4, 4, 3, 3, 3, 3, 3, 3, 3, 3, 3, 3, 3, 3, 3, 3, 3, 3, 3, 3, 3, 3, 3, 3, 3, 3, 3, 3, 3, 3, 3, 3, 3, 3, 3, 3, 3, 3, 3, 3, 3, 3, 3, 3, 3, 3, 3, 3, 3, 3, 3, 3, 3, 3, 3, 3, 3, 3]
                    int[] faceVertexIndices = [0, 1, 29, 28, 1, 2, 30, 29, 2, 3, 31, 30, 3, 4, 32, 31, 4, 5, 33, 32, 5, 6, 34, 33, 6, 7, 35, 34, 7, 8, 36, 35, 8, 9, 37, 36, 9, 10, 38, 37, 10, 11, 39, 38, 11, 12, 40, 39, 12, 13, 41, 40, 13, 14, 42, 41, 14, 15, 43, 42, 15, 16, 44, 43, 16, 17, 45, 44, 17, 18, 46, 45, 18, 19, 47, 46, 19, 20, 48, 47, 20, 21, 49, 48, 21, 22, 50, 49, 22, 23, 51, 50, 23, 24, 52, 51, 24, 25, 53, 52, 25, 26, 54, 53, 26, 27, 55, 54, 27, 0, 28, 55, 56, 1, 0, 57, 28, 29, 56, 2, 1, 57, 29, 30, 56, 3, 2, 57, 30, 31, 56, 4, 3, 57, 31, 32, 56, 5, 4, 57, 32, 33, 56, 6, 5, 57, 33, 34, 56, 7, 6, 57, 34, 35, 56, 8, 7, 57, 35, 36, 56, 9, 8, 57, 36, 37, 56, 10, 9, 57, 37, 38, 56, 11, 10, 57, 38, 39, 56, 12, 11, 57, 39, 40, 56, 13, 12, 57, 40, 41, 56, 14, 13, 57, 41, 42, 56, 15, 14, 57, 42, 43, 56, 16, 15, 57, 43, 44, 56, 17, 16, 57, 44, 45, 56, 18, 17, 57, 45, 46, 56, 19, 18, 57, 46, 47, 56, 20, 19, 57, 47, 48, 56, 21, 20, 57, 48, 49, 56, 22, 21, 57, 49, 50, 56, 23, 22, 57, 50, 51, 56, 24, 23, 57, 51, 52, 56, 25, 24, 57, 52, 53, 56, 26, 25, 57, 53, 54, 56, 27, 26, 57, 54, 55, 56, 0, 27, 57, 55, 28]
                    rel material:binding = </World/Looks/Hous>
                    normal3f[] normals = [(0, 1, 0), (0, 0.9749279, 0.22252093), (0, 0.9749279, 0.22252093), (0, 1, 0), (0, 0.9749279, 0.22252093), (0, 0.90096885, 0.43388373), (0, 0.90096885, 0.43388373), (0, 0.9749279, 0.22252093), (0, 0.90096885, 0.43388373), (0, 0.7818315, 0.6234898), (0, 0.7818315, 0.6234898), (0, 0.90096885, 0.43388373), (0, 0.7818315, 0.6234898), (0, 0.6234898, 0.7818315), (0, 0.6234898, 0.7818315), (0, 0.7818315, 0.6234898), (0, 0.6234898, 0.7818315), (0, 0.43388373, 0.90096885), (0, 0.43388373, 0.90096885), (0, 0.6234898, 0.7818315), (0, 0.43388373, 0.90096885), (0, 0.22252093, 0.9749279), (0, 0.22252093, 0.9749279), (0, 0.43388373, 0.90096885), (0, 0.22252093, 0.9749279), (0, 6.123234e-17, 1), (0, 6.123234e-17, 1), (0, 0.22252093, 0.9749279), (0, 6.123234e-17, 1), (0, -0.22252093, 0.9749279), (0, -0.22252093, 0.9749279), (0, 6.123234e-17, 1), (0, -0.22252093, 0.9749279), (0, -0.43388373, 0.90096885), (0, -0.43388373, 0.90096885), (0, -0.22252093, 0.9749279), (0, -0.43388373, 0.90096885), (0, -0.6234898, 0.7818315), (0, -0.6234898, 0.7818315), (0, -0.43388373, 0.90096885), (0, -0.6234898, 0.7818315), (0, -0.7818315, 0.6234898), (0, -0.7818315, 0.6234898), (0, -0.6234898, 0.7818315), (0, -0.7818315, 0.6234898), (0, -0.90096885, 0.43388373), (0, -0.90096885, 0.43388373), (0, -0.7818315, 0.6234898), (0, -0.90096885, 0.43388373), (0, -0.9749279, 0.22252093), (0, -0.9749279, 0.22252093), (0, -0.90096885, 0.43388373), (0, -0.9749279, 0.22252093), (0, -1, 1.2246469e-16), (0, -1, 1.2246469e-16), (0, -0.9749279, 0.22252093), (0, -1, 1.2246469e-16), (0, -0.9749279, -0.22252093), (0, -0.9749279, -0.22252093), (0, -1, 1.2246469e-16), (0, -0.9749279, -0.22252093), (0, -0.90096885, -0.43388373), (0, -0.90096885, -0.43388373), (0, -0.9749279, -0.22252093), (0, -0.90096885, -0.43388373), (0, -0.7818315, -0.6234898), (0, -0.7818315, -0.6234898), (0, -0.90096885, -0.43388373), (0, -0.7818315, -0.6234898), (0, -0.6234898, -0.7818315), (0, -0.6234898, -0.7818315), (0, -0.7818315, -0.6234898), (0, -0.6234898, -0.7818315), (0, -0.43388373, -0.90096885), (0, -0.43388373, -0.90096885), (0, -0.6234898, -0.7818315), (0, -0.43388373, -0.90096885), (0, -0.22252093, -0.9749279), (0, -0.22252093, -0.9749279), (0, -0.43388373, -0.90096885), (0, -0.22252093, -0.9749279), (0, -1.8369701e-16, -1), (0, -1.8369701e-16, -1), (0, -0.22252093, -0.9749279), (0, -1.8369701e-16, -1), (0, 0.22252093, -0.9749279), (0, 0.22252093, -0.9749279), (0, -1.8369701e-16, -1), (0, 0.22252093, -0.9749279), (0, 0.43388373, -0.90096885), (0, 0.43388373, -0.90096885), (0, 0.22252093, -0.9749279), (0, 0.43388373, -0.90096885), (0, 0.6234898, -0.7818315), (0, 0.6234898, -0.7818315), (0, 0.43388373, -0.90096885), (0, 0.6234898, -0.7818315), (0, 0.7818315, -0.6234898), (0, 0.7818315, -0.6234898), (0, 0.6234898, -0.7818315), (0, 0.7818315, -0.6234898), (0, 0.90096885, -0.43388373), (0, 0.90096885, -0.43388373), (0, 0.7818315, -0.6234898), (0, 0.90096885, -0.43388373), (0, 0.9749279, -0.22252093), (0, 0.9749279, -0.22252093), (0, 0.90096885, -0.43388373), (0, 0.9749279, -0.22252093), (0, 1, 0), (0, 1, 0), (0, 0.9749279, -0.22252093), (-1, 0, 0), (-1, 0, 0), (-1, 0, 0), (1, 0, 0), (1, 0, 0), (1, 0, 0), (-1, 0, 0), (-1, 0, 0), (-1, 0, 0), (1, 0, 0), (1, 0, 0), (1, 0, 0), (-1, 0, 0), (-1, 0, 0), (-1, 0, 0), (1, 0, 0), (1, 0, 0), (1, 0, 0), (-1, 0, 0), (-1, 0, 0), (-1, 0, 0), (1, 0, 0), (1, 0, 0), (1, 0, 0), (-1, 0, 0), (-1, 0, 0), (-1, 0, 0), (1, 0, 0), (1, 0, 0), (1, 0, 0), (-1, 0, 0), (-1, 0, 0), (-1, 0, 0), (1, 0, 0), (1, 0, 0), (1, 0, 0), (-1, 0, 0), (-1, 0, 0), (-1, 0, 0), (1, 0, 0), (1, 0, 0), (1, 0, 0), (-1, 0, 0), (-1, 0, 0), (-1, 0, 0), (1, 0, 0), (1, 0, 0), (1, 0, 0), (-1, 0, 0), (-1, 0, 0), (-1, 0, 0), (1, 0, 0), (1, 0, 0), (1, 0, 0), (-1, 0, 0), (-1, 0, 0), (-1, 0, 0), (1, 0, 0), (1, 0, 0), (1, 0, 0), (-1, 0, 0), (-1, 0, 0), (-1, 0, 0), (1, 0, 0), (1, 0, 0), (1, 0, 0), (-1, 0, 0), (-1, 0, 0), (-1, 0, 0), (1, 0, 0), (1, 0, 0), (1, 0, 0), (-1, 0, 0), (-1, 0, 0), (-1, 0, 0), (1, 0, 0), (1, 0, 0), (1, 0, 0), (-1, 0, 0), (-1, 0, 0), (-1, 0, 0), (1, 0, 0), (1, 0, 0), (1, 0, 0), (-1, 0, 0), (-1, 0, 0), (-1, 0, 0), (1, 0, 0), (1, 0, 0), (1, 0, 0), (-1, 0, 0), (-1, 0, 0), (-1, 0, 0), (1, 0, 0), (1, 0, 0), (1, 0, 0), (-1, 0, 0), (-1, 0, 0), (-1, 0, 0), (1, 0, 0), (1, 0, 0), (1, 0, 0), (-1, 0, 0), (-1, 0, 0), (-1, 0, 0), (1, 0, 0), (1, 0, 0), (1, 0, 0), (-1, 0, 0), (-1, 0, 0), (-1, 0, 0), (1, 0, 0), (1, 0, 0), (1, 0, 0), (-1, 0, 0), (-1, 0, 0), (-1, 0, 0), (1, 0, 0), (1, 0, 0), (1, 0, 0), (-1, 0, 0), (-1, 0, 0), (-1, 0, 0), (1, 0, 0), (1, 0, 0), (1, 0, 0), (-1, 0, 0), (-1, 0, 0), (-1, 0, 0), (1, 0, 0), (1, 0, 0), (1, 0, 0), (-1, 0, 0), (-1, 0, 0), (-1, 0, 0), (1, 0, 0), (1, 0, 0), (1, 0, 0), (-1, 0, 0), (-1, 0, 0), (-1, 0, 0), (1, 0, 0), (1, 0, 0), (1, 0, 0), (-1, 0, 0), (-1, 0, 0), (-1, 0, 0), (1, 0, 0), (1, 0, 0), (1, 0, 0), (-1, 0, 0), (-1, 0, 0), (-1, 0, 0), (1, 0, 0), (1, 0, 0), (1, 0, 0), (-1, 0, 0), (-1, 0, 0), (-1, 0, 0), (1, 0, 0), (1, 0, 0), (1, 0, 0), (-1, 0, 0), (-1, 0, 0), (-1, 0, 0), (1, 0, 0), (1, 0, 0), (1, 0, 0)] (
                        interpolation = "faceVarying"
                    )
                    point3f[] points = [(-0.007, 0.008, 0), (-0.007, 0.0077994233, 0.0017801675), (-0.007, 0.007207751, 0.00347107), (-0.007, 0.006254652, 0.0049879183), (-0.007, 0.0049879183, 0.006254652), (-0.007, 0.00347107, 0.007207751), (-0.007, 0.0017801675, 0.0077994233), (-0.007, 4.8985874e-19, 0.008), (-0.007, -0.0017801675, 0.0077994233), (-0.007, -0.00347107, 0.007207751), (-0.007, -0.0049879183, 0.006254652), (-0.007, -0.006254652, 0.0049879183), (-0.007, -0.007207751, 0.00347107), (-0.007, -0.0077994233, 0.0017801675), (-0.007, -0.008, 9.797175e-19), (-0.007, -0.0077994233, -0.0017801675), (-0.007, -0.007207751, -0.00347107), (-0.007, -0.006254652, -0.0049879183), (-0.007, -0.0049879183, -0.006254652), (-0.007, -0.00347107, -0.007207751), (-0.007, -0.0017801675, -0.0077994233), (-0.007, -1.4695761e-18, -0.008), (-0.007, 0.0017801675, -0.0077994233), (-0.007, 0.00347107, -0.007207751), (-0.007, 0.0049879183, -0.006254652), (-0.007, 0.006254652, -0.0049879183), (-0.007, 0.007207751, -0.00347107), (-0.007, 0.0077994233, -0.0017801675), (0.007, 0.008, 0), (0.007, 0.0077994233, 0.0017801675), (0.007, 0.007207751, 0.00347107), (0.007, 0.006254652, 0.0049879183), (0.007, 0.0049879183, 0.006254652), (0.007, 0.00347107, 0.007207751), (0.007, 0.0017801675, 0.0077994233), (0.007, 4.8985874e-19, 0.008), (0.007, -0.0017801675, 0.0077994233), (0.007, -0.00347107, 0.007207751), (0.007, -0.0049879183, 0.006254652), (0.007, -0.006254652, 0.0049879183), (0.007, -0.007207751, 0.00347107), (0.007, -0.0077994233, 0.0017801675), (0.007, -0.008, 9.797175e-19), (0.007, -0.0077994233, -0.0017801675), (0.007, -0.007207751, -0.00347107), (0.007, -0.006254652, -0.0049879183), (0.007, -0.0049879183, -0.006254652), (0.007, -0.00347107, -0.007207751), (0.007, -0.0017801675, -0.0077994233), (0.007, -1.4695761e-18, -0.008), (0.007, 0.0017801675, -0.0077994233), (0.007, 0.00347107, -0.007207751), (0.007, 0.0049879183, -0.006254652), (0.007, 0.006254652, -0.0049879183), (0.007, 0.007207751, -0.00347107), (0.007, 0.0077994233, -0.0017801675), (-0.007, 0, 0), (0.007, 0, 0)]
                    uniform token subdivisionScheme = "none"
                }
            }

            def Mesh "Decal" (
                prepend apiSchemas = ["MaterialBindingAPI"]
            )
            {
                uniform bool doubleSided = 0
                float3[] extent = [(-0.02, -0.02515, -0.02515), (0.02, 0.02515, 0.02515)]
                int[] faceVertexCounts = [4, 4, 4, 4, 4, 4, 4, 4, 4, 4, 4, 4, 4, 4, 4, 4, 4, 4, 4, 4, 4, 4, 4, 4, 4, 4, 4, 4, 4, 4, 4, 4, 4, 4, 4, 4, 4, 4, 4, 4, 4, 4, 4, 4, 4, 4, 4, 4, 4, 4, 4, 4, 4, 4, 4, 4, 4, 4, 4, 4, 4, 4, 4, 4, 4, 4, 4, 4, 4, 4, 4, 4, 4, 4, 4, 4, 4, 4, 4, 4, 4, 4, 4, 4, 4, 4, 4, 4, 4, 4, 4, 4, 4, 4, 4, 4, 4, 4, 4, 4, 4, 4, 4, 4, 4, 4, 4, 4, 4, 4, 4, 4]
                int[] faceVertexIndices = [0, 1, 16, 15, 1, 2, 17, 16, 2, 3, 18, 17, 3, 4, 19, 18, 4, 5, 20, 19, 5, 6, 21, 20, 6, 7, 22, 21, 7, 8, 23, 22, 8, 9, 24, 23, 9, 10, 25, 24, 10, 11, 26, 25, 11, 12, 27, 26, 12, 13, 28, 27, 13, 14, 29, 28, 15, 16, 31, 30, 16, 17, 32, 31, 17, 18, 33, 32, 18, 19, 34, 33, 19, 20, 35, 34, 20, 21, 36, 35, 21, 22, 37, 36, 22, 23, 38, 37, 23, 24, 39, 38, 24, 25, 40, 39, 25, 26, 41, 40, 26, 27, 42, 41, 27, 28, 43, 42, 28, 29, 44, 43, 30, 31, 46, 45, 31, 32, 47, 46, 32, 33, 48, 47, 33, 34, 49, 48, 34, 35, 50, 49, 35, 36, 51, 50, 36, 37, 52, 51, 37, 38, 53, 52, 38, 39, 54, 53, 39, 40, 55, 54, 40, 41, 56, 55, 41, 42, 57, 56, 42, 43, 58, 57, 43, 44, 59, 58, 45, 46, 61, 60, 46, 47, 62, 61, 47, 48, 63, 62, 48, 49, 64, 63, 49, 50, 65, 64, 50, 51, 66, 65, 51, 52, 67, 66, 52, 53, 68, 67, 53, 54, 69, 68, 54, 55, 70, 69, 55, 56, 71, 70, 56, 57, 72, 71, 57, 58, 73, 72, 58, 59, 74, 73, 60, 61, 76, 75, 61, 62, 77, 76, 62, 63, 78, 77, 63, 64, 79, 78, 64, 65, 80, 79, 65, 66, 81, 80, 66, 67, 82, 81, 67, 68, 83, 82, 68, 69, 84, 83, 69, 70, 85, 84, 70, 71, 86, 85, 71, 72, 87, 86, 72, 73, 88, 87, 73, 74, 89, 88, 75, 76, 91, 90, 76, 77, 92, 91, 77, 78, 93, 92, 78, 79, 94, 93, 79, 80, 95, 94, 80, 81, 96, 95, 81, 82, 97, 96, 82, 83, 98, 97, 83, 84, 99, 98, 84, 85, 100, 99, 85, 86, 101, 100, 86, 87, 102, 101, 87, 88, 103, 102, 88, 89, 104, 103, 90, 91, 106, 105, 91, 92, 107, 106, 92, 93, 108, 107, 93, 94, 109, 108, 94, 95, 110, 109, 95, 96, 111, 110, 96, 97, 112, 111, 97, 98, 113, 112, 98, 99, 114, 113, 99, 100, 115, 114, 100, 101, 116, 115, 101, 102, 117, 116, 102, 103, 118, 117, 103, 104, 119, 118, 105, 106, 121, 120, 106, 107, 122, 121, 107, 108, 123, 122, 108, 109, 124, 123, 109, 110, 125, 124, 110, 111, 126, 125, 111, 112, 127, 126, 112, 113, 128, 127, 113, 114, 129, 128, 114, 115, 130, 129, 115, 116, 131, 130, 116, 117, 132, 131, 117, 118, 133, 132, 118, 119, 134, 133]
                rel material:binding = </World/Looks/Decal>
                point3f[] points = [(-0.02, 0.02178054, 0.012575), (-0.02, 0.019663062, 0.015680768), (-0.02, 0.017106345, 0.018436255), (-0.02, 0.0141675, 0.020779906), (-0.02, 0.010912176, 0.022659367), (-0.02, 0.0074130925, 0.024032656), (-0.02, 0.003748413, 0.024869096), (-0.02, 1.5399934e-18, 0.02515), (-0.02, -0.003748413, 0.024869096), (-0.02, -0.0074130925, 0.024032656), (-0.02, -0.010912176, 0.022659367), (-0.02, -0.0141675, 0.020779906), (-0.02, -0.017106345, 0.018436255), (-0.02, -0.019663062, 0.015680768), (-0.02, -0.02178054, 0.012575), (-0.015, 0.02178054, 0.012575), (-0.015, 0.019663062, 0.015680768), (-0.015, 0.017106345, 0.018436255), (-0.015, 0.0141675, 0.020779906), (-0.015, 0.010912176, 0.022659367), (-0.015, 0.0074130925, 0.024032656), (-0.015, 0.003748413, 0.024869096), (-0.015, 1.5399934e-18, 0.02515), (-0.015, -0.003748413, 0.024869096), (-0.015, -0.0074130925, 0.024032656), (-0.015, -0.010912176, 0.022659367), (-0.015, -0.0141675, 0.020779906), (-0.015, -0.017106345, 0.018436255), (-0.015, -0.019663062, 0.015680768), (-0.015, -0.02178054, 0.012575), (-0.01, 0.02178054, 0.012575), (-0.01, 0.019663062, 0.015680768), (-0.01, 0.017106345, 0.018436255), (-0.01, 0.0141675, 0.020779906), (-0.01, 0.010912176, 0.022659367), (-0.01, 0.0074130925, 0.024032656), (-0.01, 0.003748413, 0.024869096), (-0.01, 1.5399934e-18, 0.02515), (-0.01, -0.003748413, 0.024869096), (-0.01, -0.0074130925, 0.024032656), (-0.01, -0.010912176, 0.022659367), (-0.01, -0.0141675, 0.020779906), (-0.01, -0.017106345, 0.018436255), (-0.01, -0.019663062, 0.015680768), (-0.01, -0.02178054, 0.012575), (-0.005, 0.02178054, 0.012575), (-0.005, 0.019663062, 0.015680768), (-0.005, 0.017106345, 0.018436255), (-0.005, 0.0141675, 0.020779906), (-0.005, 0.010912176, 0.022659367), (-0.005, 0.0074130925, 0.024032656), (-0.005, 0.003748413, 0.024869096), (-0.005, 1.5399934e-18, 0.02515), (-0.005, -0.003748413, 0.024869096), (-0.005, -0.0074130925, 0.024032656), (-0.005, -0.010912176, 0.022659367), (-0.005, -0.0141675, 0.020779906), (-0.005, -0.017106345, 0.018436255), (-0.005, -0.019663062, 0.015680768), (-0.005, -0.02178054, 0.012575), (0, 0.02178054, 0.012575), (0, 0.019663062, 0.015680768), (0, 0.017106345, 0.018436255), (0, 0.0141675, 0.020779906), (0, 0.010912176, 0.022659367), (0, 0.0074130925, 0.024032656), (0, 0.003748413, 0.024869096), (0, 1.5399934e-18, 0.02515), (0, -0.003748413, 0.024869096), (0, -0.0074130925, 0.024032656), (0, -0.010912176, 0.022659367), (0, -0.0141675, 0.020779906), (0, -0.017106345, 0.018436255), (0, -0.019663062, 0.015680768), (0, -0.02178054, 0.012575), (0.005, 0.02178054, 0.012575), (0.005, 0.019663062, 0.015680768), (0.005, 0.017106345, 0.018436255), (0.005, 0.0141675, 0.020779906), (0.005, 0.010912176, 0.022659367), (0.005, 0.0074130925, 0.024032656), (0.005, 0.003748413, 0.024869096), (0.005, 1.5399934e-18, 0.02515), (0.005, -0.003748413, 0.024869096), (0.005, -0.0074130925, 0.024032656), (0.005, -0.010912176, 0.022659367), (0.005, -0.0141675, 0.020779906), (0.005, -0.017106345, 0.018436255), (0.005, -0.019663062, 0.015680768), (0.005, -0.02178054, 0.012575), (0.01, 0.02178054, 0.012575), (0.01, 0.019663062, 0.015680768), (0.01, 0.017106345, 0.018436255), (0.01, 0.0141675, 0.020779906), (0.01, 0.010912176, 0.022659367), (0.01, 0.0074130925, 0.024032656), (0.01, 0.003748413, 0.024869096), (0.01, 1.5399934e-18, 0.02515), (0.01, -0.003748413, 0.024869096), (0.01, -0.0074130925, 0.024032656), (0.01, -0.010912176, 0.022659367), (0.01, -0.0141675, 0.020779906), (0.01, -0.017106345, 0.018436255), (0.01, -0.019663062, 0.015680768), (0.01, -0.02178054, 0.012575), (0.015, 0.02178054, 0.012575), (0.015, 0.019663062, 0.015680768), (0.015, 0.017106345, 0.018436255), (0.015, 0.0141675, 0.020779906), (0.015, 0.010912176, 0.022659367), (0.015, 0.0074130925, 0.024032656), (0.015, 0.003748413, 0.024869096), (0.015, 1.5399934e-18, 0.02515), (0.015, -0.003748413, 0.024869096), (0.015, -0.0074130925, 0.024032656), (0.015, -0.010912176, 0.022659367), (0.015, -0.0141675, 0.020779906), (0.015, -0.017106345, 0.018436255), (0.015, -0.019663062, 0.015680768), (0.015, -0.02178054, 0.012575), (0.02, 0.02178054, 0.012575), (0.02, 0.019663062, 0.015680768), (0.02, 0.017106345, 0.018436255), (0.02, 0.0141675, 0.020779906), (0.02, 0.010912176, 0.022659367), (0.02, 0.0074130925, 0.024032656), (0.02, 0.003748413, 0.024869096), (0.02, 1.5399934e-18, 0.02515), (0.02, -0.003748413, 0.024869096), (0.02, -0.0074130925, 0.024032656), (0.02, -0.010912176, 0.022659367), (0.02, -0.0141675, 0.020779906), (0.02, -0.017106345, 0.018436255), (0.02, -0.019663062, 0.015680768), (0.02, -0.02178054, 0.012575)]
                texCoord2f[] primvars:st = [(0, 0), (0.071428575, 0), (0.071428575, 0.125), (0, 0.125), (0.071428575, 0), (0.14285715, 0), (0.14285715, 0.125), (0.071428575, 0.125), (0.14285715, 0), (0.21428572, 0), (0.21428572, 0.125), (0.14285715, 0.125), (0.21428572, 0), (0.2857143, 0), (0.2857143, 0.125), (0.21428572, 0.125), (0.2857143, 0), (0.35714287, 0), (0.35714287, 0.125), (0.2857143, 0.125), (0.35714287, 0), (0.42857143, 0), (0.42857143, 0.125), (0.35714287, 0.125), (0.42857143, 0), (0.5, 0), (0.5, 0.125), (0.42857143, 0.125), (0.5, 0), (0.5714286, 0), (0.5714286, 0.125), (0.5, 0.125), (0.5714286, 0), (0.64285713, 0), (0.64285713, 0.125), (0.5714286, 0.125), (0.64285713, 0), (0.71428573, 0), (0.71428573, 0.125), (0.64285713, 0.125), (0.71428573, 0), (0.78571427, 0), (0.78571427, 0.125), (0.71428573, 0.125), (0.78571427, 0), (0.85714287, 0), (0.85714287, 0.125), (0.78571427, 0.125), (0.85714287, 0), (0.9285714, 0), (0.9285714, 0.125), (0.85714287, 0.125), (0.9285714, 0), (1, 0), (1, 0.125), (0.9285714, 0.125), (0, 0.125), (0.071428575, 0.125), (0.071428575, 0.25), (0, 0.25), (0.071428575, 0.125), (0.14285715, 0.125), (0.14285715, 0.25), (0.071428575, 0.25), (0.14285715, 0.125), (0.21428572, 0.125), (0.21428572, 0.25), (0.14285715, 0.25), (0.21428572, 0.125), (0.2857143, 0.125), (0.2857143, 0.25), (0.21428572, 0.25), (0.2857143, 0.125), (0.35714287, 0.125), (0.35714287, 0.25), (0.2857143, 0.25), (0.35714287, 0.125), (0.42857143, 0.125), (0.42857143, 0.25), (0.35714287, 0.25), (0.42857143, 0.125), (0.5, 0.125), (0.5, 0.25), (0.42857143, 0.25), (0.5, 0.125), (0.5714286, 0.125), (0.5714286, 0.25), (0.5, 0.25), (0.5714286, 0.125), (0.64285713, 0.125), (0.64285713, 0.25), (0.5714286, 0.25), (0.64285713, 0.125), (0.71428573, 0.125), (0.71428573, 0.25), (0.64285713, 0.25), (0.71428573, 0.125), (0.78571427, 0.125), (0.78571427, 0.25), (0.71428573, 0.25), (0.78571427, 0.125), (0.85714287, 0.125), (0.85714287, 0.25), (0.78571427, 0.25), (0.85714287, 0.125), (0.9285714, 0.125), (0.9285714, 0.25), (0.85714287, 0.25), (0.9285714, 0.125), (1, 0.125), (1, 0.25), (0.9285714, 0.25), (0, 0.25), (0.071428575, 0.25), (0.071428575, 0.375), (0, 0.375), (0.071428575, 0.25), (0.14285715, 0.25), (0.14285715, 0.375), (0.071428575, 0.375), (0.14285715, 0.25), (0.21428572, 0.25), (0.21428572, 0.375), (0.14285715, 0.375), (0.21428572, 0.25), (0.2857143, 0.25), (0.2857143, 0.375), (0.21428572, 0.375), (0.2857143, 0.25), (0.35714287, 0.25), (0.35714287, 0.375), (0.2857143, 0.375), (0.35714287, 0.25), (0.42857143, 0.25), (0.42857143, 0.375), (0.35714287, 0.375), (0.42857143, 0.25), (0.5, 0.25), (0.5, 0.375), (0.42857143, 0.375), (0.5, 0.25), (0.5714286, 0.25), (0.5714286, 0.375), (0.5, 0.375), (0.5714286, 0.25), (0.64285713, 0.25), (0.64285713, 0.375), (0.5714286, 0.375), (0.64285713, 0.25), (0.71428573, 0.25), (0.71428573, 0.375), (0.64285713, 0.375), (0.71428573, 0.25), (0.78571427, 0.25), (0.78571427, 0.375), (0.71428573, 0.375), (0.78571427, 0.25), (0.85714287, 0.25), (0.85714287, 0.375), (0.78571427, 0.375), (0.85714287, 0.25), (0.9285714, 0.25), (0.9285714, 0.375), (0.85714287, 0.375), (0.9285714, 0.25), (1, 0.25), (1, 0.375), (0.9285714, 0.375), (0, 0.375), (0.071428575, 0.375), (0.071428575, 0.5), (0, 0.5), (0.071428575, 0.375), (0.14285715, 0.375), (0.14285715, 0.5), (0.071428575, 0.5), (0.14285715, 0.375), (0.21428572, 0.375), (0.21428572, 0.5), (0.14285715, 0.5), (0.21428572, 0.375), (0.2857143, 0.375), (0.2857143, 0.5), (0.21428572, 0.5), (0.2857143, 0.375), (0.35714287, 0.375), (0.35714287, 0.5), (0.2857143, 0.5), (0.35714287, 0.375), (0.42857143, 0.375), (0.42857143, 0.5), (0.35714287, 0.5), (0.42857143, 0.375), (0.5, 0.375), (0.5, 0.5), (0.42857143, 0.5), (0.5, 0.375), (0.5714286, 0.375), (0.5714286, 0.5), (0.5, 0.5), (0.5714286, 0.375), (0.64285713, 0.375), (0.64285713, 0.5), (0.5714286, 0.5), (0.64285713, 0.375), (0.71428573, 0.375), (0.71428573, 0.5), (0.64285713, 0.5), (0.71428573, 0.375), (0.78571427, 0.375), (0.78571427, 0.5), (0.71428573, 0.5), (0.78571427, 0.375), (0.85714287, 0.375), (0.85714287, 0.5), (0.78571427, 0.5), (0.85714287, 0.375), (0.9285714, 0.375), (0.9285714, 0.5), (0.85714287, 0.5), (0.9285714, 0.375), (1, 0.375), (1, 0.5), (0.9285714, 0.5), (0, 0.5), (0.071428575, 0.5), (0.071428575, 0.625), (0, 0.625), (0.071428575, 0.5), (0.14285715, 0.5), (0.14285715, 0.625), (0.071428575, 0.625), (0.14285715, 0.5), (0.21428572, 0.5), (0.21428572, 0.625), (0.14285715, 0.625), (0.21428572, 0.5), (0.2857143, 0.5), (0.2857143, 0.625), (0.21428572, 0.625), (0.2857143, 0.5), (0.35714287, 0.5), (0.35714287, 0.625), (0.2857143, 0.625), (0.35714287, 0.5), (0.42857143, 0.5), (0.42857143, 0.625), (0.35714287, 0.625), (0.42857143, 0.5), (0.5, 0.5), (0.5, 0.625), (0.42857143, 0.625), (0.5, 0.5), (0.5714286, 0.5), (0.5714286, 0.625), (0.5, 0.625), (0.5714286, 0.5), (0.64285713, 0.5), (0.64285713, 0.625), (0.5714286, 0.625), (0.64285713, 0.5), (0.71428573, 0.5), (0.71428573, 0.625), (0.64285713, 0.625), (0.71428573, 0.5), (0.78571427, 0.5), (0.78571427, 0.625), (0.71428573, 0.625), (0.78571427, 0.5), (0.85714287, 0.5), (0.85714287, 0.625), (0.78571427, 0.625), (0.85714287, 0.5), (0.9285714, 0.5), (0.9285714, 0.625), (0.85714287, 0.625), (0.9285714, 0.5), (1, 0.5), (1, 0.625), (0.9285714, 0.625), (0, 0.625), (0.071428575, 0.625), (0.071428575, 0.75), (0, 0.75), (0.071428575, 0.625), (0.14285715, 0.625), (0.14285715, 0.75), (0.071428575, 0.75), (0.14285715, 0.625), (0.21428572, 0.625), (0.21428572, 0.75), (0.14285715, 0.75), (0.21428572, 0.625), (0.2857143, 0.625), (0.2857143, 0.75), (0.21428572, 0.75), (0.2857143, 0.625), (0.35714287, 0.625), (0.35714287, 0.75), (0.2857143, 0.75), (0.35714287, 0.625), (0.42857143, 0.625), (0.42857143, 0.75), (0.35714287, 0.75), (0.42857143, 0.625), (0.5, 0.625), (0.5, 0.75), (0.42857143, 0.75), (0.5, 0.625), (0.5714286, 0.625), (0.5714286, 0.75), (0.5, 0.75), (0.5714286, 0.625), (0.64285713, 0.625), (0.64285713, 0.75), (0.5714286, 0.75), (0.64285713, 0.625), (0.71428573, 0.625), (0.71428573, 0.75), (0.64285713, 0.75), (0.71428573, 0.625), (0.78571427, 0.625), (0.78571427, 0.75), (0.71428573, 0.75), (0.78571427, 0.625), (0.85714287, 0.625), (0.85714287, 0.75), (0.78571427, 0.75), (0.85714287, 0.625), (0.9285714, 0.625), (0.9285714, 0.75), (0.85714287, 0.75), (0.9285714, 0.625), (1, 0.625), (1, 0.75), (0.9285714, 0.75), (0, 0.75), (0.071428575, 0.75), (0.071428575, 0.875), (0, 0.875), (0.071428575, 0.75), (0.14285715, 0.75), (0.14285715, 0.875), (0.071428575, 0.875), (0.14285715, 0.75), (0.21428572, 0.75), (0.21428572, 0.875), (0.14285715, 0.875), (0.21428572, 0.75), (0.2857143, 0.75), (0.2857143, 0.875), (0.21428572, 0.875), (0.2857143, 0.75), (0.35714287, 0.75), (0.35714287, 0.875), (0.2857143, 0.875), (0.35714287, 0.75), (0.42857143, 0.75), (0.42857143, 0.875), (0.35714287, 0.875), (0.42857143, 0.75), (0.5, 0.75), (0.5, 0.875), (0.42857143, 0.875), (0.5, 0.75), (0.5714286, 0.75), (0.5714286, 0.875), (0.5, 0.875), (0.5714286, 0.75), (0.64285713, 0.75), (0.64285713, 0.875), (0.5714286, 0.875), (0.64285713, 0.75), (0.71428573, 0.75), (0.71428573, 0.875), (0.64285713, 0.875), (0.71428573, 0.75), (0.78571427, 0.75), (0.78571427, 0.875), (0.71428573, 0.875), (0.78571427, 0.75), (0.85714287, 0.75), (0.85714287, 0.875), (0.78571427, 0.875), (0.85714287, 0.75), (0.9285714, 0.75), (0.9285714, 0.875), (0.85714287, 0.875), (0.9285714, 0.75), (1, 0.75), (1, 0.875), (0.9285714, 0.875), (0, 0.875), (0.071428575, 0.875), (0.071428575, 1), (0, 1), (0.071428575, 0.875), (0.14285715, 0.875), (0.14285715, 1), (0.071428575, 1), (0.14285715, 0.875), (0.21428572, 0.875), (0.21428572, 1), (0.14285715, 1), (0.21428572, 0.875), (0.2857143, 0.875), (0.2857143, 1), (0.21428572, 1), (0.2857143, 0.875), (0.35714287, 0.875), (0.35714287, 1), (0.2857143, 1), (0.35714287, 0.875), (0.42857143, 0.875), (0.42857143, 1), (0.35714287, 1), (0.42857143, 0.875), (0.5, 0.875), (0.5, 1), (0.42857143, 1), (0.5, 0.875), (0.5714286, 0.875), (0.5714286, 1), (0.5, 1), (0.5714286, 0.875), (0.64285713, 0.875), (0.64285713, 1), (0.5714286, 1), (0.64285713, 0.875), (0.71428573, 0.875), (0.71428573, 1), (0.64285713, 1), (0.71428573, 0.875), (0.78571427, 0.875), (0.78571427, 1), (0.71428573, 1), (0.78571427, 0.875), (0.85714287, 0.875), (0.85714287, 1), (0.78571427, 1), (0.85714287, 0.875), (0.9285714, 0.875), (0.9285714, 1), (0.85714287, 1), (0.9285714, 0.875), (1, 0.875), (1, 1), (0.9285714, 1)] (
                    interpolation = "faceVarying"
                )
                uniform token subdivisionScheme = "none"
            }
        }

        def Xform "B_A0_Arm" (
            prepend apiSchemas = ["PhysicsRigidBodyAPI", "PhysicsMassAPI"]
        )
        {
            float physics:mass = 0.035
            matrix4d xformOp:transform = ( (0, 1, 0, 0), (0, -0, 1, 0), (1, 0, 0, 0), (-0.018, 0.04, 0, 1) )
            uniform token[] xformOpOrder = ["xformOp:transform"]

            def Mesh "Rod" (
                prepend apiSchemas = ["MaterialBindingAPI"]
            )
            {
                float3[] extent = [(-0.03, -0.005, -0.005), (-0.014, 0.005, 0.005)]
                int[] faceVertexCounts = [4, 4, 4, 4, 4, 4, 4, 4, 4, 4, 4, 4, 4, 4, 4, 4, 4, 4, 4, 4, 4, 4, 4, 4, 4, 4, 4, 4, 3, 3, 3, 3, 3, 3, 3, 3, 3, 3, 3, 3, 3, 3, 3, 3, 3, 3, 3, 3, 3, 3, 3, 3, 3, 3, 3, 3, 3, 3, 3, 3, 3, 3, 3, 3, 3, 3, 3, 3, 3, 3, 3, 3, 3, 3, 3, 3, 3, 3, 3, 3, 3, 3, 3, 3]
                int[] faceVertexIndices = [0, 1, 29, 28, 1, 2, 30, 29, 2, 3, 31, 30, 3, 4, 32, 31, 4, 5, 33, 32, 5, 6, 34, 33, 6, 7, 35, 34, 7, 8, 36, 35, 8, 9, 37, 36, 9, 10, 38, 37, 10, 11, 39, 38, 11, 12, 40, 39, 12, 13, 41, 40, 13, 14, 42, 41, 14, 15, 43, 42, 15, 16, 44, 43, 16, 17, 45, 44, 17, 18, 46, 45, 18, 19, 47, 46, 19, 20, 48, 47, 20, 21, 49, 48, 21, 22, 50, 49, 22, 23, 51, 50, 23, 24, 52, 51, 24, 25, 53, 52, 25, 26, 54, 53, 26, 27, 55, 54, 27, 0, 28, 55, 56, 1, 0, 57, 28, 29, 56, 2, 1, 57, 29, 30, 56, 3, 2, 57, 30, 31, 56, 4, 3, 57, 31, 32, 56, 5, 4, 57, 32, 33, 56, 6, 5, 57, 33, 34, 56, 7, 6, 57, 34, 35, 56, 8, 7, 57, 35, 36, 56, 9, 8, 57, 36, 37, 56, 10, 9, 57, 37, 38, 56, 11, 10, 57, 38, 39, 56, 12, 11, 57, 39, 40, 56, 13, 12, 57, 40, 41, 56, 14, 13, 57, 41, 42, 56, 15, 14, 57, 42, 43, 56, 16, 15, 57, 43, 44, 56, 17, 16, 57, 44, 45, 56, 18, 17, 57, 45, 46, 56, 19, 18, 57, 46, 47, 56, 20, 19, 57, 47, 48, 56, 21, 20, 57, 48, 49, 56, 22, 21, 57, 49, 50, 56, 23, 22, 57, 50, 51, 56, 24, 23, 57, 51, 52, 56, 25, 24, 57, 52, 53, 56, 26, 25, 57, 53, 54, 56, 27, 26, 57, 54, 55, 56, 0, 27, 57, 55, 28]
                rel material:binding = </World/Looks/Rod>
                normal3f[] normals = [(0, 1, 0), (0, 0.9749279, 0.22252093), (0, 0.9749279, 0.22252093), (0, 1, 0), (0, 0.9749279, 0.22252093), (0, 0.90096885, 0.43388373), (0, 0.90096885, 0.43388373), (0, 0.9749279, 0.22252093), (0, 0.90096885, 0.43388373), (0, 0.7818315, 0.6234898), (0, 0.7818315, 0.6234898), (0, 0.90096885, 0.43388373), (0, 0.7818315, 0.6234898), (0, 0.6234898, 0.7818315), (0, 0.6234898, 0.7818315), (0, 0.7818315, 0.6234898), (0, 0.6234898, 0.7818315), (0, 0.43388373, 0.90096885), (0, 0.43388373, 0.90096885), (0, 0.6234898, 0.7818315), (0, 0.43388373, 0.90096885), (0, 0.22252093, 0.9749279), (0, 0.22252093, 0.9749279), (0, 0.43388373, 0.90096885), (0, 0.22252093, 0.9749279), (0, 6.123234e-17, 1), (0, 6.123234e-17, 1), (0, 0.22252093, 0.9749279), (0, 6.123234e-17, 1), (0, -0.22252093, 0.9749279), (0, -0.22252093, 0.9749279), (0, 6.123234e-17, 1), (0, -0.22252093, 0.9749279), (0, -0.43388373, 0.90096885), (0, -0.43388373, 0.90096885), (0, -0.22252093, 0.9749279), (0, -0.43388373, 0.90096885), (0, -0.6234898, 0.7818315), (0, -0.6234898, 0.7818315), (0, -0.43388373, 0.90096885), (0, -0.6234898, 0.7818315), (0, -0.7818315, 0.6234898), (0, -0.7818315, 0.6234898), (0, -0.6234898, 0.7818315), (0, -0.7818315, 0.6234898), (0, -0.90096885, 0.43388373), (0, -0.90096885, 0.43388373), (0, -0.7818315, 0.6234898), (0, -0.90096885, 0.43388373), (0, -0.9749279, 0.22252093), (0, -0.9749279, 0.22252093), (0, -0.90096885, 0.43388373), (0, -0.9749279, 0.22252093), (0, -1, 1.2246469e-16), (0, -1, 1.2246469e-16), (0, -0.9749279, 0.22252093), (0, -1, 1.2246469e-16), (0, -0.9749279, -0.22252093), (0, -0.9749279, -0.22252093), (0, -1, 1.2246469e-16), (0, -0.9749279, -0.22252093), (0, -0.90096885, -0.43388373), (0, -0.90096885, -0.43388373), (0, -0.9749279, -0.22252093), (0, -0.90096885, -0.43388373), (0, -0.7818315, -0.6234898), (0, -0.7818315, -0.6234898), (0, -0.90096885, -0.43388373), (0, -0.7818315, -0.6234898), (0, -0.6234898, -0.7818315), (0, -0.6234898, -0.7818315), (0, -0.7818315, -0.6234898), (0, -0.6234898, -0.7818315), (0, -0.43388373, -0.90096885), (0, -0.43388373, -0.90096885), (0, -0.6234898, -0.7818315), (0, -0.43388373, -0.90096885), (0, -0.22252093, -0.9749279), (0, -0.22252093, -0.9749279), (0, -0.43388373, -0.90096885), (0, -0.22252093, -0.9749279), (0, -1.8369701e-16, -1), (0, -1.8369701e-16, -1), (0, -0.22252093, -0.9749279), (0, -1.8369701e-16, -1), (0, 0.22252093, -0.9749279), (0, 0.22252093, -0.9749279), (0, -1.8369701e-16, -1), (0, 0.22252093, -0.9749279), (0, 0.43388373, -0.90096885), (0, 0.43388373, -0.90096885), (0, 0.22252093, -0.9749279), (0, 0.43388373, -0.90096885), (0, 0.6234898, -0.7818315), (0, 0.6234898, -0.7818315), (0, 0.43388373, -0.90096885), (0, 0.6234898, -0.7818315), (0, 0.7818315, -0.6234898), (0, 0.7818315, -0.6234898), (0, 0.6234898, -0.7818315), (0, 0.7818315, -0.6234898), (0, 0.90096885, -0.43388373), (0, 0.90096885, -0.43388373), (0, 0.7818315, -0.6234898), (0, 0.90096885, -0.43388373), (0, 0.9749279, -0.22252093), (0, 0.9749279, -0.22252093), (0, 0.90096885, -0.43388373), (0, 0.9749279, -0.22252093), (0, 1, 0), (0, 1, 0), (0, 0.9749279, -0.22252093), (-1, 0, 0), (-1, 0, 0), (-1, 0, 0), (1, 0, 0), (1, 0, 0), (1, 0, 0), (-1, 0, 0), (-1, 0, 0), (-1, 0, 0), (1, 0, 0), (1, 0, 0), (1, 0, 0), (-1, 0, 0), (-1, 0, 0), (-1, 0, 0), (1, 0, 0), (1, 0, 0), (1, 0, 0), (-1, 0, 0), (-1, 0, 0), (-1, 0, 0), (1, 0, 0), (1, 0, 0), (1, 0, 0), (-1, 0, 0), (-1, 0, 0), (-1, 0, 0), (1, 0, 0), (1, 0, 0), (1, 0, 0), (-1, 0, 0), (-1, 0, 0), (-1, 0, 0), (1, 0, 0), (1, 0, 0), (1, 0, 0), (-1, 0, 0), (-1, 0, 0), (-1, 0, 0), (1, 0, 0), (1, 0, 0), (1, 0, 0), (-1, 0, 0), (-1, 0, 0), (-1, 0, 0), (1, 0, 0), (1, 0, 0), (1, 0, 0), (-1, 0, 0), (-1, 0, 0), (-1, 0, 0), (1, 0, 0), (1, 0, 0), (1, 0, 0), (-1, 0, 0), (-1, 0, 0), (-1, 0, 0), (1, 0, 0), (1, 0, 0), (1, 0, 0), (-1, 0, 0), (-1, 0, 0), (-1, 0, 0), (1, 0, 0), (1, 0, 0), (1, 0, 0), (-1, 0, 0), (-1, 0, 0), (-1, 0, 0), (1, 0, 0), (1, 0, 0), (1, 0, 0), (-1, 0, 0), (-1, 0, 0), (-1, 0, 0), (1, 0, 0), (1, 0, 0), (1, 0, 0), (-1, 0, 0), (-1, 0, 0), (-1, 0, 0), (1, 0, 0), (1, 0, 0), (1, 0, 0), (-1, 0, 0), (-1, 0, 0), (-1, 0, 0), (1, 0, 0), (1, 0, 0), (1, 0, 0), (-1, 0, 0), (-1, 0, 0), (-1, 0, 0), (1, 0, 0), (1, 0, 0), (1, 0, 0), (-1, 0, 0), (-1, 0, 0), (-1, 0, 0), (1, 0, 0), (1, 0, 0), (1, 0, 0), (-1, 0, 0), (-1, 0, 0), (-1, 0, 0), (1, 0, 0), (1, 0, 0), (1, 0, 0), (-1, 0, 0), (-1, 0, 0), (-1, 0, 0), (1, 0, 0), (1, 0, 0), (1, 0, 0), (-1, 0, 0), (-1, 0, 0), (-1, 0, 0), (1, 0, 0), (1, 0, 0), (1, 0, 0), (-1, 0, 0), (-1, 0, 0), (-1, 0, 0), (1, 0, 0), (1, 0, 0), (1, 0, 0), (-1, 0, 0), (-1, 0, 0), (-1, 0, 0), (1, 0, 0), (1, 0, 0), (1, 0, 0), (-1, 0, 0), (-1, 0, 0), (-1, 0, 0), (1, 0, 0), (1, 0, 0), (1, 0, 0), (-1, 0, 0), (-1, 0, 0), (-1, 0, 0), (1, 0, 0), (1, 0, 0), (1, 0, 0), (-1, 0, 0), (-1, 0, 0), (-1, 0, 0), (1, 0, 0), (1, 0, 0), (1, 0, 0), (-1, 0, 0), (-1, 0, 0), (-1, 0, 0), (1, 0, 0), (1, 0, 0), (1, 0, 0), (-1, 0, 0), (-1, 0, 0), (-1, 0, 0), (1, 0, 0), (1, 0, 0), (1, 0, 0), (-1, 0, 0), (-1, 0, 0), (-1, 0, 0), (1, 0, 0), (1, 0, 0), (1, 0, 0)] (
                    interpolation = "faceVarying"
                )
                point3f[] points = [(-0.03, 0.005, 0), (-0.03, 0.0048746397, 0.0011126046), (-0.03, 0.0045048445, 0.0021694186), (-0.03, 0.0039091576, 0.003117449), (-0.03, 0.003117449, 0.0039091576), (-0.03, 0.0021694186, 0.0045048445), (-0.03, 0.0011126046, 0.0048746397), (-0.03, 3.061617e-19, 0.005), (-0.03, -0.0011126046, 0.0048746397), (-0.03, -0.0021694186, 0.0045048445), (-0.03, -0.003117449, 0.0039091576), (-0.03, -0.0039091576, 0.003117449), (-0.03, -0.0045048445, 0.0021694186), (-0.03, -0.0048746397, 0.0011126046), (-0.03, -0.005, 6.123234e-19), (-0.03, -0.0048746397, -0.0011126046), (-0.03, -0.0045048445, -0.0021694186), (-0.03, -0.0039091576, -0.003117449), (-0.03, -0.003117449, -0.0039091576), (-0.03, -0.0021694186, -0.0045048445), (-0.03, -0.0011126046, -0.0048746397), (-0.03, -9.184851e-19, -0.005), (-0.03, 0.0011126046, -0.0048746397), (-0.03, 0.0021694186, -0.0045048445), (-0.03, 0.003117449, -0.0039091576), (-0.03, 0.0039091576, -0.003117449), (-0.03, 0.0045048445, -0.0021694186), (-0.03, 0.0048746397, -0.0011126046), (-0.014, 0.005, 0), (-0.014, 0.0048746397, 0.0011126046), (-0.014, 0.0045048445, 0.0021694186), (-0.014, 0.0039091576, 0.003117449), (-0.014, 0.003117449, 0.0039091576), (-0.014, 0.0021694186, 0.0045048445), (-0.014, 0.0011126046, 0.0048746397), (-0.014, 3.061617e-19, 0.005), (-0.014, -0.0011126046, 0.0048746397), (-0.014, -0.0021694186, 0.0045048445), (-0.014, -0.003117449, 0.0039091576), (-0.014, -0.0039091576, 0.003117449), (-0.014, -0.0045048445, 0.0021694186), (-0.014, -0.0048746397, 0.0011126046), (-0.014, -0.005, 6.123234e-19), (-0.014, -0.0048746397, -0.0011126046), (-0.014, -0.0045048445, -0.0021694186), (-0.014, -0.0039091576, -0.003117449), (-0.014, -0.003117449, -0.0039091576), (-0.014, -0.0021694186, -0.0045048445), (-0.014, -0.0011126046, -0.0048746397), (-0.014, -9.184851e-19, -0.005), (-0.014, 0.0011126046, -0.0048746397), (-0.014, 0.0021694186, -0.0045048445), (-0.014, 0.003117449, -0.0039091576), (-0.014, 0.0039091576, -0.003117449), (-0.014, 0.0045048445, -0.0021694186), (-0.014, 0.0048746397, -0.0011126046), (-0.03, 0, 0), (-0.014, 0, 0)]
                uniform token subdivisionScheme = "none"
            }

            def Cube "Yoke" (
                prepend apiSchemas = ["MaterialBindingAPI"]
            )
            {
                float3[] extent = [(-0.5, -0.5, -0.5), (0.5, 0.5, 0.5)]
                rel material:binding = </World/Looks/Fork>
                double size = 1
                matrix4d xformOp:transform = ( (0.0033, 0, 0, 0), (0, 0.023, 0, 0), (0, 0, 0.011, 0), (-0.012650000000000002, 0, 0, 1) )
                uniform token[] xformOpOrder = ["xformOp:transform"]
            }

            def Cube "ForkL" (
                prepend apiSchemas = ["MaterialBindingAPI"]
            )
            {
                float3[] extent = [(-0.5, -0.5, -0.5), (0.5, 0.5, 0.5)]
                rel material:binding = </World/Looks/Fork>
                double size = 1
                matrix4d xformOp:transform = ( (0.014, 0, 0, 0), (0, 0.003, 0, 0), (0, 0, 0.011, 0), (-0.007, 0.01, 0, 1) )
                uniform token[] xformOpOrder = ["xformOp:transform"]
            }

            def Cube "ForkR" (
                prepend apiSchemas = ["MaterialBindingAPI"]
            )
            {
                float3[] extent = [(-0.5, -0.5, -0.5), (0.5, 0.5, 0.5)]
                rel material:binding = </World/Looks/Fork>
                double size = 1
                matrix4d xformOp:transform = ( (0.014, 0, 0, 0), (0, 0.003, 0, 0), (0, 0, 0.011, 0), (-0.007, -0.01, 0, 1) )
                uniform token[] xformOpOrder = ["xformOp:transform"]
            }

            def Mesh "Axle" (
                prepend apiSchemas = ["MaterialBindingAPI"]
            )
            {
                float3[] extent = [(-0.0025, -0.0115, -0.0025), (0.0025, 0.0115, 0.0025)]
                int[] faceVertexCounts = [4, 4, 4, 4, 4, 4, 4, 4, 4, 4, 4, 4, 4, 4, 4, 4, 4, 4, 4, 4, 4, 4, 4, 4, 4, 4, 4, 4, 3, 3, 3, 3, 3, 3, 3, 3, 3, 3, 3, 3, 3, 3, 3, 3, 3, 3, 3, 3, 3, 3, 3, 3, 3, 3, 3, 3, 3, 3, 3, 3, 3, 3, 3, 3, 3, 3, 3, 3, 3, 3, 3, 3, 3, 3, 3, 3, 3, 3, 3, 3, 3, 3, 3, 3]
                int[] faceVertexIndices = [0, 1, 29, 28, 1, 2, 30, 29, 2, 3, 31, 30, 3, 4, 32, 31, 4, 5, 33, 32, 5, 6, 34, 33, 6, 7, 35, 34, 7, 8, 36, 35, 8, 9, 37, 36, 9, 10, 38, 37, 10, 11, 39, 38, 11, 12, 40, 39, 12, 13, 41, 40, 13, 14, 42, 41, 14, 15, 43, 42, 15, 16, 44, 43, 16, 17, 45, 44, 17, 18, 46, 45, 18, 19, 47, 46, 19, 20, 48, 47, 20, 21, 49, 48, 21, 22, 50, 49, 22, 23, 51, 50, 23, 24, 52, 51, 24, 25, 53, 52, 25, 26, 54, 53, 26, 27, 55, 54, 27, 0, 28, 55, 56, 1, 0, 57, 28, 29, 56, 2, 1, 57, 29, 30, 56, 3, 2, 57, 30, 31, 56, 4, 3, 57, 31, 32, 56, 5, 4, 57, 32, 33, 56, 6, 5, 57, 33, 34, 56, 7, 6, 57, 34, 35, 56, 8, 7, 57, 35, 36, 56, 9, 8, 57, 36, 37, 56, 10, 9, 57, 37, 38, 56, 11, 10, 57, 38, 39, 56, 12, 11, 57, 39, 40, 56, 13, 12, 57, 40, 41, 56, 14, 13, 57, 41, 42, 56, 15, 14, 57, 42, 43, 56, 16, 15, 57, 43, 44, 56, 17, 16, 57, 44, 45, 56, 18, 17, 57, 45, 46, 56, 19, 18, 57, 46, 47, 56, 20, 19, 57, 47, 48, 56, 21, 20, 57, 48, 49, 56, 22, 21, 57, 49, 50, 56, 23, 22, 57, 50, 51, 56, 24, 23, 57, 51, 52, 56, 25, 24, 57, 52, 53, 56, 26, 25, 57, 53, 54, 56, 27, 26, 57, 54, 55, 56, 0, 27, 57, 55, 28]
                rel material:binding = </World/Looks/Axle>
                normal3f[] normals = [(0, 0, 1), (0.22252093, 0, 0.9749279), (0.22252093, 0, 0.9749279), (0, 0, 1), (0.22252093, 0, 0.9749279), (0.43388373, 0, 0.90096885), (0.43388373, 0, 0.90096885), (0.22252093, 0, 0.9749279), (0.43388373, 0, 0.90096885), (0.6234898, 0, 0.7818315), (0.6234898, 0, 0.7818315), (0.43388373, 0, 0.90096885), (0.6234898, 0, 0.7818315), (0.7818315, 0, 0.6234898), (0.7818315, 0, 0.6234898), (0.6234898, 0, 0.7818315), (0.7818315, 0, 0.6234898), (0.90096885, 0, 0.43388373), (0.90096885, 0, 0.43388373), (0.7818315, 0, 0.6234898), (0.90096885, 0, 0.43388373), (0.9749279, 0, 0.22252093), (0.9749279, 0, 0.22252093), (0.90096885, 0, 0.43388373), (0.9749279, 0, 0.22252093), (1, 0, 6.123234e-17), (1, 0, 6.123234e-17), (0.9749279, 0, 0.22252093), (1, 0, 6.123234e-17), (0.9749279, 0, -0.22252093), (0.9749279, 0, -0.22252093), (1, 0, 6.123234e-17), (0.9749279, 0, -0.22252093), (0.90096885, 0, -0.43388373), (0.90096885, 0, -0.43388373), (0.9749279, 0, -0.22252093), (0.90096885, 0, -0.43388373), (0.7818315, 0, -0.6234898), (0.7818315, 0, -0.6234898), (0.90096885, 0, -0.43388373), (0.7818315, 0, -0.6234898), (0.6234898, 0, -0.7818315), (0.6234898, 0, -0.7818315), (0.7818315, 0, -0.6234898), (0.6234898, 0, -0.7818315), (0.43388373, 0, -0.90096885), (0.43388373, 0, -0.90096885), (0.6234898, 0, -0.7818315), (0.43388373, 0, -0.90096885), (0.22252093, 0, -0.9749279), (0.22252093, 0, -0.9749279), (0.43388373, 0, -0.90096885), (0.22252093, 0, -0.9749279), (1.2246469e-16, 0, -1), (1.2246469e-16, 0, -1), (0.22252093, 0, -0.9749279), (1.2246469e-16, 0, -1), (-0.22252093, 0, -0.9749279), (-0.22252093, 0, -0.9749279), (1.2246469e-16, 0, -1), (-0.22252093, 0, -0.9749279), (-0.43388373, 0, -0.90096885), (-0.43388373, 0, -0.90096885), (-0.22252093, 0, -0.9749279), (-0.43388373, 0, -0.90096885), (-0.6234898, 0, -0.7818315), (-0.6234898, 0, -0.7818315), (-0.43388373, 0, -0.90096885), (-0.6234898, 0, -0.7818315), (-0.7818315, 0, -0.6234898), (-0.7818315, 0, -0.6234898), (-0.6234898, 0, -0.7818315), (-0.7818315, 0, -0.6234898), (-0.90096885, 0, -0.43388373), (-0.90096885, 0, -0.43388373), (-0.7818315, 0, -0.6234898), (-0.90096885, 0, -0.43388373), (-0.9749279, 0, -0.22252093), (-0.9749279, 0, -0.22252093), (-0.90096885, 0, -0.43388373), (-0.9749279, 0, -0.22252093), (-1, 0, -1.8369701e-16), (-1, 0, -1.8369701e-16), (-0.9749279, 0, -0.22252093), (-1, 0, -1.8369701e-16), (-0.9749279, 0, 0.22252093), (-0.9749279, 0, 0.22252093), (-1, 0, -1.8369701e-16), (-0.9749279, 0, 0.22252093), (-0.90096885, 0, 0.43388373), (-0.90096885, 0, 0.43388373), (-0.9749279, 0, 0.22252093), (-0.90096885, 0, 0.43388373), (-0.7818315, 0, 0.6234898), (-0.7818315, 0, 0.6234898), (-0.90096885, 0, 0.43388373), (-0.7818315, 0, 0.6234898), (-0.6234898, 0, 0.7818315), (-0.6234898, 0, 0.7818315), (-0.7818315, 0, 0.6234898), (-0.6234898, 0, 0.7818315), (-0.43388373, 0, 0.90096885), (-0.43388373, 0, 0.90096885), (-0.6234898, 0, 0.7818315), (-0.43388373, 0, 0.90096885), (-0.22252093, 0, 0.9749279), (-0.22252093, 0, 0.9749279), (-0.43388373, 0, 0.90096885), (-0.22252093, 0, 0.9749279), (0, 0, 1), (0, 0, 1), (-0.22252093, 0, 0.9749279), (0, -1, 0), (0, -1, 0), (0, -1, 0), (0, 1, 0), (0, 1, 0), (0, 1, 0), (0, -1, 0), (0, -1, 0), (0, -1, 0), (0, 1, 0), (0, 1, 0), (0, 1, 0), (0, -1, 0), (0, -1, 0), (0, -1, 0), (0, 1, 0), (0, 1, 0), (0, 1, 0), (0, -1, 0), (0, -1, 0), (0, -1, 0), (0, 1, 0), (0, 1, 0), (0, 1, 0), (0, -1, 0), (0, -1, 0), (0, -1, 0), (0, 1, 0), (0, 1, 0), (0, 1, 0), (0, -1, 0), (0, -1, 0), (0, -1, 0), (0, 1, 0), (0, 1, 0), (0, 1, 0), (0, -1, 0), (0, -1, 0), (0, -1, 0), (0, 1, 0), (0, 1, 0), (0, 1, 0), (0, -1, 0), (0, -1, 0), (0, -1, 0), (0, 1, 0), (0, 1, 0), (0, 1, 0), (0, -1, 0), (0, -1, 0), (0, -1, 0), (0, 1, 0), (0, 1, 0), (0, 1, 0), (0, -1, 0), (0, -1, 0), (0, -1, 0), (0, 1, 0), (0, 1, 0), (0, 1, 0), (0, -1, 0), (0, -1, 0), (0, -1, 0), (0, 1, 0), (0, 1, 0), (0, 1, 0), (0, -1, 0), (0, -1, 0), (0, -1, 0), (0, 1, 0), (0, 1, 0), (0, 1, 0), (0, -1, 0), (0, -1, 0), (0, -1, 0), (0, 1, 0), (0, 1, 0), (0, 1, 0), (0, -1, 0), (0, -1, 0), (0, -1, 0), (0, 1, 0), (0, 1, 0), (0, 1, 0), (0, -1, 0), (0, -1, 0), (0, -1, 0), (0, 1, 0), (0, 1, 0), (0, 1, 0), (0, -1, 0), (0, -1, 0), (0, -1, 0), (0, 1, 0), (0, 1, 0), (0, 1, 0), (0, -1, 0), (0, -1, 0), (0, -1, 0), (0, 1, 0), (0, 1, 0), (0, 1, 0), (0, -1, 0), (0, -1, 0), (0, -1, 0), (0, 1, 0), (0, 1, 0), (0, 1, 0), (0, -1, 0), (0, -1, 0), (0, -1, 0), (0, 1, 0), (0, 1, 0), (0, 1, 0), (0, -1, 0), (0, -1, 0), (0, -1, 0), (0, 1, 0), (0, 1, 0), (0, 1, 0), (0, -1, 0), (0, -1, 0), (0, -1, 0), (0, 1, 0), (0, 1, 0), (0, 1, 0), (0, -1, 0), (0, -1, 0), (0, -1, 0), (0, 1, 0), (0, 1, 0), (0, 1, 0), (0, -1, 0), (0, -1, 0), (0, -1, 0), (0, 1, 0), (0, 1, 0), (0, 1, 0), (0, -1, 0), (0, -1, 0), (0, -1, 0), (0, 1, 0), (0, 1, 0), (0, 1, 0), (0, -1, 0), (0, -1, 0), (0, -1, 0), (0, 1, 0), (0, 1, 0), (0, 1, 0), (0, -1, 0), (0, -1, 0), (0, -1, 0), (0, 1, 0), (0, 1, 0), (0, 1, 0), (0, -1, 0), (0, -1, 0), (0, -1, 0), (0, 1, 0), (0, 1, 0), (0, 1, 0), (0, -1, 0), (0, -1, 0), (0, -1, 0), (0, 1, 0), (0, 1, 0), (0, 1, 0)] (
                    interpolation = "faceVarying"
                )
                point3f[] points = [(0, -0.0115, 0.0025), (0.0005563023, -0.0115, 0.0024373198), (0.0010847093, -0.0115, 0.0022524223), (0.0015587246, -0.0115, 0.0019545788), (0.0019545788, -0.0115, 0.0015587246), (0.0022524223, -0.0115, 0.0010847093), (0.0024373198, -0.0115, 0.0005563023), (0.0025, -0.0115, 1.5308085e-19), (0.0024373198, -0.0115, -0.0005563023), (0.0022524223, -0.0115, -0.0010847093), (0.0019545788, -0.0115, -0.0015587246), (0.0015587246, -0.0115, -0.0019545788), (0.0010847093, -0.0115, -0.0022524223), (0.0005563023, -0.0115, -0.0024373198), (3.061617e-19, -0.0115, -0.0025), (-0.0005563023, -0.0115, -0.0024373198), (-0.0010847093, -0.0115, -0.0022524223), (-0.0015587246, -0.0115, -0.0019545788), (-0.0019545788, -0.0115, -0.0015587246), (-0.0022524223, -0.0115, -0.0010847093), (-0.0024373198, -0.0115, -0.0005563023), (-0.0025, -0.0115, -4.5924256e-19), (-0.0024373198, -0.0115, 0.0005563023), (-0.0022524223, -0.0115, 0.0010847093), (-0.0019545788, -0.0115, 0.0015587246), (-0.0015587246, -0.0115, 0.0019545788), (-0.0010847093, -0.0115, 0.0022524223), (-0.0005563023, -0.0115, 0.0024373198), (0, 0.0115, 0.0025), (0.0005563023, 0.0115, 0.0024373198), (0.0010847093, 0.0115, 0.0022524223), (0.0015587246, 0.0115, 0.0019545788), (0.0019545788, 0.0115, 0.0015587246), (0.0022524223, 0.0115, 0.0010847093), (0.0024373198, 0.0115, 0.0005563023), (0.0025, 0.0115, 1.5308085e-19), (0.0024373198, 0.0115, -0.0005563023), (0.0022524223, 0.0115, -0.0010847093), (0.0019545788, 0.0115, -0.0015587246), (0.0015587246, 0.0115, -0.0019545788), (0.0010847093, 0.0115, -0.0022524223), (0.0005563023, 0.0115, -0.0024373198), (3.061617e-19, 0.0115, -0.0025), (-0.0005563023, 0.0115, -0.0024373198), (-0.0010847093, 0.0115, -0.0022524223), (-0.0015587246, 0.0115, -0.0019545788), (-0.0019545788, 0.0115, -0.0015587246), (-0.0022524223, 0.0115, -0.0010847093), (-0.0024373198, 0.0115, -0.0005563023), (-0.0025, 0.0115, -4.5924256e-19), (-0.0024373198, 0.0115, 0.0005563023), (-0.0022524223, 0.0115, 0.0010847093), (-0.0019545788, 0.0115, 0.0015587246), (-0.0015587246, 0.0115, 0.0019545788), (-0.0010847093, 0.0115, 0.0022524223), (-0.0005563023, 0.0115, 0.0024373198), (0, -0.0115, 0), (0, 0.0115, 0)]
                uniform token subdivisionScheme = "none"
            }
        }

        def "SpringJoints"
        {
            def PhysicsPrismaticJoint "B_A0" (
                prepend apiSchemas = ["PhysicsDriveAPI:linear"]
            )
            {
                float drive:linear:physics:damping = 400
                float drive:linear:physics:maxForce = 60
                float drive:linear:physics:stiffness = 3000
                float drive:linear:physics:targetPosition = 0.008
                uniform token drive:linear:physics:type = "force"
                uniform token physics:axis = "X"
                rel physics:body0 = </World/Robot/Body>
                rel physics:body1 = </World/Robot/B_A0_Arm>
                point3f physics:localPos0 = (-0.018, 0.04, 0)
                point3f physics:localPos1 = (0, 0, 0)
                quatf physics:localRot0 = (0.5, 0.5, 0.5, 0.5)
                quatf physics:localRot1 = (1, 0, 0, 0)
                float physics:lowerLimit = -0.004
                float physics:upperLimit = 0.0037
            }

            def PhysicsPrismaticJoint "B_A1" (
                prepend apiSchemas = ["PhysicsDriveAPI:linear"]
            )
            {
                float drive:linear:physics:damping = 400
                float drive:linear:physics:maxForce = 60
                float drive:linear:physics:stiffness = 3000
                float drive:linear:physics:targetPosition = 0.008
                uniform token drive:linear:physics:type = "force"
                uniform token physics:axis = "X"
                rel physics:body0 = </World/Robot/Body>
                rel physics:body1 = </World/Robot/B_A1_Arm>
                point3f physics:localPos0 = (-0.018, -0.02, 0.034641016)
                point3f physics:localPos1 = (0, 0, 0)
                quatf physics:localRot0 = (-0.18301271, 0.6830127, -0.18301271, 0.6830127)
                quatf physics:localRot1 = (1, 0, 0, 0)
                float physics:lowerLimit = -0.004
                float physics:upperLimit = 0.0037
            }

            def PhysicsPrismaticJoint "B_A2" (
                prepend apiSchemas = ["PhysicsDriveAPI:linear"]
            )
            {
                float drive:linear:physics:damping = 400
                float drive:linear:physics:maxForce = 60
                float drive:linear:physics:stiffness = 3000
                float drive:linear:physics:targetPosition = 0.008
                uniform token drive:linear:physics:type = "force"
                uniform token physics:axis = "X"
                rel physics:body0 = </World/Robot/Body>
                rel physics:body1 = </World/Robot/B_A2_Arm>
                point3f physics:localPos0 = (-0.018, -0.02, -0.034641016)
                point3f physics:localPos1 = (0, 0, 0)
                quatf physics:localRot0 = (0.6830127, -0.18301271, 0.6830127, -0.18301271)
                quatf physics:localRot1 = (1, 0, 0, 0)
                float physics:lowerLimit = -0.004
                float physics:upperLimit = 0.0037
            }

            def PhysicsPrismaticJoint "B_B0" (
                prepend apiSchemas = ["PhysicsDriveAPI:linear"]
            )
            {
                float drive:linear:physics:damping = 400
                float drive:linear:physics:maxForce = 60
                float drive:linear:physics:stiffness = 3000
                float drive:linear:physics:targetPosition = 0.008
                uniform token drive:linear:physics:type = "force"
                uniform token physics:axis = "X"
                rel physics:body0 = </World/Robot/Body>
                rel physics:body1 = </World/Robot/B_B0_Arm>
                point3f physics:localPos0 = (0.018, 0.04, 0)
                point3f physics:localPos1 = (0, 0, 0)
                quatf physics:localRot0 = (0.5, 0.5, 0.5, 0.5)
                quatf physics:localRot1 = (1, 0, 0, 0)
                float physics:lowerLimit = -0.004
                float physics:upperLimit = 0.0037
            }

            def PhysicsPrismaticJoint "B_B1" (
                prepend apiSchemas = ["PhysicsDriveAPI:linear"]
            )
            {
                float drive:linear:physics:damping = 400
                float drive:linear:physics:maxForce = 60
                float drive:linear:physics:stiffness = 3000
                float drive:linear:physics:targetPosition = 0.008
                uniform token drive:linear:physics:type = "force"
                uniform token physics:axis = "X"
                rel physics:body0 = </World/Robot/Body>
                rel physics:body1 = </World/Robot/B_B1_Arm>
                point3f physics:localPos0 = (0.018, -0.02, 0.034641016)
                point3f physics:localPos1 = (0, 0, 0)
                quatf physics:localRot0 = (-0.18301271, 0.6830127, -0.18301271, 0.6830127)
                quatf physics:localRot1 = (1, 0, 0, 0)
                float physics:lowerLimit = -0.004
                float physics:upperLimit = 0.0037
            }

            def PhysicsPrismaticJoint "B_B2" (
                prepend apiSchemas = ["PhysicsDriveAPI:linear"]
            )
            {
                float drive:linear:physics:damping = 400
                float drive:linear:physics:maxForce = 60
                float drive:linear:physics:stiffness = 3000
                float drive:linear:physics:targetPosition = 0.008
                uniform token drive:linear:physics:type = "force"
                uniform token physics:axis = "X"
                rel physics:body0 = </World/Robot/Body>
                rel physics:body1 = </World/Robot/B_B2_Arm>
                point3f physics:localPos0 = (0.018, -0.02, -0.034641016)
                point3f physics:localPos1 = (0, 0, 0)
                quatf physics:localRot0 = (0.6830127, -0.18301271, 0.6830127, -0.18301271)
                quatf physics:localRot1 = (1, 0, 0, 0)
                float physics:lowerLimit = -0.004
                float physics:upperLimit = 0.0037
            }

            def PhysicsPrismaticJoint "DF_A0" (
                prepend apiSchemas = ["PhysicsDriveAPI:linear"]
            )
            {
                float drive:linear:physics:damping = 400
                float drive:linear:physics:maxForce = 60
                float drive:linear:physics:stiffness = 3000
                float drive:linear:physics:targetPosition = 0.008
                uniform token drive:linear:physics:type = "force"
                uniform token physics:axis = "X"
                rel physics:body0 = </World/Robot/DiscF>
                rel physics:body1 = </World/Robot/DF_A0_Arm>
                point3f physics:localPos0 = (0, 0.04, 0)
                point3f physics:localPos1 = (0, 0, 0)
                quatf physics:localRot0 = (0.5, 0.5, 0.5, 0.5)
                quatf physics:localRot1 = (1, 0, 0, 0)
                float physics:lowerLimit = -0.004
                float physics:upperLimit = 0.0037
            }

            def PhysicsPrismaticJoint "DF_A1" (
                prepend apiSchemas = ["PhysicsDriveAPI:linear"]
            )
            {
                float drive:linear:physics:damping = 400
                float drive:linear:physics:maxForce = 60
                float drive:linear:physics:stiffness = 3000
                float drive:linear:physics:targetPosition = 0.008
                uniform token drive:linear:physics:type = "force"
                uniform token physics:axis = "X"
                rel physics:body0 = </World/Robot/DiscF>
                rel physics:body1 = </World/Robot/DF_A1_Arm>
                point3f physics:localPos0 = (0, -0.02, 0.034641016)
                point3f physics:localPos1 = (0, 0, 0)
                quatf physics:localRot0 = (-0.18301271, 0.6830127, -0.18301271, 0.6830127)
                quatf physics:localRot1 = (1, 0, 0, 0)
                float physics:lowerLimit = -0.004
                float physics:upperLimit = 0.0037
            }

            def PhysicsPrismaticJoint "DF_A2" (
                prepend apiSchemas = ["PhysicsDriveAPI:linear"]
            )
            {
                float drive:linear:physics:damping = 400
                float drive:linear:physics:maxForce = 60
                float drive:linear:physics:stiffness = 3000
                float drive:linear:physics:targetPosition = 0.008
                uniform token drive:linear:physics:type = "force"
                uniform token physics:axis = "X"
                rel physics:body0 = </World/Robot/DiscF>
                rel physics:body1 = </World/Robot/DF_A2_Arm>
                point3f physics:localPos0 = (0, -0.02, -0.034641016)
                point3f physics:localPos1 = (0, 0, 0)
                quatf physics:localRot0 = (0.6830127, -0.18301271, 0.6830127, -0.18301271)
                quatf physics:localRot1 = (1, 0, 0, 0)
                float physics:lowerLimit = -0.004
                float physics:upperLimit = 0.0037
            }

            def PhysicsPrismaticJoint "DR_A0" (
                prepend apiSchemas = ["PhysicsDriveAPI:linear"]
            )
            {
                float drive:linear:physics:damping = 400
                float drive:linear:physics:maxForce = 60
                float drive:linear:physics:stiffness = 3000
                float drive:linear:physics:targetPosition = 0.008
                uniform token drive:linear:physics:type = "force"
                uniform token physics:axis = "X"
                rel physics:body0 = </World/Robot/DiscR>
                rel physics:body1 = </World/Robot/DR_A0_Arm>
                point3f physics:localPos0 = (0, 0.04, 0)
                point3f physics:localPos1 = (0, 0, 0)
                quatf physics:localRot0 = (0.5, 0.5, 0.5, 0.5)
                quatf physics:localRot1 = (1, 0, 0, 0)
                float physics:lowerLimit = -0.004
                float physics:upperLimit = 0.0037
            }

            def PhysicsPrismaticJoint "DR_A1" (
                prepend apiSchemas = ["PhysicsDriveAPI:linear"]
            )
            {
                float drive:linear:physics:damping = 400
                float drive:linear:physics:maxForce = 60
                float drive:linear:physics:stiffness = 3000
                float drive:linear:physics:targetPosition = 0.008
                uniform token drive:linear:physics:type = "force"
                uniform token physics:axis = "X"
                rel physics:body0 = </World/Robot/DiscR>
                rel physics:body1 = </World/Robot/DR_A1_Arm>
                point3f physics:localPos0 = (0, -0.02, 0.034641016)
                point3f physics:localPos1 = (0, 0, 0)
                quatf physics:localRot0 = (-0.18301271, 0.6830127, -0.18301271, 0.6830127)
                quatf physics:localRot1 = (1, 0, 0, 0)
                float physics:lowerLimit = -0.004
                float physics:upperLimit = 0.0037
            }

            def PhysicsPrismaticJoint "DR_A2" (
                prepend apiSchemas = ["PhysicsDriveAPI:linear"]
            )
            {
                float drive:linear:physics:damping = 400
                float drive:linear:physics:maxForce = 60
                float drive:linear:physics:stiffness = 3000
                float drive:linear:physics:targetPosition = 0.008
                uniform token drive:linear:physics:type = "force"
                uniform token physics:axis = "X"
                rel physics:body0 = </World/Robot/DiscR>
                rel physics:body1 = </World/Robot/DR_A2_Arm>
                point3f physics:localPos0 = (0, -0.02, -0.034641016)
                point3f physics:localPos1 = (0, 0, 0)
                quatf physics:localRot0 = (0.6830127, -0.18301271, 0.6830127, -0.18301271)
                quatf physics:localRot1 = (1, 0, 0, 0)
                float physics:lowerLimit = -0.004
                float physics:upperLimit = 0.0037
            }
        }

        def Xform "B_A0_Wheel" (
            apiSchemas = ["PhysicsRigidBodyAPI", "PhysicsMassAPI", "PhysxRigidBodyAPI"]
        )
        {
            point3f physics:centerOfMass = (0, 0, 0)
            float3 physics:diagonalInertia = (7e-7, 8e-7, 7e-7)
            float physics:mass = 0.025
            quatf physics:principalAxes = (1, 0, 0, 0)
            custom bool physxRigidBody:enableCCD = 1
            custom float physxRigidBody:maxLinearVelocity = 5
            matrix4d xformOp:transform = ( (0, 1, 0, 0), (0, -0, 1, 0), (1, 0, 0, 0), (-0.018, 0.04, 0, 1) )
            uniform token[] xformOpOrder = ["xformOp:transform"]

            def Cylinder "WheelCollider" (
                apiSchemas = ["PhysicsCollisionAPI", "PhysxCollisionAPI", "MaterialBindingAPI"]
            )
            {
                uniform token axis = "Y"
                float3[] extent = [(-0.008, -0.006, -0.008), (0.008, 0.006, 0.008)]
                double height = 0.012
                rel material:binding:physics = </World/Looks/TyrePhys> (
                    bindMaterialAs = "weakerThanDescendants"
                )
                custom float physxCollision:contactOffset = 0.004
                custom float physxCollision:restOffset = 0
                double radius = 0.008
                token visibility = "invisible"
            }

            def Mesh "WheelVisual" (
                prepend apiSchemas = ["MaterialBindingAPI"]
            )
            {
                float3[] extent = [(-0.008, -0.006, -0.008), (0.008, 0.006, 0.008)]
                int[] faceVertexCounts = [4, 4, 4, 4, 4, 4, 4, 4, 4, 4, 4, 4, 4, 4, 4, 4, 4, 4, 4, 4, 4, 4, 4, 4, 4, 4, 4, 4, 3, 3, 3, 3, 3, 3, 3, 3, 3, 3, 3, 3, 3, 3, 3, 3, 3, 3, 3, 3, 3, 3, 3, 3, 3, 3, 3, 3, 3, 3, 3, 3, 3, 3, 3, 3, 3, 3, 3, 3, 3, 3, 3, 3, 3, 3, 3, 3, 3, 3, 3, 3, 3, 3, 3, 3]
                int[] faceVertexIndices = [0, 1, 29, 28, 1, 2, 30, 29, 2, 3, 31, 30, 3, 4, 32, 31, 4, 5, 33, 32, 5, 6, 34, 33, 6, 7, 35, 34, 7, 8, 36, 35, 8, 9, 37, 36, 9, 10, 38, 37, 10, 11, 39, 38, 11, 12, 40, 39, 12, 13, 41, 40, 13, 14, 42, 41, 14, 15, 43, 42, 15, 16, 44, 43, 16, 17, 45, 44, 17, 18, 46, 45, 18, 19, 47, 46, 19, 20, 48, 47, 20, 21, 49, 48, 21, 22, 50, 49, 22, 23, 51, 50, 23, 24, 52, 51, 24, 25, 53, 52, 25, 26, 54, 53, 26, 27, 55, 54, 27, 0, 28, 55, 56, 1, 0, 57, 28, 29, 56, 2, 1, 57, 29, 30, 56, 3, 2, 57, 30, 31, 56, 4, 3, 57, 31, 32, 56, 5, 4, 57, 32, 33, 56, 6, 5, 57, 33, 34, 56, 7, 6, 57, 34, 35, 56, 8, 7, 57, 35, 36, 56, 9, 8, 57, 36, 37, 56, 10, 9, 57, 37, 38, 56, 11, 10, 57, 38, 39, 56, 12, 11, 57, 39, 40, 56, 13, 12, 57, 40, 41, 56, 14, 13, 57, 41, 42, 56, 15, 14, 57, 42, 43, 56, 16, 15, 57, 43, 44, 56, 17, 16, 57, 44, 45, 56, 18, 17, 57, 45, 46, 56, 19, 18, 57, 46, 47, 56, 20, 19, 57, 47, 48, 56, 21, 20, 57, 48, 49, 56, 22, 21, 57, 49, 50, 56, 23, 22, 57, 50, 51, 56, 24, 23, 57, 51, 52, 56, 25, 24, 57, 52, 53, 56, 26, 25, 57, 53, 54, 56, 27, 26, 57, 54, 55, 56, 0, 27, 57, 55, 28]
                rel material:binding = </World/Looks/Wheel>
                normal3f[] normals = [(0, 0, 1), (0.22252093, 0, 0.9749279), (0.22252093, 0, 0.9749279), (0, 0, 1), (0.22252093, 0, 0.9749279), (0.43388373, 0, 0.90096885), (0.43388373, 0, 0.90096885), (0.22252093, 0, 0.9749279), (0.43388373, 0, 0.90096885), (0.6234898, 0, 0.7818315), (0.6234898, 0, 0.7818315), (0.43388373, 0, 0.90096885), (0.6234898, 0, 0.7818315), (0.7818315, 0, 0.6234898), (0.7818315, 0, 0.6234898), (0.6234898, 0, 0.7818315), (0.7818315, 0, 0.6234898), (0.90096885, 0, 0.43388373), (0.90096885, 0, 0.43388373), (0.7818315, 0, 0.6234898), (0.90096885, 0, 0.43388373), (0.9749279, 0, 0.22252093), (0.9749279, 0, 0.22252093), (0.90096885, 0, 0.43388373), (0.9749279, 0, 0.22252093), (1, 0, 6.123234e-17), (1, 0, 6.123234e-17), (0.9749279, 0, 0.22252093), (1, 0, 6.123234e-17), (0.9749279, 0, -0.22252093), (0.9749279, 0, -0.22252093), (1, 0, 6.123234e-17), (0.9749279, 0, -0.22252093), (0.90096885, 0, -0.43388373), (0.90096885, 0, -0.43388373), (0.9749279, 0, -0.22252093), (0.90096885, 0, -0.43388373), (0.7818315, 0, -0.6234898), (0.7818315, 0, -0.6234898), (0.90096885, 0, -0.43388373), (0.7818315, 0, -0.6234898), (0.6234898, 0, -0.7818315), (0.6234898, 0, -0.7818315), (0.7818315, 0, -0.6234898), (0.6234898, 0, -0.7818315), (0.43388373, 0, -0.90096885), (0.43388373, 0, -0.90096885), (0.6234898, 0, -0.7818315), (0.43388373, 0, -0.90096885), (0.22252093, 0, -0.9749279), (0.22252093, 0, -0.9749279), (0.43388373, 0, -0.90096885), (0.22252093, 0, -0.9749279), (1.2246469e-16, 0, -1), (1.2246469e-16, 0, -1), (0.22252093, 0, -0.9749279), (1.2246469e-16, 0, -1), (-0.22252093, 0, -0.9749279), (-0.22252093, 0, -0.9749279), (1.2246469e-16, 0, -1), (-0.22252093, 0, -0.9749279), (-0.43388373, 0, -0.90096885), (-0.43388373, 0, -0.90096885), (-0.22252093, 0, -0.9749279), (-0.43388373, 0, -0.90096885), (-0.6234898, 0, -0.7818315), (-0.6234898, 0, -0.7818315), (-0.43388373, 0, -0.90096885), (-0.6234898, 0, -0.7818315), (-0.7818315, 0, -0.6234898), (-0.7818315, 0, -0.6234898), (-0.6234898, 0, -0.7818315), (-0.7818315, 0, -0.6234898), (-0.90096885, 0, -0.43388373), (-0.90096885, 0, -0.43388373), (-0.7818315, 0, -0.6234898), (-0.90096885, 0, -0.43388373), (-0.9749279, 0, -0.22252093), (-0.9749279, 0, -0.22252093), (-0.90096885, 0, -0.43388373), (-0.9749279, 0, -0.22252093), (-1, 0, -1.8369701e-16), (-1, 0, -1.8369701e-16), (-0.9749279, 0, -0.22252093), (-1, 0, -1.8369701e-16), (-0.9749279, 0, 0.22252093), (-0.9749279, 0, 0.22252093), (-1, 0, -1.8369701e-16), (-0.9749279, 0, 0.22252093), (-0.90096885, 0, 0.43388373), (-0.90096885, 0, 0.43388373), (-0.9749279, 0, 0.22252093), (-0.90096885, 0, 0.43388373), (-0.7818315, 0, 0.6234898), (-0.7818315, 0, 0.6234898), (-0.90096885, 0, 0.43388373), (-0.7818315, 0, 0.6234898), (-0.6234898, 0, 0.7818315), (-0.6234898, 0, 0.7818315), (-0.7818315, 0, 0.6234898), (-0.6234898, 0, 0.7818315), (-0.43388373, 0, 0.90096885), (-0.43388373, 0, 0.90096885), (-0.6234898, 0, 0.7818315), (-0.43388373, 0, 0.90096885), (-0.22252093, 0, 0.9749279), (-0.22252093, 0, 0.9749279), (-0.43388373, 0, 0.90096885), (-0.22252093, 0, 0.9749279), (0, 0, 1), (0, 0, 1), (-0.22252093, 0, 0.9749279), (0, -1, 0), (0, -1, 0), (0, -1, 0), (0, 1, 0), (0, 1, 0), (0, 1, 0), (0, -1, 0), (0, -1, 0), (0, -1, 0), (0, 1, 0), (0, 1, 0), (0, 1, 0), (0, -1, 0), (0, -1, 0), (0, -1, 0), (0, 1, 0), (0, 1, 0), (0, 1, 0), (0, -1, 0), (0, -1, 0), (0, -1, 0), (0, 1, 0), (0, 1, 0), (0, 1, 0), (0, -1, 0), (0, -1, 0), (0, -1, 0), (0, 1, 0), (0, 1, 0), (0, 1, 0), (0, -1, 0), (0, -1, 0), (0, -1, 0), (0, 1, 0), (0, 1, 0), (0, 1, 0), (0, -1, 0), (0, -1, 0), (0, -1, 0), (0, 1, 0), (0, 1, 0), (0, 1, 0), (0, -1, 0), (0, -1, 0), (0, -1, 0), (0, 1, 0), (0, 1, 0), (0, 1, 0), (0, -1, 0), (0, -1, 0), (0, -1, 0), (0, 1, 0), (0, 1, 0), (0, 1, 0), (0, -1, 0), (0, -1, 0), (0, -1, 0), (0, 1, 0), (0, 1, 0), (0, 1, 0), (0, -1, 0), (0, -1, 0), (0, -1, 0), (0, 1, 0), (0, 1, 0), (0, 1, 0), (0, -1, 0), (0, -1, 0), (0, -1, 0), (0, 1, 0), (0, 1, 0), (0, 1, 0), (0, -1, 0), (0, -1, 0), (0, -1, 0), (0, 1, 0), (0, 1, 0), (0, 1, 0), (0, -1, 0), (0, -1, 0), (0, -1, 0), (0, 1, 0), (0, 1, 0), (0, 1, 0), (0, -1, 0), (0, -1, 0), (0, -1, 0), (0, 1, 0), (0, 1, 0), (0, 1, 0), (0, -1, 0), (0, -1, 0), (0, -1, 0), (0, 1, 0), (0, 1, 0), (0, 1, 0), (0, -1, 0), (0, -1, 0), (0, -1, 0), (0, 1, 0), (0, 1, 0), (0, 1, 0), (0, -1, 0), (0, -1, 0), (0, -1, 0), (0, 1, 0), (0, 1, 0), (0, 1, 0), (0, -1, 0), (0, -1, 0), (0, -1, 0), (0, 1, 0), (0, 1, 0), (0, 1, 0), (0, -1, 0), (0, -1, 0), (0, -1, 0), (0, 1, 0), (0, 1, 0), (0, 1, 0), (0, -1, 0), (0, -1, 0), (0, -1, 0), (0, 1, 0), (0, 1, 0), (0, 1, 0), (0, -1, 0), (0, -1, 0), (0, -1, 0), (0, 1, 0), (0, 1, 0), (0, 1, 0), (0, -1, 0), (0, -1, 0), (0, -1, 0), (0, 1, 0), (0, 1, 0), (0, 1, 0), (0, -1, 0), (0, -1, 0), (0, -1, 0), (0, 1, 0), (0, 1, 0), (0, 1, 0), (0, -1, 0), (0, -1, 0), (0, -1, 0), (0, 1, 0), (0, 1, 0), (0, 1, 0), (0, -1, 0), (0, -1, 0), (0, -1, 0), (0, 1, 0), (0, 1, 0), (0, 1, 0), (0, -1, 0), (0, -1, 0), (0, -1, 0), (0, 1, 0), (0, 1, 0), (0, 1, 0), (0, -1, 0), (0, -1, 0), (0, -1, 0), (0, 1, 0), (0, 1, 0), (0, 1, 0)] (
                    interpolation = "faceVarying"
                )
                point3f[] points = [(0, -0.006, 0.008), (0.0017801675, -0.006, 0.0077994233), (0.00347107, -0.006, 0.007207751), (0.0049879183, -0.006, 0.006254652), (0.006254652, -0.006, 0.0049879183), (0.007207751, -0.006, 0.00347107), (0.0077994233, -0.006, 0.0017801675), (0.008, -0.006, 4.8985874e-19), (0.0077994233, -0.006, -0.0017801675), (0.007207751, -0.006, -0.00347107), (0.006254652, -0.006, -0.0049879183), (0.0049879183, -0.006, -0.006254652), (0.00347107, -0.006, -0.007207751), (0.0017801675, -0.006, -0.0077994233), (9.797175e-19, -0.006, -0.008), (-0.0017801675, -0.006, -0.0077994233), (-0.00347107, -0.006, -0.007207751), (-0.0049879183, -0.006, -0.006254652), (-0.006254652, -0.006, -0.0049879183), (-0.007207751, -0.006, -0.00347107), (-0.0077994233, -0.006, -0.0017801675), (-0.008, -0.006, -1.4695761e-18), (-0.0077994233, -0.006, 0.0017801675), (-0.007207751, -0.006, 0.00347107), (-0.006254652, -0.006, 0.0049879183), (-0.0049879183, -0.006, 0.006254652), (-0.00347107, -0.006, 0.007207751), (-0.0017801675, -0.006, 0.0077994233), (0, 0.006, 0.008), (0.0017801675, 0.006, 0.0077994233), (0.00347107, 0.006, 0.007207751), (0.0049879183, 0.006, 0.006254652), (0.006254652, 0.006, 0.0049879183), (0.007207751, 0.006, 0.00347107), (0.0077994233, 0.006, 0.0017801675), (0.008, 0.006, 4.8985874e-19), (0.0077994233, 0.006, -0.0017801675), (0.007207751, 0.006, -0.00347107), (0.006254652, 0.006, -0.0049879183), (0.0049879183, 0.006, -0.006254652), (0.00347107, 0.006, -0.007207751), (0.0017801675, 0.006, -0.0077994233), (9.797175e-19, 0.006, -0.008), (-0.0017801675, 0.006, -0.0077994233), (-0.00347107, 0.006, -0.007207751), (-0.0049879183, 0.006, -0.006254652), (-0.006254652, 0.006, -0.0049879183), (-0.007207751, 0.006, -0.00347107), (-0.0077994233, 0.006, -0.0017801675), (-0.008, 0.006, -1.4695761e-18), (-0.0077994233, 0.006, 0.0017801675), (-0.007207751, 0.006, 0.00347107), (-0.006254652, 0.006, 0.0049879183), (-0.0049879183, 0.006, 0.006254652), (-0.00347107, 0.006, 0.007207751), (-0.0017801675, 0.006, 0.0077994233), (0, -0.006, 0), (0, 0.006, 0)]
                uniform token subdivisionScheme = "none"
            }
        }

        def "DriveJoints"
        {
            def PhysicsRevoluteJoint "B_A0" (
                prepend apiSchemas = ["PhysicsDriveAPI:angular"]
            )
            {
                float drive:angular:physics:damping = 0.012
                float drive:angular:physics:maxForce = 0.11
                float drive:angular:physics:stiffness = 0
                float drive:angular:physics:targetVelocity = 0
                uniform token drive:angular:physics:type = "force"
                uniform token physics:axis = "Y"
                rel physics:body0 = </World/Robot/B_A0_Arm>
                rel physics:body1 = </World/Robot/B_A0_Wheel>
                point3f physics:localPos0 = (0, 0, 0)
                point3f physics:localPos1 = (0, 0, 0)
                quatf physics:localRot0 = (1, 0, 0, 0)
                quatf physics:localRot1 = (1, 0, 0, 0)
            }

            def PhysicsRevoluteJoint "B_A1" (
                prepend apiSchemas = ["PhysicsDriveAPI:angular"]
            )
            {
                float drive:angular:physics:damping = 0.012
                float drive:angular:physics:maxForce = 0.11
                float drive:angular:physics:stiffness = 0
                float drive:angular:physics:targetVelocity = 0
                uniform token drive:angular:physics:type = "force"
                uniform token physics:axis = "Y"
                rel physics:body0 = </World/Robot/B_A1_Arm>
                rel physics:body1 = </World/Robot/B_A1_Wheel>
                point3f physics:localPos0 = (0, 0, 0)
                point3f physics:localPos1 = (0, 0, 0)
                quatf physics:localRot0 = (1, 0, 0, 0)
                quatf physics:localRot1 = (1, 0, 0, 0)
            }

            def PhysicsRevoluteJoint "B_A2" (
                prepend apiSchemas = ["PhysicsDriveAPI:angular"]
            )
            {
                float drive:angular:physics:damping = 0.012
                float drive:angular:physics:maxForce = 0.11
                float drive:angular:physics:stiffness = 0
                float drive:angular:physics:targetVelocity = 0
                uniform token drive:angular:physics:type = "force"
                uniform token physics:axis = "Y"
                rel physics:body0 = </World/Robot/B_A2_Arm>
                rel physics:body1 = </World/Robot/B_A2_Wheel>
                point3f physics:localPos0 = (0, 0, 0)
                point3f physics:localPos1 = (0, 0, 0)
                quatf physics:localRot0 = (1, 0, 0, 0)
                quatf physics:localRot1 = (1, 0, 0, 0)
            }

            def PhysicsRevoluteJoint "B_B0" (
                prepend apiSchemas = ["PhysicsDriveAPI:angular"]
            )
            {
                float drive:angular:physics:damping = 0.012
                float drive:angular:physics:maxForce = 0.11
                float drive:angular:physics:stiffness = 0
                float drive:angular:physics:targetVelocity = 0
                uniform token drive:angular:physics:type = "force"
                uniform token physics:axis = "Y"
                rel physics:body0 = </World/Robot/B_B0_Arm>
                rel physics:body1 = </World/Robot/B_B0_Wheel>
                point3f physics:localPos0 = (0, 0, 0)
                point3f physics:localPos1 = (0, 0, 0)
                quatf physics:localRot0 = (1, 0, 0, 0)
                quatf physics:localRot1 = (1, 0, 0, 0)
            }

            def PhysicsRevoluteJoint "B_B1" (
                prepend apiSchemas = ["PhysicsDriveAPI:angular"]
            )
            {
                float drive:angular:physics:damping = 0.012
                float drive:angular:physics:maxForce = 0.11
                float drive:angular:physics:stiffness = 0
                float drive:angular:physics:targetVelocity = 0
                uniform token drive:angular:physics:type = "force"
                uniform token physics:axis = "Y"
                rel physics:body0 = </World/Robot/B_B1_Arm>
                rel physics:body1 = </World/Robot/B_B1_Wheel>
                point3f physics:localPos0 = (0, 0, 0)
                point3f physics:localPos1 = (0, 0, 0)
                quatf physics:localRot0 = (1, 0, 0, 0)
                quatf physics:localRot1 = (1, 0, 0, 0)
            }

            def PhysicsRevoluteJoint "B_B2" (
                prepend apiSchemas = ["PhysicsDriveAPI:angular"]
            )
            {
                float drive:angular:physics:damping = 0.012
                float drive:angular:physics:maxForce = 0.11
                float drive:angular:physics:stiffness = 0
                float drive:angular:physics:targetVelocity = 0
                uniform token drive:angular:physics:type = "force"
                uniform token physics:axis = "Y"
                rel physics:body0 = </World/Robot/B_B2_Arm>
                rel physics:body1 = </World/Robot/B_B2_Wheel>
                point3f physics:localPos0 = (0, 0, 0)
                point3f physics:localPos1 = (0, 0, 0)
                quatf physics:localRot0 = (1, 0, 0, 0)
                quatf physics:localRot1 = (1, 0, 0, 0)
            }

            def PhysicsRevoluteJoint "DF_A0" (
                prepend apiSchemas = ["PhysicsDriveAPI:angular"]
            )
            {
                float drive:angular:physics:damping = 0.012
                float drive:angular:physics:maxForce = 0.11
                float drive:angular:physics:stiffness = 0
                float drive:angular:physics:targetVelocity = 0
                uniform token drive:angular:physics:type = "force"
                uniform token physics:axis = "Y"
                rel physics:body0 = </World/Robot/DF_A0_Arm>
                rel physics:body1 = </World/Robot/DF_A0_Wheel>
                point3f physics:localPos0 = (0, 0, 0)
                point3f physics:localPos1 = (0, 0, 0)
                quatf physics:localRot0 = (1, 0, 0, 0)
                quatf physics:localRot1 = (1, 0, 0, 0)
            }

            def PhysicsRevoluteJoint "DF_A1" (
                prepend apiSchemas = ["PhysicsDriveAPI:angular"]
            )
            {
                float drive:angular:physics:damping = 0.012
                float drive:angular:physics:maxForce = 0.11
                float drive:angular:physics:stiffness = 0
                float drive:angular:physics:targetVelocity = 0
                uniform token drive:angular:physics:type = "force"
                uniform token physics:axis = "Y"
                rel physics:body0 = </World/Robot/DF_A1_Arm>
                rel physics:body1 = </World/Robot/DF_A1_Wheel>
                point3f physics:localPos0 = (0, 0, 0)
                point3f physics:localPos1 = (0, 0, 0)
                quatf physics:localRot0 = (1, 0, 0, 0)
                quatf physics:localRot1 = (1, 0, 0, 0)
            }

            def PhysicsRevoluteJoint "DF_A2" (
                prepend apiSchemas = ["PhysicsDriveAPI:angular"]
            )
            {
                float drive:angular:physics:damping = 0.012
                float drive:angular:physics:maxForce = 0.11
                float drive:angular:physics:stiffness = 0
                float drive:angular:physics:targetVelocity = 0
                uniform token drive:angular:physics:type = "force"
                uniform token physics:axis = "Y"
                rel physics:body0 = </World/Robot/DF_A2_Arm>
                rel physics:body1 = </World/Robot/DF_A2_Wheel>
                point3f physics:localPos0 = (0, 0, 0)
                point3f physics:localPos1 = (0, 0, 0)
                quatf physics:localRot0 = (1, 0, 0, 0)
                quatf physics:localRot1 = (1, 0, 0, 0)
            }

            def PhysicsRevoluteJoint "DR_A0" (
                prepend apiSchemas = ["PhysicsDriveAPI:angular"]
            )
            {
                float drive:angular:physics:damping = 0.012
                float drive:angular:physics:maxForce = 0.11
                float drive:angular:physics:stiffness = 0
                float drive:angular:physics:targetVelocity = 0
                uniform token drive:angular:physics:type = "force"
                uniform token physics:axis = "Y"
                rel physics:body0 = </World/Robot/DR_A0_Arm>
                rel physics:body1 = </World/Robot/DR_A0_Wheel>
                point3f physics:localPos0 = (0, 0, 0)
                point3f physics:localPos1 = (0, 0, 0)
                quatf physics:localRot0 = (1, 0, 0, 0)
                quatf physics:localRot1 = (1, 0, 0, 0)
            }

            def PhysicsRevoluteJoint "DR_A1" (
                prepend apiSchemas = ["PhysicsDriveAPI:angular"]
            )
            {
                float drive:angular:physics:damping = 0.012
                float drive:angular:physics:maxForce = 0.11
                float drive:angular:physics:stiffness = 0
                float drive:angular:physics:targetVelocity = 0
                uniform token drive:angular:physics:type = "force"
                uniform token physics:axis = "Y"
                rel physics:body0 = </World/Robot/DR_A1_Arm>
                rel physics:body1 = </World/Robot/DR_A1_Wheel>
                point3f physics:localPos0 = (0, 0, 0)
                point3f physics:localPos1 = (0, 0, 0)
                quatf physics:localRot0 = (1, 0, 0, 0)
                quatf physics:localRot1 = (1, 0, 0, 0)
            }

            def PhysicsRevoluteJoint "DR_A2" (
                prepend apiSchemas = ["PhysicsDriveAPI:angular"]
            )
            {
                float drive:angular:physics:damping = 0.012
                float drive:angular:physics:maxForce = 0.11
                float drive:angular:physics:stiffness = 0
                float drive:angular:physics:targetVelocity = 0
                uniform token drive:angular:physics:type = "force"
                uniform token physics:axis = "Y"
                rel physics:body0 = </World/Robot/DR_A2_Arm>
                rel physics:body1 = </World/Robot/DR_A2_Wheel>
                point3f physics:localPos0 = (0, 0, 0)
                point3f physics:localPos1 = (0, 0, 0)
                quatf physics:localRot0 = (1, 0, 0, 0)
                quatf physics:localRot1 = (1, 0, 0, 0)
            }
        }

        def Xform "B_A1_Arm" (
            prepend apiSchemas = ["PhysicsRigidBodyAPI", "PhysicsMassAPI"]
        )
        {
            float physics:mass = 0.035
            matrix4d xformOp:transform = ( (0, -0.4999999999999998, 0.8660254037844387, 0), (0, -0.8660254037844387, -0.4999999999999998, 0), (1, 0, 0, 0), (-0.018, -0.01999999999999999, 0.034641016151377546, 1) )
            uniform token[] xformOpOrder = ["xformOp:transform"]

            def Mesh "Rod" (
                prepend apiSchemas = ["MaterialBindingAPI"]
            )
            {
                float3[] extent = [(-0.03, -0.005, -0.005), (-0.014, 0.005, 0.005)]
                int[] faceVertexCounts = [4, 4, 4, 4, 4, 4, 4, 4, 4, 4, 4, 4, 4, 4, 4, 4, 4, 4, 4, 4, 4, 4, 4, 4, 4, 4, 4, 4, 3, 3, 3, 3, 3, 3, 3, 3, 3, 3, 3, 3, 3, 3, 3, 3, 3, 3, 3, 3, 3, 3, 3, 3, 3, 3, 3, 3, 3, 3, 3, 3, 3, 3, 3, 3, 3, 3, 3, 3, 3, 3, 3, 3, 3, 3, 3, 3, 3, 3, 3, 3, 3, 3, 3, 3]
                int[] faceVertexIndices = [0, 1, 29, 28, 1, 2, 30, 29, 2, 3, 31, 30, 3, 4, 32, 31, 4, 5, 33, 32, 5, 6, 34, 33, 6, 7, 35, 34, 7, 8, 36, 35, 8, 9, 37, 36, 9, 10, 38, 37, 10, 11, 39, 38, 11, 12, 40, 39, 12, 13, 41, 40, 13, 14, 42, 41, 14, 15, 43, 42, 15, 16, 44, 43, 16, 17, 45, 44, 17, 18, 46, 45, 18, 19, 47, 46, 19, 20, 48, 47, 20, 21, 49, 48, 21, 22, 50, 49, 22, 23, 51, 50, 23, 24, 52, 51, 24, 25, 53, 52, 25, 26, 54, 53, 26, 27, 55, 54, 27, 0, 28, 55, 56, 1, 0, 57, 28, 29, 56, 2, 1, 57, 29, 30, 56, 3, 2, 57, 30, 31, 56, 4, 3, 57, 31, 32, 56, 5, 4, 57, 32, 33, 56, 6, 5, 57, 33, 34, 56, 7, 6, 57, 34, 35, 56, 8, 7, 57, 35, 36, 56, 9, 8, 57, 36, 37, 56, 10, 9, 57, 37, 38, 56, 11, 10, 57, 38, 39, 56, 12, 11, 57, 39, 40, 56, 13, 12, 57, 40, 41, 56, 14, 13, 57, 41, 42, 56, 15, 14, 57, 42, 43, 56, 16, 15, 57, 43, 44, 56, 17, 16, 57, 44, 45, 56, 18, 17, 57, 45, 46, 56, 19, 18, 57, 46, 47, 56, 20, 19, 57, 47, 48, 56, 21, 20, 57, 48, 49, 56, 22, 21, 57, 49, 50, 56, 23, 22, 57, 50, 51, 56, 24, 23, 57, 51, 52, 56, 25, 24, 57, 52, 53, 56, 26, 25, 57, 53, 54, 56, 27, 26, 57, 54, 55, 56, 0, 27, 57, 55, 28]
                rel material:binding = </World/Looks/Rod>
                normal3f[] normals = [(0, 1, 0), (0, 0.9749279, 0.22252093), (0, 0.9749279, 0.22252093), (0, 1, 0), (0, 0.9749279, 0.22252093), (0, 0.90096885, 0.43388373), (0, 0.90096885, 0.43388373), (0, 0.9749279, 0.22252093), (0, 0.90096885, 0.43388373), (0, 0.7818315, 0.6234898), (0, 0.7818315, 0.6234898), (0, 0.90096885, 0.43388373), (0, 0.7818315, 0.6234898), (0, 0.6234898, 0.7818315), (0, 0.6234898, 0.7818315), (0, 0.7818315, 0.6234898), (0, 0.6234898, 0.7818315), (0, 0.43388373, 0.90096885), (0, 0.43388373, 0.90096885), (0, 0.6234898, 0.7818315), (0, 0.43388373, 0.90096885), (0, 0.22252093, 0.9749279), (0, 0.22252093, 0.9749279), (0, 0.43388373, 0.90096885), (0, 0.22252093, 0.9749279), (0, 6.123234e-17, 1), (0, 6.123234e-17, 1), (0, 0.22252093, 0.9749279), (0, 6.123234e-17, 1), (0, -0.22252093, 0.9749279), (0, -0.22252093, 0.9749279), (0, 6.123234e-17, 1), (0, -0.22252093, 0.9749279), (0, -0.43388373, 0.90096885), (0, -0.43388373, 0.90096885), (0, -0.22252093, 0.9749279), (0, -0.43388373, 0.90096885), (0, -0.6234898, 0.7818315), (0, -0.6234898, 0.7818315), (0, -0.43388373, 0.90096885), (0, -0.6234898, 0.7818315), (0, -0.7818315, 0.6234898), (0, -0.7818315, 0.6234898), (0, -0.6234898, 0.7818315), (0, -0.7818315, 0.6234898), (0, -0.90096885, 0.43388373), (0, -0.90096885, 0.43388373), (0, -0.7818315, 0.6234898), (0, -0.90096885, 0.43388373), (0, -0.9749279, 0.22252093), (0, -0.9749279, 0.22252093), (0, -0.90096885, 0.43388373), (0, -0.9749279, 0.22252093), (0, -1, 1.2246469e-16), (0, -1, 1.2246469e-16), (0, -0.9749279, 0.22252093), (0, -1, 1.2246469e-16), (0, -0.9749279, -0.22252093), (0, -0.9749279, -0.22252093), (0, -1, 1.2246469e-16), (0, -0.9749279, -0.22252093), (0, -0.90096885, -0.43388373), (0, -0.90096885, -0.43388373), (0, -0.9749279, -0.22252093), (0, -0.90096885, -0.43388373), (0, -0.7818315, -0.6234898), (0, -0.7818315, -0.6234898), (0, -0.90096885, -0.43388373), (0, -0.7818315, -0.6234898), (0, -0.6234898, -0.7818315), (0, -0.6234898, -0.7818315), (0, -0.7818315, -0.6234898), (0, -0.6234898, -0.7818315), (0, -0.43388373, -0.90096885), (0, -0.43388373, -0.90096885), (0, -0.6234898, -0.7818315), (0, -0.43388373, -0.90096885), (0, -0.22252093, -0.9749279), (0, -0.22252093, -0.9749279), (0, -0.43388373, -0.90096885), (0, -0.22252093, -0.9749279), (0, -1.8369701e-16, -1), (0, -1.8369701e-16, -1), (0, -0.22252093, -0.9749279), (0, -1.8369701e-16, -1), (0, 0.22252093, -0.9749279), (0, 0.22252093, -0.9749279), (0, -1.8369701e-16, -1), (0, 0.22252093, -0.9749279), (0, 0.43388373, -0.90096885), (0, 0.43388373, -0.90096885), (0, 0.22252093, -0.9749279), (0, 0.43388373, -0.90096885), (0, 0.6234898, -0.7818315), (0, 0.6234898, -0.7818315), (0, 0.43388373, -0.90096885), (0, 0.6234898, -0.7818315), (0, 0.7818315, -0.6234898), (0, 0.7818315, -0.6234898), (0, 0.6234898, -0.7818315), (0, 0.7818315, -0.6234898), (0, 0.90096885, -0.43388373), (0, 0.90096885, -0.43388373), (0, 0.7818315, -0.6234898), (0, 0.90096885, -0.43388373), (0, 0.9749279, -0.22252093), (0, 0.9749279, -0.22252093), (0, 0.90096885, -0.43388373), (0, 0.9749279, -0.22252093), (0, 1, 0), (0, 1, 0), (0, 0.9749279, -0.22252093), (-1, 0, 0), (-1, 0, 0), (-1, 0, 0), (1, 0, 0), (1, 0, 0), (1, 0, 0), (-1, 0, 0), (-1, 0, 0), (-1, 0, 0), (1, 0, 0), (1, 0, 0), (1, 0, 0), (-1, 0, 0), (-1, 0, 0), (-1, 0, 0), (1, 0, 0), (1, 0, 0), (1, 0, 0), (-1, 0, 0), (-1, 0, 0), (-1, 0, 0), (1, 0, 0), (1, 0, 0), (1, 0, 0), (-1, 0, 0), (-1, 0, 0), (-1, 0, 0), (1, 0, 0), (1, 0, 0), (1, 0, 0), (-1, 0, 0), (-1, 0, 0), (-1, 0, 0), (1, 0, 0), (1, 0, 0), (1, 0, 0), (-1, 0, 0), (-1, 0, 0), (-1, 0, 0), (1, 0, 0), (1, 0, 0), (1, 0, 0), (-1, 0, 0), (-1, 0, 0), (-1, 0, 0), (1, 0, 0), (1, 0, 0), (1, 0, 0), (-1, 0, 0), (-1, 0, 0), (-1, 0, 0), (1, 0, 0), (1, 0, 0), (1, 0, 0), (-1, 0, 0), (-1, 0, 0), (-1, 0, 0), (1, 0, 0), (1, 0, 0), (1, 0, 0), (-1, 0, 0), (-1, 0, 0), (-1, 0, 0), (1, 0, 0), (1, 0, 0), (1, 0, 0), (-1, 0, 0), (-1, 0, 0), (-1, 0, 0), (1, 0, 0), (1, 0, 0), (1, 0, 0), (-1, 0, 0), (-1, 0, 0), (-1, 0, 0), (1, 0, 0), (1, 0, 0), (1, 0, 0), (-1, 0, 0), (-1, 0, 0), (-1, 0, 0), (1, 0, 0), (1, 0, 0), (1, 0, 0), (-1, 0, 0), (-1, 0, 0), (-1, 0, 0), (1, 0, 0), (1, 0, 0), (1, 0, 0), (-1, 0, 0), (-1, 0, 0), (-1, 0, 0), (1, 0, 0), (1, 0, 0), (1, 0, 0), (-1, 0, 0), (-1, 0, 0), (-1, 0, 0), (1, 0, 0), (1, 0, 0), (1, 0, 0), (-1, 0, 0), (-1, 0, 0), (-1, 0, 0), (1, 0, 0), (1, 0, 0), (1, 0, 0), (-1, 0, 0), (-1, 0, 0), (-1, 0, 0), (1, 0, 0), (1, 0, 0), (1, 0, 0), (-1, 0, 0), (-1, 0, 0), (-1, 0, 0), (1, 0, 0), (1, 0, 0), (1, 0, 0), (-1, 0, 0), (-1, 0, 0), (-1, 0, 0), (1, 0, 0), (1, 0, 0), (1, 0, 0), (-1, 0, 0), (-1, 0, 0), (-1, 0, 0), (1, 0, 0), (1, 0, 0), (1, 0, 0), (-1, 0, 0), (-1, 0, 0), (-1, 0, 0), (1, 0, 0), (1, 0, 0), (1, 0, 0), (-1, 0, 0), (-1, 0, 0), (-1, 0, 0), (1, 0, 0), (1, 0, 0), (1, 0, 0), (-1, 0, 0), (-1, 0, 0), (-1, 0, 0), (1, 0, 0), (1, 0, 0), (1, 0, 0), (-1, 0, 0), (-1, 0, 0), (-1, 0, 0), (1, 0, 0), (1, 0, 0), (1, 0, 0), (-1, 0, 0), (-1, 0, 0), (-1, 0, 0), (1, 0, 0), (1, 0, 0), (1, 0, 0), (-1, 0, 0), (-1, 0, 0), (-1, 0, 0), (1, 0, 0), (1, 0, 0), (1, 0, 0)] (
                    interpolation = "faceVarying"
                )
                point3f[] points = [(-0.03, 0.005, 0), (-0.03, 0.0048746397, 0.0011126046), (-0.03, 0.0045048445, 0.0021694186), (-0.03, 0.0039091576, 0.003117449), (-0.03, 0.003117449, 0.0039091576), (-0.03, 0.0021694186, 0.0045048445), (-0.03, 0.0011126046, 0.0048746397), (-0.03, 3.061617e-19, 0.005), (-0.03, -0.0011126046, 0.0048746397), (-0.03, -0.0021694186, 0.0045048445), (-0.03, -0.003117449, 0.0039091576), (-0.03, -0.0039091576, 0.003117449), (-0.03, -0.0045048445, 0.0021694186), (-0.03, -0.0048746397, 0.0011126046), (-0.03, -0.005, 6.123234e-19), (-0.03, -0.0048746397, -0.0011126046), (-0.03, -0.0045048445, -0.0021694186), (-0.03, -0.0039091576, -0.003117449), (-0.03, -0.003117449, -0.0039091576), (-0.03, -0.0021694186, -0.0045048445), (-0.03, -0.0011126046, -0.0048746397), (-0.03, -9.184851e-19, -0.005), (-0.03, 0.0011126046, -0.0048746397), (-0.03, 0.0021694186, -0.0045048445), (-0.03, 0.003117449, -0.0039091576), (-0.03, 0.0039091576, -0.003117449), (-0.03, 0.0045048445, -0.0021694186), (-0.03, 0.0048746397, -0.0011126046), (-0.014, 0.005, 0), (-0.014, 0.0048746397, 0.0011126046), (-0.014, 0.0045048445, 0.0021694186), (-0.014, 0.0039091576, 0.003117449), (-0.014, 0.003117449, 0.0039091576), (-0.014, 0.0021694186, 0.0045048445), (-0.014, 0.0011126046, 0.0048746397), (-0.014, 3.061617e-19, 0.005), (-0.014, -0.0011126046, 0.0048746397), (-0.014, -0.0021694186, 0.0045048445), (-0.014, -0.003117449, 0.0039091576), (-0.014, -0.0039091576, 0.003117449), (-0.014, -0.0045048445, 0.0021694186), (-0.014, -0.0048746397, 0.0011126046), (-0.014, -0.005, 6.123234e-19), (-0.014, -0.0048746397, -0.0011126046), (-0.014, -0.0045048445, -0.0021694186), (-0.014, -0.0039091576, -0.003117449), (-0.014, -0.003117449, -0.0039091576), (-0.014, -0.0021694186, -0.0045048445), (-0.014, -0.0011126046, -0.0048746397), (-0.014, -9.184851e-19, -0.005), (-0.014, 0.0011126046, -0.0048746397), (-0.014, 0.0021694186, -0.0045048445), (-0.014, 0.003117449, -0.0039091576), (-0.014, 0.0039091576, -0.003117449), (-0.014, 0.0045048445, -0.0021694186), (-0.014, 0.0048746397, -0.0011126046), (-0.03, 0, 0), (-0.014, 0, 0)]
                uniform token subdivisionScheme = "none"
            }

            def Cube "Yoke" (
                prepend apiSchemas = ["MaterialBindingAPI"]
            )
            {
                float3[] extent = [(-0.5, -0.5, -0.5), (0.5, 0.5, 0.5)]
                rel material:binding = </World/Looks/Fork>
                double size = 1
                matrix4d xformOp:transform = ( (0.0033, 0, 0, 0), (0, 0.023, 0, 0), (0, 0, 0.011, 0), (-0.012650000000000002, 0, 0, 1) )
                uniform token[] xformOpOrder = ["xformOp:transform"]
            }

            def Cube "ForkL" (
                prepend apiSchemas = ["MaterialBindingAPI"]
            )
            {
                float3[] extent = [(-0.5, -0.5, -0.5), (0.5, 0.5, 0.5)]
                rel material:binding = </World/Looks/Fork>
                double size = 1
                matrix4d xformOp:transform = ( (0.014, 0, 0, 0), (0, 0.003, 0, 0), (0, 0, 0.011, 0), (-0.007, 0.01, 0, 1) )
                uniform token[] xformOpOrder = ["xformOp:transform"]
            }

            def Cube "ForkR" (
                prepend apiSchemas = ["MaterialBindingAPI"]
            )
            {
                float3[] extent = [(-0.5, -0.5, -0.5), (0.5, 0.5, 0.5)]
                rel material:binding = </World/Looks/Fork>
                double size = 1
                matrix4d xformOp:transform = ( (0.014, 0, 0, 0), (0, 0.003, 0, 0), (0, 0, 0.011, 0), (-0.007, -0.01, 0, 1) )
                uniform token[] xformOpOrder = ["xformOp:transform"]
            }

            def Mesh "Axle" (
                prepend apiSchemas = ["MaterialBindingAPI"]
            )
            {
                float3[] extent = [(-0.0025, -0.0115, -0.0025), (0.0025, 0.0115, 0.0025)]
                int[] faceVertexCounts = [4, 4, 4, 4, 4, 4, 4, 4, 4, 4, 4, 4, 4, 4, 4, 4, 4, 4, 4, 4, 4, 4, 4, 4, 4, 4, 4, 4, 3, 3, 3, 3, 3, 3, 3, 3, 3, 3, 3, 3, 3, 3, 3, 3, 3, 3, 3, 3, 3, 3, 3, 3, 3, 3, 3, 3, 3, 3, 3, 3, 3, 3, 3, 3, 3, 3, 3, 3, 3, 3, 3, 3, 3, 3, 3, 3, 3, 3, 3, 3, 3, 3, 3, 3]
                int[] faceVertexIndices = [0, 1, 29, 28, 1, 2, 30, 29, 2, 3, 31, 30, 3, 4, 32, 31, 4, 5, 33, 32, 5, 6, 34, 33, 6, 7, 35, 34, 7, 8, 36, 35, 8, 9, 37, 36, 9, 10, 38, 37, 10, 11, 39, 38, 11, 12, 40, 39, 12, 13, 41, 40, 13, 14, 42, 41, 14, 15, 43, 42, 15, 16, 44, 43, 16, 17, 45, 44, 17, 18, 46, 45, 18, 19, 47, 46, 19, 20, 48, 47, 20, 21, 49, 48, 21, 22, 50, 49, 22, 23, 51, 50, 23, 24, 52, 51, 24, 25, 53, 52, 25, 26, 54, 53, 26, 27, 55, 54, 27, 0, 28, 55, 56, 1, 0, 57, 28, 29, 56, 2, 1, 57, 29, 30, 56, 3, 2, 57, 30, 31, 56, 4, 3, 57, 31, 32, 56, 5, 4, 57, 32, 33, 56, 6, 5, 57, 33, 34, 56, 7, 6, 57, 34, 35, 56, 8, 7, 57, 35, 36, 56, 9, 8, 57, 36, 37, 56, 10, 9, 57, 37, 38, 56, 11, 10, 57, 38, 39, 56, 12, 11, 57, 39, 40, 56, 13, 12, 57, 40, 41, 56, 14, 13, 57, 41, 42, 56, 15, 14, 57, 42, 43, 56, 16, 15, 57, 43, 44, 56, 17, 16, 57, 44, 45, 56, 18, 17, 57, 45, 46, 56, 19, 18, 57, 46, 47, 56, 20, 19, 57, 47, 48, 56, 21, 20, 57, 48, 49, 56, 22, 21, 57, 49, 50, 56, 23, 22, 57, 50, 51, 56, 24, 23, 57, 51, 52, 56, 25, 24, 57, 52, 53, 56, 26, 25, 57, 53, 54, 56, 27, 26, 57, 54, 55, 56, 0, 27, 57, 55, 28]
                rel material:binding = </World/Looks/Axle>
                normal3f[] normals = [(0, 0, 1), (0.22252093, 0, 0.9749279), (0.22252093, 0, 0.9749279), (0, 0, 1), (0.22252093, 0, 0.9749279), (0.43388373, 0, 0.90096885), (0.43388373, 0, 0.90096885), (0.22252093, 0, 0.9749279), (0.43388373, 0, 0.90096885), (0.6234898, 0, 0.7818315), (0.6234898, 0, 0.7818315), (0.43388373, 0, 0.90096885), (0.6234898, 0, 0.7818315), (0.7818315, 0, 0.6234898), (0.7818315, 0, 0.6234898), (0.6234898, 0, 0.7818315), (0.7818315, 0, 0.6234898), (0.90096885, 0, 0.43388373), (0.90096885, 0, 0.43388373), (0.7818315, 0, 0.6234898), (0.90096885, 0, 0.43388373), (0.9749279, 0, 0.22252093), (0.9749279, 0, 0.22252093), (0.90096885, 0, 0.43388373), (0.9749279, 0, 0.22252093), (1, 0, 6.123234e-17), (1, 0, 6.123234e-17), (0.9749279, 0, 0.22252093), (1, 0, 6.123234e-17), (0.9749279, 0, -0.22252093), (0.9749279, 0, -0.22252093), (1, 0, 6.123234e-17), (0.9749279, 0, -0.22252093), (0.90096885, 0, -0.43388373), (0.90096885, 0, -0.43388373), (0.9749279, 0, -0.22252093), (0.90096885, 0, -0.43388373), (0.7818315, 0, -0.6234898), (0.7818315, 0, -0.6234898), (0.90096885, 0, -0.43388373), (0.7818315, 0, -0.6234898), (0.6234898, 0, -0.7818315), (0.6234898, 0, -0.7818315), (0.7818315, 0, -0.6234898), (0.6234898, 0, -0.7818315), (0.43388373, 0, -0.90096885), (0.43388373, 0, -0.90096885), (0.6234898, 0, -0.7818315), (0.43388373, 0, -0.90096885), (0.22252093, 0, -0.9749279), (0.22252093, 0, -0.9749279), (0.43388373, 0, -0.90096885), (0.22252093, 0, -0.9749279), (1.2246469e-16, 0, -1), (1.2246469e-16, 0, -1), (0.22252093, 0, -0.9749279), (1.2246469e-16, 0, -1), (-0.22252093, 0, -0.9749279), (-0.22252093, 0, -0.9749279), (1.2246469e-16, 0, -1), (-0.22252093, 0, -0.9749279), (-0.43388373, 0, -0.90096885), (-0.43388373, 0, -0.90096885), (-0.22252093, 0, -0.9749279), (-0.43388373, 0, -0.90096885), (-0.6234898, 0, -0.7818315), (-0.6234898, 0, -0.7818315), (-0.43388373, 0, -0.90096885), (-0.6234898, 0, -0.7818315), (-0.7818315, 0, -0.6234898), (-0.7818315, 0, -0.6234898), (-0.6234898, 0, -0.7818315), (-0.7818315, 0, -0.6234898), (-0.90096885, 0, -0.43388373), (-0.90096885, 0, -0.43388373), (-0.7818315, 0, -0.6234898), (-0.90096885, 0, -0.43388373), (-0.9749279, 0, -0.22252093), (-0.9749279, 0, -0.22252093), (-0.90096885, 0, -0.43388373), (-0.9749279, 0, -0.22252093), (-1, 0, -1.8369701e-16), (-1, 0, -1.8369701e-16), (-0.9749279, 0, -0.22252093), (-1, 0, -1.8369701e-16), (-0.9749279, 0, 0.22252093), (-0.9749279, 0, 0.22252093), (-1, 0, -1.8369701e-16), (-0.9749279, 0, 0.22252093), (-0.90096885, 0, 0.43388373), (-0.90096885, 0, 0.43388373), (-0.9749279, 0, 0.22252093), (-0.90096885, 0, 0.43388373), (-0.7818315, 0, 0.6234898), (-0.7818315, 0, 0.6234898), (-0.90096885, 0, 0.43388373), (-0.7818315, 0, 0.6234898), (-0.6234898, 0, 0.7818315), (-0.6234898, 0, 0.7818315), (-0.7818315, 0, 0.6234898), (-0.6234898, 0, 0.7818315), (-0.43388373, 0, 0.90096885), (-0.43388373, 0, 0.90096885), (-0.6234898, 0, 0.7818315), (-0.43388373, 0, 0.90096885), (-0.22252093, 0, 0.9749279), (-0.22252093, 0, 0.9749279), (-0.43388373, 0, 0.90096885), (-0.22252093, 0, 0.9749279), (0, 0, 1), (0, 0, 1), (-0.22252093, 0, 0.9749279), (0, -1, 0), (0, -1, 0), (0, -1, 0), (0, 1, 0), (0, 1, 0), (0, 1, 0), (0, -1, 0), (0, -1, 0), (0, -1, 0), (0, 1, 0), (0, 1, 0), (0, 1, 0), (0, -1, 0), (0, -1, 0), (0, -1, 0), (0, 1, 0), (0, 1, 0), (0, 1, 0), (0, -1, 0), (0, -1, 0), (0, -1, 0), (0, 1, 0), (0, 1, 0), (0, 1, 0), (0, -1, 0), (0, -1, 0), (0, -1, 0), (0, 1, 0), (0, 1, 0), (0, 1, 0), (0, -1, 0), (0, -1, 0), (0, -1, 0), (0, 1, 0), (0, 1, 0), (0, 1, 0), (0, -1, 0), (0, -1, 0), (0, -1, 0), (0, 1, 0), (0, 1, 0), (0, 1, 0), (0, -1, 0), (0, -1, 0), (0, -1, 0), (0, 1, 0), (0, 1, 0), (0, 1, 0), (0, -1, 0), (0, -1, 0), (0, -1, 0), (0, 1, 0), (0, 1, 0), (0, 1, 0), (0, -1, 0), (0, -1, 0), (0, -1, 0), (0, 1, 0), (0, 1, 0), (0, 1, 0), (0, -1, 0), (0, -1, 0), (0, -1, 0), (0, 1, 0), (0, 1, 0), (0, 1, 0), (0, -1, 0), (0, -1, 0), (0, -1, 0), (0, 1, 0), (0, 1, 0), (0, 1, 0), (0, -1, 0), (0, -1, 0), (0, -1, 0), (0, 1, 0), (0, 1, 0), (0, 1, 0), (0, -1, 0), (0, -1, 0), (0, -1, 0), (0, 1, 0), (0, 1, 0), (0, 1, 0), (0, -1, 0), (0, -1, 0), (0, -1, 0), (0, 1, 0), (0, 1, 0), (0, 1, 0), (0, -1, 0), (0, -1, 0), (0, -1, 0), (0, 1, 0), (0, 1, 0), (0, 1, 0), (0, -1, 0), (0, -1, 0), (0, -1, 0), (0, 1, 0), (0, 1, 0), (0, 1, 0), (0, -1, 0), (0, -1, 0), (0, -1, 0), (0, 1, 0), (0, 1, 0), (0, 1, 0), (0, -1, 0), (0, -1, 0), (0, -1, 0), (0, 1, 0), (0, 1, 0), (0, 1, 0), (0, -1, 0), (0, -1, 0), (0, -1, 0), (0, 1, 0), (0, 1, 0), (0, 1, 0), (0, -1, 0), (0, -1, 0), (0, -1, 0), (0, 1, 0), (0, 1, 0), (0, 1, 0), (0, -1, 0), (0, -1, 0), (0, -1, 0), (0, 1, 0), (0, 1, 0), (0, 1, 0), (0, -1, 0), (0, -1, 0), (0, -1, 0), (0, 1, 0), (0, 1, 0), (0, 1, 0), (0, -1, 0), (0, -1, 0), (0, -1, 0), (0, 1, 0), (0, 1, 0), (0, 1, 0), (0, -1, 0), (0, -1, 0), (0, -1, 0), (0, 1, 0), (0, 1, 0), (0, 1, 0), (0, -1, 0), (0, -1, 0), (0, -1, 0), (0, 1, 0), (0, 1, 0), (0, 1, 0), (0, -1, 0), (0, -1, 0), (0, -1, 0), (0, 1, 0), (0, 1, 0), (0, 1, 0), (0, -1, 0), (0, -1, 0), (0, -1, 0), (0, 1, 0), (0, 1, 0), (0, 1, 0)] (
                    interpolation = "faceVarying"
                )
                point3f[] points = [(0, -0.0115, 0.0025), (0.0005563023, -0.0115, 0.0024373198), (0.0010847093, -0.0115, 0.0022524223), (0.0015587246, -0.0115, 0.0019545788), (0.0019545788, -0.0115, 0.0015587246), (0.0022524223, -0.0115, 0.0010847093), (0.0024373198, -0.0115, 0.0005563023), (0.0025, -0.0115, 1.5308085e-19), (0.0024373198, -0.0115, -0.0005563023), (0.0022524223, -0.0115, -0.0010847093), (0.0019545788, -0.0115, -0.0015587246), (0.0015587246, -0.0115, -0.0019545788), (0.0010847093, -0.0115, -0.0022524223), (0.0005563023, -0.0115, -0.0024373198), (3.061617e-19, -0.0115, -0.0025), (-0.0005563023, -0.0115, -0.0024373198), (-0.0010847093, -0.0115, -0.0022524223), (-0.0015587246, -0.0115, -0.0019545788), (-0.0019545788, -0.0115, -0.0015587246), (-0.0022524223, -0.0115, -0.0010847093), (-0.0024373198, -0.0115, -0.0005563023), (-0.0025, -0.0115, -4.5924256e-19), (-0.0024373198, -0.0115, 0.0005563023), (-0.0022524223, -0.0115, 0.0010847093), (-0.0019545788, -0.0115, 0.0015587246), (-0.0015587246, -0.0115, 0.0019545788), (-0.0010847093, -0.0115, 0.0022524223), (-0.0005563023, -0.0115, 0.0024373198), (0, 0.0115, 0.0025), (0.0005563023, 0.0115, 0.0024373198), (0.0010847093, 0.0115, 0.0022524223), (0.0015587246, 0.0115, 0.0019545788), (0.0019545788, 0.0115, 0.0015587246), (0.0022524223, 0.0115, 0.0010847093), (0.0024373198, 0.0115, 0.0005563023), (0.0025, 0.0115, 1.5308085e-19), (0.0024373198, 0.0115, -0.0005563023), (0.0022524223, 0.0115, -0.0010847093), (0.0019545788, 0.0115, -0.0015587246), (0.0015587246, 0.0115, -0.0019545788), (0.0010847093, 0.0115, -0.0022524223), (0.0005563023, 0.0115, -0.0024373198), (3.061617e-19, 0.0115, -0.0025), (-0.0005563023, 0.0115, -0.0024373198), (-0.0010847093, 0.0115, -0.0022524223), (-0.0015587246, 0.0115, -0.0019545788), (-0.0019545788, 0.0115, -0.0015587246), (-0.0022524223, 0.0115, -0.0010847093), (-0.0024373198, 0.0115, -0.0005563023), (-0.0025, 0.0115, -4.5924256e-19), (-0.0024373198, 0.0115, 0.0005563023), (-0.0022524223, 0.0115, 0.0010847093), (-0.0019545788, 0.0115, 0.0015587246), (-0.0015587246, 0.0115, 0.0019545788), (-0.0010847093, 0.0115, 0.0022524223), (-0.0005563023, 0.0115, 0.0024373198), (0, -0.0115, 0), (0, 0.0115, 0)]
                uniform token subdivisionScheme = "none"
            }
        }

        def Xform "B_A1_Wheel" (
            apiSchemas = ["PhysicsRigidBodyAPI", "PhysicsMassAPI", "PhysxRigidBodyAPI"]
        )
        {
            point3f physics:centerOfMass = (0, 0, 0)
            float3 physics:diagonalInertia = (7e-7, 8e-7, 7e-7)
            float physics:mass = 0.025
            quatf physics:principalAxes = (1, 0, 0, 0)
            custom bool physxRigidBody:enableCCD = 1
            custom float physxRigidBody:maxLinearVelocity = 5
            matrix4d xformOp:transform = ( (0, -0.4999999999999998, 0.8660254037844387, 0), (0, -0.8660254037844387, -0.4999999999999998, 0), (1, 0, 0, 0), (-0.018, -0.01999999999999999, 0.034641016151377546, 1) )
            uniform token[] xformOpOrder = ["xformOp:transform"]

            def Cylinder "WheelCollider" (
                apiSchemas = ["PhysicsCollisionAPI", "PhysxCollisionAPI", "MaterialBindingAPI"]
            )
            {
                uniform token axis = "Y"
                float3[] extent = [(-0.008, -0.006, -0.008), (0.008, 0.006, 0.008)]
                double height = 0.012
                rel material:binding:physics = </World/Looks/TyrePhys> (
                    bindMaterialAs = "weakerThanDescendants"
                )
                custom float physxCollision:contactOffset = 0.004
                custom float physxCollision:restOffset = 0
                double radius = 0.008
                token visibility = "invisible"
            }

            def Mesh "WheelVisual" (
                prepend apiSchemas = ["MaterialBindingAPI"]
            )
            {
                float3[] extent = [(-0.008, -0.006, -0.008), (0.008, 0.006, 0.008)]
                int[] faceVertexCounts = [4, 4, 4, 4, 4, 4, 4, 4, 4, 4, 4, 4, 4, 4, 4, 4, 4, 4, 4, 4, 4, 4, 4, 4, 4, 4, 4, 4, 3, 3, 3, 3, 3, 3, 3, 3, 3, 3, 3, 3, 3, 3, 3, 3, 3, 3, 3, 3, 3, 3, 3, 3, 3, 3, 3, 3, 3, 3, 3, 3, 3, 3, 3, 3, 3, 3, 3, 3, 3, 3, 3, 3, 3, 3, 3, 3, 3, 3, 3, 3, 3, 3, 3, 3]
                int[] faceVertexIndices = [0, 1, 29, 28, 1, 2, 30, 29, 2, 3, 31, 30, 3, 4, 32, 31, 4, 5, 33, 32, 5, 6, 34, 33, 6, 7, 35, 34, 7, 8, 36, 35, 8, 9, 37, 36, 9, 10, 38, 37, 10, 11, 39, 38, 11, 12, 40, 39, 12, 13, 41, 40, 13, 14, 42, 41, 14, 15, 43, 42, 15, 16, 44, 43, 16, 17, 45, 44, 17, 18, 46, 45, 18, 19, 47, 46, 19, 20, 48, 47, 20, 21, 49, 48, 21, 22, 50, 49, 22, 23, 51, 50, 23, 24, 52, 51, 24, 25, 53, 52, 25, 26, 54, 53, 26, 27, 55, 54, 27, 0, 28, 55, 56, 1, 0, 57, 28, 29, 56, 2, 1, 57, 29, 30, 56, 3, 2, 57, 30, 31, 56, 4, 3, 57, 31, 32, 56, 5, 4, 57, 32, 33, 56, 6, 5, 57, 33, 34, 56, 7, 6, 57, 34, 35, 56, 8, 7, 57, 35, 36, 56, 9, 8, 57, 36, 37, 56, 10, 9, 57, 37, 38, 56, 11, 10, 57, 38, 39, 56, 12, 11, 57, 39, 40, 56, 13, 12, 57, 40, 41, 56, 14, 13, 57, 41, 42, 56, 15, 14, 57, 42, 43, 56, 16, 15, 57, 43, 44, 56, 17, 16, 57, 44, 45, 56, 18, 17, 57, 45, 46, 56, 19, 18, 57, 46, 47, 56, 20, 19, 57, 47, 48, 56, 21, 20, 57, 48, 49, 56, 22, 21, 57, 49, 50, 56, 23, 22, 57, 50, 51, 56, 24, 23, 57, 51, 52, 56, 25, 24, 57, 52, 53, 56, 26, 25, 57, 53, 54, 56, 27, 26, 57, 54, 55, 56, 0, 27, 57, 55, 28]
                rel material:binding = </World/Looks/Wheel>
                normal3f[] normals = [(0, 0, 1), (0.22252093, 0, 0.9749279), (0.22252093, 0, 0.9749279), (0, 0, 1), (0.22252093, 0, 0.9749279), (0.43388373, 0, 0.90096885), (0.43388373, 0, 0.90096885), (0.22252093, 0, 0.9749279), (0.43388373, 0, 0.90096885), (0.6234898, 0, 0.7818315), (0.6234898, 0, 0.7818315), (0.43388373, 0, 0.90096885), (0.6234898, 0, 0.7818315), (0.7818315, 0, 0.6234898), (0.7818315, 0, 0.6234898), (0.6234898, 0, 0.7818315), (0.7818315, 0, 0.6234898), (0.90096885, 0, 0.43388373), (0.90096885, 0, 0.43388373), (0.7818315, 0, 0.6234898), (0.90096885, 0, 0.43388373), (0.9749279, 0, 0.22252093), (0.9749279, 0, 0.22252093), (0.90096885, 0, 0.43388373), (0.9749279, 0, 0.22252093), (1, 0, 6.123234e-17), (1, 0, 6.123234e-17), (0.9749279, 0, 0.22252093), (1, 0, 6.123234e-17), (0.9749279, 0, -0.22252093), (0.9749279, 0, -0.22252093), (1, 0, 6.123234e-17), (0.9749279, 0, -0.22252093), (0.90096885, 0, -0.43388373), (0.90096885, 0, -0.43388373), (0.9749279, 0, -0.22252093), (0.90096885, 0, -0.43388373), (0.7818315, 0, -0.6234898), (0.7818315, 0, -0.6234898), (0.90096885, 0, -0.43388373), (0.7818315, 0, -0.6234898), (0.6234898, 0, -0.7818315), (0.6234898, 0, -0.7818315), (0.7818315, 0, -0.6234898), (0.6234898, 0, -0.7818315), (0.43388373, 0, -0.90096885), (0.43388373, 0, -0.90096885), (0.6234898, 0, -0.7818315), (0.43388373, 0, -0.90096885), (0.22252093, 0, -0.9749279), (0.22252093, 0, -0.9749279), (0.43388373, 0, -0.90096885), (0.22252093, 0, -0.9749279), (1.2246469e-16, 0, -1), (1.2246469e-16, 0, -1), (0.22252093, 0, -0.9749279), (1.2246469e-16, 0, -1), (-0.22252093, 0, -0.9749279), (-0.22252093, 0, -0.9749279), (1.2246469e-16, 0, -1), (-0.22252093, 0, -0.9749279), (-0.43388373, 0, -0.90096885), (-0.43388373, 0, -0.90096885), (-0.22252093, 0, -0.9749279), (-0.43388373, 0, -0.90096885), (-0.6234898, 0, -0.7818315), (-0.6234898, 0, -0.7818315), (-0.43388373, 0, -0.90096885), (-0.6234898, 0, -0.7818315), (-0.7818315, 0, -0.6234898), (-0.7818315, 0, -0.6234898), (-0.6234898, 0, -0.7818315), (-0.7818315, 0, -0.6234898), (-0.90096885, 0, -0.43388373), (-0.90096885, 0, -0.43388373), (-0.7818315, 0, -0.6234898), (-0.90096885, 0, -0.43388373), (-0.9749279, 0, -0.22252093), (-0.9749279, 0, -0.22252093), (-0.90096885, 0, -0.43388373), (-0.9749279, 0, -0.22252093), (-1, 0, -1.8369701e-16), (-1, 0, -1.8369701e-16), (-0.9749279, 0, -0.22252093), (-1, 0, -1.8369701e-16), (-0.9749279, 0, 0.22252093), (-0.9749279, 0, 0.22252093), (-1, 0, -1.8369701e-16), (-0.9749279, 0, 0.22252093), (-0.90096885, 0, 0.43388373), (-0.90096885, 0, 0.43388373), (-0.9749279, 0, 0.22252093), (-0.90096885, 0, 0.43388373), (-0.7818315, 0, 0.6234898), (-0.7818315, 0, 0.6234898), (-0.90096885, 0, 0.43388373), (-0.7818315, 0, 0.6234898), (-0.6234898, 0, 0.7818315), (-0.6234898, 0, 0.7818315), (-0.7818315, 0, 0.6234898), (-0.6234898, 0, 0.7818315), (-0.43388373, 0, 0.90096885), (-0.43388373, 0, 0.90096885), (-0.6234898, 0, 0.7818315), (-0.43388373, 0, 0.90096885), (-0.22252093, 0, 0.9749279), (-0.22252093, 0, 0.9749279), (-0.43388373, 0, 0.90096885), (-0.22252093, 0, 0.9749279), (0, 0, 1), (0, 0, 1), (-0.22252093, 0, 0.9749279), (0, -1, 0), (0, -1, 0), (0, -1, 0), (0, 1, 0), (0, 1, 0), (0, 1, 0), (0, -1, 0), (0, -1, 0), (0, -1, 0), (0, 1, 0), (0, 1, 0), (0, 1, 0), (0, -1, 0), (0, -1, 0), (0, -1, 0), (0, 1, 0), (0, 1, 0), (0, 1, 0), (0, -1, 0), (0, -1, 0), (0, -1, 0), (0, 1, 0), (0, 1, 0), (0, 1, 0), (0, -1, 0), (0, -1, 0), (0, -1, 0), (0, 1, 0), (0, 1, 0), (0, 1, 0), (0, -1, 0), (0, -1, 0), (0, -1, 0), (0, 1, 0), (0, 1, 0), (0, 1, 0), (0, -1, 0), (0, -1, 0), (0, -1, 0), (0, 1, 0), (0, 1, 0), (0, 1, 0), (0, -1, 0), (0, -1, 0), (0, -1, 0), (0, 1, 0), (0, 1, 0), (0, 1, 0), (0, -1, 0), (0, -1, 0), (0, -1, 0), (0, 1, 0), (0, 1, 0), (0, 1, 0), (0, -1, 0), (0, -1, 0), (0, -1, 0), (0, 1, 0), (0, 1, 0), (0, 1, 0), (0, -1, 0), (0, -1, 0), (0, -1, 0), (0, 1, 0), (0, 1, 0), (0, 1, 0), (0, -1, 0), (0, -1, 0), (0, -1, 0), (0, 1, 0), (0, 1, 0), (0, 1, 0), (0, -1, 0), (0, -1, 0), (0, -1, 0), (0, 1, 0), (0, 1, 0), (0, 1, 0), (0, -1, 0), (0, -1, 0), (0, -1, 0), (0, 1, 0), (0, 1, 0), (0, 1, 0), (0, -1, 0), (0, -1, 0), (0, -1, 0), (0, 1, 0), (0, 1, 0), (0, 1, 0), (0, -1, 0), (0, -1, 0), (0, -1, 0), (0, 1, 0), (0, 1, 0), (0, 1, 0), (0, -1, 0), (0, -1, 0), (0, -1, 0), (0, 1, 0), (0, 1, 0), (0, 1, 0), (0, -1, 0), (0, -1, 0), (0, -1, 0), (0, 1, 0), (0, 1, 0), (0, 1, 0), (0, -1, 0), (0, -1, 0), (0, -1, 0), (0, 1, 0), (0, 1, 0), (0, 1, 0), (0, -1, 0), (0, -1, 0), (0, -1, 0), (0, 1, 0), (0, 1, 0), (0, 1, 0), (0, -1, 0), (0, -1, 0), (0, -1, 0), (0, 1, 0), (0, 1, 0), (0, 1, 0), (0, -1, 0), (0, -1, 0), (0, -1, 0), (0, 1, 0), (0, 1, 0), (0, 1, 0), (0, -1, 0), (0, -1, 0), (0, -1, 0), (0, 1, 0), (0, 1, 0), (0, 1, 0), (0, -1, 0), (0, -1, 0), (0, -1, 0), (0, 1, 0), (0, 1, 0), (0, 1, 0), (0, -1, 0), (0, -1, 0), (0, -1, 0), (0, 1, 0), (0, 1, 0), (0, 1, 0), (0, -1, 0), (0, -1, 0), (0, -1, 0), (0, 1, 0), (0, 1, 0), (0, 1, 0), (0, -1, 0), (0, -1, 0), (0, -1, 0), (0, 1, 0), (0, 1, 0), (0, 1, 0), (0, -1, 0), (0, -1, 0), (0, -1, 0), (0, 1, 0), (0, 1, 0), (0, 1, 0)] (
                    interpolation = "faceVarying"
                )
                point3f[] points = [(0, -0.006, 0.008), (0.0017801675, -0.006, 0.0077994233), (0.00347107, -0.006, 0.007207751), (0.0049879183, -0.006, 0.006254652), (0.006254652, -0.006, 0.0049879183), (0.007207751, -0.006, 0.00347107), (0.0077994233, -0.006, 0.0017801675), (0.008, -0.006, 4.8985874e-19), (0.0077994233, -0.006, -0.0017801675), (0.007207751, -0.006, -0.00347107), (0.006254652, -0.006, -0.0049879183), (0.0049879183, -0.006, -0.006254652), (0.00347107, -0.006, -0.007207751), (0.0017801675, -0.006, -0.0077994233), (9.797175e-19, -0.006, -0.008), (-0.0017801675, -0.006, -0.0077994233), (-0.00347107, -0.006, -0.007207751), (-0.0049879183, -0.006, -0.006254652), (-0.006254652, -0.006, -0.0049879183), (-0.007207751, -0.006, -0.00347107), (-0.0077994233, -0.006, -0.0017801675), (-0.008, -0.006, -1.4695761e-18), (-0.0077994233, -0.006, 0.0017801675), (-0.007207751, -0.006, 0.00347107), (-0.006254652, -0.006, 0.0049879183), (-0.0049879183, -0.006, 0.006254652), (-0.00347107, -0.006, 0.007207751), (-0.0017801675, -0.006, 0.0077994233), (0, 0.006, 0.008), (0.0017801675, 0.006, 0.0077994233), (0.00347107, 0.006, 0.007207751), (0.0049879183, 0.006, 0.006254652), (0.006254652, 0.006, 0.0049879183), (0.007207751, 0.006, 0.00347107), (0.0077994233, 0.006, 0.0017801675), (0.008, 0.006, 4.8985874e-19), (0.0077994233, 0.006, -0.0017801675), (0.007207751, 0.006, -0.00347107), (0.006254652, 0.006, -0.0049879183), (0.0049879183, 0.006, -0.006254652), (0.00347107, 0.006, -0.007207751), (0.0017801675, 0.006, -0.0077994233), (9.797175e-19, 0.006, -0.008), (-0.0017801675, 0.006, -0.0077994233), (-0.00347107, 0.006, -0.007207751), (-0.0049879183, 0.006, -0.006254652), (-0.006254652, 0.006, -0.0049879183), (-0.007207751, 0.006, -0.00347107), (-0.0077994233, 0.006, -0.0017801675), (-0.008, 0.006, -1.4695761e-18), (-0.0077994233, 0.006, 0.0017801675), (-0.007207751, 0.006, 0.00347107), (-0.006254652, 0.006, 0.0049879183), (-0.0049879183, 0.006, 0.006254652), (-0.00347107, 0.006, 0.007207751), (-0.0017801675, 0.006, 0.0077994233), (0, -0.006, 0), (0, 0.006, 0)]
                uniform token subdivisionScheme = "none"
            }
        }

        def Xform "B_A2_Arm" (
            prepend apiSchemas = ["PhysicsRigidBodyAPI", "PhysicsMassAPI"]
        )
        {
            float physics:mass = 0.035
            matrix4d xformOp:transform = ( (0, -0.5000000000000004, -0.8660254037844384, 0), (0, 0.8660254037844384, -0.5000000000000004, 0), (1, 0, 0, 0), (-0.018, -0.020000000000000018, -0.03464101615137754, 1) )
            uniform token[] xformOpOrder = ["xformOp:transform"]

            def Mesh "Rod" (
                prepend apiSchemas = ["MaterialBindingAPI"]
            )
            {
                float3[] extent = [(-0.03, -0.005, -0.005), (-0.014, 0.005, 0.005)]
                int[] faceVertexCounts = [4, 4, 4, 4, 4, 4, 4, 4, 4, 4, 4, 4, 4, 4, 4, 4, 4, 4, 4, 4, 4, 4, 4, 4, 4, 4, 4, 4, 3, 3, 3, 3, 3, 3, 3, 3, 3, 3, 3, 3, 3, 3, 3, 3, 3, 3, 3, 3, 3, 3, 3, 3, 3, 3, 3, 3, 3, 3, 3, 3, 3, 3, 3, 3, 3, 3, 3, 3, 3, 3, 3, 3, 3, 3, 3, 3, 3, 3, 3, 3, 3, 3, 3, 3]
                int[] faceVertexIndices = [0, 1, 29, 28, 1, 2, 30, 29, 2, 3, 31, 30, 3, 4, 32, 31, 4, 5, 33, 32, 5, 6, 34, 33, 6, 7, 35, 34, 7, 8, 36, 35, 8, 9, 37, 36, 9, 10, 38, 37, 10, 11, 39, 38, 11, 12, 40, 39, 12, 13, 41, 40, 13, 14, 42, 41, 14, 15, 43, 42, 15, 16, 44, 43, 16, 17, 45, 44, 17, 18, 46, 45, 18, 19, 47, 46, 19, 20, 48, 47, 20, 21, 49, 48, 21, 22, 50, 49, 22, 23, 51, 50, 23, 24, 52, 51, 24, 25, 53, 52, 25, 26, 54, 53, 26, 27, 55, 54, 27, 0, 28, 55, 56, 1, 0, 57, 28, 29, 56, 2, 1, 57, 29, 30, 56, 3, 2, 57, 30, 31, 56, 4, 3, 57, 31, 32, 56, 5, 4, 57, 32, 33, 56, 6, 5, 57, 33, 34, 56, 7, 6, 57, 34, 35, 56, 8, 7, 57, 35, 36, 56, 9, 8, 57, 36, 37, 56, 10, 9, 57, 37, 38, 56, 11, 10, 57, 38, 39, 56, 12, 11, 57, 39, 40, 56, 13, 12, 57, 40, 41, 56, 14, 13, 57, 41, 42, 56, 15, 14, 57, 42, 43, 56, 16, 15, 57, 43, 44, 56, 17, 16, 57, 44, 45, 56, 18, 17, 57, 45, 46, 56, 19, 18, 57, 46, 47, 56, 20, 19, 57, 47, 48, 56, 21, 20, 57, 48, 49, 56, 22, 21, 57, 49, 50, 56, 23, 22, 57, 50, 51, 56, 24, 23, 57, 51, 52, 56, 25, 24, 57, 52, 53, 56, 26, 25, 57, 53, 54, 56, 27, 26, 57, 54, 55, 56, 0, 27, 57, 55, 28]
                rel material:binding = </World/Looks/Rod>
                normal3f[] normals = [(0, 1, 0), (0, 0.9749279, 0.22252093), (0, 0.9749279, 0.22252093), (0, 1, 0), (0, 0.9749279, 0.22252093), (0, 0.90096885, 0.43388373), (0, 0.90096885, 0.43388373), (0, 0.9749279, 0.22252093), (0, 0.90096885, 0.43388373), (0, 0.7818315, 0.6234898), (0, 0.7818315, 0.6234898), (0, 0.90096885, 0.43388373), (0, 0.7818315, 0.6234898), (0, 0.6234898, 0.7818315), (0, 0.6234898, 0.7818315), (0, 0.7818315, 0.6234898), (0, 0.6234898, 0.7818315), (0, 0.43388373, 0.90096885), (0, 0.43388373, 0.90096885), (0, 0.6234898, 0.7818315), (0, 0.43388373, 0.90096885), (0, 0.22252093, 0.9749279), (0, 0.22252093, 0.9749279), (0, 0.43388373, 0.90096885), (0, 0.22252093, 0.9749279), (0, 6.123234e-17, 1), (0, 6.123234e-17, 1), (0, 0.22252093, 0.9749279), (0, 6.123234e-17, 1), (0, -0.22252093, 0.9749279), (0, -0.22252093, 0.9749279), (0, 6.123234e-17, 1), (0, -0.22252093, 0.9749279), (0, -0.43388373, 0.90096885), (0, -0.43388373, 0.90096885), (0, -0.22252093, 0.9749279), (0, -0.43388373, 0.90096885), (0, -0.6234898, 0.7818315), (0, -0.6234898, 0.7818315), (0, -0.43388373, 0.90096885), (0, -0.6234898, 0.7818315), (0, -0.7818315, 0.6234898), (0, -0.7818315, 0.6234898), (0, -0.6234898, 0.7818315), (0, -0.7818315, 0.6234898), (0, -0.90096885, 0.43388373), (0, -0.90096885, 0.43388373), (0, -0.7818315, 0.6234898), (0, -0.90096885, 0.43388373), (0, -0.9749279, 0.22252093), (0, -0.9749279, 0.22252093), (0, -0.90096885, 0.43388373), (0, -0.9749279, 0.22252093), (0, -1, 1.2246469e-16), (0, -1, 1.2246469e-16), (0, -0.9749279, 0.22252093), (0, -1, 1.2246469e-16), (0, -0.9749279, -0.22252093), (0, -0.9749279, -0.22252093), (0, -1, 1.2246469e-16), (0, -0.9749279, -0.22252093), (0, -0.90096885, -0.43388373), (0, -0.90096885, -0.43388373), (0, -0.9749279, -0.22252093), (0, -0.90096885, -0.43388373), (0, -0.7818315, -0.6234898), (0, -0.7818315, -0.6234898), (0, -0.90096885, -0.43388373), (0, -0.7818315, -0.6234898), (0, -0.6234898, -0.7818315), (0, -0.6234898, -0.7818315), (0, -0.7818315, -0.6234898), (0, -0.6234898, -0.7818315), (0, -0.43388373, -0.90096885), (0, -0.43388373, -0.90096885), (0, -0.6234898, -0.7818315), (0, -0.43388373, -0.90096885), (0, -0.22252093, -0.9749279), (0, -0.22252093, -0.9749279), (0, -0.43388373, -0.90096885), (0, -0.22252093, -0.9749279), (0, -1.8369701e-16, -1), (0, -1.8369701e-16, -1), (0, -0.22252093, -0.9749279), (0, -1.8369701e-16, -1), (0, 0.22252093, -0.9749279), (0, 0.22252093, -0.9749279), (0, -1.8369701e-16, -1), (0, 0.22252093, -0.9749279), (0, 0.43388373, -0.90096885), (0, 0.43388373, -0.90096885), (0, 0.22252093, -0.9749279), (0, 0.43388373, -0.90096885), (0, 0.6234898, -0.7818315), (0, 0.6234898, -0.7818315), (0, 0.43388373, -0.90096885), (0, 0.6234898, -0.7818315), (0, 0.7818315, -0.6234898), (0, 0.7818315, -0.6234898), (0, 0.6234898, -0.7818315), (0, 0.7818315, -0.6234898), (0, 0.90096885, -0.43388373), (0, 0.90096885, -0.43388373), (0, 0.7818315, -0.6234898), (0, 0.90096885, -0.43388373), (0, 0.9749279, -0.22252093), (0, 0.9749279, -0.22252093), (0, 0.90096885, -0.43388373), (0, 0.9749279, -0.22252093), (0, 1, 0), (0, 1, 0), (0, 0.9749279, -0.22252093), (-1, 0, 0), (-1, 0, 0), (-1, 0, 0), (1, 0, 0), (1, 0, 0), (1, 0, 0), (-1, 0, 0), (-1, 0, 0), (-1, 0, 0), (1, 0, 0), (1, 0, 0), (1, 0, 0), (-1, 0, 0), (-1, 0, 0), (-1, 0, 0), (1, 0, 0), (1, 0, 0), (1, 0, 0), (-1, 0, 0), (-1, 0, 0), (-1, 0, 0), (1, 0, 0), (1, 0, 0), (1, 0, 0), (-1, 0, 0), (-1, 0, 0), (-1, 0, 0), (1, 0, 0), (1, 0, 0), (1, 0, 0), (-1, 0, 0), (-1, 0, 0), (-1, 0, 0), (1, 0, 0), (1, 0, 0), (1, 0, 0), (-1, 0, 0), (-1, 0, 0), (-1, 0, 0), (1, 0, 0), (1, 0, 0), (1, 0, 0), (-1, 0, 0), (-1, 0, 0), (-1, 0, 0), (1, 0, 0), (1, 0, 0), (1, 0, 0), (-1, 0, 0), (-1, 0, 0), (-1, 0, 0), (1, 0, 0), (1, 0, 0), (1, 0, 0), (-1, 0, 0), (-1, 0, 0), (-1, 0, 0), (1, 0, 0), (1, 0, 0), (1, 0, 0), (-1, 0, 0), (-1, 0, 0), (-1, 0, 0), (1, 0, 0), (1, 0, 0), (1, 0, 0), (-1, 0, 0), (-1, 0, 0), (-1, 0, 0), (1, 0, 0), (1, 0, 0), (1, 0, 0), (-1, 0, 0), (-1, 0, 0), (-1, 0, 0), (1, 0, 0), (1, 0, 0), (1, 0, 0), (-1, 0, 0), (-1, 0, 0), (-1, 0, 0), (1, 0, 0), (1, 0, 0), (1, 0, 0), (-1, 0, 0), (-1, 0, 0), (-1, 0, 0), (1, 0, 0), (1, 0, 0), (1, 0, 0), (-1, 0, 0), (-1, 0, 0), (-1, 0, 0), (1, 0, 0), (1, 0, 0), (1, 0, 0), (-1, 0, 0), (-1, 0, 0), (-1, 0, 0), (1, 0, 0), (1, 0, 0), (1, 0, 0), (-1, 0, 0), (-1, 0, 0), (-1, 0, 0), (1, 0, 0), (1, 0, 0), (1, 0, 0), (-1, 0, 0), (-1, 0, 0), (-1, 0, 0), (1, 0, 0), (1, 0, 0), (1, 0, 0), (-1, 0, 0), (-1, 0, 0), (-1, 0, 0), (1, 0, 0), (1, 0, 0), (1, 0, 0), (-1, 0, 0), (-1, 0, 0), (-1, 0, 0), (1, 0, 0), (1, 0, 0), (1, 0, 0), (-1, 0, 0), (-1, 0, 0), (-1, 0, 0), (1, 0, 0), (1, 0, 0), (1, 0, 0), (-1, 0, 0), (-1, 0, 0), (-1, 0, 0), (1, 0, 0), (1, 0, 0), (1, 0, 0), (-1, 0, 0), (-1, 0, 0), (-1, 0, 0), (1, 0, 0), (1, 0, 0), (1, 0, 0), (-1, 0, 0), (-1, 0, 0), (-1, 0, 0), (1, 0, 0), (1, 0, 0), (1, 0, 0), (-1, 0, 0), (-1, 0, 0), (-1, 0, 0), (1, 0, 0), (1, 0, 0), (1, 0, 0), (-1, 0, 0), (-1, 0, 0), (-1, 0, 0), (1, 0, 0), (1, 0, 0), (1, 0, 0), (-1, 0, 0), (-1, 0, 0), (-1, 0, 0), (1, 0, 0), (1, 0, 0), (1, 0, 0)] (
                    interpolation = "faceVarying"
                )
                point3f[] points = [(-0.03, 0.005, 0), (-0.03, 0.0048746397, 0.0011126046), (-0.03, 0.0045048445, 0.0021694186), (-0.03, 0.0039091576, 0.003117449), (-0.03, 0.003117449, 0.0039091576), (-0.03, 0.0021694186, 0.0045048445), (-0.03, 0.0011126046, 0.0048746397), (-0.03, 3.061617e-19, 0.005), (-0.03, -0.0011126046, 0.0048746397), (-0.03, -0.0021694186, 0.0045048445), (-0.03, -0.003117449, 0.0039091576), (-0.03, -0.0039091576, 0.003117449), (-0.03, -0.0045048445, 0.0021694186), (-0.03, -0.0048746397, 0.0011126046), (-0.03, -0.005, 6.123234e-19), (-0.03, -0.0048746397, -0.0011126046), (-0.03, -0.0045048445, -0.0021694186), (-0.03, -0.0039091576, -0.003117449), (-0.03, -0.003117449, -0.0039091576), (-0.03, -0.0021694186, -0.0045048445), (-0.03, -0.0011126046, -0.0048746397), (-0.03, -9.184851e-19, -0.005), (-0.03, 0.0011126046, -0.0048746397), (-0.03, 0.0021694186, -0.0045048445), (-0.03, 0.003117449, -0.0039091576), (-0.03, 0.0039091576, -0.003117449), (-0.03, 0.0045048445, -0.0021694186), (-0.03, 0.0048746397, -0.0011126046), (-0.014, 0.005, 0), (-0.014, 0.0048746397, 0.0011126046), (-0.014, 0.0045048445, 0.0021694186), (-0.014, 0.0039091576, 0.003117449), (-0.014, 0.003117449, 0.0039091576), (-0.014, 0.0021694186, 0.0045048445), (-0.014, 0.0011126046, 0.0048746397), (-0.014, 3.061617e-19, 0.005), (-0.014, -0.0011126046, 0.0048746397), (-0.014, -0.0021694186, 0.0045048445), (-0.014, -0.003117449, 0.0039091576), (-0.014, -0.0039091576, 0.003117449), (-0.014, -0.0045048445, 0.0021694186), (-0.014, -0.0048746397, 0.0011126046), (-0.014, -0.005, 6.123234e-19), (-0.014, -0.0048746397, -0.0011126046), (-0.014, -0.0045048445, -0.0021694186), (-0.014, -0.0039091576, -0.003117449), (-0.014, -0.003117449, -0.0039091576), (-0.014, -0.0021694186, -0.0045048445), (-0.014, -0.0011126046, -0.0048746397), (-0.014, -9.184851e-19, -0.005), (-0.014, 0.0011126046, -0.0048746397), (-0.014, 0.0021694186, -0.0045048445), (-0.014, 0.003117449, -0.0039091576), (-0.014, 0.0039091576, -0.003117449), (-0.014, 0.0045048445, -0.0021694186), (-0.014, 0.0048746397, -0.0011126046), (-0.03, 0, 0), (-0.014, 0, 0)]
                uniform token subdivisionScheme = "none"
            }

            def Cube "Yoke" (
                prepend apiSchemas = ["MaterialBindingAPI"]
            )
            {
                float3[] extent = [(-0.5, -0.5, -0.5), (0.5, 0.5, 0.5)]
                rel material:binding = </World/Looks/Fork>
                double size = 1
                matrix4d xformOp:transform = ( (0.0033, 0, 0, 0), (0, 0.023, 0, 0), (0, 0, 0.011, 0), (-0.012650000000000002, 0, 0, 1) )
                uniform token[] xformOpOrder = ["xformOp:transform"]
            }

            def Cube "ForkL" (
                prepend apiSchemas = ["MaterialBindingAPI"]
            )
            {
                float3[] extent = [(-0.5, -0.5, -0.5), (0.5, 0.5, 0.5)]
                rel material:binding = </World/Looks/Fork>
                double size = 1
                matrix4d xformOp:transform = ( (0.014, 0, 0, 0), (0, 0.003, 0, 0), (0, 0, 0.011, 0), (-0.007, 0.01, 0, 1) )
                uniform token[] xformOpOrder = ["xformOp:transform"]
            }

            def Cube "ForkR" (
                prepend apiSchemas = ["MaterialBindingAPI"]
            )
            {
                float3[] extent = [(-0.5, -0.5, -0.5), (0.5, 0.5, 0.5)]
                rel material:binding = </World/Looks/Fork>
                double size = 1
                matrix4d xformOp:transform = ( (0.014, 0, 0, 0), (0, 0.003, 0, 0), (0, 0, 0.011, 0), (-0.007, -0.01, 0, 1) )
                uniform token[] xformOpOrder = ["xformOp:transform"]
            }

            def Mesh "Axle" (
                prepend apiSchemas = ["MaterialBindingAPI"]
            )
            {
                float3[] extent = [(-0.0025, -0.0115, -0.0025), (0.0025, 0.0115, 0.0025)]
                int[] faceVertexCounts = [4, 4, 4, 4, 4, 4, 4, 4, 4, 4, 4, 4, 4, 4, 4, 4, 4, 4, 4, 4, 4, 4, 4, 4, 4, 4, 4, 4, 3, 3, 3, 3, 3, 3, 3, 3, 3, 3, 3, 3, 3, 3, 3, 3, 3, 3, 3, 3, 3, 3, 3, 3, 3, 3, 3, 3, 3, 3, 3, 3, 3, 3, 3, 3, 3, 3, 3, 3, 3, 3, 3, 3, 3, 3, 3, 3, 3, 3, 3, 3, 3, 3, 3, 3]
                int[] faceVertexIndices = [0, 1, 29, 28, 1, 2, 30, 29, 2, 3, 31, 30, 3, 4, 32, 31, 4, 5, 33, 32, 5, 6, 34, 33, 6, 7, 35, 34, 7, 8, 36, 35, 8, 9, 37, 36, 9, 10, 38, 37, 10, 11, 39, 38, 11, 12, 40, 39, 12, 13, 41, 40, 13, 14, 42, 41, 14, 15, 43, 42, 15, 16, 44, 43, 16, 17, 45, 44, 17, 18, 46, 45, 18, 19, 47, 46, 19, 20, 48, 47, 20, 21, 49, 48, 21, 22, 50, 49, 22, 23, 51, 50, 23, 24, 52, 51, 24, 25, 53, 52, 25, 26, 54, 53, 26, 27, 55, 54, 27, 0, 28, 55, 56, 1, 0, 57, 28, 29, 56, 2, 1, 57, 29, 30, 56, 3, 2, 57, 30, 31, 56, 4, 3, 57, 31, 32, 56, 5, 4, 57, 32, 33, 56, 6, 5, 57, 33, 34, 56, 7, 6, 57, 34, 35, 56, 8, 7, 57, 35, 36, 56, 9, 8, 57, 36, 37, 56, 10, 9, 57, 37, 38, 56, 11, 10, 57, 38, 39, 56, 12, 11, 57, 39, 40, 56, 13, 12, 57, 40, 41, 56, 14, 13, 57, 41, 42, 56, 15, 14, 57, 42, 43, 56, 16, 15, 57, 43, 44, 56, 17, 16, 57, 44, 45, 56, 18, 17, 57, 45, 46, 56, 19, 18, 57, 46, 47, 56, 20, 19, 57, 47, 48, 56, 21, 20, 57, 48, 49, 56, 22, 21, 57, 49, 50, 56, 23, 22, 57, 50, 51, 56, 24, 23, 57, 51, 52, 56, 25, 24, 57, 52, 53, 56, 26, 25, 57, 53, 54, 56, 27, 26, 57, 54, 55, 56, 0, 27, 57, 55, 28]
                rel material:binding = </World/Looks/Axle>
                normal3f[] normals = [(0, 0, 1), (0.22252093, 0, 0.9749279), (0.22252093, 0, 0.9749279), (0, 0, 1), (0.22252093, 0, 0.9749279), (0.43388373, 0, 0.90096885), (0.43388373, 0, 0.90096885), (0.22252093, 0, 0.9749279), (0.43388373, 0, 0.90096885), (0.6234898, 0, 0.7818315), (0.6234898, 0, 0.7818315), (0.43388373, 0, 0.90096885), (0.6234898, 0, 0.7818315), (0.7818315, 0, 0.6234898), (0.7818315, 0, 0.6234898), (0.6234898, 0, 0.7818315), (0.7818315, 0, 0.6234898), (0.90096885, 0, 0.43388373), (0.90096885, 0, 0.43388373), (0.7818315, 0, 0.6234898), (0.90096885, 0, 0.43388373), (0.9749279, 0, 0.22252093), (0.9749279, 0, 0.22252093), (0.90096885, 0, 0.43388373), (0.9749279, 0, 0.22252093), (1, 0, 6.123234e-17), (1, 0, 6.123234e-17), (0.9749279, 0, 0.22252093), (1, 0, 6.123234e-17), (0.9749279, 0, -0.22252093), (0.9749279, 0, -0.22252093), (1, 0, 6.123234e-17), (0.9749279, 0, -0.22252093), (0.90096885, 0, -0.43388373), (0.90096885, 0, -0.43388373), (0.9749279, 0, -0.22252093), (0.90096885, 0, -0.43388373), (0.7818315, 0, -0.6234898), (0.7818315, 0, -0.6234898), (0.90096885, 0, -0.43388373), (0.7818315, 0, -0.6234898), (0.6234898, 0, -0.7818315), (0.6234898, 0, -0.7818315), (0.7818315, 0, -0.6234898), (0.6234898, 0, -0.7818315), (0.43388373, 0, -0.90096885), (0.43388373, 0, -0.90096885), (0.6234898, 0, -0.7818315), (0.43388373, 0, -0.90096885), (0.22252093, 0, -0.9749279), (0.22252093, 0, -0.9749279), (0.43388373, 0, -0.90096885), (0.22252093, 0, -0.9749279), (1.2246469e-16, 0, -1), (1.2246469e-16, 0, -1), (0.22252093, 0, -0.9749279), (1.2246469e-16, 0, -1), (-0.22252093, 0, -0.9749279), (-0.22252093, 0, -0.9749279), (1.2246469e-16, 0, -1), (-0.22252093, 0, -0.9749279), (-0.43388373, 0, -0.90096885), (-0.43388373, 0, -0.90096885), (-0.22252093, 0, -0.9749279), (-0.43388373, 0, -0.90096885), (-0.6234898, 0, -0.7818315), (-0.6234898, 0, -0.7818315), (-0.43388373, 0, -0.90096885), (-0.6234898, 0, -0.7818315), (-0.7818315, 0, -0.6234898), (-0.7818315, 0, -0.6234898), (-0.6234898, 0, -0.7818315), (-0.7818315, 0, -0.6234898), (-0.90096885, 0, -0.43388373), (-0.90096885, 0, -0.43388373), (-0.7818315, 0, -0.6234898), (-0.90096885, 0, -0.43388373), (-0.9749279, 0, -0.22252093), (-0.9749279, 0, -0.22252093), (-0.90096885, 0, -0.43388373), (-0.9749279, 0, -0.22252093), (-1, 0, -1.8369701e-16), (-1, 0, -1.8369701e-16), (-0.9749279, 0, -0.22252093), (-1, 0, -1.8369701e-16), (-0.9749279, 0, 0.22252093), (-0.9749279, 0, 0.22252093), (-1, 0, -1.8369701e-16), (-0.9749279, 0, 0.22252093), (-0.90096885, 0, 0.43388373), (-0.90096885, 0, 0.43388373), (-0.9749279, 0, 0.22252093), (-0.90096885, 0, 0.43388373), (-0.7818315, 0, 0.6234898), (-0.7818315, 0, 0.6234898), (-0.90096885, 0, 0.43388373), (-0.7818315, 0, 0.6234898), (-0.6234898, 0, 0.7818315), (-0.6234898, 0, 0.7818315), (-0.7818315, 0, 0.6234898), (-0.6234898, 0, 0.7818315), (-0.43388373, 0, 0.90096885), (-0.43388373, 0, 0.90096885), (-0.6234898, 0, 0.7818315), (-0.43388373, 0, 0.90096885), (-0.22252093, 0, 0.9749279), (-0.22252093, 0, 0.9749279), (-0.43388373, 0, 0.90096885), (-0.22252093, 0, 0.9749279), (0, 0, 1), (0, 0, 1), (-0.22252093, 0, 0.9749279), (0, -1, 0), (0, -1, 0), (0, -1, 0), (0, 1, 0), (0, 1, 0), (0, 1, 0), (0, -1, 0), (0, -1, 0), (0, -1, 0), (0, 1, 0), (0, 1, 0), (0, 1, 0), (0, -1, 0), (0, -1, 0), (0, -1, 0), (0, 1, 0), (0, 1, 0), (0, 1, 0), (0, -1, 0), (0, -1, 0), (0, -1, 0), (0, 1, 0), (0, 1, 0), (0, 1, 0), (0, -1, 0), (0, -1, 0), (0, -1, 0), (0, 1, 0), (0, 1, 0), (0, 1, 0), (0, -1, 0), (0, -1, 0), (0, -1, 0), (0, 1, 0), (0, 1, 0), (0, 1, 0), (0, -1, 0), (0, -1, 0), (0, -1, 0), (0, 1, 0), (0, 1, 0), (0, 1, 0), (0, -1, 0), (0, -1, 0), (0, -1, 0), (0, 1, 0), (0, 1, 0), (0, 1, 0), (0, -1, 0), (0, -1, 0), (0, -1, 0), (0, 1, 0), (0, 1, 0), (0, 1, 0), (0, -1, 0), (0, -1, 0), (0, -1, 0), (0, 1, 0), (0, 1, 0), (0, 1, 0), (0, -1, 0), (0, -1, 0), (0, -1, 0), (0, 1, 0), (0, 1, 0), (0, 1, 0), (0, -1, 0), (0, -1, 0), (0, -1, 0), (0, 1, 0), (0, 1, 0), (0, 1, 0), (0, -1, 0), (0, -1, 0), (0, -1, 0), (0, 1, 0), (0, 1, 0), (0, 1, 0), (0, -1, 0), (0, -1, 0), (0, -1, 0), (0, 1, 0), (0, 1, 0), (0, 1, 0), (0, -1, 0), (0, -1, 0), (0, -1, 0), (0, 1, 0), (0, 1, 0), (0, 1, 0), (0, -1, 0), (0, -1, 0), (0, -1, 0), (0, 1, 0), (0, 1, 0), (0, 1, 0), (0, -1, 0), (0, -1, 0), (0, -1, 0), (0, 1, 0), (0, 1, 0), (0, 1, 0), (0, -1, 0), (0, -1, 0), (0, -1, 0), (0, 1, 0), (0, 1, 0), (0, 1, 0), (0, -1, 0), (0, -1, 0), (0, -1, 0), (0, 1, 0), (0, 1, 0), (0, 1, 0), (0, -1, 0), (0, -1, 0), (0, -1, 0), (0, 1, 0), (0, 1, 0), (0, 1, 0), (0, -1, 0), (0, -1, 0), (0, -1, 0), (0, 1, 0), (0, 1, 0), (0, 1, 0), (0, -1, 0), (0, -1, 0), (0, -1, 0), (0, 1, 0), (0, 1, 0), (0, 1, 0), (0, -1, 0), (0, -1, 0), (0, -1, 0), (0, 1, 0), (0, 1, 0), (0, 1, 0), (0, -1, 0), (0, -1, 0), (0, -1, 0), (0, 1, 0), (0, 1, 0), (0, 1, 0), (0, -1, 0), (0, -1, 0), (0, -1, 0), (0, 1, 0), (0, 1, 0), (0, 1, 0), (0, -1, 0), (0, -1, 0), (0, -1, 0), (0, 1, 0), (0, 1, 0), (0, 1, 0), (0, -1, 0), (0, -1, 0), (0, -1, 0), (0, 1, 0), (0, 1, 0), (0, 1, 0), (0, -1, 0), (0, -1, 0), (0, -1, 0), (0, 1, 0), (0, 1, 0), (0, 1, 0)] (
                    interpolation = "faceVarying"
                )
                point3f[] points = [(0, -0.0115, 0.0025), (0.0005563023, -0.0115, 0.0024373198), (0.0010847093, -0.0115, 0.0022524223), (0.0015587246, -0.0115, 0.0019545788), (0.0019545788, -0.0115, 0.0015587246), (0.0022524223, -0.0115, 0.0010847093), (0.0024373198, -0.0115, 0.0005563023), (0.0025, -0.0115, 1.5308085e-19), (0.0024373198, -0.0115, -0.0005563023), (0.0022524223, -0.0115, -0.0010847093), (0.0019545788, -0.0115, -0.0015587246), (0.0015587246, -0.0115, -0.0019545788), (0.0010847093, -0.0115, -0.0022524223), (0.0005563023, -0.0115, -0.0024373198), (3.061617e-19, -0.0115, -0.0025), (-0.0005563023, -0.0115, -0.0024373198), (-0.0010847093, -0.0115, -0.0022524223), (-0.0015587246, -0.0115, -0.0019545788), (-0.0019545788, -0.0115, -0.0015587246), (-0.0022524223, -0.0115, -0.0010847093), (-0.0024373198, -0.0115, -0.0005563023), (-0.0025, -0.0115, -4.5924256e-19), (-0.0024373198, -0.0115, 0.0005563023), (-0.0022524223, -0.0115, 0.0010847093), (-0.0019545788, -0.0115, 0.0015587246), (-0.0015587246, -0.0115, 0.0019545788), (-0.0010847093, -0.0115, 0.0022524223), (-0.0005563023, -0.0115, 0.0024373198), (0, 0.0115, 0.0025), (0.0005563023, 0.0115, 0.0024373198), (0.0010847093, 0.0115, 0.0022524223), (0.0015587246, 0.0115, 0.0019545788), (0.0019545788, 0.0115, 0.0015587246), (0.0022524223, 0.0115, 0.0010847093), (0.0024373198, 0.0115, 0.0005563023), (0.0025, 0.0115, 1.5308085e-19), (0.0024373198, 0.0115, -0.0005563023), (0.0022524223, 0.0115, -0.0010847093), (0.0019545788, 0.0115, -0.0015587246), (0.0015587246, 0.0115, -0.0019545788), (0.0010847093, 0.0115, -0.0022524223), (0.0005563023, 0.0115, -0.0024373198), (3.061617e-19, 0.0115, -0.0025), (-0.0005563023, 0.0115, -0.0024373198), (-0.0010847093, 0.0115, -0.0022524223), (-0.0015587246, 0.0115, -0.0019545788), (-0.0019545788, 0.0115, -0.0015587246), (-0.0022524223, 0.0115, -0.0010847093), (-0.0024373198, 0.0115, -0.0005563023), (-0.0025, 0.0115, -4.5924256e-19), (-0.0024373198, 0.0115, 0.0005563023), (-0.0022524223, 0.0115, 0.0010847093), (-0.0019545788, 0.0115, 0.0015587246), (-0.0015587246, 0.0115, 0.0019545788), (-0.0010847093, 0.0115, 0.0022524223), (-0.0005563023, 0.0115, 0.0024373198), (0, -0.0115, 0), (0, 0.0115, 0)]
                uniform token subdivisionScheme = "none"
            }
        }

        def Xform "B_A2_Wheel" (
            apiSchemas = ["PhysicsRigidBodyAPI", "PhysicsMassAPI", "PhysxRigidBodyAPI"]
        )
        {
            point3f physics:centerOfMass = (0, 0, 0)
            float3 physics:diagonalInertia = (7e-7, 8e-7, 7e-7)
            float physics:mass = 0.025
            quatf physics:principalAxes = (1, 0, 0, 0)
            custom bool physxRigidBody:enableCCD = 1
            custom float physxRigidBody:maxLinearVelocity = 5
            matrix4d xformOp:transform = ( (0, -0.5000000000000004, -0.8660254037844384, 0), (0, 0.8660254037844384, -0.5000000000000004, 0), (1, 0, 0, 0), (-0.018, -0.020000000000000018, -0.03464101615137754, 1) )
            uniform token[] xformOpOrder = ["xformOp:transform"]

            def Cylinder "WheelCollider" (
                apiSchemas = ["PhysicsCollisionAPI", "PhysxCollisionAPI", "MaterialBindingAPI"]
            )
            {
                uniform token axis = "Y"
                float3[] extent = [(-0.008, -0.006, -0.008), (0.008, 0.006, 0.008)]
                double height = 0.012
                rel material:binding:physics = </World/Looks/TyrePhys> (
                    bindMaterialAs = "weakerThanDescendants"
                )
                custom float physxCollision:contactOffset = 0.004
                custom float physxCollision:restOffset = 0
                double radius = 0.008
                token visibility = "invisible"
            }

            def Mesh "WheelVisual" (
                prepend apiSchemas = ["MaterialBindingAPI"]
            )
            {
                float3[] extent = [(-0.008, -0.006, -0.008), (0.008, 0.006, 0.008)]
                int[] faceVertexCounts = [4, 4, 4, 4, 4, 4, 4, 4, 4, 4, 4, 4, 4, 4, 4, 4, 4, 4, 4, 4, 4, 4, 4, 4, 4, 4, 4, 4, 3, 3, 3, 3, 3, 3, 3, 3, 3, 3, 3, 3, 3, 3, 3, 3, 3, 3, 3, 3, 3, 3, 3, 3, 3, 3, 3, 3, 3, 3, 3, 3, 3, 3, 3, 3, 3, 3, 3, 3, 3, 3, 3, 3, 3, 3, 3, 3, 3, 3, 3, 3, 3, 3, 3, 3]
                int[] faceVertexIndices = [0, 1, 29, 28, 1, 2, 30, 29, 2, 3, 31, 30, 3, 4, 32, 31, 4, 5, 33, 32, 5, 6, 34, 33, 6, 7, 35, 34, 7, 8, 36, 35, 8, 9, 37, 36, 9, 10, 38, 37, 10, 11, 39, 38, 11, 12, 40, 39, 12, 13, 41, 40, 13, 14, 42, 41, 14, 15, 43, 42, 15, 16, 44, 43, 16, 17, 45, 44, 17, 18, 46, 45, 18, 19, 47, 46, 19, 20, 48, 47, 20, 21, 49, 48, 21, 22, 50, 49, 22, 23, 51, 50, 23, 24, 52, 51, 24, 25, 53, 52, 25, 26, 54, 53, 26, 27, 55, 54, 27, 0, 28, 55, 56, 1, 0, 57, 28, 29, 56, 2, 1, 57, 29, 30, 56, 3, 2, 57, 30, 31, 56, 4, 3, 57, 31, 32, 56, 5, 4, 57, 32, 33, 56, 6, 5, 57, 33, 34, 56, 7, 6, 57, 34, 35, 56, 8, 7, 57, 35, 36, 56, 9, 8, 57, 36, 37, 56, 10, 9, 57, 37, 38, 56, 11, 10, 57, 38, 39, 56, 12, 11, 57, 39, 40, 56, 13, 12, 57, 40, 41, 56, 14, 13, 57, 41, 42, 56, 15, 14, 57, 42, 43, 56, 16, 15, 57, 43, 44, 56, 17, 16, 57, 44, 45, 56, 18, 17, 57, 45, 46, 56, 19, 18, 57, 46, 47, 56, 20, 19, 57, 47, 48, 56, 21, 20, 57, 48, 49, 56, 22, 21, 57, 49, 50, 56, 23, 22, 57, 50, 51, 56, 24, 23, 57, 51, 52, 56, 25, 24, 57, 52, 53, 56, 26, 25, 57, 53, 54, 56, 27, 26, 57, 54, 55, 56, 0, 27, 57, 55, 28]
                rel material:binding = </World/Looks/Wheel>
                normal3f[] normals = [(0, 0, 1), (0.22252093, 0, 0.9749279), (0.22252093, 0, 0.9749279), (0, 0, 1), (0.22252093, 0, 0.9749279), (0.43388373, 0, 0.90096885), (0.43388373, 0, 0.90096885), (0.22252093, 0, 0.9749279), (0.43388373, 0, 0.90096885), (0.6234898, 0, 0.7818315), (0.6234898, 0, 0.7818315), (0.43388373, 0, 0.90096885), (0.6234898, 0, 0.7818315), (0.7818315, 0, 0.6234898), (0.7818315, 0, 0.6234898), (0.6234898, 0, 0.7818315), (0.7818315, 0, 0.6234898), (0.90096885, 0, 0.43388373), (0.90096885, 0, 0.43388373), (0.7818315, 0, 0.6234898), (0.90096885, 0, 0.43388373), (0.9749279, 0, 0.22252093), (0.9749279, 0, 0.22252093), (0.90096885, 0, 0.43388373), (0.9749279, 0, 0.22252093), (1, 0, 6.123234e-17), (1, 0, 6.123234e-17), (0.9749279, 0, 0.22252093), (1, 0, 6.123234e-17), (0.9749279, 0, -0.22252093), (0.9749279, 0, -0.22252093), (1, 0, 6.123234e-17), (0.9749279, 0, -0.22252093), (0.90096885, 0, -0.43388373), (0.90096885, 0, -0.43388373), (0.9749279, 0, -0.22252093), (0.90096885, 0, -0.43388373), (0.7818315, 0, -0.6234898), (0.7818315, 0, -0.6234898), (0.90096885, 0, -0.43388373), (0.7818315, 0, -0.6234898), (0.6234898, 0, -0.7818315), (0.6234898, 0, -0.7818315), (0.7818315, 0, -0.6234898), (0.6234898, 0, -0.7818315), (0.43388373, 0, -0.90096885), (0.43388373, 0, -0.90096885), (0.6234898, 0, -0.7818315), (0.43388373, 0, -0.90096885), (0.22252093, 0, -0.9749279), (0.22252093, 0, -0.9749279), (0.43388373, 0, -0.90096885), (0.22252093, 0, -0.9749279), (1.2246469e-16, 0, -1), (1.2246469e-16, 0, -1), (0.22252093, 0, -0.9749279), (1.2246469e-16, 0, -1), (-0.22252093, 0, -0.9749279), (-0.22252093, 0, -0.9749279), (1.2246469e-16, 0, -1), (-0.22252093, 0, -0.9749279), (-0.43388373, 0, -0.90096885), (-0.43388373, 0, -0.90096885), (-0.22252093, 0, -0.9749279), (-0.43388373, 0, -0.90096885), (-0.6234898, 0, -0.7818315), (-0.6234898, 0, -0.7818315), (-0.43388373, 0, -0.90096885), (-0.6234898, 0, -0.7818315), (-0.7818315, 0, -0.6234898), (-0.7818315, 0, -0.6234898), (-0.6234898, 0, -0.7818315), (-0.7818315, 0, -0.6234898), (-0.90096885, 0, -0.43388373), (-0.90096885, 0, -0.43388373), (-0.7818315, 0, -0.6234898), (-0.90096885, 0, -0.43388373), (-0.9749279, 0, -0.22252093), (-0.9749279, 0, -0.22252093), (-0.90096885, 0, -0.43388373), (-0.9749279, 0, -0.22252093), (-1, 0, -1.8369701e-16), (-1, 0, -1.8369701e-16), (-0.9749279, 0, -0.22252093), (-1, 0, -1.8369701e-16), (-0.9749279, 0, 0.22252093), (-0.9749279, 0, 0.22252093), (-1, 0, -1.8369701e-16), (-0.9749279, 0, 0.22252093), (-0.90096885, 0, 0.43388373), (-0.90096885, 0, 0.43388373), (-0.9749279, 0, 0.22252093), (-0.90096885, 0, 0.43388373), (-0.7818315, 0, 0.6234898), (-0.7818315, 0, 0.6234898), (-0.90096885, 0, 0.43388373), (-0.7818315, 0, 0.6234898), (-0.6234898, 0, 0.7818315), (-0.6234898, 0, 0.7818315), (-0.7818315, 0, 0.6234898), (-0.6234898, 0, 0.7818315), (-0.43388373, 0, 0.90096885), (-0.43388373, 0, 0.90096885), (-0.6234898, 0, 0.7818315), (-0.43388373, 0, 0.90096885), (-0.22252093, 0, 0.9749279), (-0.22252093, 0, 0.9749279), (-0.43388373, 0, 0.90096885), (-0.22252093, 0, 0.9749279), (0, 0, 1), (0, 0, 1), (-0.22252093, 0, 0.9749279), (0, -1, 0), (0, -1, 0), (0, -1, 0), (0, 1, 0), (0, 1, 0), (0, 1, 0), (0, -1, 0), (0, -1, 0), (0, -1, 0), (0, 1, 0), (0, 1, 0), (0, 1, 0), (0, -1, 0), (0, -1, 0), (0, -1, 0), (0, 1, 0), (0, 1, 0), (0, 1, 0), (0, -1, 0), (0, -1, 0), (0, -1, 0), (0, 1, 0), (0, 1, 0), (0, 1, 0), (0, -1, 0), (0, -1, 0), (0, -1, 0), (0, 1, 0), (0, 1, 0), (0, 1, 0), (0, -1, 0), (0, -1, 0), (0, -1, 0), (0, 1, 0), (0, 1, 0), (0, 1, 0), (0, -1, 0), (0, -1, 0), (0, -1, 0), (0, 1, 0), (0, 1, 0), (0, 1, 0), (0, -1, 0), (0, -1, 0), (0, -1, 0), (0, 1, 0), (0, 1, 0), (0, 1, 0), (0, -1, 0), (0, -1, 0), (0, -1, 0), (0, 1, 0), (0, 1, 0), (0, 1, 0), (0, -1, 0), (0, -1, 0), (0, -1, 0), (0, 1, 0), (0, 1, 0), (0, 1, 0), (0, -1, 0), (0, -1, 0), (0, -1, 0), (0, 1, 0), (0, 1, 0), (0, 1, 0), (0, -1, 0), (0, -1, 0), (0, -1, 0), (0, 1, 0), (0, 1, 0), (0, 1, 0), (0, -1, 0), (0, -1, 0), (0, -1, 0), (0, 1, 0), (0, 1, 0), (0, 1, 0), (0, -1, 0), (0, -1, 0), (0, -1, 0), (0, 1, 0), (0, 1, 0), (0, 1, 0), (0, -1, 0), (0, -1, 0), (0, -1, 0), (0, 1, 0), (0, 1, 0), (0, 1, 0), (0, -1, 0), (0, -1, 0), (0, -1, 0), (0, 1, 0), (0, 1, 0), (0, 1, 0), (0, -1, 0), (0, -1, 0), (0, -1, 0), (0, 1, 0), (0, 1, 0), (0, 1, 0), (0, -1, 0), (0, -1, 0), (0, -1, 0), (0, 1, 0), (0, 1, 0), (0, 1, 0), (0, -1, 0), (0, -1, 0), (0, -1, 0), (0, 1, 0), (0, 1, 0), (0, 1, 0), (0, -1, 0), (0, -1, 0), (0, -1, 0), (0, 1, 0), (0, 1, 0), (0, 1, 0), (0, -1, 0), (0, -1, 0), (0, -1, 0), (0, 1, 0), (0, 1, 0), (0, 1, 0), (0, -1, 0), (0, -1, 0), (0, -1, 0), (0, 1, 0), (0, 1, 0), (0, 1, 0), (0, -1, 0), (0, -1, 0), (0, -1, 0), (0, 1, 0), (0, 1, 0), (0, 1, 0), (0, -1, 0), (0, -1, 0), (0, -1, 0), (0, 1, 0), (0, 1, 0), (0, 1, 0), (0, -1, 0), (0, -1, 0), (0, -1, 0), (0, 1, 0), (0, 1, 0), (0, 1, 0), (0, -1, 0), (0, -1, 0), (0, -1, 0), (0, 1, 0), (0, 1, 0), (0, 1, 0), (0, -1, 0), (0, -1, 0), (0, -1, 0), (0, 1, 0), (0, 1, 0), (0, 1, 0), (0, -1, 0), (0, -1, 0), (0, -1, 0), (0, 1, 0), (0, 1, 0), (0, 1, 0)] (
                    interpolation = "faceVarying"
                )
                point3f[] points = [(0, -0.006, 0.008), (0.0017801675, -0.006, 0.0077994233), (0.00347107, -0.006, 0.007207751), (0.0049879183, -0.006, 0.006254652), (0.006254652, -0.006, 0.0049879183), (0.007207751, -0.006, 0.00347107), (0.0077994233, -0.006, 0.0017801675), (0.008, -0.006, 4.8985874e-19), (0.0077994233, -0.006, -0.0017801675), (0.007207751, -0.006, -0.00347107), (0.006254652, -0.006, -0.0049879183), (0.0049879183, -0.006, -0.006254652), (0.00347107, -0.006, -0.007207751), (0.0017801675, -0.006, -0.0077994233), (9.797175e-19, -0.006, -0.008), (-0.0017801675, -0.006, -0.0077994233), (-0.00347107, -0.006, -0.007207751), (-0.0049879183, -0.006, -0.006254652), (-0.006254652, -0.006, -0.0049879183), (-0.007207751, -0.006, -0.00347107), (-0.0077994233, -0.006, -0.0017801675), (-0.008, -0.006, -1.4695761e-18), (-0.0077994233, -0.006, 0.0017801675), (-0.007207751, -0.006, 0.00347107), (-0.006254652, -0.006, 0.0049879183), (-0.0049879183, -0.006, 0.006254652), (-0.00347107, -0.006, 0.007207751), (-0.0017801675, -0.006, 0.0077994233), (0, 0.006, 0.008), (0.0017801675, 0.006, 0.0077994233), (0.00347107, 0.006, 0.007207751), (0.0049879183, 0.006, 0.006254652), (0.006254652, 0.006, 0.0049879183), (0.007207751, 0.006, 0.00347107), (0.0077994233, 0.006, 0.0017801675), (0.008, 0.006, 4.8985874e-19), (0.0077994233, 0.006, -0.0017801675), (0.007207751, 0.006, -0.00347107), (0.006254652, 0.006, -0.0049879183), (0.0049879183, 0.006, -0.006254652), (0.00347107, 0.006, -0.007207751), (0.0017801675, 0.006, -0.0077994233), (9.797175e-19, 0.006, -0.008), (-0.0017801675, 0.006, -0.0077994233), (-0.00347107, 0.006, -0.007207751), (-0.0049879183, 0.006, -0.006254652), (-0.006254652, 0.006, -0.0049879183), (-0.007207751, 0.006, -0.00347107), (-0.0077994233, 0.006, -0.0017801675), (-0.008, 0.006, -1.4695761e-18), (-0.0077994233, 0.006, 0.0017801675), (-0.007207751, 0.006, 0.00347107), (-0.006254652, 0.006, 0.0049879183), (-0.0049879183, 0.006, 0.006254652), (-0.00347107, 0.006, 0.007207751), (-0.0017801675, 0.006, 0.0077994233), (0, -0.006, 0), (0, 0.006, 0)]
                uniform token subdivisionScheme = "none"
            }
        }

        def Xform "B_B0_Arm" (
            prepend apiSchemas = ["PhysicsRigidBodyAPI", "PhysicsMassAPI"]
        )
        {
            float physics:mass = 0.035
            matrix4d xformOp:transform = ( (0, 1, 0, 0), (0, -0, 1, 0), (1, 0, 0, 0), (0.018, 0.04, 0, 1) )
            uniform token[] xformOpOrder = ["xformOp:transform"]

            def Mesh "Rod" (
                prepend apiSchemas = ["MaterialBindingAPI"]
            )
            {
                float3[] extent = [(-0.03, -0.005, -0.005), (-0.014, 0.005, 0.005)]
                int[] faceVertexCounts = [4, 4, 4, 4, 4, 4, 4, 4, 4, 4, 4, 4, 4, 4, 4, 4, 4, 4, 4, 4, 4, 4, 4, 4, 4, 4, 4, 4, 3, 3, 3, 3, 3, 3, 3, 3, 3, 3, 3, 3, 3, 3, 3, 3, 3, 3, 3, 3, 3, 3, 3, 3, 3, 3, 3, 3, 3, 3, 3, 3, 3, 3, 3, 3, 3, 3, 3, 3, 3, 3, 3, 3, 3, 3, 3, 3, 3, 3, 3, 3, 3, 3, 3, 3]
                int[] faceVertexIndices = [0, 1, 29, 28, 1, 2, 30, 29, 2, 3, 31, 30, 3, 4, 32, 31, 4, 5, 33, 32, 5, 6, 34, 33, 6, 7, 35, 34, 7, 8, 36, 35, 8, 9, 37, 36, 9, 10, 38, 37, 10, 11, 39, 38, 11, 12, 40, 39, 12, 13, 41, 40, 13, 14, 42, 41, 14, 15, 43, 42, 15, 16, 44, 43, 16, 17, 45, 44, 17, 18, 46, 45, 18, 19, 47, 46, 19, 20, 48, 47, 20, 21, 49, 48, 21, 22, 50, 49, 22, 23, 51, 50, 23, 24, 52, 51, 24, 25, 53, 52, 25, 26, 54, 53, 26, 27, 55, 54, 27, 0, 28, 55, 56, 1, 0, 57, 28, 29, 56, 2, 1, 57, 29, 30, 56, 3, 2, 57, 30, 31, 56, 4, 3, 57, 31, 32, 56, 5, 4, 57, 32, 33, 56, 6, 5, 57, 33, 34, 56, 7, 6, 57, 34, 35, 56, 8, 7, 57, 35, 36, 56, 9, 8, 57, 36, 37, 56, 10, 9, 57, 37, 38, 56, 11, 10, 57, 38, 39, 56, 12, 11, 57, 39, 40, 56, 13, 12, 57, 40, 41, 56, 14, 13, 57, 41, 42, 56, 15, 14, 57, 42, 43, 56, 16, 15, 57, 43, 44, 56, 17, 16, 57, 44, 45, 56, 18, 17, 57, 45, 46, 56, 19, 18, 57, 46, 47, 56, 20, 19, 57, 47, 48, 56, 21, 20, 57, 48, 49, 56, 22, 21, 57, 49, 50, 56, 23, 22, 57, 50, 51, 56, 24, 23, 57, 51, 52, 56, 25, 24, 57, 52, 53, 56, 26, 25, 57, 53, 54, 56, 27, 26, 57, 54, 55, 56, 0, 27, 57, 55, 28]
                rel material:binding = </World/Looks/Rod>
                normal3f[] normals = [(0, 1, 0), (0, 0.9749279, 0.22252093), (0, 0.9749279, 0.22252093), (0, 1, 0), (0, 0.9749279, 0.22252093), (0, 0.90096885, 0.43388373), (0, 0.90096885, 0.43388373), (0, 0.9749279, 0.22252093), (0, 0.90096885, 0.43388373), (0, 0.7818315, 0.6234898), (0, 0.7818315, 0.6234898), (0, 0.90096885, 0.43388373), (0, 0.7818315, 0.6234898), (0, 0.6234898, 0.7818315), (0, 0.6234898, 0.7818315), (0, 0.7818315, 0.6234898), (0, 0.6234898, 0.7818315), (0, 0.43388373, 0.90096885), (0, 0.43388373, 0.90096885), (0, 0.6234898, 0.7818315), (0, 0.43388373, 0.90096885), (0, 0.22252093, 0.9749279), (0, 0.22252093, 0.9749279), (0, 0.43388373, 0.90096885), (0, 0.22252093, 0.9749279), (0, 6.123234e-17, 1), (0, 6.123234e-17, 1), (0, 0.22252093, 0.9749279), (0, 6.123234e-17, 1), (0, -0.22252093, 0.9749279), (0, -0.22252093, 0.9749279), (0, 6.123234e-17, 1), (0, -0.22252093, 0.9749279), (0, -0.43388373, 0.90096885), (0, -0.43388373, 0.90096885), (0, -0.22252093, 0.9749279), (0, -0.43388373, 0.90096885), (0, -0.6234898, 0.7818315), (0, -0.6234898, 0.7818315), (0, -0.43388373, 0.90096885), (0, -0.6234898, 0.7818315), (0, -0.7818315, 0.6234898), (0, -0.7818315, 0.6234898), (0, -0.6234898, 0.7818315), (0, -0.7818315, 0.6234898), (0, -0.90096885, 0.43388373), (0, -0.90096885, 0.43388373), (0, -0.7818315, 0.6234898), (0, -0.90096885, 0.43388373), (0, -0.9749279, 0.22252093), (0, -0.9749279, 0.22252093), (0, -0.90096885, 0.43388373), (0, -0.9749279, 0.22252093), (0, -1, 1.2246469e-16), (0, -1, 1.2246469e-16), (0, -0.9749279, 0.22252093), (0, -1, 1.2246469e-16), (0, -0.9749279, -0.22252093), (0, -0.9749279, -0.22252093), (0, -1, 1.2246469e-16), (0, -0.9749279, -0.22252093), (0, -0.90096885, -0.43388373), (0, -0.90096885, -0.43388373), (0, -0.9749279, -0.22252093), (0, -0.90096885, -0.43388373), (0, -0.7818315, -0.6234898), (0, -0.7818315, -0.6234898), (0, -0.90096885, -0.43388373), (0, -0.7818315, -0.6234898), (0, -0.6234898, -0.7818315), (0, -0.6234898, -0.7818315), (0, -0.7818315, -0.6234898), (0, -0.6234898, -0.7818315), (0, -0.43388373, -0.90096885), (0, -0.43388373, -0.90096885), (0, -0.6234898, -0.7818315), (0, -0.43388373, -0.90096885), (0, -0.22252093, -0.9749279), (0, -0.22252093, -0.9749279), (0, -0.43388373, -0.90096885), (0, -0.22252093, -0.9749279), (0, -1.8369701e-16, -1), (0, -1.8369701e-16, -1), (0, -0.22252093, -0.9749279), (0, -1.8369701e-16, -1), (0, 0.22252093, -0.9749279), (0, 0.22252093, -0.9749279), (0, -1.8369701e-16, -1), (0, 0.22252093, -0.9749279), (0, 0.43388373, -0.90096885), (0, 0.43388373, -0.90096885), (0, 0.22252093, -0.9749279), (0, 0.43388373, -0.90096885), (0, 0.6234898, -0.7818315), (0, 0.6234898, -0.7818315), (0, 0.43388373, -0.90096885), (0, 0.6234898, -0.7818315), (0, 0.7818315, -0.6234898), (0, 0.7818315, -0.6234898), (0, 0.6234898, -0.7818315), (0, 0.7818315, -0.6234898), (0, 0.90096885, -0.43388373), (0, 0.90096885, -0.43388373), (0, 0.7818315, -0.6234898), (0, 0.90096885, -0.43388373), (0, 0.9749279, -0.22252093), (0, 0.9749279, -0.22252093), (0, 0.90096885, -0.43388373), (0, 0.9749279, -0.22252093), (0, 1, 0), (0, 1, 0), (0, 0.9749279, -0.22252093), (-1, 0, 0), (-1, 0, 0), (-1, 0, 0), (1, 0, 0), (1, 0, 0), (1, 0, 0), (-1, 0, 0), (-1, 0, 0), (-1, 0, 0), (1, 0, 0), (1, 0, 0), (1, 0, 0), (-1, 0, 0), (-1, 0, 0), (-1, 0, 0), (1, 0, 0), (1, 0, 0), (1, 0, 0), (-1, 0, 0), (-1, 0, 0), (-1, 0, 0), (1, 0, 0), (1, 0, 0), (1, 0, 0), (-1, 0, 0), (-1, 0, 0), (-1, 0, 0), (1, 0, 0), (1, 0, 0), (1, 0, 0), (-1, 0, 0), (-1, 0, 0), (-1, 0, 0), (1, 0, 0), (1, 0, 0), (1, 0, 0), (-1, 0, 0), (-1, 0, 0), (-1, 0, 0), (1, 0, 0), (1, 0, 0), (1, 0, 0), (-1, 0, 0), (-1, 0, 0), (-1, 0, 0), (1, 0, 0), (1, 0, 0), (1, 0, 0), (-1, 0, 0), (-1, 0, 0), (-1, 0, 0), (1, 0, 0), (1, 0, 0), (1, 0, 0), (-1, 0, 0), (-1, 0, 0), (-1, 0, 0), (1, 0, 0), (1, 0, 0), (1, 0, 0), (-1, 0, 0), (-1, 0, 0), (-1, 0, 0), (1, 0, 0), (1, 0, 0), (1, 0, 0), (-1, 0, 0), (-1, 0, 0), (-1, 0, 0), (1, 0, 0), (1, 0, 0), (1, 0, 0), (-1, 0, 0), (-1, 0, 0), (-1, 0, 0), (1, 0, 0), (1, 0, 0), (1, 0, 0), (-1, 0, 0), (-1, 0, 0), (-1, 0, 0), (1, 0, 0), (1, 0, 0), (1, 0, 0), (-1, 0, 0), (-1, 0, 0), (-1, 0, 0), (1, 0, 0), (1, 0, 0), (1, 0, 0), (-1, 0, 0), (-1, 0, 0), (-1, 0, 0), (1, 0, 0), (1, 0, 0), (1, 0, 0), (-1, 0, 0), (-1, 0, 0), (-1, 0, 0), (1, 0, 0), (1, 0, 0), (1, 0, 0), (-1, 0, 0), (-1, 0, 0), (-1, 0, 0), (1, 0, 0), (1, 0, 0), (1, 0, 0), (-1, 0, 0), (-1, 0, 0), (-1, 0, 0), (1, 0, 0), (1, 0, 0), (1, 0, 0), (-1, 0, 0), (-1, 0, 0), (-1, 0, 0), (1, 0, 0), (1, 0, 0), (1, 0, 0), (-1, 0, 0), (-1, 0, 0), (-1, 0, 0), (1, 0, 0), (1, 0, 0), (1, 0, 0), (-1, 0, 0), (-1, 0, 0), (-1, 0, 0), (1, 0, 0), (1, 0, 0), (1, 0, 0), (-1, 0, 0), (-1, 0, 0), (-1, 0, 0), (1, 0, 0), (1, 0, 0), (1, 0, 0), (-1, 0, 0), (-1, 0, 0), (-1, 0, 0), (1, 0, 0), (1, 0, 0), (1, 0, 0), (-1, 0, 0), (-1, 0, 0), (-1, 0, 0), (1, 0, 0), (1, 0, 0), (1, 0, 0), (-1, 0, 0), (-1, 0, 0), (-1, 0, 0), (1, 0, 0), (1, 0, 0), (1, 0, 0), (-1, 0, 0), (-1, 0, 0), (-1, 0, 0), (1, 0, 0), (1, 0, 0), (1, 0, 0), (-1, 0, 0), (-1, 0, 0), (-1, 0, 0), (1, 0, 0), (1, 0, 0), (1, 0, 0)] (
                    interpolation = "faceVarying"
                )
                point3f[] points = [(-0.03, 0.005, 0), (-0.03, 0.0048746397, 0.0011126046), (-0.03, 0.0045048445, 0.0021694186), (-0.03, 0.0039091576, 0.003117449), (-0.03, 0.003117449, 0.0039091576), (-0.03, 0.0021694186, 0.0045048445), (-0.03, 0.0011126046, 0.0048746397), (-0.03, 3.061617e-19, 0.005), (-0.03, -0.0011126046, 0.0048746397), (-0.03, -0.0021694186, 0.0045048445), (-0.03, -0.003117449, 0.0039091576), (-0.03, -0.0039091576, 0.003117449), (-0.03, -0.0045048445, 0.0021694186), (-0.03, -0.0048746397, 0.0011126046), (-0.03, -0.005, 6.123234e-19), (-0.03, -0.0048746397, -0.0011126046), (-0.03, -0.0045048445, -0.0021694186), (-0.03, -0.0039091576, -0.003117449), (-0.03, -0.003117449, -0.0039091576), (-0.03, -0.0021694186, -0.0045048445), (-0.03, -0.0011126046, -0.0048746397), (-0.03, -9.184851e-19, -0.005), (-0.03, 0.0011126046, -0.0048746397), (-0.03, 0.0021694186, -0.0045048445), (-0.03, 0.003117449, -0.0039091576), (-0.03, 0.0039091576, -0.003117449), (-0.03, 0.0045048445, -0.0021694186), (-0.03, 0.0048746397, -0.0011126046), (-0.014, 0.005, 0), (-0.014, 0.0048746397, 0.0011126046), (-0.014, 0.0045048445, 0.0021694186), (-0.014, 0.0039091576, 0.003117449), (-0.014, 0.003117449, 0.0039091576), (-0.014, 0.0021694186, 0.0045048445), (-0.014, 0.0011126046, 0.0048746397), (-0.014, 3.061617e-19, 0.005), (-0.014, -0.0011126046, 0.0048746397), (-0.014, -0.0021694186, 0.0045048445), (-0.014, -0.003117449, 0.0039091576), (-0.014, -0.0039091576, 0.003117449), (-0.014, -0.0045048445, 0.0021694186), (-0.014, -0.0048746397, 0.0011126046), (-0.014, -0.005, 6.123234e-19), (-0.014, -0.0048746397, -0.0011126046), (-0.014, -0.0045048445, -0.0021694186), (-0.014, -0.0039091576, -0.003117449), (-0.014, -0.003117449, -0.0039091576), (-0.014, -0.0021694186, -0.0045048445), (-0.014, -0.0011126046, -0.0048746397), (-0.014, -9.184851e-19, -0.005), (-0.014, 0.0011126046, -0.0048746397), (-0.014, 0.0021694186, -0.0045048445), (-0.014, 0.003117449, -0.0039091576), (-0.014, 0.0039091576, -0.003117449), (-0.014, 0.0045048445, -0.0021694186), (-0.014, 0.0048746397, -0.0011126046), (-0.03, 0, 0), (-0.014, 0, 0)]
                uniform token subdivisionScheme = "none"
            }

            def Cube "Yoke" (
                prepend apiSchemas = ["MaterialBindingAPI"]
            )
            {
                float3[] extent = [(-0.5, -0.5, -0.5), (0.5, 0.5, 0.5)]
                rel material:binding = </World/Looks/Fork>
                double size = 1
                matrix4d xformOp:transform = ( (0.0033, 0, 0, 0), (0, 0.023, 0, 0), (0, 0, 0.011, 0), (-0.012650000000000002, 0, 0, 1) )
                uniform token[] xformOpOrder = ["xformOp:transform"]
            }

            def Cube "ForkL" (
                prepend apiSchemas = ["MaterialBindingAPI"]
            )
            {
                float3[] extent = [(-0.5, -0.5, -0.5), (0.5, 0.5, 0.5)]
                rel material:binding = </World/Looks/Fork>
                double size = 1
                matrix4d xformOp:transform = ( (0.014, 0, 0, 0), (0, 0.003, 0, 0), (0, 0, 0.011, 0), (-0.007, 0.01, 0, 1) )
                uniform token[] xformOpOrder = ["xformOp:transform"]
            }

            def Cube "ForkR" (
                prepend apiSchemas = ["MaterialBindingAPI"]
            )
            {
                float3[] extent = [(-0.5, -0.5, -0.5), (0.5, 0.5, 0.5)]
                rel material:binding = </World/Looks/Fork>
                double size = 1
                matrix4d xformOp:transform = ( (0.014, 0, 0, 0), (0, 0.003, 0, 0), (0, 0, 0.011, 0), (-0.007, -0.01, 0, 1) )
                uniform token[] xformOpOrder = ["xformOp:transform"]
            }

            def Mesh "Axle" (
                prepend apiSchemas = ["MaterialBindingAPI"]
            )
            {
                float3[] extent = [(-0.0025, -0.0115, -0.0025), (0.0025, 0.0115, 0.0025)]
                int[] faceVertexCounts = [4, 4, 4, 4, 4, 4, 4, 4, 4, 4, 4, 4, 4, 4, 4, 4, 4, 4, 4, 4, 4, 4, 4, 4, 4, 4, 4, 4, 3, 3, 3, 3, 3, 3, 3, 3, 3, 3, 3, 3, 3, 3, 3, 3, 3, 3, 3, 3, 3, 3, 3, 3, 3, 3, 3, 3, 3, 3, 3, 3, 3, 3, 3, 3, 3, 3, 3, 3, 3, 3, 3, 3, 3, 3, 3, 3, 3, 3, 3, 3, 3, 3, 3, 3]
                int[] faceVertexIndices = [0, 1, 29, 28, 1, 2, 30, 29, 2, 3, 31, 30, 3, 4, 32, 31, 4, 5, 33, 32, 5, 6, 34, 33, 6, 7, 35, 34, 7, 8, 36, 35, 8, 9, 37, 36, 9, 10, 38, 37, 10, 11, 39, 38, 11, 12, 40, 39, 12, 13, 41, 40, 13, 14, 42, 41, 14, 15, 43, 42, 15, 16, 44, 43, 16, 17, 45, 44, 17, 18, 46, 45, 18, 19, 47, 46, 19, 20, 48, 47, 20, 21, 49, 48, 21, 22, 50, 49, 22, 23, 51, 50, 23, 24, 52, 51, 24, 25, 53, 52, 25, 26, 54, 53, 26, 27, 55, 54, 27, 0, 28, 55, 56, 1, 0, 57, 28, 29, 56, 2, 1, 57, 29, 30, 56, 3, 2, 57, 30, 31, 56, 4, 3, 57, 31, 32, 56, 5, 4, 57, 32, 33, 56, 6, 5, 57, 33, 34, 56, 7, 6, 57, 34, 35, 56, 8, 7, 57, 35, 36, 56, 9, 8, 57, 36, 37, 56, 10, 9, 57, 37, 38, 56, 11, 10, 57, 38, 39, 56, 12, 11, 57, 39, 40, 56, 13, 12, 57, 40, 41, 56, 14, 13, 57, 41, 42, 56, 15, 14, 57, 42, 43, 56, 16, 15, 57, 43, 44, 56, 17, 16, 57, 44, 45, 56, 18, 17, 57, 45, 46, 56, 19, 18, 57, 46, 47, 56, 20, 19, 57, 47, 48, 56, 21, 20, 57, 48, 49, 56, 22, 21, 57, 49, 50, 56, 23, 22, 57, 50, 51, 56, 24, 23, 57, 51, 52, 56, 25, 24, 57, 52, 53, 56, 26, 25, 57, 53, 54, 56, 27, 26, 57, 54, 55, 56, 0, 27, 57, 55, 28]
                rel material:binding = </World/Looks/Axle>
                normal3f[] normals = [(0, 0, 1), (0.22252093, 0, 0.9749279), (0.22252093, 0, 0.9749279), (0, 0, 1), (0.22252093, 0, 0.9749279), (0.43388373, 0, 0.90096885), (0.43388373, 0, 0.90096885), (0.22252093, 0, 0.9749279), (0.43388373, 0, 0.90096885), (0.6234898, 0, 0.7818315), (0.6234898, 0, 0.7818315), (0.43388373, 0, 0.90096885), (0.6234898, 0, 0.7818315), (0.7818315, 0, 0.6234898), (0.7818315, 0, 0.6234898), (0.6234898, 0, 0.7818315), (0.7818315, 0, 0.6234898), (0.90096885, 0, 0.43388373), (0.90096885, 0, 0.43388373), (0.7818315, 0, 0.6234898), (0.90096885, 0, 0.43388373), (0.9749279, 0, 0.22252093), (0.9749279, 0, 0.22252093), (0.90096885, 0, 0.43388373), (0.9749279, 0, 0.22252093), (1, 0, 6.123234e-17), (1, 0, 6.123234e-17), (0.9749279, 0, 0.22252093), (1, 0, 6.123234e-17), (0.9749279, 0, -0.22252093), (0.9749279, 0, -0.22252093), (1, 0, 6.123234e-17), (0.9749279, 0, -0.22252093), (0.90096885, 0, -0.43388373), (0.90096885, 0, -0.43388373), (0.9749279, 0, -0.22252093), (0.90096885, 0, -0.43388373), (0.7818315, 0, -0.6234898), (0.7818315, 0, -0.6234898), (0.90096885, 0, -0.43388373), (0.7818315, 0, -0.6234898), (0.6234898, 0, -0.7818315), (0.6234898, 0, -0.7818315), (0.7818315, 0, -0.6234898), (0.6234898, 0, -0.7818315), (0.43388373, 0, -0.90096885), (0.43388373, 0, -0.90096885), (0.6234898, 0, -0.7818315), (0.43388373, 0, -0.90096885), (0.22252093, 0, -0.9749279), (0.22252093, 0, -0.9749279), (0.43388373, 0, -0.90096885), (0.22252093, 0, -0.9749279), (1.2246469e-16, 0, -1), (1.2246469e-16, 0, -1), (0.22252093, 0, -0.9749279), (1.2246469e-16, 0, -1), (-0.22252093, 0, -0.9749279), (-0.22252093, 0, -0.9749279), (1.2246469e-16, 0, -1), (-0.22252093, 0, -0.9749279), (-0.43388373, 0, -0.90096885), (-0.43388373, 0, -0.90096885), (-0.22252093, 0, -0.9749279), (-0.43388373, 0, -0.90096885), (-0.6234898, 0, -0.7818315), (-0.6234898, 0, -0.7818315), (-0.43388373, 0, -0.90096885), (-0.6234898, 0, -0.7818315), (-0.7818315, 0, -0.6234898), (-0.7818315, 0, -0.6234898), (-0.6234898, 0, -0.7818315), (-0.7818315, 0, -0.6234898), (-0.90096885, 0, -0.43388373), (-0.90096885, 0, -0.43388373), (-0.7818315, 0, -0.6234898), (-0.90096885, 0, -0.43388373), (-0.9749279, 0, -0.22252093), (-0.9749279, 0, -0.22252093), (-0.90096885, 0, -0.43388373), (-0.9749279, 0, -0.22252093), (-1, 0, -1.8369701e-16), (-1, 0, -1.8369701e-16), (-0.9749279, 0, -0.22252093), (-1, 0, -1.8369701e-16), (-0.9749279, 0, 0.22252093), (-0.9749279, 0, 0.22252093), (-1, 0, -1.8369701e-16), (-0.9749279, 0, 0.22252093), (-0.90096885, 0, 0.43388373), (-0.90096885, 0, 0.43388373), (-0.9749279, 0, 0.22252093), (-0.90096885, 0, 0.43388373), (-0.7818315, 0, 0.6234898), (-0.7818315, 0, 0.6234898), (-0.90096885, 0, 0.43388373), (-0.7818315, 0, 0.6234898), (-0.6234898, 0, 0.7818315), (-0.6234898, 0, 0.7818315), (-0.7818315, 0, 0.6234898), (-0.6234898, 0, 0.7818315), (-0.43388373, 0, 0.90096885), (-0.43388373, 0, 0.90096885), (-0.6234898, 0, 0.7818315), (-0.43388373, 0, 0.90096885), (-0.22252093, 0, 0.9749279), (-0.22252093, 0, 0.9749279), (-0.43388373, 0, 0.90096885), (-0.22252093, 0, 0.9749279), (0, 0, 1), (0, 0, 1), (-0.22252093, 0, 0.9749279), (0, -1, 0), (0, -1, 0), (0, -1, 0), (0, 1, 0), (0, 1, 0), (0, 1, 0), (0, -1, 0), (0, -1, 0), (0, -1, 0), (0, 1, 0), (0, 1, 0), (0, 1, 0), (0, -1, 0), (0, -1, 0), (0, -1, 0), (0, 1, 0), (0, 1, 0), (0, 1, 0), (0, -1, 0), (0, -1, 0), (0, -1, 0), (0, 1, 0), (0, 1, 0), (0, 1, 0), (0, -1, 0), (0, -1, 0), (0, -1, 0), (0, 1, 0), (0, 1, 0), (0, 1, 0), (0, -1, 0), (0, -1, 0), (0, -1, 0), (0, 1, 0), (0, 1, 0), (0, 1, 0), (0, -1, 0), (0, -1, 0), (0, -1, 0), (0, 1, 0), (0, 1, 0), (0, 1, 0), (0, -1, 0), (0, -1, 0), (0, -1, 0), (0, 1, 0), (0, 1, 0), (0, 1, 0), (0, -1, 0), (0, -1, 0), (0, -1, 0), (0, 1, 0), (0, 1, 0), (0, 1, 0), (0, -1, 0), (0, -1, 0), (0, -1, 0), (0, 1, 0), (0, 1, 0), (0, 1, 0), (0, -1, 0), (0, -1, 0), (0, -1, 0), (0, 1, 0), (0, 1, 0), (0, 1, 0), (0, -1, 0), (0, -1, 0), (0, -1, 0), (0, 1, 0), (0, 1, 0), (0, 1, 0), (0, -1, 0), (0, -1, 0), (0, -1, 0), (0, 1, 0), (0, 1, 0), (0, 1, 0), (0, -1, 0), (0, -1, 0), (0, -1, 0), (0, 1, 0), (0, 1, 0), (0, 1, 0), (0, -1, 0), (0, -1, 0), (0, -1, 0), (0, 1, 0), (0, 1, 0), (0, 1, 0), (0, -1, 0), (0, -1, 0), (0, -1, 0), (0, 1, 0), (0, 1, 0), (0, 1, 0), (0, -1, 0), (0, -1, 0), (0, -1, 0), (0, 1, 0), (0, 1, 0), (0, 1, 0), (0, -1, 0), (0, -1, 0), (0, -1, 0), (0, 1, 0), (0, 1, 0), (0, 1, 0), (0, -1, 0), (0, -1, 0), (0, -1, 0), (0, 1, 0), (0, 1, 0), (0, 1, 0), (0, -1, 0), (0, -1, 0), (0, -1, 0), (0, 1, 0), (0, 1, 0), (0, 1, 0), (0, -1, 0), (0, -1, 0), (0, -1, 0), (0, 1, 0), (0, 1, 0), (0, 1, 0), (0, -1, 0), (0, -1, 0), (0, -1, 0), (0, 1, 0), (0, 1, 0), (0, 1, 0), (0, -1, 0), (0, -1, 0), (0, -1, 0), (0, 1, 0), (0, 1, 0), (0, 1, 0), (0, -1, 0), (0, -1, 0), (0, -1, 0), (0, 1, 0), (0, 1, 0), (0, 1, 0), (0, -1, 0), (0, -1, 0), (0, -1, 0), (0, 1, 0), (0, 1, 0), (0, 1, 0), (0, -1, 0), (0, -1, 0), (0, -1, 0), (0, 1, 0), (0, 1, 0), (0, 1, 0), (0, -1, 0), (0, -1, 0), (0, -1, 0), (0, 1, 0), (0, 1, 0), (0, 1, 0), (0, -1, 0), (0, -1, 0), (0, -1, 0), (0, 1, 0), (0, 1, 0), (0, 1, 0)] (
                    interpolation = "faceVarying"
                )
                point3f[] points = [(0, -0.0115, 0.0025), (0.0005563023, -0.0115, 0.0024373198), (0.0010847093, -0.0115, 0.0022524223), (0.0015587246, -0.0115, 0.0019545788), (0.0019545788, -0.0115, 0.0015587246), (0.0022524223, -0.0115, 0.0010847093), (0.0024373198, -0.0115, 0.0005563023), (0.0025, -0.0115, 1.5308085e-19), (0.0024373198, -0.0115, -0.0005563023), (0.0022524223, -0.0115, -0.0010847093), (0.0019545788, -0.0115, -0.0015587246), (0.0015587246, -0.0115, -0.0019545788), (0.0010847093, -0.0115, -0.0022524223), (0.0005563023, -0.0115, -0.0024373198), (3.061617e-19, -0.0115, -0.0025), (-0.0005563023, -0.0115, -0.0024373198), (-0.0010847093, -0.0115, -0.0022524223), (-0.0015587246, -0.0115, -0.0019545788), (-0.0019545788, -0.0115, -0.0015587246), (-0.0022524223, -0.0115, -0.0010847093), (-0.0024373198, -0.0115, -0.0005563023), (-0.0025, -0.0115, -4.5924256e-19), (-0.0024373198, -0.0115, 0.0005563023), (-0.0022524223, -0.0115, 0.0010847093), (-0.0019545788, -0.0115, 0.0015587246), (-0.0015587246, -0.0115, 0.0019545788), (-0.0010847093, -0.0115, 0.0022524223), (-0.0005563023, -0.0115, 0.0024373198), (0, 0.0115, 0.0025), (0.0005563023, 0.0115, 0.0024373198), (0.0010847093, 0.0115, 0.0022524223), (0.0015587246, 0.0115, 0.0019545788), (0.0019545788, 0.0115, 0.0015587246), (0.0022524223, 0.0115, 0.0010847093), (0.0024373198, 0.0115, 0.0005563023), (0.0025, 0.0115, 1.5308085e-19), (0.0024373198, 0.0115, -0.0005563023), (0.0022524223, 0.0115, -0.0010847093), (0.0019545788, 0.0115, -0.0015587246), (0.0015587246, 0.0115, -0.0019545788), (0.0010847093, 0.0115, -0.0022524223), (0.0005563023, 0.0115, -0.0024373198), (3.061617e-19, 0.0115, -0.0025), (-0.0005563023, 0.0115, -0.0024373198), (-0.0010847093, 0.0115, -0.0022524223), (-0.0015587246, 0.0115, -0.0019545788), (-0.0019545788, 0.0115, -0.0015587246), (-0.0022524223, 0.0115, -0.0010847093), (-0.0024373198, 0.0115, -0.0005563023), (-0.0025, 0.0115, -4.5924256e-19), (-0.0024373198, 0.0115, 0.0005563023), (-0.0022524223, 0.0115, 0.0010847093), (-0.0019545788, 0.0115, 0.0015587246), (-0.0015587246, 0.0115, 0.0019545788), (-0.0010847093, 0.0115, 0.0022524223), (-0.0005563023, 0.0115, 0.0024373198), (0, -0.0115, 0), (0, 0.0115, 0)]
                uniform token subdivisionScheme = "none"
            }
        }

        def Xform "B_B0_Wheel" (
            apiSchemas = ["PhysicsRigidBodyAPI", "PhysicsMassAPI", "PhysxRigidBodyAPI"]
        )
        {
            point3f physics:centerOfMass = (0, 0, 0)
            float3 physics:diagonalInertia = (7e-7, 8e-7, 7e-7)
            float physics:mass = 0.025
            quatf physics:principalAxes = (1, 0, 0, 0)
            custom bool physxRigidBody:enableCCD = 1
            custom float physxRigidBody:maxLinearVelocity = 5
            matrix4d xformOp:transform = ( (0, 1, 0, 0), (0, -0, 1, 0), (1, 0, 0, 0), (0.018, 0.04, 0, 1) )
            uniform token[] xformOpOrder = ["xformOp:transform"]

            def Cylinder "WheelCollider" (
                apiSchemas = ["PhysicsCollisionAPI", "PhysxCollisionAPI", "MaterialBindingAPI"]
            )
            {
                uniform token axis = "Y"
                float3[] extent = [(-0.008, -0.006, -0.008), (0.008, 0.006, 0.008)]
                double height = 0.012
                rel material:binding:physics = </World/Looks/TyrePhys> (
                    bindMaterialAs = "weakerThanDescendants"
                )
                custom float physxCollision:contactOffset = 0.004
                custom float physxCollision:restOffset = 0
                double radius = 0.008
                token visibility = "invisible"
            }

            def Mesh "WheelVisual" (
                prepend apiSchemas = ["MaterialBindingAPI"]
            )
            {
                float3[] extent = [(-0.008, -0.006, -0.008), (0.008, 0.006, 0.008)]
                int[] faceVertexCounts = [4, 4, 4, 4, 4, 4, 4, 4, 4, 4, 4, 4, 4, 4, 4, 4, 4, 4, 4, 4, 4, 4, 4, 4, 4, 4, 4, 4, 3, 3, 3, 3, 3, 3, 3, 3, 3, 3, 3, 3, 3, 3, 3, 3, 3, 3, 3, 3, 3, 3, 3, 3, 3, 3, 3, 3, 3, 3, 3, 3, 3, 3, 3, 3, 3, 3, 3, 3, 3, 3, 3, 3, 3, 3, 3, 3, 3, 3, 3, 3, 3, 3, 3, 3]
                int[] faceVertexIndices = [0, 1, 29, 28, 1, 2, 30, 29, 2, 3, 31, 30, 3, 4, 32, 31, 4, 5, 33, 32, 5, 6, 34, 33, 6, 7, 35, 34, 7, 8, 36, 35, 8, 9, 37, 36, 9, 10, 38, 37, 10, 11, 39, 38, 11, 12, 40, 39, 12, 13, 41, 40, 13, 14, 42, 41, 14, 15, 43, 42, 15, 16, 44, 43, 16, 17, 45, 44, 17, 18, 46, 45, 18, 19, 47, 46, 19, 20, 48, 47, 20, 21, 49, 48, 21, 22, 50, 49, 22, 23, 51, 50, 23, 24, 52, 51, 24, 25, 53, 52, 25, 26, 54, 53, 26, 27, 55, 54, 27, 0, 28, 55, 56, 1, 0, 57, 28, 29, 56, 2, 1, 57, 29, 30, 56, 3, 2, 57, 30, 31, 56, 4, 3, 57, 31, 32, 56, 5, 4, 57, 32, 33, 56, 6, 5, 57, 33, 34, 56, 7, 6, 57, 34, 35, 56, 8, 7, 57, 35, 36, 56, 9, 8, 57, 36, 37, 56, 10, 9, 57, 37, 38, 56, 11, 10, 57, 38, 39, 56, 12, 11, 57, 39, 40, 56, 13, 12, 57, 40, 41, 56, 14, 13, 57, 41, 42, 56, 15, 14, 57, 42, 43, 56, 16, 15, 57, 43, 44, 56, 17, 16, 57, 44, 45, 56, 18, 17, 57, 45, 46, 56, 19, 18, 57, 46, 47, 56, 20, 19, 57, 47, 48, 56, 21, 20, 57, 48, 49, 56, 22, 21, 57, 49, 50, 56, 23, 22, 57, 50, 51, 56, 24, 23, 57, 51, 52, 56, 25, 24, 57, 52, 53, 56, 26, 25, 57, 53, 54, 56, 27, 26, 57, 54, 55, 56, 0, 27, 57, 55, 28]
                rel material:binding = </World/Looks/Wheel>
                normal3f[] normals = [(0, 0, 1), (0.22252093, 0, 0.9749279), (0.22252093, 0, 0.9749279), (0, 0, 1), (0.22252093, 0, 0.9749279), (0.43388373, 0, 0.90096885), (0.43388373, 0, 0.90096885), (0.22252093, 0, 0.9749279), (0.43388373, 0, 0.90096885), (0.6234898, 0, 0.7818315), (0.6234898, 0, 0.7818315), (0.43388373, 0, 0.90096885), (0.6234898, 0, 0.7818315), (0.7818315, 0, 0.6234898), (0.7818315, 0, 0.6234898), (0.6234898, 0, 0.7818315), (0.7818315, 0, 0.6234898), (0.90096885, 0, 0.43388373), (0.90096885, 0, 0.43388373), (0.7818315, 0, 0.6234898), (0.90096885, 0, 0.43388373), (0.9749279, 0, 0.22252093), (0.9749279, 0, 0.22252093), (0.90096885, 0, 0.43388373), (0.9749279, 0, 0.22252093), (1, 0, 6.123234e-17), (1, 0, 6.123234e-17), (0.9749279, 0, 0.22252093), (1, 0, 6.123234e-17), (0.9749279, 0, -0.22252093), (0.9749279, 0, -0.22252093), (1, 0, 6.123234e-17), (0.9749279, 0, -0.22252093), (0.90096885, 0, -0.43388373), (0.90096885, 0, -0.43388373), (0.9749279, 0, -0.22252093), (0.90096885, 0, -0.43388373), (0.7818315, 0, -0.6234898), (0.7818315, 0, -0.6234898), (0.90096885, 0, -0.43388373), (0.7818315, 0, -0.6234898), (0.6234898, 0, -0.7818315), (0.6234898, 0, -0.7818315), (0.7818315, 0, -0.6234898), (0.6234898, 0, -0.7818315), (0.43388373, 0, -0.90096885), (0.43388373, 0, -0.90096885), (0.6234898, 0, -0.7818315), (0.43388373, 0, -0.90096885), (0.22252093, 0, -0.9749279), (0.22252093, 0, -0.9749279), (0.43388373, 0, -0.90096885), (0.22252093, 0, -0.9749279), (1.2246469e-16, 0, -1), (1.2246469e-16, 0, -1), (0.22252093, 0, -0.9749279), (1.2246469e-16, 0, -1), (-0.22252093, 0, -0.9749279), (-0.22252093, 0, -0.9749279), (1.2246469e-16, 0, -1), (-0.22252093, 0, -0.9749279), (-0.43388373, 0, -0.90096885), (-0.43388373, 0, -0.90096885), (-0.22252093, 0, -0.9749279), (-0.43388373, 0, -0.90096885), (-0.6234898, 0, -0.7818315), (-0.6234898, 0, -0.7818315), (-0.43388373, 0, -0.90096885), (-0.6234898, 0, -0.7818315), (-0.7818315, 0, -0.6234898), (-0.7818315, 0, -0.6234898), (-0.6234898, 0, -0.7818315), (-0.7818315, 0, -0.6234898), (-0.90096885, 0, -0.43388373), (-0.90096885, 0, -0.43388373), (-0.7818315, 0, -0.6234898), (-0.90096885, 0, -0.43388373), (-0.9749279, 0, -0.22252093), (-0.9749279, 0, -0.22252093), (-0.90096885, 0, -0.43388373), (-0.9749279, 0, -0.22252093), (-1, 0, -1.8369701e-16), (-1, 0, -1.8369701e-16), (-0.9749279, 0, -0.22252093), (-1, 0, -1.8369701e-16), (-0.9749279, 0, 0.22252093), (-0.9749279, 0, 0.22252093), (-1, 0, -1.8369701e-16), (-0.9749279, 0, 0.22252093), (-0.90096885, 0, 0.43388373), (-0.90096885, 0, 0.43388373), (-0.9749279, 0, 0.22252093), (-0.90096885, 0, 0.43388373), (-0.7818315, 0, 0.6234898), (-0.7818315, 0, 0.6234898), (-0.90096885, 0, 0.43388373), (-0.7818315, 0, 0.6234898), (-0.6234898, 0, 0.7818315), (-0.6234898, 0, 0.7818315), (-0.7818315, 0, 0.6234898), (-0.6234898, 0, 0.7818315), (-0.43388373, 0, 0.90096885), (-0.43388373, 0, 0.90096885), (-0.6234898, 0, 0.7818315), (-0.43388373, 0, 0.90096885), (-0.22252093, 0, 0.9749279), (-0.22252093, 0, 0.9749279), (-0.43388373, 0, 0.90096885), (-0.22252093, 0, 0.9749279), (0, 0, 1), (0, 0, 1), (-0.22252093, 0, 0.9749279), (0, -1, 0), (0, -1, 0), (0, -1, 0), (0, 1, 0), (0, 1, 0), (0, 1, 0), (0, -1, 0), (0, -1, 0), (0, -1, 0), (0, 1, 0), (0, 1, 0), (0, 1, 0), (0, -1, 0), (0, -1, 0), (0, -1, 0), (0, 1, 0), (0, 1, 0), (0, 1, 0), (0, -1, 0), (0, -1, 0), (0, -1, 0), (0, 1, 0), (0, 1, 0), (0, 1, 0), (0, -1, 0), (0, -1, 0), (0, -1, 0), (0, 1, 0), (0, 1, 0), (0, 1, 0), (0, -1, 0), (0, -1, 0), (0, -1, 0), (0, 1, 0), (0, 1, 0), (0, 1, 0), (0, -1, 0), (0, -1, 0), (0, -1, 0), (0, 1, 0), (0, 1, 0), (0, 1, 0), (0, -1, 0), (0, -1, 0), (0, -1, 0), (0, 1, 0), (0, 1, 0), (0, 1, 0), (0, -1, 0), (0, -1, 0), (0, -1, 0), (0, 1, 0), (0, 1, 0), (0, 1, 0), (0, -1, 0), (0, -1, 0), (0, -1, 0), (0, 1, 0), (0, 1, 0), (0, 1, 0), (0, -1, 0), (0, -1, 0), (0, -1, 0), (0, 1, 0), (0, 1, 0), (0, 1, 0), (0, -1, 0), (0, -1, 0), (0, -1, 0), (0, 1, 0), (0, 1, 0), (0, 1, 0), (0, -1, 0), (0, -1, 0), (0, -1, 0), (0, 1, 0), (0, 1, 0), (0, 1, 0), (0, -1, 0), (0, -1, 0), (0, -1, 0), (0, 1, 0), (0, 1, 0), (0, 1, 0), (0, -1, 0), (0, -1, 0), (0, -1, 0), (0, 1, 0), (0, 1, 0), (0, 1, 0), (0, -1, 0), (0, -1, 0), (0, -1, 0), (0, 1, 0), (0, 1, 0), (0, 1, 0), (0, -1, 0), (0, -1, 0), (0, -1, 0), (0, 1, 0), (0, 1, 0), (0, 1, 0), (0, -1, 0), (0, -1, 0), (0, -1, 0), (0, 1, 0), (0, 1, 0), (0, 1, 0), (0, -1, 0), (0, -1, 0), (0, -1, 0), (0, 1, 0), (0, 1, 0), (0, 1, 0), (0, -1, 0), (0, -1, 0), (0, -1, 0), (0, 1, 0), (0, 1, 0), (0, 1, 0), (0, -1, 0), (0, -1, 0), (0, -1, 0), (0, 1, 0), (0, 1, 0), (0, 1, 0), (0, -1, 0), (0, -1, 0), (0, -1, 0), (0, 1, 0), (0, 1, 0), (0, 1, 0), (0, -1, 0), (0, -1, 0), (0, -1, 0), (0, 1, 0), (0, 1, 0), (0, 1, 0), (0, -1, 0), (0, -1, 0), (0, -1, 0), (0, 1, 0), (0, 1, 0), (0, 1, 0), (0, -1, 0), (0, -1, 0), (0, -1, 0), (0, 1, 0), (0, 1, 0), (0, 1, 0), (0, -1, 0), (0, -1, 0), (0, -1, 0), (0, 1, 0), (0, 1, 0), (0, 1, 0), (0, -1, 0), (0, -1, 0), (0, -1, 0), (0, 1, 0), (0, 1, 0), (0, 1, 0), (0, -1, 0), (0, -1, 0), (0, -1, 0), (0, 1, 0), (0, 1, 0), (0, 1, 0)] (
                    interpolation = "faceVarying"
                )
                point3f[] points = [(0, -0.006, 0.008), (0.0017801675, -0.006, 0.0077994233), (0.00347107, -0.006, 0.007207751), (0.0049879183, -0.006, 0.006254652), (0.006254652, -0.006, 0.0049879183), (0.007207751, -0.006, 0.00347107), (0.0077994233, -0.006, 0.0017801675), (0.008, -0.006, 4.8985874e-19), (0.0077994233, -0.006, -0.0017801675), (0.007207751, -0.006, -0.00347107), (0.006254652, -0.006, -0.0049879183), (0.0049879183, -0.006, -0.006254652), (0.00347107, -0.006, -0.007207751), (0.0017801675, -0.006, -0.0077994233), (9.797175e-19, -0.006, -0.008), (-0.0017801675, -0.006, -0.0077994233), (-0.00347107, -0.006, -0.007207751), (-0.0049879183, -0.006, -0.006254652), (-0.006254652, -0.006, -0.0049879183), (-0.007207751, -0.006, -0.00347107), (-0.0077994233, -0.006, -0.0017801675), (-0.008, -0.006, -1.4695761e-18), (-0.0077994233, -0.006, 0.0017801675), (-0.007207751, -0.006, 0.00347107), (-0.006254652, -0.006, 0.0049879183), (-0.0049879183, -0.006, 0.006254652), (-0.00347107, -0.006, 0.007207751), (-0.0017801675, -0.006, 0.0077994233), (0, 0.006, 0.008), (0.0017801675, 0.006, 0.0077994233), (0.00347107, 0.006, 0.007207751), (0.0049879183, 0.006, 0.006254652), (0.006254652, 0.006, 0.0049879183), (0.007207751, 0.006, 0.00347107), (0.0077994233, 0.006, 0.0017801675), (0.008, 0.006, 4.8985874e-19), (0.0077994233, 0.006, -0.0017801675), (0.007207751, 0.006, -0.00347107), (0.006254652, 0.006, -0.0049879183), (0.0049879183, 0.006, -0.006254652), (0.00347107, 0.006, -0.007207751), (0.0017801675, 0.006, -0.0077994233), (9.797175e-19, 0.006, -0.008), (-0.0017801675, 0.006, -0.0077994233), (-0.00347107, 0.006, -0.007207751), (-0.0049879183, 0.006, -0.006254652), (-0.006254652, 0.006, -0.0049879183), (-0.007207751, 0.006, -0.00347107), (-0.0077994233, 0.006, -0.0017801675), (-0.008, 0.006, -1.4695761e-18), (-0.0077994233, 0.006, 0.0017801675), (-0.007207751, 0.006, 0.00347107), (-0.006254652, 0.006, 0.0049879183), (-0.0049879183, 0.006, 0.006254652), (-0.00347107, 0.006, 0.007207751), (-0.0017801675, 0.006, 0.0077994233), (0, -0.006, 0), (0, 0.006, 0)]
                uniform token subdivisionScheme = "none"
            }
        }

        def Xform "B_B1_Arm" (
            prepend apiSchemas = ["PhysicsRigidBodyAPI", "PhysicsMassAPI"]
        )
        {
            float physics:mass = 0.035
            matrix4d xformOp:transform = ( (0, -0.4999999999999998, 0.8660254037844387, 0), (0, -0.8660254037844387, -0.4999999999999998, 0), (1, 0, 0, 0), (0.018, -0.01999999999999999, 0.034641016151377546, 1) )
            uniform token[] xformOpOrder = ["xformOp:transform"]

            def Mesh "Rod" (
                prepend apiSchemas = ["MaterialBindingAPI"]
            )
            {
                float3[] extent = [(-0.03, -0.005, -0.005), (-0.014, 0.005, 0.005)]
                int[] faceVertexCounts = [4, 4, 4, 4, 4, 4, 4, 4, 4, 4, 4, 4, 4, 4, 4, 4, 4, 4, 4, 4, 4, 4, 4, 4, 4, 4, 4, 4, 3, 3, 3, 3, 3, 3, 3, 3, 3, 3, 3, 3, 3, 3, 3, 3, 3, 3, 3, 3, 3, 3, 3, 3, 3, 3, 3, 3, 3, 3, 3, 3, 3, 3, 3, 3, 3, 3, 3, 3, 3, 3, 3, 3, 3, 3, 3, 3, 3, 3, 3, 3, 3, 3, 3, 3]
                int[] faceVertexIndices = [0, 1, 29, 28, 1, 2, 30, 29, 2, 3, 31, 30, 3, 4, 32, 31, 4, 5, 33, 32, 5, 6, 34, 33, 6, 7, 35, 34, 7, 8, 36, 35, 8, 9, 37, 36, 9, 10, 38, 37, 10, 11, 39, 38, 11, 12, 40, 39, 12, 13, 41, 40, 13, 14, 42, 41, 14, 15, 43, 42, 15, 16, 44, 43, 16, 17, 45, 44, 17, 18, 46, 45, 18, 19, 47, 46, 19, 20, 48, 47, 20, 21, 49, 48, 21, 22, 50, 49, 22, 23, 51, 50, 23, 24, 52, 51, 24, 25, 53, 52, 25, 26, 54, 53, 26, 27, 55, 54, 27, 0, 28, 55, 56, 1, 0, 57, 28, 29, 56, 2, 1, 57, 29, 30, 56, 3, 2, 57, 30, 31, 56, 4, 3, 57, 31, 32, 56, 5, 4, 57, 32, 33, 56, 6, 5, 57, 33, 34, 56, 7, 6, 57, 34, 35, 56, 8, 7, 57, 35, 36, 56, 9, 8, 57, 36, 37, 56, 10, 9, 57, 37, 38, 56, 11, 10, 57, 38, 39, 56, 12, 11, 57, 39, 40, 56, 13, 12, 57, 40, 41, 56, 14, 13, 57, 41, 42, 56, 15, 14, 57, 42, 43, 56, 16, 15, 57, 43, 44, 56, 17, 16, 57, 44, 45, 56, 18, 17, 57, 45, 46, 56, 19, 18, 57, 46, 47, 56, 20, 19, 57, 47, 48, 56, 21, 20, 57, 48, 49, 56, 22, 21, 57, 49, 50, 56, 23, 22, 57, 50, 51, 56, 24, 23, 57, 51, 52, 56, 25, 24, 57, 52, 53, 56, 26, 25, 57, 53, 54, 56, 27, 26, 57, 54, 55, 56, 0, 27, 57, 55, 28]
                rel material:binding = </World/Looks/Rod>
                normal3f[] normals = [(0, 1, 0), (0, 0.9749279, 0.22252093), (0, 0.9749279, 0.22252093), (0, 1, 0), (0, 0.9749279, 0.22252093), (0, 0.90096885, 0.43388373), (0, 0.90096885, 0.43388373), (0, 0.9749279, 0.22252093), (0, 0.90096885, 0.43388373), (0, 0.7818315, 0.6234898), (0, 0.7818315, 0.6234898), (0, 0.90096885, 0.43388373), (0, 0.7818315, 0.6234898), (0, 0.6234898, 0.7818315), (0, 0.6234898, 0.7818315), (0, 0.7818315, 0.6234898), (0, 0.6234898, 0.7818315), (0, 0.43388373, 0.90096885), (0, 0.43388373, 0.90096885), (0, 0.6234898, 0.7818315), (0, 0.43388373, 0.90096885), (0, 0.22252093, 0.9749279), (0, 0.22252093, 0.9749279), (0, 0.43388373, 0.90096885), (0, 0.22252093, 0.9749279), (0, 6.123234e-17, 1), (0, 6.123234e-17, 1), (0, 0.22252093, 0.9749279), (0, 6.123234e-17, 1), (0, -0.22252093, 0.9749279), (0, -0.22252093, 0.9749279), (0, 6.123234e-17, 1), (0, -0.22252093, 0.9749279), (0, -0.43388373, 0.90096885), (0, -0.43388373, 0.90096885), (0, -0.22252093, 0.9749279), (0, -0.43388373, 0.90096885), (0, -0.6234898, 0.7818315), (0, -0.6234898, 0.7818315), (0, -0.43388373, 0.90096885), (0, -0.6234898, 0.7818315), (0, -0.7818315, 0.6234898), (0, -0.7818315, 0.6234898), (0, -0.6234898, 0.7818315), (0, -0.7818315, 0.6234898), (0, -0.90096885, 0.43388373), (0, -0.90096885, 0.43388373), (0, -0.7818315, 0.6234898), (0, -0.90096885, 0.43388373), (0, -0.9749279, 0.22252093), (0, -0.9749279, 0.22252093), (0, -0.90096885, 0.43388373), (0, -0.9749279, 0.22252093), (0, -1, 1.2246469e-16), (0, -1, 1.2246469e-16), (0, -0.9749279, 0.22252093), (0, -1, 1.2246469e-16), (0, -0.9749279, -0.22252093), (0, -0.9749279, -0.22252093), (0, -1, 1.2246469e-16), (0, -0.9749279, -0.22252093), (0, -0.90096885, -0.43388373), (0, -0.90096885, -0.43388373), (0, -0.9749279, -0.22252093), (0, -0.90096885, -0.43388373), (0, -0.7818315, -0.6234898), (0, -0.7818315, -0.6234898), (0, -0.90096885, -0.43388373), (0, -0.7818315, -0.6234898), (0, -0.6234898, -0.7818315), (0, -0.6234898, -0.7818315), (0, -0.7818315, -0.6234898), (0, -0.6234898, -0.7818315), (0, -0.43388373, -0.90096885), (0, -0.43388373, -0.90096885), (0, -0.6234898, -0.7818315), (0, -0.43388373, -0.90096885), (0, -0.22252093, -0.9749279), (0, -0.22252093, -0.9749279), (0, -0.43388373, -0.90096885), (0, -0.22252093, -0.9749279), (0, -1.8369701e-16, -1), (0, -1.8369701e-16, -1), (0, -0.22252093, -0.9749279), (0, -1.8369701e-16, -1), (0, 0.22252093, -0.9749279), (0, 0.22252093, -0.9749279), (0, -1.8369701e-16, -1), (0, 0.22252093, -0.9749279), (0, 0.43388373, -0.90096885), (0, 0.43388373, -0.90096885), (0, 0.22252093, -0.9749279), (0, 0.43388373, -0.90096885), (0, 0.6234898, -0.7818315), (0, 0.6234898, -0.7818315), (0, 0.43388373, -0.90096885), (0, 0.6234898, -0.7818315), (0, 0.7818315, -0.6234898), (0, 0.7818315, -0.6234898), (0, 0.6234898, -0.7818315), (0, 0.7818315, -0.6234898), (0, 0.90096885, -0.43388373), (0, 0.90096885, -0.43388373), (0, 0.7818315, -0.6234898), (0, 0.90096885, -0.43388373), (0, 0.9749279, -0.22252093), (0, 0.9749279, -0.22252093), (0, 0.90096885, -0.43388373), (0, 0.9749279, -0.22252093), (0, 1, 0), (0, 1, 0), (0, 0.9749279, -0.22252093), (-1, 0, 0), (-1, 0, 0), (-1, 0, 0), (1, 0, 0), (1, 0, 0), (1, 0, 0), (-1, 0, 0), (-1, 0, 0), (-1, 0, 0), (1, 0, 0), (1, 0, 0), (1, 0, 0), (-1, 0, 0), (-1, 0, 0), (-1, 0, 0), (1, 0, 0), (1, 0, 0), (1, 0, 0), (-1, 0, 0), (-1, 0, 0), (-1, 0, 0), (1, 0, 0), (1, 0, 0), (1, 0, 0), (-1, 0, 0), (-1, 0, 0), (-1, 0, 0), (1, 0, 0), (1, 0, 0), (1, 0, 0), (-1, 0, 0), (-1, 0, 0), (-1, 0, 0), (1, 0, 0), (1, 0, 0), (1, 0, 0), (-1, 0, 0), (-1, 0, 0), (-1, 0, 0), (1, 0, 0), (1, 0, 0), (1, 0, 0), (-1, 0, 0), (-1, 0, 0), (-1, 0, 0), (1, 0, 0), (1, 0, 0), (1, 0, 0), (-1, 0, 0), (-1, 0, 0), (-1, 0, 0), (1, 0, 0), (1, 0, 0), (1, 0, 0), (-1, 0, 0), (-1, 0, 0), (-1, 0, 0), (1, 0, 0), (1, 0, 0), (1, 0, 0), (-1, 0, 0), (-1, 0, 0), (-1, 0, 0), (1, 0, 0), (1, 0, 0), (1, 0, 0), (-1, 0, 0), (-1, 0, 0), (-1, 0, 0), (1, 0, 0), (1, 0, 0), (1, 0, 0), (-1, 0, 0), (-1, 0, 0), (-1, 0, 0), (1, 0, 0), (1, 0, 0), (1, 0, 0), (-1, 0, 0), (-1, 0, 0), (-1, 0, 0), (1, 0, 0), (1, 0, 0), (1, 0, 0), (-1, 0, 0), (-1, 0, 0), (-1, 0, 0), (1, 0, 0), (1, 0, 0), (1, 0, 0), (-1, 0, 0), (-1, 0, 0), (-1, 0, 0), (1, 0, 0), (1, 0, 0), (1, 0, 0), (-1, 0, 0), (-1, 0, 0), (-1, 0, 0), (1, 0, 0), (1, 0, 0), (1, 0, 0), (-1, 0, 0), (-1, 0, 0), (-1, 0, 0), (1, 0, 0), (1, 0, 0), (1, 0, 0), (-1, 0, 0), (-1, 0, 0), (-1, 0, 0), (1, 0, 0), (1, 0, 0), (1, 0, 0), (-1, 0, 0), (-1, 0, 0), (-1, 0, 0), (1, 0, 0), (1, 0, 0), (1, 0, 0), (-1, 0, 0), (-1, 0, 0), (-1, 0, 0), (1, 0, 0), (1, 0, 0), (1, 0, 0), (-1, 0, 0), (-1, 0, 0), (-1, 0, 0), (1, 0, 0), (1, 0, 0), (1, 0, 0), (-1, 0, 0), (-1, 0, 0), (-1, 0, 0), (1, 0, 0), (1, 0, 0), (1, 0, 0), (-1, 0, 0), (-1, 0, 0), (-1, 0, 0), (1, 0, 0), (1, 0, 0), (1, 0, 0), (-1, 0, 0), (-1, 0, 0), (-1, 0, 0), (1, 0, 0), (1, 0, 0), (1, 0, 0), (-1, 0, 0), (-1, 0, 0), (-1, 0, 0), (1, 0, 0), (1, 0, 0), (1, 0, 0), (-1, 0, 0), (-1, 0, 0), (-1, 0, 0), (1, 0, 0), (1, 0, 0), (1, 0, 0), (-1, 0, 0), (-1, 0, 0), (-1, 0, 0), (1, 0, 0), (1, 0, 0), (1, 0, 0)] (
                    interpolation = "faceVarying"
                )
                point3f[] points = [(-0.03, 0.005, 0), (-0.03, 0.0048746397, 0.0011126046), (-0.03, 0.0045048445, 0.0021694186), (-0.03, 0.0039091576, 0.003117449), (-0.03, 0.003117449, 0.0039091576), (-0.03, 0.0021694186, 0.0045048445), (-0.03, 0.0011126046, 0.0048746397), (-0.03, 3.061617e-19, 0.005), (-0.03, -0.0011126046, 0.0048746397), (-0.03, -0.0021694186, 0.0045048445), (-0.03, -0.003117449, 0.0039091576), (-0.03, -0.0039091576, 0.003117449), (-0.03, -0.0045048445, 0.0021694186), (-0.03, -0.0048746397, 0.0011126046), (-0.03, -0.005, 6.123234e-19), (-0.03, -0.0048746397, -0.0011126046), (-0.03, -0.0045048445, -0.0021694186), (-0.03, -0.0039091576, -0.003117449), (-0.03, -0.003117449, -0.0039091576), (-0.03, -0.0021694186, -0.0045048445), (-0.03, -0.0011126046, -0.0048746397), (-0.03, -9.184851e-19, -0.005), (-0.03, 0.0011126046, -0.0048746397), (-0.03, 0.0021694186, -0.0045048445), (-0.03, 0.003117449, -0.0039091576), (-0.03, 0.0039091576, -0.003117449), (-0.03, 0.0045048445, -0.0021694186), (-0.03, 0.0048746397, -0.0011126046), (-0.014, 0.005, 0), (-0.014, 0.0048746397, 0.0011126046), (-0.014, 0.0045048445, 0.0021694186), (-0.014, 0.0039091576, 0.003117449), (-0.014, 0.003117449, 0.0039091576), (-0.014, 0.0021694186, 0.0045048445), (-0.014, 0.0011126046, 0.0048746397), (-0.014, 3.061617e-19, 0.005), (-0.014, -0.0011126046, 0.0048746397), (-0.014, -0.0021694186, 0.0045048445), (-0.014, -0.003117449, 0.0039091576), (-0.014, -0.0039091576, 0.003117449), (-0.014, -0.0045048445, 0.0021694186), (-0.014, -0.0048746397, 0.0011126046), (-0.014, -0.005, 6.123234e-19), (-0.014, -0.0048746397, -0.0011126046), (-0.014, -0.0045048445, -0.0021694186), (-0.014, -0.0039091576, -0.003117449), (-0.014, -0.003117449, -0.0039091576), (-0.014, -0.0021694186, -0.0045048445), (-0.014, -0.0011126046, -0.0048746397), (-0.014, -9.184851e-19, -0.005), (-0.014, 0.0011126046, -0.0048746397), (-0.014, 0.0021694186, -0.0045048445), (-0.014, 0.003117449, -0.0039091576), (-0.014, 0.0039091576, -0.003117449), (-0.014, 0.0045048445, -0.0021694186), (-0.014, 0.0048746397, -0.0011126046), (-0.03, 0, 0), (-0.014, 0, 0)]
                uniform token subdivisionScheme = "none"
            }

            def Cube "Yoke" (
                prepend apiSchemas = ["MaterialBindingAPI"]
            )
            {
                float3[] extent = [(-0.5, -0.5, -0.5), (0.5, 0.5, 0.5)]
                rel material:binding = </World/Looks/Fork>
                double size = 1
                matrix4d xformOp:transform = ( (0.0033, 0, 0, 0), (0, 0.023, 0, 0), (0, 0, 0.011, 0), (-0.012650000000000002, 0, 0, 1) )
                uniform token[] xformOpOrder = ["xformOp:transform"]
            }

            def Cube "ForkL" (
                prepend apiSchemas = ["MaterialBindingAPI"]
            )
            {
                float3[] extent = [(-0.5, -0.5, -0.5), (0.5, 0.5, 0.5)]
                rel material:binding = </World/Looks/Fork>
                double size = 1
                matrix4d xformOp:transform = ( (0.014, 0, 0, 0), (0, 0.003, 0, 0), (0, 0, 0.011, 0), (-0.007, 0.01, 0, 1) )
                uniform token[] xformOpOrder = ["xformOp:transform"]
            }

            def Cube "ForkR" (
                prepend apiSchemas = ["MaterialBindingAPI"]
            )
            {
                float3[] extent = [(-0.5, -0.5, -0.5), (0.5, 0.5, 0.5)]
                rel material:binding = </World/Looks/Fork>
                double size = 1
                matrix4d xformOp:transform = ( (0.014, 0, 0, 0), (0, 0.003, 0, 0), (0, 0, 0.011, 0), (-0.007, -0.01, 0, 1) )
                uniform token[] xformOpOrder = ["xformOp:transform"]
            }

            def Mesh "Axle" (
                prepend apiSchemas = ["MaterialBindingAPI"]
            )
            {
                float3[] extent = [(-0.0025, -0.0115, -0.0025), (0.0025, 0.0115, 0.0025)]
                int[] faceVertexCounts = [4, 4, 4, 4, 4, 4, 4, 4, 4, 4, 4, 4, 4, 4, 4, 4, 4, 4, 4, 4, 4, 4, 4, 4, 4, 4, 4, 4, 3, 3, 3, 3, 3, 3, 3, 3, 3, 3, 3, 3, 3, 3, 3, 3, 3, 3, 3, 3, 3, 3, 3, 3, 3, 3, 3, 3, 3, 3, 3, 3, 3, 3, 3, 3, 3, 3, 3, 3, 3, 3, 3, 3, 3, 3, 3, 3, 3, 3, 3, 3, 3, 3, 3, 3]
                int[] faceVertexIndices = [0, 1, 29, 28, 1, 2, 30, 29, 2, 3, 31, 30, 3, 4, 32, 31, 4, 5, 33, 32, 5, 6, 34, 33, 6, 7, 35, 34, 7, 8, 36, 35, 8, 9, 37, 36, 9, 10, 38, 37, 10, 11, 39, 38, 11, 12, 40, 39, 12, 13, 41, 40, 13, 14, 42, 41, 14, 15, 43, 42, 15, 16, 44, 43, 16, 17, 45, 44, 17, 18, 46, 45, 18, 19, 47, 46, 19, 20, 48, 47, 20, 21, 49, 48, 21, 22, 50, 49, 22, 23, 51, 50, 23, 24, 52, 51, 24, 25, 53, 52, 25, 26, 54, 53, 26, 27, 55, 54, 27, 0, 28, 55, 56, 1, 0, 57, 28, 29, 56, 2, 1, 57, 29, 30, 56, 3, 2, 57, 30, 31, 56, 4, 3, 57, 31, 32, 56, 5, 4, 57, 32, 33, 56, 6, 5, 57, 33, 34, 56, 7, 6, 57, 34, 35, 56, 8, 7, 57, 35, 36, 56, 9, 8, 57, 36, 37, 56, 10, 9, 57, 37, 38, 56, 11, 10, 57, 38, 39, 56, 12, 11, 57, 39, 40, 56, 13, 12, 57, 40, 41, 56, 14, 13, 57, 41, 42, 56, 15, 14, 57, 42, 43, 56, 16, 15, 57, 43, 44, 56, 17, 16, 57, 44, 45, 56, 18, 17, 57, 45, 46, 56, 19, 18, 57, 46, 47, 56, 20, 19, 57, 47, 48, 56, 21, 20, 57, 48, 49, 56, 22, 21, 57, 49, 50, 56, 23, 22, 57, 50, 51, 56, 24, 23, 57, 51, 52, 56, 25, 24, 57, 52, 53, 56, 26, 25, 57, 53, 54, 56, 27, 26, 57, 54, 55, 56, 0, 27, 57, 55, 28]
                rel material:binding = </World/Looks/Axle>
                normal3f[] normals = [(0, 0, 1), (0.22252093, 0, 0.9749279), (0.22252093, 0, 0.9749279), (0, 0, 1), (0.22252093, 0, 0.9749279), (0.43388373, 0, 0.90096885), (0.43388373, 0, 0.90096885), (0.22252093, 0, 0.9749279), (0.43388373, 0, 0.90096885), (0.6234898, 0, 0.7818315), (0.6234898, 0, 0.7818315), (0.43388373, 0, 0.90096885), (0.6234898, 0, 0.7818315), (0.7818315, 0, 0.6234898), (0.7818315, 0, 0.6234898), (0.6234898, 0, 0.7818315), (0.7818315, 0, 0.6234898), (0.90096885, 0, 0.43388373), (0.90096885, 0, 0.43388373), (0.7818315, 0, 0.6234898), (0.90096885, 0, 0.43388373), (0.9749279, 0, 0.22252093), (0.9749279, 0, 0.22252093), (0.90096885, 0, 0.43388373), (0.9749279, 0, 0.22252093), (1, 0, 6.123234e-17), (1, 0, 6.123234e-17), (0.9749279, 0, 0.22252093), (1, 0, 6.123234e-17), (0.9749279, 0, -0.22252093), (0.9749279, 0, -0.22252093), (1, 0, 6.123234e-17), (0.9749279, 0, -0.22252093), (0.90096885, 0, -0.43388373), (0.90096885, 0, -0.43388373), (0.9749279, 0, -0.22252093), (0.90096885, 0, -0.43388373), (0.7818315, 0, -0.6234898), (0.7818315, 0, -0.6234898), (0.90096885, 0, -0.43388373), (0.7818315, 0, -0.6234898), (0.6234898, 0, -0.7818315), (0.6234898, 0, -0.7818315), (0.7818315, 0, -0.6234898), (0.6234898, 0, -0.7818315), (0.43388373, 0, -0.90096885), (0.43388373, 0, -0.90096885), (0.6234898, 0, -0.7818315), (0.43388373, 0, -0.90096885), (0.22252093, 0, -0.9749279), (0.22252093, 0, -0.9749279), (0.43388373, 0, -0.90096885), (0.22252093, 0, -0.9749279), (1.2246469e-16, 0, -1), (1.2246469e-16, 0, -1), (0.22252093, 0, -0.9749279), (1.2246469e-16, 0, -1), (-0.22252093, 0, -0.9749279), (-0.22252093, 0, -0.9749279), (1.2246469e-16, 0, -1), (-0.22252093, 0, -0.9749279), (-0.43388373, 0, -0.90096885), (-0.43388373, 0, -0.90096885), (-0.22252093, 0, -0.9749279), (-0.43388373, 0, -0.90096885), (-0.6234898, 0, -0.7818315), (-0.6234898, 0, -0.7818315), (-0.43388373, 0, -0.90096885), (-0.6234898, 0, -0.7818315), (-0.7818315, 0, -0.6234898), (-0.7818315, 0, -0.6234898), (-0.6234898, 0, -0.7818315), (-0.7818315, 0, -0.6234898), (-0.90096885, 0, -0.43388373), (-0.90096885, 0, -0.43388373), (-0.7818315, 0, -0.6234898), (-0.90096885, 0, -0.43388373), (-0.9749279, 0, -0.22252093), (-0.9749279, 0, -0.22252093), (-0.90096885, 0, -0.43388373), (-0.9749279, 0, -0.22252093), (-1, 0, -1.8369701e-16), (-1, 0, -1.8369701e-16), (-0.9749279, 0, -0.22252093), (-1, 0, -1.8369701e-16), (-0.9749279, 0, 0.22252093), (-0.9749279, 0, 0.22252093), (-1, 0, -1.8369701e-16), (-0.9749279, 0, 0.22252093), (-0.90096885, 0, 0.43388373), (-0.90096885, 0, 0.43388373), (-0.9749279, 0, 0.22252093), (-0.90096885, 0, 0.43388373), (-0.7818315, 0, 0.6234898), (-0.7818315, 0, 0.6234898), (-0.90096885, 0, 0.43388373), (-0.7818315, 0, 0.6234898), (-0.6234898, 0, 0.7818315), (-0.6234898, 0, 0.7818315), (-0.7818315, 0, 0.6234898), (-0.6234898, 0, 0.7818315), (-0.43388373, 0, 0.90096885), (-0.43388373, 0, 0.90096885), (-0.6234898, 0, 0.7818315), (-0.43388373, 0, 0.90096885), (-0.22252093, 0, 0.9749279), (-0.22252093, 0, 0.9749279), (-0.43388373, 0, 0.90096885), (-0.22252093, 0, 0.9749279), (0, 0, 1), (0, 0, 1), (-0.22252093, 0, 0.9749279), (0, -1, 0), (0, -1, 0), (0, -1, 0), (0, 1, 0), (0, 1, 0), (0, 1, 0), (0, -1, 0), (0, -1, 0), (0, -1, 0), (0, 1, 0), (0, 1, 0), (0, 1, 0), (0, -1, 0), (0, -1, 0), (0, -1, 0), (0, 1, 0), (0, 1, 0), (0, 1, 0), (0, -1, 0), (0, -1, 0), (0, -1, 0), (0, 1, 0), (0, 1, 0), (0, 1, 0), (0, -1, 0), (0, -1, 0), (0, -1, 0), (0, 1, 0), (0, 1, 0), (0, 1, 0), (0, -1, 0), (0, -1, 0), (0, -1, 0), (0, 1, 0), (0, 1, 0), (0, 1, 0), (0, -1, 0), (0, -1, 0), (0, -1, 0), (0, 1, 0), (0, 1, 0), (0, 1, 0), (0, -1, 0), (0, -1, 0), (0, -1, 0), (0, 1, 0), (0, 1, 0), (0, 1, 0), (0, -1, 0), (0, -1, 0), (0, -1, 0), (0, 1, 0), (0, 1, 0), (0, 1, 0), (0, -1, 0), (0, -1, 0), (0, -1, 0), (0, 1, 0), (0, 1, 0), (0, 1, 0), (0, -1, 0), (0, -1, 0), (0, -1, 0), (0, 1, 0), (0, 1, 0), (0, 1, 0), (0, -1, 0), (0, -1, 0), (0, -1, 0), (0, 1, 0), (0, 1, 0), (0, 1, 0), (0, -1, 0), (0, -1, 0), (0, -1, 0), (0, 1, 0), (0, 1, 0), (0, 1, 0), (0, -1, 0), (0, -1, 0), (0, -1, 0), (0, 1, 0), (0, 1, 0), (0, 1, 0), (0, -1, 0), (0, -1, 0), (0, -1, 0), (0, 1, 0), (0, 1, 0), (0, 1, 0), (0, -1, 0), (0, -1, 0), (0, -1, 0), (0, 1, 0), (0, 1, 0), (0, 1, 0), (0, -1, 0), (0, -1, 0), (0, -1, 0), (0, 1, 0), (0, 1, 0), (0, 1, 0), (0, -1, 0), (0, -1, 0), (0, -1, 0), (0, 1, 0), (0, 1, 0), (0, 1, 0), (0, -1, 0), (0, -1, 0), (0, -1, 0), (0, 1, 0), (0, 1, 0), (0, 1, 0), (0, -1, 0), (0, -1, 0), (0, -1, 0), (0, 1, 0), (0, 1, 0), (0, 1, 0), (0, -1, 0), (0, -1, 0), (0, -1, 0), (0, 1, 0), (0, 1, 0), (0, 1, 0), (0, -1, 0), (0, -1, 0), (0, -1, 0), (0, 1, 0), (0, 1, 0), (0, 1, 0), (0, -1, 0), (0, -1, 0), (0, -1, 0), (0, 1, 0), (0, 1, 0), (0, 1, 0), (0, -1, 0), (0, -1, 0), (0, -1, 0), (0, 1, 0), (0, 1, 0), (0, 1, 0), (0, -1, 0), (0, -1, 0), (0, -1, 0), (0, 1, 0), (0, 1, 0), (0, 1, 0), (0, -1, 0), (0, -1, 0), (0, -1, 0), (0, 1, 0), (0, 1, 0), (0, 1, 0), (0, -1, 0), (0, -1, 0), (0, -1, 0), (0, 1, 0), (0, 1, 0), (0, 1, 0), (0, -1, 0), (0, -1, 0), (0, -1, 0), (0, 1, 0), (0, 1, 0), (0, 1, 0)] (
                    interpolation = "faceVarying"
                )
                point3f[] points = [(0, -0.0115, 0.0025), (0.0005563023, -0.0115, 0.0024373198), (0.0010847093, -0.0115, 0.0022524223), (0.0015587246, -0.0115, 0.0019545788), (0.0019545788, -0.0115, 0.0015587246), (0.0022524223, -0.0115, 0.0010847093), (0.0024373198, -0.0115, 0.0005563023), (0.0025, -0.0115, 1.5308085e-19), (0.0024373198, -0.0115, -0.0005563023), (0.0022524223, -0.0115, -0.0010847093), (0.0019545788, -0.0115, -0.0015587246), (0.0015587246, -0.0115, -0.0019545788), (0.0010847093, -0.0115, -0.0022524223), (0.0005563023, -0.0115, -0.0024373198), (3.061617e-19, -0.0115, -0.0025), (-0.0005563023, -0.0115, -0.0024373198), (-0.0010847093, -0.0115, -0.0022524223), (-0.0015587246, -0.0115, -0.0019545788), (-0.0019545788, -0.0115, -0.0015587246), (-0.0022524223, -0.0115, -0.0010847093), (-0.0024373198, -0.0115, -0.0005563023), (-0.0025, -0.0115, -4.5924256e-19), (-0.0024373198, -0.0115, 0.0005563023), (-0.0022524223, -0.0115, 0.0010847093), (-0.0019545788, -0.0115, 0.0015587246), (-0.0015587246, -0.0115, 0.0019545788), (-0.0010847093, -0.0115, 0.0022524223), (-0.0005563023, -0.0115, 0.0024373198), (0, 0.0115, 0.0025), (0.0005563023, 0.0115, 0.0024373198), (0.0010847093, 0.0115, 0.0022524223), (0.0015587246, 0.0115, 0.0019545788), (0.0019545788, 0.0115, 0.0015587246), (0.0022524223, 0.0115, 0.0010847093), (0.0024373198, 0.0115, 0.0005563023), (0.0025, 0.0115, 1.5308085e-19), (0.0024373198, 0.0115, -0.0005563023), (0.0022524223, 0.0115, -0.0010847093), (0.0019545788, 0.0115, -0.0015587246), (0.0015587246, 0.0115, -0.0019545788), (0.0010847093, 0.0115, -0.0022524223), (0.0005563023, 0.0115, -0.0024373198), (3.061617e-19, 0.0115, -0.0025), (-0.0005563023, 0.0115, -0.0024373198), (-0.0010847093, 0.0115, -0.0022524223), (-0.0015587246, 0.0115, -0.0019545788), (-0.0019545788, 0.0115, -0.0015587246), (-0.0022524223, 0.0115, -0.0010847093), (-0.0024373198, 0.0115, -0.0005563023), (-0.0025, 0.0115, -4.5924256e-19), (-0.0024373198, 0.0115, 0.0005563023), (-0.0022524223, 0.0115, 0.0010847093), (-0.0019545788, 0.0115, 0.0015587246), (-0.0015587246, 0.0115, 0.0019545788), (-0.0010847093, 0.0115, 0.0022524223), (-0.0005563023, 0.0115, 0.0024373198), (0, -0.0115, 0), (0, 0.0115, 0)]
                uniform token subdivisionScheme = "none"
            }
        }

        def Xform "B_B1_Wheel" (
            apiSchemas = ["PhysicsRigidBodyAPI", "PhysicsMassAPI", "PhysxRigidBodyAPI"]
        )
        {
            point3f physics:centerOfMass = (0, 0, 0)
            float3 physics:diagonalInertia = (7e-7, 8e-7, 7e-7)
            float physics:mass = 0.025
            quatf physics:principalAxes = (1, 0, 0, 0)
            custom bool physxRigidBody:enableCCD = 1
            custom float physxRigidBody:maxLinearVelocity = 5
            matrix4d xformOp:transform = ( (0, -0.4999999999999998, 0.8660254037844387, 0), (0, -0.8660254037844387, -0.4999999999999998, 0), (1, 0, 0, 0), (0.018, -0.01999999999999999, 0.034641016151377546, 1) )
            uniform token[] xformOpOrder = ["xformOp:transform"]

            def Cylinder "WheelCollider" (
                apiSchemas = ["PhysicsCollisionAPI", "PhysxCollisionAPI", "MaterialBindingAPI"]
            )
            {
                uniform token axis = "Y"
                float3[] extent = [(-0.008, -0.006, -0.008), (0.008, 0.006, 0.008)]
                double height = 0.012
                rel material:binding:physics = </World/Looks/TyrePhys> (
                    bindMaterialAs = "weakerThanDescendants"
                )
                custom float physxCollision:contactOffset = 0.004
                custom float physxCollision:restOffset = 0
                double radius = 0.008
                token visibility = "invisible"
            }

            def Mesh "WheelVisual" (
                prepend apiSchemas = ["MaterialBindingAPI"]
            )
            {
                float3[] extent = [(-0.008, -0.006, -0.008), (0.008, 0.006, 0.008)]
                int[] faceVertexCounts = [4, 4, 4, 4, 4, 4, 4, 4, 4, 4, 4, 4, 4, 4, 4, 4, 4, 4, 4, 4, 4, 4, 4, 4, 4, 4, 4, 4, 3, 3, 3, 3, 3, 3, 3, 3, 3, 3, 3, 3, 3, 3, 3, 3, 3, 3, 3, 3, 3, 3, 3, 3, 3, 3, 3, 3, 3, 3, 3, 3, 3, 3, 3, 3, 3, 3, 3, 3, 3, 3, 3, 3, 3, 3, 3, 3, 3, 3, 3, 3, 3, 3, 3, 3]
                int[] faceVertexIndices = [0, 1, 29, 28, 1, 2, 30, 29, 2, 3, 31, 30, 3, 4, 32, 31, 4, 5, 33, 32, 5, 6, 34, 33, 6, 7, 35, 34, 7, 8, 36, 35, 8, 9, 37, 36, 9, 10, 38, 37, 10, 11, 39, 38, 11, 12, 40, 39, 12, 13, 41, 40, 13, 14, 42, 41, 14, 15, 43, 42, 15, 16, 44, 43, 16, 17, 45, 44, 17, 18, 46, 45, 18, 19, 47, 46, 19, 20, 48, 47, 20, 21, 49, 48, 21, 22, 50, 49, 22, 23, 51, 50, 23, 24, 52, 51, 24, 25, 53, 52, 25, 26, 54, 53, 26, 27, 55, 54, 27, 0, 28, 55, 56, 1, 0, 57, 28, 29, 56, 2, 1, 57, 29, 30, 56, 3, 2, 57, 30, 31, 56, 4, 3, 57, 31, 32, 56, 5, 4, 57, 32, 33, 56, 6, 5, 57, 33, 34, 56, 7, 6, 57, 34, 35, 56, 8, 7, 57, 35, 36, 56, 9, 8, 57, 36, 37, 56, 10, 9, 57, 37, 38, 56, 11, 10, 57, 38, 39, 56, 12, 11, 57, 39, 40, 56, 13, 12, 57, 40, 41, 56, 14, 13, 57, 41, 42, 56, 15, 14, 57, 42, 43, 56, 16, 15, 57, 43, 44, 56, 17, 16, 57, 44, 45, 56, 18, 17, 57, 45, 46, 56, 19, 18, 57, 46, 47, 56, 20, 19, 57, 47, 48, 56, 21, 20, 57, 48, 49, 56, 22, 21, 57, 49, 50, 56, 23, 22, 57, 50, 51, 56, 24, 23, 57, 51, 52, 56, 25, 24, 57, 52, 53, 56, 26, 25, 57, 53, 54, 56, 27, 26, 57, 54, 55, 56, 0, 27, 57, 55, 28]
                rel material:binding = </World/Looks/Wheel>
                normal3f[] normals = [(0, 0, 1), (0.22252093, 0, 0.9749279), (0.22252093, 0, 0.9749279), (0, 0, 1), (0.22252093, 0, 0.9749279), (0.43388373, 0, 0.90096885), (0.43388373, 0, 0.90096885), (0.22252093, 0, 0.9749279), (0.43388373, 0, 0.90096885), (0.6234898, 0, 0.7818315), (0.6234898, 0, 0.7818315), (0.43388373, 0, 0.90096885), (0.6234898, 0, 0.7818315), (0.7818315, 0, 0.6234898), (0.7818315, 0, 0.6234898), (0.6234898, 0, 0.7818315), (0.7818315, 0, 0.6234898), (0.90096885, 0, 0.43388373), (0.90096885, 0, 0.43388373), (0.7818315, 0, 0.6234898), (0.90096885, 0, 0.43388373), (0.9749279, 0, 0.22252093), (0.9749279, 0, 0.22252093), (0.90096885, 0, 0.43388373), (0.9749279, 0, 0.22252093), (1, 0, 6.123234e-17), (1, 0, 6.123234e-17), (0.9749279, 0, 0.22252093), (1, 0, 6.123234e-17), (0.9749279, 0, -0.22252093), (0.9749279, 0, -0.22252093), (1, 0, 6.123234e-17), (0.9749279, 0, -0.22252093), (0.90096885, 0, -0.43388373), (0.90096885, 0, -0.43388373), (0.9749279, 0, -0.22252093), (0.90096885, 0, -0.43388373), (0.7818315, 0, -0.6234898), (0.7818315, 0, -0.6234898), (0.90096885, 0, -0.43388373), (0.7818315, 0, -0.6234898), (0.6234898, 0, -0.7818315), (0.6234898, 0, -0.7818315), (0.7818315, 0, -0.6234898), (0.6234898, 0, -0.7818315), (0.43388373, 0, -0.90096885), (0.43388373, 0, -0.90096885), (0.6234898, 0, -0.7818315), (0.43388373, 0, -0.90096885), (0.22252093, 0, -0.9749279), (0.22252093, 0, -0.9749279), (0.43388373, 0, -0.90096885), (0.22252093, 0, -0.9749279), (1.2246469e-16, 0, -1), (1.2246469e-16, 0, -1), (0.22252093, 0, -0.9749279), (1.2246469e-16, 0, -1), (-0.22252093, 0, -0.9749279), (-0.22252093, 0, -0.9749279), (1.2246469e-16, 0, -1), (-0.22252093, 0, -0.9749279), (-0.43388373, 0, -0.90096885), (-0.43388373, 0, -0.90096885), (-0.22252093, 0, -0.9749279), (-0.43388373, 0, -0.90096885), (-0.6234898, 0, -0.7818315), (-0.6234898, 0, -0.7818315), (-0.43388373, 0, -0.90096885), (-0.6234898, 0, -0.7818315), (-0.7818315, 0, -0.6234898), (-0.7818315, 0, -0.6234898), (-0.6234898, 0, -0.7818315), (-0.7818315, 0, -0.6234898), (-0.90096885, 0, -0.43388373), (-0.90096885, 0, -0.43388373), (-0.7818315, 0, -0.6234898), (-0.90096885, 0, -0.43388373), (-0.9749279, 0, -0.22252093), (-0.9749279, 0, -0.22252093), (-0.90096885, 0, -0.43388373), (-0.9749279, 0, -0.22252093), (-1, 0, -1.8369701e-16), (-1, 0, -1.8369701e-16), (-0.9749279, 0, -0.22252093), (-1, 0, -1.8369701e-16), (-0.9749279, 0, 0.22252093), (-0.9749279, 0, 0.22252093), (-1, 0, -1.8369701e-16), (-0.9749279, 0, 0.22252093), (-0.90096885, 0, 0.43388373), (-0.90096885, 0, 0.43388373), (-0.9749279, 0, 0.22252093), (-0.90096885, 0, 0.43388373), (-0.7818315, 0, 0.6234898), (-0.7818315, 0, 0.6234898), (-0.90096885, 0, 0.43388373), (-0.7818315, 0, 0.6234898), (-0.6234898, 0, 0.7818315), (-0.6234898, 0, 0.7818315), (-0.7818315, 0, 0.6234898), (-0.6234898, 0, 0.7818315), (-0.43388373, 0, 0.90096885), (-0.43388373, 0, 0.90096885), (-0.6234898, 0, 0.7818315), (-0.43388373, 0, 0.90096885), (-0.22252093, 0, 0.9749279), (-0.22252093, 0, 0.9749279), (-0.43388373, 0, 0.90096885), (-0.22252093, 0, 0.9749279), (0, 0, 1), (0, 0, 1), (-0.22252093, 0, 0.9749279), (0, -1, 0), (0, -1, 0), (0, -1, 0), (0, 1, 0), (0, 1, 0), (0, 1, 0), (0, -1, 0), (0, -1, 0), (0, -1, 0), (0, 1, 0), (0, 1, 0), (0, 1, 0), (0, -1, 0), (0, -1, 0), (0, -1, 0), (0, 1, 0), (0, 1, 0), (0, 1, 0), (0, -1, 0), (0, -1, 0), (0, -1, 0), (0, 1, 0), (0, 1, 0), (0, 1, 0), (0, -1, 0), (0, -1, 0), (0, -1, 0), (0, 1, 0), (0, 1, 0), (0, 1, 0), (0, -1, 0), (0, -1, 0), (0, -1, 0), (0, 1, 0), (0, 1, 0), (0, 1, 0), (0, -1, 0), (0, -1, 0), (0, -1, 0), (0, 1, 0), (0, 1, 0), (0, 1, 0), (0, -1, 0), (0, -1, 0), (0, -1, 0), (0, 1, 0), (0, 1, 0), (0, 1, 0), (0, -1, 0), (0, -1, 0), (0, -1, 0), (0, 1, 0), (0, 1, 0), (0, 1, 0), (0, -1, 0), (0, -1, 0), (0, -1, 0), (0, 1, 0), (0, 1, 0), (0, 1, 0), (0, -1, 0), (0, -1, 0), (0, -1, 0), (0, 1, 0), (0, 1, 0), (0, 1, 0), (0, -1, 0), (0, -1, 0), (0, -1, 0), (0, 1, 0), (0, 1, 0), (0, 1, 0), (0, -1, 0), (0, -1, 0), (0, -1, 0), (0, 1, 0), (0, 1, 0), (0, 1, 0), (0, -1, 0), (0, -1, 0), (0, -1, 0), (0, 1, 0), (0, 1, 0), (0, 1, 0), (0, -1, 0), (0, -1, 0), (0, -1, 0), (0, 1, 0), (0, 1, 0), (0, 1, 0), (0, -1, 0), (0, -1, 0), (0, -1, 0), (0, 1, 0), (0, 1, 0), (0, 1, 0), (0, -1, 0), (0, -1, 0), (0, -1, 0), (0, 1, 0), (0, 1, 0), (0, 1, 0), (0, -1, 0), (0, -1, 0), (0, -1, 0), (0, 1, 0), (0, 1, 0), (0, 1, 0), (0, -1, 0), (0, -1, 0), (0, -1, 0), (0, 1, 0), (0, 1, 0), (0, 1, 0), (0, -1, 0), (0, -1, 0), (0, -1, 0), (0, 1, 0), (0, 1, 0), (0, 1, 0), (0, -1, 0), (0, -1, 0), (0, -1, 0), (0, 1, 0), (0, 1, 0), (0, 1, 0), (0, -1, 0), (0, -1, 0), (0, -1, 0), (0, 1, 0), (0, 1, 0), (0, 1, 0), (0, -1, 0), (0, -1, 0), (0, -1, 0), (0, 1, 0), (0, 1, 0), (0, 1, 0), (0, -1, 0), (0, -1, 0), (0, -1, 0), (0, 1, 0), (0, 1, 0), (0, 1, 0), (0, -1, 0), (0, -1, 0), (0, -1, 0), (0, 1, 0), (0, 1, 0), (0, 1, 0), (0, -1, 0), (0, -1, 0), (0, -1, 0), (0, 1, 0), (0, 1, 0), (0, 1, 0), (0, -1, 0), (0, -1, 0), (0, -1, 0), (0, 1, 0), (0, 1, 0), (0, 1, 0), (0, -1, 0), (0, -1, 0), (0, -1, 0), (0, 1, 0), (0, 1, 0), (0, 1, 0)] (
                    interpolation = "faceVarying"
                )
                point3f[] points = [(0, -0.006, 0.008), (0.0017801675, -0.006, 0.0077994233), (0.00347107, -0.006, 0.007207751), (0.0049879183, -0.006, 0.006254652), (0.006254652, -0.006, 0.0049879183), (0.007207751, -0.006, 0.00347107), (0.0077994233, -0.006, 0.0017801675), (0.008, -0.006, 4.8985874e-19), (0.0077994233, -0.006, -0.0017801675), (0.007207751, -0.006, -0.00347107), (0.006254652, -0.006, -0.0049879183), (0.0049879183, -0.006, -0.006254652), (0.00347107, -0.006, -0.007207751), (0.0017801675, -0.006, -0.0077994233), (9.797175e-19, -0.006, -0.008), (-0.0017801675, -0.006, -0.0077994233), (-0.00347107, -0.006, -0.007207751), (-0.0049879183, -0.006, -0.006254652), (-0.006254652, -0.006, -0.0049879183), (-0.007207751, -0.006, -0.00347107), (-0.0077994233, -0.006, -0.0017801675), (-0.008, -0.006, -1.4695761e-18), (-0.0077994233, -0.006, 0.0017801675), (-0.007207751, -0.006, 0.00347107), (-0.006254652, -0.006, 0.0049879183), (-0.0049879183, -0.006, 0.006254652), (-0.00347107, -0.006, 0.007207751), (-0.0017801675, -0.006, 0.0077994233), (0, 0.006, 0.008), (0.0017801675, 0.006, 0.0077994233), (0.00347107, 0.006, 0.007207751), (0.0049879183, 0.006, 0.006254652), (0.006254652, 0.006, 0.0049879183), (0.007207751, 0.006, 0.00347107), (0.0077994233, 0.006, 0.0017801675), (0.008, 0.006, 4.8985874e-19), (0.0077994233, 0.006, -0.0017801675), (0.007207751, 0.006, -0.00347107), (0.006254652, 0.006, -0.0049879183), (0.0049879183, 0.006, -0.006254652), (0.00347107, 0.006, -0.007207751), (0.0017801675, 0.006, -0.0077994233), (9.797175e-19, 0.006, -0.008), (-0.0017801675, 0.006, -0.0077994233), (-0.00347107, 0.006, -0.007207751), (-0.0049879183, 0.006, -0.006254652), (-0.006254652, 0.006, -0.0049879183), (-0.007207751, 0.006, -0.00347107), (-0.0077994233, 0.006, -0.0017801675), (-0.008, 0.006, -1.4695761e-18), (-0.0077994233, 0.006, 0.0017801675), (-0.007207751, 0.006, 0.00347107), (-0.006254652, 0.006, 0.0049879183), (-0.0049879183, 0.006, 0.006254652), (-0.00347107, 0.006, 0.007207751), (-0.0017801675, 0.006, 0.0077994233), (0, -0.006, 0), (0, 0.006, 0)]
                uniform token subdivisionScheme = "none"
            }
        }

        def Xform "B_B2_Arm" (
            prepend apiSchemas = ["PhysicsRigidBodyAPI", "PhysicsMassAPI"]
        )
        {
            float physics:mass = 0.035
            matrix4d xformOp:transform = ( (0, -0.5000000000000004, -0.8660254037844384, 0), (0, 0.8660254037844384, -0.5000000000000004, 0), (1, 0, 0, 0), (0.018, -0.020000000000000018, -0.03464101615137754, 1) )
            uniform token[] xformOpOrder = ["xformOp:transform"]

            def Mesh "Rod" (
                prepend apiSchemas = ["MaterialBindingAPI"]
            )
            {
                float3[] extent = [(-0.03, -0.005, -0.005), (-0.014, 0.005, 0.005)]
                int[] faceVertexCounts = [4, 4, 4, 4, 4, 4, 4, 4, 4, 4, 4, 4, 4, 4, 4, 4, 4, 4, 4, 4, 4, 4, 4, 4, 4, 4, 4, 4, 3, 3, 3, 3, 3, 3, 3, 3, 3, 3, 3, 3, 3, 3, 3, 3, 3, 3, 3, 3, 3, 3, 3, 3, 3, 3, 3, 3, 3, 3, 3, 3, 3, 3, 3, 3, 3, 3, 3, 3, 3, 3, 3, 3, 3, 3, 3, 3, 3, 3, 3, 3, 3, 3, 3, 3]
                int[] faceVertexIndices = [0, 1, 29, 28, 1, 2, 30, 29, 2, 3, 31, 30, 3, 4, 32, 31, 4, 5, 33, 32, 5, 6, 34, 33, 6, 7, 35, 34, 7, 8, 36, 35, 8, 9, 37, 36, 9, 10, 38, 37, 10, 11, 39, 38, 11, 12, 40, 39, 12, 13, 41, 40, 13, 14, 42, 41, 14, 15, 43, 42, 15, 16, 44, 43, 16, 17, 45, 44, 17, 18, 46, 45, 18, 19, 47, 46, 19, 20, 48, 47, 20, 21, 49, 48, 21, 22, 50, 49, 22, 23, 51, 50, 23, 24, 52, 51, 24, 25, 53, 52, 25, 26, 54, 53, 26, 27, 55, 54, 27, 0, 28, 55, 56, 1, 0, 57, 28, 29, 56, 2, 1, 57, 29, 30, 56, 3, 2, 57, 30, 31, 56, 4, 3, 57, 31, 32, 56, 5, 4, 57, 32, 33, 56, 6, 5, 57, 33, 34, 56, 7, 6, 57, 34, 35, 56, 8, 7, 57, 35, 36, 56, 9, 8, 57, 36, 37, 56, 10, 9, 57, 37, 38, 56, 11, 10, 57, 38, 39, 56, 12, 11, 57, 39, 40, 56, 13, 12, 57, 40, 41, 56, 14, 13, 57, 41, 42, 56, 15, 14, 57, 42, 43, 56, 16, 15, 57, 43, 44, 56, 17, 16, 57, 44, 45, 56, 18, 17, 57, 45, 46, 56, 19, 18, 57, 46, 47, 56, 20, 19, 57, 47, 48, 56, 21, 20, 57, 48, 49, 56, 22, 21, 57, 49, 50, 56, 23, 22, 57, 50, 51, 56, 24, 23, 57, 51, 52, 56, 25, 24, 57, 52, 53, 56, 26, 25, 57, 53, 54, 56, 27, 26, 57, 54, 55, 56, 0, 27, 57, 55, 28]
                rel material:binding = </World/Looks/Rod>
                normal3f[] normals = [(0, 1, 0), (0, 0.9749279, 0.22252093), (0, 0.9749279, 0.22252093), (0, 1, 0), (0, 0.9749279, 0.22252093), (0, 0.90096885, 0.43388373), (0, 0.90096885, 0.43388373), (0, 0.9749279, 0.22252093), (0, 0.90096885, 0.43388373), (0, 0.7818315, 0.6234898), (0, 0.7818315, 0.6234898), (0, 0.90096885, 0.43388373), (0, 0.7818315, 0.6234898), (0, 0.6234898, 0.7818315), (0, 0.6234898, 0.7818315), (0, 0.7818315, 0.6234898), (0, 0.6234898, 0.7818315), (0, 0.43388373, 0.90096885), (0, 0.43388373, 0.90096885), (0, 0.6234898, 0.7818315), (0, 0.43388373, 0.90096885), (0, 0.22252093, 0.9749279), (0, 0.22252093, 0.9749279), (0, 0.43388373, 0.90096885), (0, 0.22252093, 0.9749279), (0, 6.123234e-17, 1), (0, 6.123234e-17, 1), (0, 0.22252093, 0.9749279), (0, 6.123234e-17, 1), (0, -0.22252093, 0.9749279), (0, -0.22252093, 0.9749279), (0, 6.123234e-17, 1), (0, -0.22252093, 0.9749279), (0, -0.43388373, 0.90096885), (0, -0.43388373, 0.90096885), (0, -0.22252093, 0.9749279), (0, -0.43388373, 0.90096885), (0, -0.6234898, 0.7818315), (0, -0.6234898, 0.7818315), (0, -0.43388373, 0.90096885), (0, -0.6234898, 0.7818315), (0, -0.7818315, 0.6234898), (0, -0.7818315, 0.6234898), (0, -0.6234898, 0.7818315), (0, -0.7818315, 0.6234898), (0, -0.90096885, 0.43388373), (0, -0.90096885, 0.43388373), (0, -0.7818315, 0.6234898), (0, -0.90096885, 0.43388373), (0, -0.9749279, 0.22252093), (0, -0.9749279, 0.22252093), (0, -0.90096885, 0.43388373), (0, -0.9749279, 0.22252093), (0, -1, 1.2246469e-16), (0, -1, 1.2246469e-16), (0, -0.9749279, 0.22252093), (0, -1, 1.2246469e-16), (0, -0.9749279, -0.22252093), (0, -0.9749279, -0.22252093), (0, -1, 1.2246469e-16), (0, -0.9749279, -0.22252093), (0, -0.90096885, -0.43388373), (0, -0.90096885, -0.43388373), (0, -0.9749279, -0.22252093), (0, -0.90096885, -0.43388373), (0, -0.7818315, -0.6234898), (0, -0.7818315, -0.6234898), (0, -0.90096885, -0.43388373), (0, -0.7818315, -0.6234898), (0, -0.6234898, -0.7818315), (0, -0.6234898, -0.7818315), (0, -0.7818315, -0.6234898), (0, -0.6234898, -0.7818315), (0, -0.43388373, -0.90096885), (0, -0.43388373, -0.90096885), (0, -0.6234898, -0.7818315), (0, -0.43388373, -0.90096885), (0, -0.22252093, -0.9749279), (0, -0.22252093, -0.9749279), (0, -0.43388373, -0.90096885), (0, -0.22252093, -0.9749279), (0, -1.8369701e-16, -1), (0, -1.8369701e-16, -1), (0, -0.22252093, -0.9749279), (0, -1.8369701e-16, -1), (0, 0.22252093, -0.9749279), (0, 0.22252093, -0.9749279), (0, -1.8369701e-16, -1), (0, 0.22252093, -0.9749279), (0, 0.43388373, -0.90096885), (0, 0.43388373, -0.90096885), (0, 0.22252093, -0.9749279), (0, 0.43388373, -0.90096885), (0, 0.6234898, -0.7818315), (0, 0.6234898, -0.7818315), (0, 0.43388373, -0.90096885), (0, 0.6234898, -0.7818315), (0, 0.7818315, -0.6234898), (0, 0.7818315, -0.6234898), (0, 0.6234898, -0.7818315), (0, 0.7818315, -0.6234898), (0, 0.90096885, -0.43388373), (0, 0.90096885, -0.43388373), (0, 0.7818315, -0.6234898), (0, 0.90096885, -0.43388373), (0, 0.9749279, -0.22252093), (0, 0.9749279, -0.22252093), (0, 0.90096885, -0.43388373), (0, 0.9749279, -0.22252093), (0, 1, 0), (0, 1, 0), (0, 0.9749279, -0.22252093), (-1, 0, 0), (-1, 0, 0), (-1, 0, 0), (1, 0, 0), (1, 0, 0), (1, 0, 0), (-1, 0, 0), (-1, 0, 0), (-1, 0, 0), (1, 0, 0), (1, 0, 0), (1, 0, 0), (-1, 0, 0), (-1, 0, 0), (-1, 0, 0), (1, 0, 0), (1, 0, 0), (1, 0, 0), (-1, 0, 0), (-1, 0, 0), (-1, 0, 0), (1, 0, 0), (1, 0, 0), (1, 0, 0), (-1, 0, 0), (-1, 0, 0), (-1, 0, 0), (1, 0, 0), (1, 0, 0), (1, 0, 0), (-1, 0, 0), (-1, 0, 0), (-1, 0, 0), (1, 0, 0), (1, 0, 0), (1, 0, 0), (-1, 0, 0), (-1, 0, 0), (-1, 0, 0), (1, 0, 0), (1, 0, 0), (1, 0, 0), (-1, 0, 0), (-1, 0, 0), (-1, 0, 0), (1, 0, 0), (1, 0, 0), (1, 0, 0), (-1, 0, 0), (-1, 0, 0), (-1, 0, 0), (1, 0, 0), (1, 0, 0), (1, 0, 0), (-1, 0, 0), (-1, 0, 0), (-1, 0, 0), (1, 0, 0), (1, 0, 0), (1, 0, 0), (-1, 0, 0), (-1, 0, 0), (-1, 0, 0), (1, 0, 0), (1, 0, 0), (1, 0, 0), (-1, 0, 0), (-1, 0, 0), (-1, 0, 0), (1, 0, 0), (1, 0, 0), (1, 0, 0), (-1, 0, 0), (-1, 0, 0), (-1, 0, 0), (1, 0, 0), (1, 0, 0), (1, 0, 0), (-1, 0, 0), (-1, 0, 0), (-1, 0, 0), (1, 0, 0), (1, 0, 0), (1, 0, 0), (-1, 0, 0), (-1, 0, 0), (-1, 0, 0), (1, 0, 0), (1, 0, 0), (1, 0, 0), (-1, 0, 0), (-1, 0, 0), (-1, 0, 0), (1, 0, 0), (1, 0, 0), (1, 0, 0), (-1, 0, 0), (-1, 0, 0), (-1, 0, 0), (1, 0, 0), (1, 0, 0), (1, 0, 0), (-1, 0, 0), (-1, 0, 0), (-1, 0, 0), (1, 0, 0), (1, 0, 0), (1, 0, 0), (-1, 0, 0), (-1, 0, 0), (-1, 0, 0), (1, 0, 0), (1, 0, 0), (1, 0, 0), (-1, 0, 0), (-1, 0, 0), (-1, 0, 0), (1, 0, 0), (1, 0, 0), (1, 0, 0), (-1, 0, 0), (-1, 0, 0), (-1, 0, 0), (1, 0, 0), (1, 0, 0), (1, 0, 0), (-1, 0, 0), (-1, 0, 0), (-1, 0, 0), (1, 0, 0), (1, 0, 0), (1, 0, 0), (-1, 0, 0), (-1, 0, 0), (-1, 0, 0), (1, 0, 0), (1, 0, 0), (1, 0, 0), (-1, 0, 0), (-1, 0, 0), (-1, 0, 0), (1, 0, 0), (1, 0, 0), (1, 0, 0), (-1, 0, 0), (-1, 0, 0), (-1, 0, 0), (1, 0, 0), (1, 0, 0), (1, 0, 0), (-1, 0, 0), (-1, 0, 0), (-1, 0, 0), (1, 0, 0), (1, 0, 0), (1, 0, 0), (-1, 0, 0), (-1, 0, 0), (-1, 0, 0), (1, 0, 0), (1, 0, 0), (1, 0, 0), (-1, 0, 0), (-1, 0, 0), (-1, 0, 0), (1, 0, 0), (1, 0, 0), (1, 0, 0)] (
                    interpolation = "faceVarying"
                )
                point3f[] points = [(-0.03, 0.005, 0), (-0.03, 0.0048746397, 0.0011126046), (-0.03, 0.0045048445, 0.0021694186), (-0.03, 0.0039091576, 0.003117449), (-0.03, 0.003117449, 0.0039091576), (-0.03, 0.0021694186, 0.0045048445), (-0.03, 0.0011126046, 0.0048746397), (-0.03, 3.061617e-19, 0.005), (-0.03, -0.0011126046, 0.0048746397), (-0.03, -0.0021694186, 0.0045048445), (-0.03, -0.003117449, 0.0039091576), (-0.03, -0.0039091576, 0.003117449), (-0.03, -0.0045048445, 0.0021694186), (-0.03, -0.0048746397, 0.0011126046), (-0.03, -0.005, 6.123234e-19), (-0.03, -0.0048746397, -0.0011126046), (-0.03, -0.0045048445, -0.0021694186), (-0.03, -0.0039091576, -0.003117449), (-0.03, -0.003117449, -0.0039091576), (-0.03, -0.0021694186, -0.0045048445), (-0.03, -0.0011126046, -0.0048746397), (-0.03, -9.184851e-19, -0.005), (-0.03, 0.0011126046, -0.0048746397), (-0.03, 0.0021694186, -0.0045048445), (-0.03, 0.003117449, -0.0039091576), (-0.03, 0.0039091576, -0.003117449), (-0.03, 0.0045048445, -0.0021694186), (-0.03, 0.0048746397, -0.0011126046), (-0.014, 0.005, 0), (-0.014, 0.0048746397, 0.0011126046), (-0.014, 0.0045048445, 0.0021694186), (-0.014, 0.0039091576, 0.003117449), (-0.014, 0.003117449, 0.0039091576), (-0.014, 0.0021694186, 0.0045048445), (-0.014, 0.0011126046, 0.0048746397), (-0.014, 3.061617e-19, 0.005), (-0.014, -0.0011126046, 0.0048746397), (-0.014, -0.0021694186, 0.0045048445), (-0.014, -0.003117449, 0.0039091576), (-0.014, -0.0039091576, 0.003117449), (-0.014, -0.0045048445, 0.0021694186), (-0.014, -0.0048746397, 0.0011126046), (-0.014, -0.005, 6.123234e-19), (-0.014, -0.0048746397, -0.0011126046), (-0.014, -0.0045048445, -0.0021694186), (-0.014, -0.0039091576, -0.003117449), (-0.014, -0.003117449, -0.0039091576), (-0.014, -0.0021694186, -0.0045048445), (-0.014, -0.0011126046, -0.0048746397), (-0.014, -9.184851e-19, -0.005), (-0.014, 0.0011126046, -0.0048746397), (-0.014, 0.0021694186, -0.0045048445), (-0.014, 0.003117449, -0.0039091576), (-0.014, 0.0039091576, -0.003117449), (-0.014, 0.0045048445, -0.0021694186), (-0.014, 0.0048746397, -0.0011126046), (-0.03, 0, 0), (-0.014, 0, 0)]
                uniform token subdivisionScheme = "none"
            }

            def Cube "Yoke" (
                prepend apiSchemas = ["MaterialBindingAPI"]
            )
            {
                float3[] extent = [(-0.5, -0.5, -0.5), (0.5, 0.5, 0.5)]
                rel material:binding = </World/Looks/Fork>
                double size = 1
                matrix4d xformOp:transform = ( (0.0033, 0, 0, 0), (0, 0.023, 0, 0), (0, 0, 0.011, 0), (-0.012650000000000002, 0, 0, 1) )
                uniform token[] xformOpOrder = ["xformOp:transform"]
            }

            def Cube "ForkL" (
                prepend apiSchemas = ["MaterialBindingAPI"]
            )
            {
                float3[] extent = [(-0.5, -0.5, -0.5), (0.5, 0.5, 0.5)]
                rel material:binding = </World/Looks/Fork>
                double size = 1
                matrix4d xformOp:transform = ( (0.014, 0, 0, 0), (0, 0.003, 0, 0), (0, 0, 0.011, 0), (-0.007, 0.01, 0, 1) )
                uniform token[] xformOpOrder = ["xformOp:transform"]
            }

            def Cube "ForkR" (
                prepend apiSchemas = ["MaterialBindingAPI"]
            )
            {
                float3[] extent = [(-0.5, -0.5, -0.5), (0.5, 0.5, 0.5)]
                rel material:binding = </World/Looks/Fork>
                double size = 1
                matrix4d xformOp:transform = ( (0.014, 0, 0, 0), (0, 0.003, 0, 0), (0, 0, 0.011, 0), (-0.007, -0.01, 0, 1) )
                uniform token[] xformOpOrder = ["xformOp:transform"]
            }

            def Mesh "Axle" (
                prepend apiSchemas = ["MaterialBindingAPI"]
            )
            {
                float3[] extent = [(-0.0025, -0.0115, -0.0025), (0.0025, 0.0115, 0.0025)]
                int[] faceVertexCounts = [4, 4, 4, 4, 4, 4, 4, 4, 4, 4, 4, 4, 4, 4, 4, 4, 4, 4, 4, 4, 4, 4, 4, 4, 4, 4, 4, 4, 3, 3, 3, 3, 3, 3, 3, 3, 3, 3, 3, 3, 3, 3, 3, 3, 3, 3, 3, 3, 3, 3, 3, 3, 3, 3, 3, 3, 3, 3, 3, 3, 3, 3, 3, 3, 3, 3, 3, 3, 3, 3, 3, 3, 3, 3, 3, 3, 3, 3, 3, 3, 3, 3, 3, 3]
                int[] faceVertexIndices = [0, 1, 29, 28, 1, 2, 30, 29, 2, 3, 31, 30, 3, 4, 32, 31, 4, 5, 33, 32, 5, 6, 34, 33, 6, 7, 35, 34, 7, 8, 36, 35, 8, 9, 37, 36, 9, 10, 38, 37, 10, 11, 39, 38, 11, 12, 40, 39, 12, 13, 41, 40, 13, 14, 42, 41, 14, 15, 43, 42, 15, 16, 44, 43, 16, 17, 45, 44, 17, 18, 46, 45, 18, 19, 47, 46, 19, 20, 48, 47, 20, 21, 49, 48, 21, 22, 50, 49, 22, 23, 51, 50, 23, 24, 52, 51, 24, 25, 53, 52, 25, 26, 54, 53, 26, 27, 55, 54, 27, 0, 28, 55, 56, 1, 0, 57, 28, 29, 56, 2, 1, 57, 29, 30, 56, 3, 2, 57, 30, 31, 56, 4, 3, 57, 31, 32, 56, 5, 4, 57, 32, 33, 56, 6, 5, 57, 33, 34, 56, 7, 6, 57, 34, 35, 56, 8, 7, 57, 35, 36, 56, 9, 8, 57, 36, 37, 56, 10, 9, 57, 37, 38, 56, 11, 10, 57, 38, 39, 56, 12, 11, 57, 39, 40, 56, 13, 12, 57, 40, 41, 56, 14, 13, 57, 41, 42, 56, 15, 14, 57, 42, 43, 56, 16, 15, 57, 43, 44, 56, 17, 16, 57, 44, 45, 56, 18, 17, 57, 45, 46, 56, 19, 18, 57, 46, 47, 56, 20, 19, 57, 47, 48, 56, 21, 20, 57, 48, 49, 56, 22, 21, 57, 49, 50, 56, 23, 22, 57, 50, 51, 56, 24, 23, 57, 51, 52, 56, 25, 24, 57, 52, 53, 56, 26, 25, 57, 53, 54, 56, 27, 26, 57, 54, 55, 56, 0, 27, 57, 55, 28]
                rel material:binding = </World/Looks/Axle>
                normal3f[] normals = [(0, 0, 1), (0.22252093, 0, 0.9749279), (0.22252093, 0, 0.9749279), (0, 0, 1), (0.22252093, 0, 0.9749279), (0.43388373, 0, 0.90096885), (0.43388373, 0, 0.90096885), (0.22252093, 0, 0.9749279), (0.43388373, 0, 0.90096885), (0.6234898, 0, 0.7818315), (0.6234898, 0, 0.7818315), (0.43388373, 0, 0.90096885), (0.6234898, 0, 0.7818315), (0.7818315, 0, 0.6234898), (0.7818315, 0, 0.6234898), (0.6234898, 0, 0.7818315), (0.7818315, 0, 0.6234898), (0.90096885, 0, 0.43388373), (0.90096885, 0, 0.43388373), (0.7818315, 0, 0.6234898), (0.90096885, 0, 0.43388373), (0.9749279, 0, 0.22252093), (0.9749279, 0, 0.22252093), (0.90096885, 0, 0.43388373), (0.9749279, 0, 0.22252093), (1, 0, 6.123234e-17), (1, 0, 6.123234e-17), (0.9749279, 0, 0.22252093), (1, 0, 6.123234e-17), (0.9749279, 0, -0.22252093), (0.9749279, 0, -0.22252093), (1, 0, 6.123234e-17), (0.9749279, 0, -0.22252093), (0.90096885, 0, -0.43388373), (0.90096885, 0, -0.43388373), (0.9749279, 0, -0.22252093), (0.90096885, 0, -0.43388373), (0.7818315, 0, -0.6234898), (0.7818315, 0, -0.6234898), (0.90096885, 0, -0.43388373), (0.7818315, 0, -0.6234898), (0.6234898, 0, -0.7818315), (0.6234898, 0, -0.7818315), (0.7818315, 0, -0.6234898), (0.6234898, 0, -0.7818315), (0.43388373, 0, -0.90096885), (0.43388373, 0, -0.90096885), (0.6234898, 0, -0.7818315), (0.43388373, 0, -0.90096885), (0.22252093, 0, -0.9749279), (0.22252093, 0, -0.9749279), (0.43388373, 0, -0.90096885), (0.22252093, 0, -0.9749279), (1.2246469e-16, 0, -1), (1.2246469e-16, 0, -1), (0.22252093, 0, -0.9749279), (1.2246469e-16, 0, -1), (-0.22252093, 0, -0.9749279), (-0.22252093, 0, -0.9749279), (1.2246469e-16, 0, -1), (-0.22252093, 0, -0.9749279), (-0.43388373, 0, -0.90096885), (-0.43388373, 0, -0.90096885), (-0.22252093, 0, -0.9749279), (-0.43388373, 0, -0.90096885), (-0.6234898, 0, -0.7818315), (-0.6234898, 0, -0.7818315), (-0.43388373, 0, -0.90096885), (-0.6234898, 0, -0.7818315), (-0.7818315, 0, -0.6234898), (-0.7818315, 0, -0.6234898), (-0.6234898, 0, -0.7818315), (-0.7818315, 0, -0.6234898), (-0.90096885, 0, -0.43388373), (-0.90096885, 0, -0.43388373), (-0.7818315, 0, -0.6234898), (-0.90096885, 0, -0.43388373), (-0.9749279, 0, -0.22252093), (-0.9749279, 0, -0.22252093), (-0.90096885, 0, -0.43388373), (-0.9749279, 0, -0.22252093), (-1, 0, -1.8369701e-16), (-1, 0, -1.8369701e-16), (-0.9749279, 0, -0.22252093), (-1, 0, -1.8369701e-16), (-0.9749279, 0, 0.22252093), (-0.9749279, 0, 0.22252093), (-1, 0, -1.8369701e-16), (-0.9749279, 0, 0.22252093), (-0.90096885, 0, 0.43388373), (-0.90096885, 0, 0.43388373), (-0.9749279, 0, 0.22252093), (-0.90096885, 0, 0.43388373), (-0.7818315, 0, 0.6234898), (-0.7818315, 0, 0.6234898), (-0.90096885, 0, 0.43388373), (-0.7818315, 0, 0.6234898), (-0.6234898, 0, 0.7818315), (-0.6234898, 0, 0.7818315), (-0.7818315, 0, 0.6234898), (-0.6234898, 0, 0.7818315), (-0.43388373, 0, 0.90096885), (-0.43388373, 0, 0.90096885), (-0.6234898, 0, 0.7818315), (-0.43388373, 0, 0.90096885), (-0.22252093, 0, 0.9749279), (-0.22252093, 0, 0.9749279), (-0.43388373, 0, 0.90096885), (-0.22252093, 0, 0.9749279), (0, 0, 1), (0, 0, 1), (-0.22252093, 0, 0.9749279), (0, -1, 0), (0, -1, 0), (0, -1, 0), (0, 1, 0), (0, 1, 0), (0, 1, 0), (0, -1, 0), (0, -1, 0), (0, -1, 0), (0, 1, 0), (0, 1, 0), (0, 1, 0), (0, -1, 0), (0, -1, 0), (0, -1, 0), (0, 1, 0), (0, 1, 0), (0, 1, 0), (0, -1, 0), (0, -1, 0), (0, -1, 0), (0, 1, 0), (0, 1, 0), (0, 1, 0), (0, -1, 0), (0, -1, 0), (0, -1, 0), (0, 1, 0), (0, 1, 0), (0, 1, 0), (0, -1, 0), (0, -1, 0), (0, -1, 0), (0, 1, 0), (0, 1, 0), (0, 1, 0), (0, -1, 0), (0, -1, 0), (0, -1, 0), (0, 1, 0), (0, 1, 0), (0, 1, 0), (0, -1, 0), (0, -1, 0), (0, -1, 0), (0, 1, 0), (0, 1, 0), (0, 1, 0), (0, -1, 0), (0, -1, 0), (0, -1, 0), (0, 1, 0), (0, 1, 0), (0, 1, 0), (0, -1, 0), (0, -1, 0), (0, -1, 0), (0, 1, 0), (0, 1, 0), (0, 1, 0), (0, -1, 0), (0, -1, 0), (0, -1, 0), (0, 1, 0), (0, 1, 0), (0, 1, 0), (0, -1, 0), (0, -1, 0), (0, -1, 0), (0, 1, 0), (0, 1, 0), (0, 1, 0), (0, -1, 0), (0, -1, 0), (0, -1, 0), (0, 1, 0), (0, 1, 0), (0, 1, 0), (0, -1, 0), (0, -1, 0), (0, -1, 0), (0, 1, 0), (0, 1, 0), (0, 1, 0), (0, -1, 0), (0, -1, 0), (0, -1, 0), (0, 1, 0), (0, 1, 0), (0, 1, 0), (0, -1, 0), (0, -1, 0), (0, -1, 0), (0, 1, 0), (0, 1, 0), (0, 1, 0), (0, -1, 0), (0, -1, 0), (0, -1, 0), (0, 1, 0), (0, 1, 0), (0, 1, 0), (0, -1, 0), (0, -1, 0), (0, -1, 0), (0, 1, 0), (0, 1, 0), (0, 1, 0), (0, -1, 0), (0, -1, 0), (0, -1, 0), (0, 1, 0), (0, 1, 0), (0, 1, 0), (0, -1, 0), (0, -1, 0), (0, -1, 0), (0, 1, 0), (0, 1, 0), (0, 1, 0), (0, -1, 0), (0, -1, 0), (0, -1, 0), (0, 1, 0), (0, 1, 0), (0, 1, 0), (0, -1, 0), (0, -1, 0), (0, -1, 0), (0, 1, 0), (0, 1, 0), (0, 1, 0), (0, -1, 0), (0, -1, 0), (0, -1, 0), (0, 1, 0), (0, 1, 0), (0, 1, 0), (0, -1, 0), (0, -1, 0), (0, -1, 0), (0, 1, 0), (0, 1, 0), (0, 1, 0), (0, -1, 0), (0, -1, 0), (0, -1, 0), (0, 1, 0), (0, 1, 0), (0, 1, 0), (0, -1, 0), (0, -1, 0), (0, -1, 0), (0, 1, 0), (0, 1, 0), (0, 1, 0), (0, -1, 0), (0, -1, 0), (0, -1, 0), (0, 1, 0), (0, 1, 0), (0, 1, 0), (0, -1, 0), (0, -1, 0), (0, -1, 0), (0, 1, 0), (0, 1, 0), (0, 1, 0)] (
                    interpolation = "faceVarying"
                )
                point3f[] points = [(0, -0.0115, 0.0025), (0.0005563023, -0.0115, 0.0024373198), (0.0010847093, -0.0115, 0.0022524223), (0.0015587246, -0.0115, 0.0019545788), (0.0019545788, -0.0115, 0.0015587246), (0.0022524223, -0.0115, 0.0010847093), (0.0024373198, -0.0115, 0.0005563023), (0.0025, -0.0115, 1.5308085e-19), (0.0024373198, -0.0115, -0.0005563023), (0.0022524223, -0.0115, -0.0010847093), (0.0019545788, -0.0115, -0.0015587246), (0.0015587246, -0.0115, -0.0019545788), (0.0010847093, -0.0115, -0.0022524223), (0.0005563023, -0.0115, -0.0024373198), (3.061617e-19, -0.0115, -0.0025), (-0.0005563023, -0.0115, -0.0024373198), (-0.0010847093, -0.0115, -0.0022524223), (-0.0015587246, -0.0115, -0.0019545788), (-0.0019545788, -0.0115, -0.0015587246), (-0.0022524223, -0.0115, -0.0010847093), (-0.0024373198, -0.0115, -0.0005563023), (-0.0025, -0.0115, -4.5924256e-19), (-0.0024373198, -0.0115, 0.0005563023), (-0.0022524223, -0.0115, 0.0010847093), (-0.0019545788, -0.0115, 0.0015587246), (-0.0015587246, -0.0115, 0.0019545788), (-0.0010847093, -0.0115, 0.0022524223), (-0.0005563023, -0.0115, 0.0024373198), (0, 0.0115, 0.0025), (0.0005563023, 0.0115, 0.0024373198), (0.0010847093, 0.0115, 0.0022524223), (0.0015587246, 0.0115, 0.0019545788), (0.0019545788, 0.0115, 0.0015587246), (0.0022524223, 0.0115, 0.0010847093), (0.0024373198, 0.0115, 0.0005563023), (0.0025, 0.0115, 1.5308085e-19), (0.0024373198, 0.0115, -0.0005563023), (0.0022524223, 0.0115, -0.0010847093), (0.0019545788, 0.0115, -0.0015587246), (0.0015587246, 0.0115, -0.0019545788), (0.0010847093, 0.0115, -0.0022524223), (0.0005563023, 0.0115, -0.0024373198), (3.061617e-19, 0.0115, -0.0025), (-0.0005563023, 0.0115, -0.0024373198), (-0.0010847093, 0.0115, -0.0022524223), (-0.0015587246, 0.0115, -0.0019545788), (-0.0019545788, 0.0115, -0.0015587246), (-0.0022524223, 0.0115, -0.0010847093), (-0.0024373198, 0.0115, -0.0005563023), (-0.0025, 0.0115, -4.5924256e-19), (-0.0024373198, 0.0115, 0.0005563023), (-0.0022524223, 0.0115, 0.0010847093), (-0.0019545788, 0.0115, 0.0015587246), (-0.0015587246, 0.0115, 0.0019545788), (-0.0010847093, 0.0115, 0.0022524223), (-0.0005563023, 0.0115, 0.0024373198), (0, -0.0115, 0), (0, 0.0115, 0)]
                uniform token subdivisionScheme = "none"
            }
        }

        def Xform "B_B2_Wheel" (
            apiSchemas = ["PhysicsRigidBodyAPI", "PhysicsMassAPI", "PhysxRigidBodyAPI"]
        )
        {
            point3f physics:centerOfMass = (0, 0, 0)
            float3 physics:diagonalInertia = (7e-7, 8e-7, 7e-7)
            float physics:mass = 0.025
            quatf physics:principalAxes = (1, 0, 0, 0)
            custom bool physxRigidBody:enableCCD = 1
            custom float physxRigidBody:maxLinearVelocity = 5
            matrix4d xformOp:transform = ( (0, -0.5000000000000004, -0.8660254037844384, 0), (0, 0.8660254037844384, -0.5000000000000004, 0), (1, 0, 0, 0), (0.018, -0.020000000000000018, -0.03464101615137754, 1) )
            uniform token[] xformOpOrder = ["xformOp:transform"]

            def Cylinder "WheelCollider" (
                apiSchemas = ["PhysicsCollisionAPI", "PhysxCollisionAPI", "MaterialBindingAPI"]
            )
            {
                uniform token axis = "Y"
                float3[] extent = [(-0.008, -0.006, -0.008), (0.008, 0.006, 0.008)]
                double height = 0.012
                rel material:binding:physics = </World/Looks/TyrePhys> (
                    bindMaterialAs = "weakerThanDescendants"
                )
                custom float physxCollision:contactOffset = 0.004
                custom float physxCollision:restOffset = 0
                double radius = 0.008
                token visibility = "invisible"
            }

            def Mesh "WheelVisual" (
                prepend apiSchemas = ["MaterialBindingAPI"]
            )
            {
                float3[] extent = [(-0.008, -0.006, -0.008), (0.008, 0.006, 0.008)]
                int[] faceVertexCounts = [4, 4, 4, 4, 4, 4, 4, 4, 4, 4, 4, 4, 4, 4, 4, 4, 4, 4, 4, 4, 4, 4, 4, 4, 4, 4, 4, 4, 3, 3, 3, 3, 3, 3, 3, 3, 3, 3, 3, 3, 3, 3, 3, 3, 3, 3, 3, 3, 3, 3, 3, 3, 3, 3, 3, 3, 3, 3, 3, 3, 3, 3, 3, 3, 3, 3, 3, 3, 3, 3, 3, 3, 3, 3, 3, 3, 3, 3, 3, 3, 3, 3, 3, 3]
                int[] faceVertexIndices = [0, 1, 29, 28, 1, 2, 30, 29, 2, 3, 31, 30, 3, 4, 32, 31, 4, 5, 33, 32, 5, 6, 34, 33, 6, 7, 35, 34, 7, 8, 36, 35, 8, 9, 37, 36, 9, 10, 38, 37, 10, 11, 39, 38, 11, 12, 40, 39, 12, 13, 41, 40, 13, 14, 42, 41, 14, 15, 43, 42, 15, 16, 44, 43, 16, 17, 45, 44, 17, 18, 46, 45, 18, 19, 47, 46, 19, 20, 48, 47, 20, 21, 49, 48, 21, 22, 50, 49, 22, 23, 51, 50, 23, 24, 52, 51, 24, 25, 53, 52, 25, 26, 54, 53, 26, 27, 55, 54, 27, 0, 28, 55, 56, 1, 0, 57, 28, 29, 56, 2, 1, 57, 29, 30, 56, 3, 2, 57, 30, 31, 56, 4, 3, 57, 31, 32, 56, 5, 4, 57, 32, 33, 56, 6, 5, 57, 33, 34, 56, 7, 6, 57, 34, 35, 56, 8, 7, 57, 35, 36, 56, 9, 8, 57, 36, 37, 56, 10, 9, 57, 37, 38, 56, 11, 10, 57, 38, 39, 56, 12, 11, 57, 39, 40, 56, 13, 12, 57, 40, 41, 56, 14, 13, 57, 41, 42, 56, 15, 14, 57, 42, 43, 56, 16, 15, 57, 43, 44, 56, 17, 16, 57, 44, 45, 56, 18, 17, 57, 45, 46, 56, 19, 18, 57, 46, 47, 56, 20, 19, 57, 47, 48, 56, 21, 20, 57, 48, 49, 56, 22, 21, 57, 49, 50, 56, 23, 22, 57, 50, 51, 56, 24, 23, 57, 51, 52, 56, 25, 24, 57, 52, 53, 56, 26, 25, 57, 53, 54, 56, 27, 26, 57, 54, 55, 56, 0, 27, 57, 55, 28]
                rel material:binding = </World/Looks/Wheel>
                normal3f[] normals = [(0, 0, 1), (0.22252093, 0, 0.9749279), (0.22252093, 0, 0.9749279), (0, 0, 1), (0.22252093, 0, 0.9749279), (0.43388373, 0, 0.90096885), (0.43388373, 0, 0.90096885), (0.22252093, 0, 0.9749279), (0.43388373, 0, 0.90096885), (0.6234898, 0, 0.7818315), (0.6234898, 0, 0.7818315), (0.43388373, 0, 0.90096885), (0.6234898, 0, 0.7818315), (0.7818315, 0, 0.6234898), (0.7818315, 0, 0.6234898), (0.6234898, 0, 0.7818315), (0.7818315, 0, 0.6234898), (0.90096885, 0, 0.43388373), (0.90096885, 0, 0.43388373), (0.7818315, 0, 0.6234898), (0.90096885, 0, 0.43388373), (0.9749279, 0, 0.22252093), (0.9749279, 0, 0.22252093), (0.90096885, 0, 0.43388373), (0.9749279, 0, 0.22252093), (1, 0, 6.123234e-17), (1, 0, 6.123234e-17), (0.9749279, 0, 0.22252093), (1, 0, 6.123234e-17), (0.9749279, 0, -0.22252093), (0.9749279, 0, -0.22252093), (1, 0, 6.123234e-17), (0.9749279, 0, -0.22252093), (0.90096885, 0, -0.43388373), (0.90096885, 0, -0.43388373), (0.9749279, 0, -0.22252093), (0.90096885, 0, -0.43388373), (0.7818315, 0, -0.6234898), (0.7818315, 0, -0.6234898), (0.90096885, 0, -0.43388373), (0.7818315, 0, -0.6234898), (0.6234898, 0, -0.7818315), (0.6234898, 0, -0.7818315), (0.7818315, 0, -0.6234898), (0.6234898, 0, -0.7818315), (0.43388373, 0, -0.90096885), (0.43388373, 0, -0.90096885), (0.6234898, 0, -0.7818315), (0.43388373, 0, -0.90096885), (0.22252093, 0, -0.9749279), (0.22252093, 0, -0.9749279), (0.43388373, 0, -0.90096885), (0.22252093, 0, -0.9749279), (1.2246469e-16, 0, -1), (1.2246469e-16, 0, -1), (0.22252093, 0, -0.9749279), (1.2246469e-16, 0, -1), (-0.22252093, 0, -0.9749279), (-0.22252093, 0, -0.9749279), (1.2246469e-16, 0, -1), (-0.22252093, 0, -0.9749279), (-0.43388373, 0, -0.90096885), (-0.43388373, 0, -0.90096885), (-0.22252093, 0, -0.9749279), (-0.43388373, 0, -0.90096885), (-0.6234898, 0, -0.7818315), (-0.6234898, 0, -0.7818315), (-0.43388373, 0, -0.90096885), (-0.6234898, 0, -0.7818315), (-0.7818315, 0, -0.6234898), (-0.7818315, 0, -0.6234898), (-0.6234898, 0, -0.7818315), (-0.7818315, 0, -0.6234898), (-0.90096885, 0, -0.43388373), (-0.90096885, 0, -0.43388373), (-0.7818315, 0, -0.6234898), (-0.90096885, 0, -0.43388373), (-0.9749279, 0, -0.22252093), (-0.9749279, 0, -0.22252093), (-0.90096885, 0, -0.43388373), (-0.9749279, 0, -0.22252093), (-1, 0, -1.8369701e-16), (-1, 0, -1.8369701e-16), (-0.9749279, 0, -0.22252093), (-1, 0, -1.8369701e-16), (-0.9749279, 0, 0.22252093), (-0.9749279, 0, 0.22252093), (-1, 0, -1.8369701e-16), (-0.9749279, 0, 0.22252093), (-0.90096885, 0, 0.43388373), (-0.90096885, 0, 0.43388373), (-0.9749279, 0, 0.22252093), (-0.90096885, 0, 0.43388373), (-0.7818315, 0, 0.6234898), (-0.7818315, 0, 0.6234898), (-0.90096885, 0, 0.43388373), (-0.7818315, 0, 0.6234898), (-0.6234898, 0, 0.7818315), (-0.6234898, 0, 0.7818315), (-0.7818315, 0, 0.6234898), (-0.6234898, 0, 0.7818315), (-0.43388373, 0, 0.90096885), (-0.43388373, 0, 0.90096885), (-0.6234898, 0, 0.7818315), (-0.43388373, 0, 0.90096885), (-0.22252093, 0, 0.9749279), (-0.22252093, 0, 0.9749279), (-0.43388373, 0, 0.90096885), (-0.22252093, 0, 0.9749279), (0, 0, 1), (0, 0, 1), (-0.22252093, 0, 0.9749279), (0, -1, 0), (0, -1, 0), (0, -1, 0), (0, 1, 0), (0, 1, 0), (0, 1, 0), (0, -1, 0), (0, -1, 0), (0, -1, 0), (0, 1, 0), (0, 1, 0), (0, 1, 0), (0, -1, 0), (0, -1, 0), (0, -1, 0), (0, 1, 0), (0, 1, 0), (0, 1, 0), (0, -1, 0), (0, -1, 0), (0, -1, 0), (0, 1, 0), (0, 1, 0), (0, 1, 0), (0, -1, 0), (0, -1, 0), (0, -1, 0), (0, 1, 0), (0, 1, 0), (0, 1, 0), (0, -1, 0), (0, -1, 0), (0, -1, 0), (0, 1, 0), (0, 1, 0), (0, 1, 0), (0, -1, 0), (0, -1, 0), (0, -1, 0), (0, 1, 0), (0, 1, 0), (0, 1, 0), (0, -1, 0), (0, -1, 0), (0, -1, 0), (0, 1, 0), (0, 1, 0), (0, 1, 0), (0, -1, 0), (0, -1, 0), (0, -1, 0), (0, 1, 0), (0, 1, 0), (0, 1, 0), (0, -1, 0), (0, -1, 0), (0, -1, 0), (0, 1, 0), (0, 1, 0), (0, 1, 0), (0, -1, 0), (0, -1, 0), (0, -1, 0), (0, 1, 0), (0, 1, 0), (0, 1, 0), (0, -1, 0), (0, -1, 0), (0, -1, 0), (0, 1, 0), (0, 1, 0), (0, 1, 0), (0, -1, 0), (0, -1, 0), (0, -1, 0), (0, 1, 0), (0, 1, 0), (0, 1, 0), (0, -1, 0), (0, -1, 0), (0, -1, 0), (0, 1, 0), (0, 1, 0), (0, 1, 0), (0, -1, 0), (0, -1, 0), (0, -1, 0), (0, 1, 0), (0, 1, 0), (0, 1, 0), (0, -1, 0), (0, -1, 0), (0, -1, 0), (0, 1, 0), (0, 1, 0), (0, 1, 0), (0, -1, 0), (0, -1, 0), (0, -1, 0), (0, 1, 0), (0, 1, 0), (0, 1, 0), (0, -1, 0), (0, -1, 0), (0, -1, 0), (0, 1, 0), (0, 1, 0), (0, 1, 0), (0, -1, 0), (0, -1, 0), (0, -1, 0), (0, 1, 0), (0, 1, 0), (0, 1, 0), (0, -1, 0), (0, -1, 0), (0, -1, 0), (0, 1, 0), (0, 1, 0), (0, 1, 0), (0, -1, 0), (0, -1, 0), (0, -1, 0), (0, 1, 0), (0, 1, 0), (0, 1, 0), (0, -1, 0), (0, -1, 0), (0, -1, 0), (0, 1, 0), (0, 1, 0), (0, 1, 0), (0, -1, 0), (0, -1, 0), (0, -1, 0), (0, 1, 0), (0, 1, 0), (0, 1, 0), (0, -1, 0), (0, -1, 0), (0, -1, 0), (0, 1, 0), (0, 1, 0), (0, 1, 0), (0, -1, 0), (0, -1, 0), (0, -1, 0), (0, 1, 0), (0, 1, 0), (0, 1, 0), (0, -1, 0), (0, -1, 0), (0, -1, 0), (0, 1, 0), (0, 1, 0), (0, 1, 0), (0, -1, 0), (0, -1, 0), (0, -1, 0), (0, 1, 0), (0, 1, 0), (0, 1, 0), (0, -1, 0), (0, -1, 0), (0, -1, 0), (0, 1, 0), (0, 1, 0), (0, 1, 0)] (
                    interpolation = "faceVarying"
                )
                point3f[] points = [(0, -0.006, 0.008), (0.0017801675, -0.006, 0.0077994233), (0.00347107, -0.006, 0.007207751), (0.0049879183, -0.006, 0.006254652), (0.006254652, -0.006, 0.0049879183), (0.007207751, -0.006, 0.00347107), (0.0077994233, -0.006, 0.0017801675), (0.008, -0.006, 4.8985874e-19), (0.0077994233, -0.006, -0.0017801675), (0.007207751, -0.006, -0.00347107), (0.006254652, -0.006, -0.0049879183), (0.0049879183, -0.006, -0.006254652), (0.00347107, -0.006, -0.007207751), (0.0017801675, -0.006, -0.0077994233), (9.797175e-19, -0.006, -0.008), (-0.0017801675, -0.006, -0.0077994233), (-0.00347107, -0.006, -0.007207751), (-0.0049879183, -0.006, -0.006254652), (-0.006254652, -0.006, -0.0049879183), (-0.007207751, -0.006, -0.00347107), (-0.0077994233, -0.006, -0.0017801675), (-0.008, -0.006, -1.4695761e-18), (-0.0077994233, -0.006, 0.0017801675), (-0.007207751, -0.006, 0.00347107), (-0.006254652, -0.006, 0.0049879183), (-0.0049879183, -0.006, 0.006254652), (-0.00347107, -0.006, 0.007207751), (-0.0017801675, -0.006, 0.0077994233), (0, 0.006, 0.008), (0.0017801675, 0.006, 0.0077994233), (0.00347107, 0.006, 0.007207751), (0.0049879183, 0.006, 0.006254652), (0.006254652, 0.006, 0.0049879183), (0.007207751, 0.006, 0.00347107), (0.0077994233, 0.006, 0.0017801675), (0.008, 0.006, 4.8985874e-19), (0.0077994233, 0.006, -0.0017801675), (0.007207751, 0.006, -0.00347107), (0.006254652, 0.006, -0.0049879183), (0.0049879183, 0.006, -0.006254652), (0.00347107, 0.006, -0.007207751), (0.0017801675, 0.006, -0.0077994233), (9.797175e-19, 0.006, -0.008), (-0.0017801675, 0.006, -0.0077994233), (-0.00347107, 0.006, -0.007207751), (-0.0049879183, 0.006, -0.006254652), (-0.006254652, 0.006, -0.0049879183), (-0.007207751, 0.006, -0.00347107), (-0.0077994233, 0.006, -0.0017801675), (-0.008, 0.006, -1.4695761e-18), (-0.0077994233, 0.006, 0.0017801675), (-0.007207751, 0.006, 0.00347107), (-0.006254652, 0.006, 0.0049879183), (-0.0049879183, 0.006, 0.006254652), (-0.00347107, 0.006, 0.007207751), (-0.0017801675, 0.006, 0.0077994233), (0, -0.006, 0), (0, 0.006, 0)]
                uniform token subdivisionScheme = "none"
            }
        }

        def Xform "SphF" (
            prepend apiSchemas = ["PhysicsRigidBodyAPI", "PhysicsMassAPI"]
        )
        {
            point3f physics:centerOfMass = (0, 0, 0)
            float3 physics:diagonalInertia = (0.0000242, 0.000016133334, 0.000016133334)
            float physics:mass = 0.1
            quatf physics:principalAxes = (1, 0, 0, 0)
            matrix4d xformOp:transform = ( (1, 0, 0, 0), (0, 1, 0, 0), (0, 0, 1, 0), (0.048, 0, 0, 1) )
            uniform token[] xformOpOrder = ["xformOp:transform"]

            def Cube "Collider" (
                apiSchemas = ["PhysicsCollisionAPI", "PhysxCollisionAPI"]
            )
            {
                float3[] extent = [(-0.5, -0.5, -0.5), (0.5, 0.5, 0.5)]
                custom float physxCollision:contactOffset = 0.003
                custom float physxCollision:restOffset = 0
                double size = 1
                token visibility = "invisible"
                matrix4d xformOp:transform = ( (0.022, 0, 0, 0), (0, 0.024, 0, 0), (0, 0, 0.044, 0), (0, 0, 0, 1) )
                uniform token[] xformOpOrder = ["xformOp:transform"]
            }

            def Mesh "Visual" (
                prepend apiSchemas = ["MaterialBindingAPI"]
            )
            {
                float3[] extent = [(-0.011, -0.012, -0.022), (0.011, 0.012, 0.022)]
                int[] faceVertexCounts = [4, 4, 4, 4, 4, 4, 4, 4, 4, 4, 4, 4, 4, 4, 4, 4, 4, 4, 4, 4, 4, 4, 4, 4, 4, 4, 4, 4, 4, 4, 4, 4, 4, 4, 4, 4, 4, 4, 4, 4, 3, 3, 3, 3, 3, 3, 3, 3, 3, 3, 3, 3, 3, 3, 3, 3, 3, 3, 3, 3, 3, 3, 3, 3, 3, 3, 3, 3, 3, 3, 3, 3, 3, 3, 3, 3, 3, 3, 3, 3, 3, 3, 3, 3, 3, 3, 3, 3, 3, 3, 3, 3, 3, 3, 3, 3, 3, 3, 3, 3, 3, 3, 3, 3, 3, 3, 3, 3, 3, 3, 3, 3, 3, 3, 3, 3, 3, 3, 3, 3]
                int[] faceVertexIndices = [0, 1, 41, 40, 1, 2, 42, 41, 2, 3, 43, 42, 3, 4, 44, 43, 4, 5, 45, 44, 5, 6, 46, 45, 6, 7, 47, 46, 7, 8, 48, 47, 8, 9, 49, 48, 9, 10, 50, 49, 10, 11, 51, 50, 11, 12, 52, 51, 12, 13, 53, 52, 13, 14, 54, 53, 14, 15, 55, 54, 15, 16, 56, 55, 16, 17, 57, 56, 17, 18, 58, 57, 18, 19, 59, 58, 19, 20, 60, 59, 20, 21, 61, 60, 21, 22, 62, 61, 22, 23, 63, 62, 23, 24, 64, 63, 24, 25, 65, 64, 25, 26, 66, 65, 26, 27, 67, 66, 27, 28, 68, 67, 28, 29, 69, 68, 29, 30, 70, 69, 30, 31, 71, 70, 31, 32, 72, 71, 32, 33, 73, 72, 33, 34, 74, 73, 34, 35, 75, 74, 35, 36, 76, 75, 36, 37, 77, 76, 37, 38, 78, 77, 38, 39, 79, 78, 39, 0, 40, 79, 80, 1, 0, 81, 40, 41, 80, 2, 1, 81, 41, 42, 80, 3, 2, 81, 42, 43, 80, 4, 3, 81, 43, 44, 80, 5, 4, 81, 44, 45, 80, 6, 5, 81, 45, 46, 80, 7, 6, 81, 46, 47, 80, 8, 7, 81, 47, 48, 80, 9, 8, 81, 48, 49, 80, 10, 9, 81, 49, 50, 80, 11, 10, 81, 50, 51, 80, 12, 11, 81, 51, 52, 80, 13, 12, 81, 52, 53, 80, 14, 13, 81, 53, 54, 80, 15, 14, 81, 54, 55, 80, 16, 15, 81, 55, 56, 80, 17, 16, 81, 56, 57, 80, 18, 17, 81, 57, 58, 80, 19, 18, 81, 58, 59, 80, 20, 19, 81, 59, 60, 80, 21, 20, 81, 60, 61, 80, 22, 21, 81, 61, 62, 80, 23, 22, 81, 62, 63, 80, 24, 23, 81, 63, 64, 80, 25, 24, 81, 64, 65, 80, 26, 25, 81, 65, 66, 80, 27, 26, 81, 66, 67, 80, 28, 27, 81, 67, 68, 80, 29, 28, 81, 68, 69, 80, 30, 29, 81, 69, 70, 80, 31, 30, 81, 70, 71, 80, 32, 31, 81, 71, 72, 80, 33, 32, 81, 72, 73, 80, 34, 33, 81, 73, 74, 80, 35, 34, 81, 74, 75, 80, 36, 35, 81, 75, 76, 80, 37, 36, 81, 76, 77, 80, 38, 37, 81, 77, 78, 80, 39, 38, 81, 78, 79, 80, 0, 39, 81, 79, 40]
                rel material:binding = </World/Looks/Drum>
                normal3f[] normals = [(0, 1, 0), (0, 1, 0), (0, 1, 0), (0, 1, 0), (0, 1, 0), (0, 1, 0), (0, 1, 0), (0, 1, 0), (0, 1, 0), (0, 1, 0), (0, 1, 0), (0, 1, 0), (0, 1, 0), (0, 1, 0), (0, 1, 0), (0, 1, 0), (0, 1, 0), (0, 1, 0), (0, 1, 0), (0, 1, 0), (0, 1, 0), (0, 1, 0), (0, 1, 0), (0, 1, 0), (0, 1, 0), (0, 0.4539905, 0.8910065), (0, 0.4539905, 0.8910065), (0, 1, 0), (0, 0.4539905, 0.8910065), (0, 0.309017, 0.95105654), (0, 0.309017, 0.95105654), (0, 0.4539905, 0.8910065), (0, 0.309017, 0.95105654), (0, 0.15643446, 0.98768836), (0, 0.15643446, 0.98768836), (0, 0.309017, 0.95105654), (0, 0.15643446, 0.98768836), (0, 6.123234e-17, 1), (0, 6.123234e-17, 1), (0, 0.15643446, 0.98768836), (0, 6.123234e-17, 1), (0, -0.15643446, 0.98768836), (0, -0.15643446, 0.98768836), (0, 6.123234e-17, 1), (0, -0.15643446, 0.98768836), (0, -0.309017, 0.95105654), (0, -0.309017, 0.95105654), (0, -0.15643446, 0.98768836), (0, -0.309017, 0.95105654), (0, -0.4539905, 0.8910065), (0, -0.4539905, 0.8910065), (0, -0.309017, 0.95105654), (0, -0.4539905, 0.8910065), (0, -1, 0), (0, -1, 0), (0, -0.4539905, 0.8910065), (0, -1, 0), (0, -1, 0), (0, -1, 0), (0, -1, 0), (0, -1, 0), (0, -1, 0), (0, -1, 0), (0, -1, 0), (0, -1, 0), (0, -1, 0), (0, -1, 0), (0, -1, 0), (0, -1, 0), (0, -1, 0), (0, -1, 0), (0, -1, 0), (0, -1, 0), (0, -1, 0), (0, -1, 0), (0, -1, 0), (0, -1, 0), (0, -1, 0), (0, -1, 0), (0, -1, 0), (0, -1, 0), (0, -1, 0), (0, -1, 0), (0, -1, 0), (0, -1, 0), (0, -1, 0), (0, -1, 0), (0, -1, 0), (0, -1, 0), (0, -1, 0), (0, -1, 0), (0, -1, 0), (0, -1, 0), (0, -1, 0), (0, -1, 0), (0, -1, 0), (0, -1, 0), (0, -1, 0), (0, -1, 0), (0, -1, 0), (0, -1, 0), (0, -1, 0), (0, -1, 0), (0, -1, 0), (0, -1, 0), (0, -0.4539905, -0.8910065), (0, -0.4539905, -0.8910065), (0, -1, 0), (0, -0.4539905, -0.8910065), (0, -0.309017, -0.95105654), (0, -0.309017, -0.95105654), (0, -0.4539905, -0.8910065), (0, -0.309017, -0.95105654), (0, -0.15643446, -0.98768836), (0, -0.15643446, -0.98768836), (0, -0.309017, -0.95105654), (0, -0.15643446, -0.98768836), (0, -1.8369701e-16, -1), (0, -1.8369701e-16, -1), (0, -0.15643446, -0.98768836), (0, -1.8369701e-16, -1), (0, 0.15643446, -0.98768836), (0, 0.15643446, -0.98768836), (0, -1.8369701e-16, -1), (0, 0.15643446, -0.98768836), (0, 0.309017, -0.95105654), (0, 0.309017, -0.95105654), (0, 0.15643446, -0.98768836), (0, 0.309017, -0.95105654), (0, 0.4539905, -0.8910065), (0, 0.4539905, -0.8910065), (0, 0.309017, -0.95105654), (0, 0.4539905, -0.8910065), (0, 1, 0), (0, 1, 0), (0, 0.4539905, -0.8910065), (0, 1, 0), (0, 1, 0), (0, 1, 0), (0, 1, 0), (0, 1, 0), (0, 1, 0), (0, 1, 0), (0, 1, 0), (0, 1, 0), (0, 1, 0), (0, 1, 0), (0, 1, 0), (0, 1, 0), (0, 1, 0), (0, 1, 0), (0, 1, 0), (0, 1, 0), (0, 1, 0), (0, 1, 0), (0, 1, 0), (0, 1, 0), (0, 1, 0), (0, 1, 0), (0, 1, 0), (-1, 0, 0), (-1, 0, 0), (-1, 0, 0), (1, 0, 0), (1, 0, 0), (1, 0, 0), (-1, 0, 0), (-1, 0, 0), (-1, 0, 0), (1, 0, 0), (1, 0, 0), (1, 0, 0), (-1, 0, 0), (-1, 0, 0), (-1, 0, 0), (1, 0, 0), (1, 0, 0), (1, 0, 0), (-1, 0, 0), (-1, 0, 0), (-1, 0, 0), (1, 0, 0), (1, 0, 0), (1, 0, 0), (-1, 0, 0), (-1, 0, 0), (-1, 0, 0), (1, 0, 0), (1, 0, 0), (1, 0, 0), (-1, 0, 0), (-1, 0, 0), (-1, 0, 0), (1, 0, 0), (1, 0, 0), (1, 0, 0), (-1, 0, 0), (-1, 0, 0), (-1, 0, 0), (1, 0, 0), (1, 0, 0), (1, 0, 0), (-1, 0, 0), (-1, 0, 0), (-1, 0, 0), (1, 0, 0), (1, 0, 0), (1, 0, 0), (-1, 0, 0), (-1, 0, 0), (-1, 0, 0), (1, 0, 0), (1, 0, 0), (1, 0, 0), (-1, 0, 0), (-1, 0, 0), (-1, 0, 0), (1, 0, 0), (1, 0, 0), (1, 0, 0), (-1, 0, 0), (-1, 0, 0), (-1, 0, 0), (1, 0, 0), (1, 0, 0), (1, 0, 0), (-1, 0, 0), (-1, 0, 0), (-1, 0, 0), (1, 0, 0), (1, 0, 0), (1, 0, 0), (-1, 0, 0), (-1, 0, 0), (-1, 0, 0), (1, 0, 0), (1, 0, 0), (1, 0, 0), (-1, 0, 0), (-1, 0, 0), (-1, 0, 0), (1, 0, 0), (1, 0, 0), (1, 0, 0), (-1, 0, 0), (-1, 0, 0), (-1, 0, 0), (1, 0, 0), (1, 0, 0), (1, 0, 0), (-1, 0, 0), (-1, 0, 0), (-1, 0, 0), (1, 0, 0), (1, 0, 0), (1, 0, 0), (-1, 0, 0), (-1, 0, 0), (-1, 0, 0), (1, 0, 0), (1, 0, 0), (1, 0, 0), (-1, 0, 0), (-1, 0, 0), (-1, 0, 0), (1, 0, 0), (1, 0, 0), (1, 0, 0), (-1, 0, 0), (-1, 0, 0), (-1, 0, 0), (1, 0, 0), (1, 0, 0), (1, 0, 0), (-1, 0, 0), (-1, 0, 0), (-1, 0, 0), (1, 0, 0), (1, 0, 0), (1, 0, 0), (-1, 0, 0), (-1, 0, 0), (-1, 0, 0), (1, 0, 0), (1, 0, 0), (1, 0, 0), (-1, 0, 0), (-1, 0, 0), (-1, 0, 0), (1, 0, 0), (1, 0, 0), (1, 0, 0), (-1, 0, 0), (-1, 0, 0), (-1, 0, 0), (1, 0, 0), (1, 0, 0), (1, 0, 0), (-1, 0, 0), (-1, 0, 0), (-1, 0, 0), (1, 0, 0), (1, 0, 0), (1, 0, 0), (-1, 0, 0), (-1, 0, 0), (-1, 0, 0), (1, 0, 0), (1, 0, 0), (1, 0, 0), (-1, 0, 0), (-1, 0, 0), (-1, 0, 0), (1, 0, 0), (1, 0, 0), (1, 0, 0), (-1, 0, 0), (-1, 0, 0), (-1, 0, 0), (1, 0, 0), (1, 0, 0), (1, 0, 0), (-1, 0, 0), (-1, 0, 0), (-1, 0, 0), (1, 0, 0), (1, 0, 0), (1, 0, 0), (-1, 0, 0), (-1, 0, 0), (-1, 0, 0), (1, 0, 0), (1, 0, 0), (1, 0, 0), (-1, 0, 0), (-1, 0, 0), (-1, 0, 0), (1, 0, 0), (1, 0, 0), (1, 0, 0), (-1, 0, 0), (-1, 0, 0), (-1, 0, 0), (1, 0, 0), (1, 0, 0), (1, 0, 0), (-1, 0, 0), (-1, 0, 0), (-1, 0, 0), (1, 0, 0), (1, 0, 0), (1, 0, 0), (-1, 0, 0), (-1, 0, 0), (-1, 0, 0), (1, 0, 0), (1, 0, 0), (1, 0, 0), (-1, 0, 0), (-1, 0, 0), (-1, 0, 0), (1, 0, 0), (1, 0, 0), (1, 0, 0), (-1, 0, 0), (-1, 0, 0), (-1, 0, 0), (1, 0, 0), (1, 0, 0), (1, 0, 0), (-1, 0, 0), (-1, 0, 0), (-1, 0, 0), (1, 0, 0), (1, 0, 0), (1, 0, 0), (-1, 0, 0), (-1, 0, 0), (-1, 0, 0), (1, 0, 0), (1, 0, 0), (1, 0, 0), (-1, 0, 0), (-1, 0, 0), (-1, 0, 0), (1, 0, 0), (1, 0, 0), (1, 0, 0), (-1, 0, 0), (-1, 0, 0), (-1, 0, 0), (1, 0, 0), (1, 0, 0), (1, 0, 0), (-1, 0, 0), (-1, 0, 0), (-1, 0, 0), (1, 0, 0), (1, 0, 0), (1, 0, 0)] (
                    interpolation = "faceVarying"
                )
                point3f[] points = [(-0.011, 0.012, 0), (-0.011, 0.012, 0.0019006133), (-0.011, 0.012, 0.0038990364), (-0.011, 0.012, 0.0061143055), (-0.011, 0.012, 0.00871851), (-0.011, 0.012, 0.012), (-0.011, 0.012, 0.016516583), (-0.011, 0.009987791, 0.019602144), (-0.011, 0.006798374, 0.020923244), (-0.011, 0.0034415582, 0.021729143), (-0.011, 1.3471115e-18, 0.022), (-0.011, -0.0034415582, 0.021729143), (-0.011, -0.006798374, 0.020923244), (-0.011, -0.009987791, 0.019602144), (-0.011, -0.012, 0.016516583), (-0.011, -0.012, 0.012), (-0.011, -0.012, 0.00871851), (-0.011, -0.012, 0.0061143055), (-0.011, -0.012, 0.0038990364), (-0.011, -0.012, 0.0019006133), (-0.011, -0.012, 1.4695761e-18), (-0.011, -0.012, -0.0019006133), (-0.011, -0.012, -0.0038990364), (-0.011, -0.012, -0.0061143055), (-0.011, -0.012, -0.00871851), (-0.011, -0.012, -0.012), (-0.011, -0.012, -0.016516583), (-0.011, -0.009987791, -0.019602144), (-0.011, -0.006798374, -0.020923244), (-0.011, -0.0034415582, -0.021729143), (-0.011, -4.0413344e-18, -0.022), (-0.011, 0.0034415582, -0.021729143), (-0.011, 0.006798374, -0.020923244), (-0.011, 0.009987791, -0.019602144), (-0.011, 0.012, -0.016516583), (-0.011, 0.012, -0.012), (-0.011, 0.012, -0.00871851), (-0.011, 0.012, -0.0061143055), (-0.011, 0.012, -0.0038990364), (-0.011, 0.012, -0.0019006133), (0.011, 0.012, 0), (0.011, 0.012, 0.0019006133), (0.011, 0.012, 0.0038990364), (0.011, 0.012, 0.0061143055), (0.011, 0.012, 0.00871851), (0.011, 0.012, 0.012), (0.011, 0.012, 0.016516583), (0.011, 0.009987791, 0.019602144), (0.011, 0.006798374, 0.020923244), (0.011, 0.0034415582, 0.021729143), (0.011, 1.3471115e-18, 0.022), (0.011, -0.0034415582, 0.021729143), (0.011, -0.006798374, 0.020923244), (0.011, -0.009987791, 0.019602144), (0.011, -0.012, 0.016516583), (0.011, -0.012, 0.012), (0.011, -0.012, 0.00871851), (0.011, -0.012, 0.0061143055), (0.011, -0.012, 0.0038990364), (0.011, -0.012, 0.0019006133), (0.011, -0.012, 1.4695761e-18), (0.011, -0.012, -0.0019006133), (0.011, -0.012, -0.0038990364), (0.011, -0.012, -0.0061143055), (0.011, -0.012, -0.00871851), (0.011, -0.012, -0.012), (0.011, -0.012, -0.016516583), (0.011, -0.009987791, -0.019602144), (0.011, -0.006798374, -0.020923244), (0.011, -0.0034415582, -0.021729143), (0.011, -4.0413344e-18, -0.022), (0.011, 0.0034415582, -0.021729143), (0.011, 0.006798374, -0.020923244), (0.011, 0.009987791, -0.019602144), (0.011, 0.012, -0.016516583), (0.011, 0.012, -0.012), (0.011, 0.012, -0.00871851), (0.011, 0.012, -0.0061143055), (0.011, 0.012, -0.0038990364), (0.011, 0.012, -0.0019006133), (-0.011, 0, 0), (0.011, 0, 0)]
                uniform token subdivisionScheme = "none"
            }

            def Mesh "Trunnion" (
                prepend apiSchemas = ["MaterialBindingAPI"]
            )
            {
                float3[] extent = [(-0.005, -0.0235, -0.005), (0.005, 0.0235, 0.005)]
                int[] faceVertexCounts = [4, 4, 4, 4, 4, 4, 4, 4, 4, 4, 4, 4, 4, 4, 4, 4, 3, 3, 3, 3, 3, 3, 3, 3, 3, 3, 3, 3, 3, 3, 3, 3, 3, 3, 3, 3, 3, 3, 3, 3, 3, 3, 3, 3, 3, 3, 3, 3]
                int[] faceVertexIndices = [0, 1, 17, 16, 1, 2, 18, 17, 2, 3, 19, 18, 3, 4, 20, 19, 4, 5, 21, 20, 5, 6, 22, 21, 6, 7, 23, 22, 7, 8, 24, 23, 8, 9, 25, 24, 9, 10, 26, 25, 10, 11, 27, 26, 11, 12, 28, 27, 12, 13, 29, 28, 13, 14, 30, 29, 14, 15, 31, 30, 15, 0, 16, 31, 32, 1, 0, 33, 16, 17, 32, 2, 1, 33, 17, 18, 32, 3, 2, 33, 18, 19, 32, 4, 3, 33, 19, 20, 32, 5, 4, 33, 20, 21, 32, 6, 5, 33, 21, 22, 32, 7, 6, 33, 22, 23, 32, 8, 7, 33, 23, 24, 32, 9, 8, 33, 24, 25, 32, 10, 9, 33, 25, 26, 32, 11, 10, 33, 26, 27, 32, 12, 11, 33, 27, 28, 32, 13, 12, 33, 28, 29, 32, 14, 13, 33, 29, 30, 32, 15, 14, 33, 30, 31, 32, 0, 15, 33, 31, 16]
                rel material:binding = </World/Looks/Pin>
                normal3f[] normals = [(0, 0, 1), (0.38268343, 0, 0.9238795), (0.38268343, 0, 0.9238795), (0, 0, 1), (0.38268343, 0, 0.9238795), (0.70710677, 0, 0.70710677), (0.70710677, 0, 0.70710677), (0.38268343, 0, 0.9238795), (0.70710677, 0, 0.70710677), (0.9238795, 0, 0.38268343), (0.9238795, 0, 0.38268343), (0.70710677, 0, 0.70710677), (0.9238795, 0, 0.38268343), (1, 0, 6.123234e-17), (1, 0, 6.123234e-17), (0.9238795, 0, 0.38268343), (1, 0, 6.123234e-17), (0.9238795, 0, -0.38268343), (0.9238795, 0, -0.38268343), (1, 0, 6.123234e-17), (0.9238795, 0, -0.38268343), (0.70710677, 0, -0.70710677), (0.70710677, 0, -0.70710677), (0.9238795, 0, -0.38268343), (0.70710677, 0, -0.70710677), (0.38268343, 0, -0.9238795), (0.38268343, 0, -0.9238795), (0.70710677, 0, -0.70710677), (0.38268343, 0, -0.9238795), (1.2246469e-16, 0, -1), (1.2246469e-16, 0, -1), (0.38268343, 0, -0.9238795), (1.2246469e-16, 0, -1), (-0.38268343, 0, -0.9238795), (-0.38268343, 0, -0.9238795), (1.2246469e-16, 0, -1), (-0.38268343, 0, -0.9238795), (-0.70710677, 0, -0.70710677), (-0.70710677, 0, -0.70710677), (-0.38268343, 0, -0.9238795), (-0.70710677, 0, -0.70710677), (-0.9238795, 0, -0.38268343), (-0.9238795, 0, -0.38268343), (-0.70710677, 0, -0.70710677), (-0.9238795, 0, -0.38268343), (-1, 0, -1.8369701e-16), (-1, 0, -1.8369701e-16), (-0.9238795, 0, -0.38268343), (-1, 0, -1.8369701e-16), (-0.9238795, 0, 0.38268343), (-0.9238795, 0, 0.38268343), (-1, 0, -1.8369701e-16), (-0.9238795, 0, 0.38268343), (-0.70710677, 0, 0.70710677), (-0.70710677, 0, 0.70710677), (-0.9238795, 0, 0.38268343), (-0.70710677, 0, 0.70710677), (-0.38268343, 0, 0.9238795), (-0.38268343, 0, 0.9238795), (-0.70710677, 0, 0.70710677), (-0.38268343, 0, 0.9238795), (0, 0, 1), (0, 0, 1), (-0.38268343, 0, 0.9238795), (0, -1, 0), (0, -1, 0), (0, -1, 0), (0, 1, 0), (0, 1, 0), (0, 1, 0), (0, -1, 0), (0, -1, 0), (0, -1, 0), (0, 1, 0), (0, 1, 0), (0, 1, 0), (0, -1, 0), (0, -1, 0), (0, -1, 0), (0, 1, 0), (0, 1, 0), (0, 1, 0), (0, -1, 0), (0, -1, 0), (0, -1, 0), (0, 1, 0), (0, 1, 0), (0, 1, 0), (0, -1, 0), (0, -1, 0), (0, -1, 0), (0, 1, 0), (0, 1, 0), (0, 1, 0), (0, -1, 0), (0, -1, 0), (0, -1, 0), (0, 1, 0), (0, 1, 0), (0, 1, 0), (0, -1, 0), (0, -1, 0), (0, -1, 0), (0, 1, 0), (0, 1, 0), (0, 1, 0), (0, -1, 0), (0, -1, 0), (0, -1, 0), (0, 1, 0), (0, 1, 0), (0, 1, 0), (0, -1, 0), (0, -1, 0), (0, -1, 0), (0, 1, 0), (0, 1, 0), (0, 1, 0), (0, -1, 0), (0, -1, 0), (0, -1, 0), (0, 1, 0), (0, 1, 0), (0, 1, 0), (0, -1, 0), (0, -1, 0), (0, -1, 0), (0, 1, 0), (0, 1, 0), (0, 1, 0), (0, -1, 0), (0, -1, 0), (0, -1, 0), (0, 1, 0), (0, 1, 0), (0, 1, 0), (0, -1, 0), (0, -1, 0), (0, -1, 0), (0, 1, 0), (0, 1, 0), (0, 1, 0), (0, -1, 0), (0, -1, 0), (0, -1, 0), (0, 1, 0), (0, 1, 0), (0, 1, 0), (0, -1, 0), (0, -1, 0), (0, -1, 0), (0, 1, 0), (0, 1, 0), (0, 1, 0), (0, -1, 0), (0, -1, 0), (0, -1, 0), (0, 1, 0), (0, 1, 0), (0, 1, 0)] (
                    interpolation = "faceVarying"
                )
                point3f[] points = [(0, -0.0235, 0.005), (0.0019134171, -0.0235, 0.0046193977), (0.0035355338, -0.0235, 0.0035355338), (0.0046193977, -0.0235, 0.0019134171), (0.005, -0.0235, 3.061617e-19), (0.0046193977, -0.0235, -0.0019134171), (0.0035355338, -0.0235, -0.0035355338), (0.0019134171, -0.0235, -0.0046193977), (6.123234e-19, -0.0235, -0.005), (-0.0019134171, -0.0235, -0.0046193977), (-0.0035355338, -0.0235, -0.0035355338), (-0.0046193977, -0.0235, -0.0019134171), (-0.005, -0.0235, -9.184851e-19), (-0.0046193977, -0.0235, 0.0019134171), (-0.0035355338, -0.0235, 0.0035355338), (-0.0019134171, -0.0235, 0.0046193977), (0, 0.0235, 0.005), (0.0019134171, 0.0235, 0.0046193977), (0.0035355338, 0.0235, 0.0035355338), (0.0046193977, 0.0235, 0.0019134171), (0.005, 0.0235, 3.061617e-19), (0.0046193977, 0.0235, -0.0019134171), (0.0035355338, 0.0235, -0.0035355338), (0.0019134171, 0.0235, -0.0046193977), (6.123234e-19, 0.0235, -0.005), (-0.0019134171, 0.0235, -0.0046193977), (-0.0035355338, 0.0235, -0.0035355338), (-0.0046193977, 0.0235, -0.0019134171), (-0.005, 0.0235, -9.184851e-19), (-0.0046193977, 0.0235, 0.0019134171), (-0.0035355338, 0.0235, 0.0035355338), (-0.0019134171, 0.0235, 0.0046193977), (0, -0.0235, 0), (0, 0.0235, 0)]
                uniform token subdivisionScheme = "none"
            }
        }

        def Xform "DiscF" (
            prepend apiSchemas = ["PhysicsRigidBodyAPI", "PhysicsMassAPI"]
        )
        {
            point3f physics:centerOfMass = (0, 0, 0)
            float3 physics:diagonalInertia = (0.000046875, 0.0000266375, 0.0000266375)
            float physics:mass = 0.15
            quatf physics:principalAxes = (1, 0, 0, 0)
            matrix4d xformOp:transform = ( (1, 0, 0, 0), (0, 1, 0, 0), (0, 0, 1, 0), (0.114, 0, 0, 1) )
            uniform token[] xformOpOrder = ["xformOp:transform"]

            def Cylinder "CoreCollider" (
                apiSchemas = ["PhysicsCollisionAPI", "PhysxCollisionAPI"]
            )
            {
                uniform token axis = "X"
                float3[] extent = [(-0.008, -0.025, -0.025), (0.008, 0.025, 0.025)]
                double height = 0.016
                custom float physxCollision:contactOffset = 0.003
                custom float physxCollision:restOffset = 0
                double radius = 0.025
                token visibility = "invisible"
            }

            def Mesh "CoreVisual" (
                prepend apiSchemas = ["MaterialBindingAPI"]
            )
            {
                float3[] extent = [(-0.008, -0.025, -0.025), (0.008, 0.025, 0.025)]
                int[] faceVertexCounts = [4, 4, 4, 4, 4, 4, 4, 4, 4, 4, 4, 4, 4, 4, 4, 4, 4, 4, 4, 4, 4, 4, 4, 4, 4, 4, 4, 4, 4, 4, 4, 4, 4, 4, 4, 4, 4, 4, 4, 4, 4, 4, 4, 4, 4, 4, 4, 4, 3, 3, 3, 3, 3, 3, 3, 3, 3, 3, 3, 3, 3, 3, 3, 3, 3, 3, 3, 3, 3, 3, 3, 3, 3, 3, 3, 3, 3, 3, 3, 3, 3, 3, 3, 3, 3, 3, 3, 3, 3, 3, 3, 3, 3, 3, 3, 3, 3, 3, 3, 3, 3, 3, 3, 3, 3, 3, 3, 3, 3, 3, 3, 3, 3, 3, 3, 3, 3, 3, 3, 3, 3, 3, 3, 3, 3, 3, 3, 3, 3, 3, 3, 3, 3, 3, 3, 3, 3, 3, 3, 3, 3, 3, 3, 3]
                int[] faceVertexIndices = [0, 1, 49, 48, 1, 2, 50, 49, 2, 3, 51, 50, 3, 4, 52, 51, 4, 5, 53, 52, 5, 6, 54, 53, 6, 7, 55, 54, 7, 8, 56, 55, 8, 9, 57, 56, 9, 10, 58, 57, 10, 11, 59, 58, 11, 12, 60, 59, 12, 13, 61, 60, 13, 14, 62, 61, 14, 15, 63, 62, 15, 16, 64, 63, 16, 17, 65, 64, 17, 18, 66, 65, 18, 19, 67, 66, 19, 20, 68, 67, 20, 21, 69, 68, 21, 22, 70, 69, 22, 23, 71, 70, 23, 24, 72, 71, 24, 25, 73, 72, 25, 26, 74, 73, 26, 27, 75, 74, 27, 28, 76, 75, 28, 29, 77, 76, 29, 30, 78, 77, 30, 31, 79, 78, 31, 32, 80, 79, 32, 33, 81, 80, 33, 34, 82, 81, 34, 35, 83, 82, 35, 36, 84, 83, 36, 37, 85, 84, 37, 38, 86, 85, 38, 39, 87, 86, 39, 40, 88, 87, 40, 41, 89, 88, 41, 42, 90, 89, 42, 43, 91, 90, 43, 44, 92, 91, 44, 45, 93, 92, 45, 46, 94, 93, 46, 47, 95, 94, 47, 0, 48, 95, 96, 1, 0, 97, 48, 49, 96, 2, 1, 97, 49, 50, 96, 3, 2, 97, 50, 51, 96, 4, 3, 97, 51, 52, 96, 5, 4, 97, 52, 53, 96, 6, 5, 97, 53, 54, 96, 7, 6, 97, 54, 55, 96, 8, 7, 97, 55, 56, 96, 9, 8, 97, 56, 57, 96, 10, 9, 97, 57, 58, 96, 11, 10, 97, 58, 59, 96, 12, 11, 97, 59, 60, 96, 13, 12, 97, 60, 61, 96, 14, 13, 97, 61, 62, 96, 15, 14, 97, 62, 63, 96, 16, 15, 97, 63, 64, 96, 17, 16, 97, 64, 65, 96, 18, 17, 97, 65, 66, 96, 19, 18, 97, 66, 67, 96, 20, 19, 97, 67, 68, 96, 21, 20, 97, 68, 69, 96, 22, 21, 97, 69, 70, 96, 23, 22, 97, 70, 71, 96, 24, 23, 97, 71, 72, 96, 25, 24, 97, 72, 73, 96, 26, 25, 97, 73, 74, 96, 27, 26, 97, 74, 75, 96, 28, 27, 97, 75, 76, 96, 29, 28, 97, 76, 77, 96, 30, 29, 97, 77, 78, 96, 31, 30, 97, 78, 79, 96, 32, 31, 97, 79, 80, 96, 33, 32, 97, 80, 81, 96, 34, 33, 97, 81, 82, 96, 35, 34, 97, 82, 83, 96, 36, 35, 97, 83, 84, 96, 37, 36, 97, 84, 85, 96, 38, 37, 97, 85, 86, 96, 39, 38, 97, 86, 87, 96, 40, 39, 97, 87, 88, 96, 41, 40, 97, 88, 89, 96, 42, 41, 97, 89, 90, 96, 43, 42, 97, 90, 91, 96, 44, 43, 97, 91, 92, 96, 45, 44, 97, 92, 93, 96, 46, 45, 97, 93, 94, 96, 47, 46, 97, 94, 95, 96, 0, 47, 97, 95, 48]
                rel material:binding = </World/Looks/Disc>
                normal3f[] normals = [(0, 1, 0), (0, 0.9914449, 0.13052619), (0, 0.9914449, 0.13052619), (0, 1, 0), (0, 0.9914449, 0.13052619), (0, 0.9659258, 0.25881904), (0, 0.9659258, 0.25881904), (0, 0.9914449, 0.13052619), (0, 0.9659258, 0.25881904), (0, 0.9238795, 0.38268343), (0, 0.9238795, 0.38268343), (0, 0.9659258, 0.25881904), (0, 0.9238795, 0.38268343), (0, 0.8660254, 0.5), (0, 0.8660254, 0.5), (0, 0.9238795, 0.38268343), (0, 0.8660254, 0.5), (0, 0.7933533, 0.6087614), (0, 0.7933533, 0.6087614), (0, 0.8660254, 0.5), (0, 0.7933533, 0.6087614), (0, 0.70710677, 0.70710677), (0, 0.70710677, 0.70710677), (0, 0.7933533, 0.6087614), (0, 0.70710677, 0.70710677), (0, 0.6087614, 0.7933533), (0, 0.6087614, 0.7933533), (0, 0.70710677, 0.70710677), (0, 0.6087614, 0.7933533), (0, 0.5, 0.8660254), (0, 0.5, 0.8660254), (0, 0.6087614, 0.7933533), (0, 0.5, 0.8660254), (0, 0.38268343, 0.9238795), (0, 0.38268343, 0.9238795), (0, 0.5, 0.8660254), (0, 0.38268343, 0.9238795), (0, 0.25881904, 0.9659258), (0, 0.25881904, 0.9659258), (0, 0.38268343, 0.9238795), (0, 0.25881904, 0.9659258), (0, 0.13052619, 0.9914449), (0, 0.13052619, 0.9914449), (0, 0.25881904, 0.9659258), (0, 0.13052619, 0.9914449), (0, 6.123234e-17, 1), (0, 6.123234e-17, 1), (0, 0.13052619, 0.9914449), (0, 6.123234e-17, 1), (0, -0.13052619, 0.9914449), (0, -0.13052619, 0.9914449), (0, 6.123234e-17, 1), (0, -0.13052619, 0.9914449), (0, -0.25881904, 0.9659258), (0, -0.25881904, 0.9659258), (0, -0.13052619, 0.9914449), (0, -0.25881904, 0.9659258), (0, -0.38268343, 0.9238795), (0, -0.38268343, 0.9238795), (0, -0.25881904, 0.9659258), (0, -0.38268343, 0.9238795), (0, -0.5, 0.8660254), (0, -0.5, 0.8660254), (0, -0.38268343, 0.9238795), (0, -0.5, 0.8660254), (0, -0.6087614, 0.7933533), (0, -0.6087614, 0.7933533), (0, -0.5, 0.8660254), (0, -0.6087614, 0.7933533), (0, -0.70710677, 0.70710677), (0, -0.70710677, 0.70710677), (0, -0.6087614, 0.7933533), (0, -0.70710677, 0.70710677), (0, -0.7933533, 0.6087614), (0, -0.7933533, 0.6087614), (0, -0.70710677, 0.70710677), (0, -0.7933533, 0.6087614), (0, -0.8660254, 0.5), (0, -0.8660254, 0.5), (0, -0.7933533, 0.6087614), (0, -0.8660254, 0.5), (0, -0.9238795, 0.38268343), (0, -0.9238795, 0.38268343), (0, -0.8660254, 0.5), (0, -0.9238795, 0.38268343), (0, -0.9659258, 0.25881904), (0, -0.9659258, 0.25881904), (0, -0.9238795, 0.38268343), (0, -0.9659258, 0.25881904), (0, -0.9914449, 0.13052619), (0, -0.9914449, 0.13052619), (0, -0.9659258, 0.25881904), (0, -0.9914449, 0.13052619), (0, -1, 1.2246469e-16), (0, -1, 1.2246469e-16), (0, -0.9914449, 0.13052619), (0, -1, 1.2246469e-16), (0, -0.9914449, -0.13052619), (0, -0.9914449, -0.13052619), (0, -1, 1.2246469e-16), (0, -0.9914449, -0.13052619), (0, -0.9659258, -0.25881904), (0, -0.9659258, -0.25881904), (0, -0.9914449, -0.13052619), (0, -0.9659258, -0.25881904), (0, -0.9238795, -0.38268343), (0, -0.9238795, -0.38268343), (0, -0.9659258, -0.25881904), (0, -0.9238795, -0.38268343), (0, -0.8660254, -0.5), (0, -0.8660254, -0.5), (0, -0.9238795, -0.38268343), (0, -0.8660254, -0.5), (0, -0.7933533, -0.6087614), (0, -0.7933533, -0.6087614), (0, -0.8660254, -0.5), (0, -0.7933533, -0.6087614), (0, -0.70710677, -0.70710677), (0, -0.70710677, -0.70710677), (0, -0.7933533, -0.6087614), (0, -0.70710677, -0.70710677), (0, -0.6087614, -0.7933533), (0, -0.6087614, -0.7933533), (0, -0.70710677, -0.70710677), (0, -0.6087614, -0.7933533), (0, -0.5, -0.8660254), (0, -0.5, -0.8660254), (0, -0.6087614, -0.7933533), (0, -0.5, -0.8660254), (0, -0.38268343, -0.9238795), (0, -0.38268343, -0.9238795), (0, -0.5, -0.8660254), (0, -0.38268343, -0.9238795), (0, -0.25881904, -0.9659258), (0, -0.25881904, -0.9659258), (0, -0.38268343, -0.9238795), (0, -0.25881904, -0.9659258), (0, -0.13052619, -0.9914449), (0, -0.13052619, -0.9914449), (0, -0.25881904, -0.9659258), (0, -0.13052619, -0.9914449), (0, -1.8369701e-16, -1), (0, -1.8369701e-16, -1), (0, -0.13052619, -0.9914449), (0, -1.8369701e-16, -1), (0, 0.13052619, -0.9914449), (0, 0.13052619, -0.9914449), (0, -1.8369701e-16, -1), (0, 0.13052619, -0.9914449), (0, 0.25881904, -0.9659258), (0, 0.25881904, -0.9659258), (0, 0.13052619, -0.9914449), (0, 0.25881904, -0.9659258), (0, 0.38268343, -0.9238795), (0, 0.38268343, -0.9238795), (0, 0.25881904, -0.9659258), (0, 0.38268343, -0.9238795), (0, 0.5, -0.8660254), (0, 0.5, -0.8660254), (0, 0.38268343, -0.9238795), (0, 0.5, -0.8660254), (0, 0.6087614, -0.7933533), (0, 0.6087614, -0.7933533), (0, 0.5, -0.8660254), (0, 0.6087614, -0.7933533), (0, 0.70710677, -0.70710677), (0, 0.70710677, -0.70710677), (0, 0.6087614, -0.7933533), (0, 0.70710677, -0.70710677), (0, 0.7933533, -0.6087614), (0, 0.7933533, -0.6087614), (0, 0.70710677, -0.70710677), (0, 0.7933533, -0.6087614), (0, 0.8660254, -0.5), (0, 0.8660254, -0.5), (0, 0.7933533, -0.6087614), (0, 0.8660254, -0.5), (0, 0.9238795, -0.38268343), (0, 0.9238795, -0.38268343), (0, 0.8660254, -0.5), (0, 0.9238795, -0.38268343), (0, 0.9659258, -0.25881904), (0, 0.9659258, -0.25881904), (0, 0.9238795, -0.38268343), (0, 0.9659258, -0.25881904), (0, 0.9914449, -0.13052619), (0, 0.9914449, -0.13052619), (0, 0.9659258, -0.25881904), (0, 0.9914449, -0.13052619), (0, 1, 0), (0, 1, 0), (0, 0.9914449, -0.13052619), (-1, 0, 0), (-1, 0, 0), (-1, 0, 0), (1, 0, 0), (1, 0, 0), (1, 0, 0), (-1, 0, 0), (-1, 0, 0), (-1, 0, 0), (1, 0, 0), (1, 0, 0), (1, 0, 0), (-1, 0, 0), (-1, 0, 0), (-1, 0, 0), (1, 0, 0), (1, 0, 0), (1, 0, 0), (-1, 0, 0), (-1, 0, 0), (-1, 0, 0), (1, 0, 0), (1, 0, 0), (1, 0, 0), (-1, 0, 0), (-1, 0, 0), (-1, 0, 0), (1, 0, 0), (1, 0, 0), (1, 0, 0), (-1, 0, 0), (-1, 0, 0), (-1, 0, 0), (1, 0, 0), (1, 0, 0), (1, 0, 0), (-1, 0, 0), (-1, 0, 0), (-1, 0, 0), (1, 0, 0), (1, 0, 0), (1, 0, 0), (-1, 0, 0), (-1, 0, 0), (-1, 0, 0), (1, 0, 0), (1, 0, 0), (1, 0, 0), (-1, 0, 0), (-1, 0, 0), (-1, 0, 0), (1, 0, 0), (1, 0, 0), (1, 0, 0), (-1, 0, 0), (-1, 0, 0), (-1, 0, 0), (1, 0, 0), (1, 0, 0), (1, 0, 0), (-1, 0, 0), (-1, 0, 0), (-1, 0, 0), (1, 0, 0), (1, 0, 0), (1, 0, 0), (-1, 0, 0), (-1, 0, 0), (-1, 0, 0), (1, 0, 0), (1, 0, 0), (1, 0, 0), (-1, 0, 0), (-1, 0, 0), (-1, 0, 0), (1, 0, 0), (1, 0, 0), (1, 0, 0), (-1, 0, 0), (-1, 0, 0), (-1, 0, 0), (1, 0, 0), (1, 0, 0), (1, 0, 0), (-1, 0, 0), (-1, 0, 0), (-1, 0, 0), (1, 0, 0), (1, 0, 0), (1, 0, 0), (-1, 0, 0), (-1, 0, 0), (-1, 0, 0), (1, 0, 0), (1, 0, 0), (1, 0, 0), (-1, 0, 0), (-1, 0, 0), (-1, 0, 0), (1, 0, 0), (1, 0, 0), (1, 0, 0), (-1, 0, 0), (-1, 0, 0), (-1, 0, 0), (1, 0, 0), (1, 0, 0), (1, 0, 0), (-1, 0, 0), (-1, 0, 0), (-1, 0, 0), (1, 0, 0), (1, 0, 0), (1, 0, 0), (-1, 0, 0), (-1, 0, 0), (-1, 0, 0), (1, 0, 0), (1, 0, 0), (1, 0, 0), (-1, 0, 0), (-1, 0, 0), (-1, 0, 0), (1, 0, 0), (1, 0, 0), (1, 0, 0), (-1, 0, 0), (-1, 0, 0), (-1, 0, 0), (1, 0, 0), (1, 0, 0), (1, 0, 0), (-1, 0, 0), (-1, 0, 0), (-1, 0, 0), (1, 0, 0), (1, 0, 0), (1, 0, 0), (-1, 0, 0), (-1, 0, 0), (-1, 0, 0), (1, 0, 0), (1, 0, 0), (1, 0, 0), (-1, 0, 0), (-1, 0, 0), (-1, 0, 0), (1, 0, 0), (1, 0, 0), (1, 0, 0), (-1, 0, 0), (-1, 0, 0), (-1, 0, 0), (1, 0, 0), (1, 0, 0), (1, 0, 0), (-1, 0, 0), (-1, 0, 0), (-1, 0, 0), (1, 0, 0), (1, 0, 0), (1, 0, 0), (-1, 0, 0), (-1, 0, 0), (-1, 0, 0), (1, 0, 0), (1, 0, 0), (1, 0, 0), (-1, 0, 0), (-1, 0, 0), (-1, 0, 0), (1, 0, 0), (1, 0, 0), (1, 0, 0), (-1, 0, 0), (-1, 0, 0), (-1, 0, 0), (1, 0, 0), (1, 0, 0), (1, 0, 0), (-1, 0, 0), (-1, 0, 0), (-1, 0, 0), (1, 0, 0), (1, 0, 0), (1, 0, 0), (-1, 0, 0), (-1, 0, 0), (-1, 0, 0), (1, 0, 0), (1, 0, 0), (1, 0, 0), (-1, 0, 0), (-1, 0, 0), (-1, 0, 0), (1, 0, 0), (1, 0, 0), (1, 0, 0), (-1, 0, 0), (-1, 0, 0), (-1, 0, 0), (1, 0, 0), (1, 0, 0), (1, 0, 0), (-1, 0, 0), (-1, 0, 0), (-1, 0, 0), (1, 0, 0), (1, 0, 0), (1, 0, 0), (-1, 0, 0), (-1, 0, 0), (-1, 0, 0), (1, 0, 0), (1, 0, 0), (1, 0, 0), (-1, 0, 0), (-1, 0, 0), (-1, 0, 0), (1, 0, 0), (1, 0, 0), (1, 0, 0), (-1, 0, 0), (-1, 0, 0), (-1, 0, 0), (1, 0, 0), (1, 0, 0), (1, 0, 0), (-1, 0, 0), (-1, 0, 0), (-1, 0, 0), (1, 0, 0), (1, 0, 0), (1, 0, 0), (-1, 0, 0), (-1, 0, 0), (-1, 0, 0), (1, 0, 0), (1, 0, 0), (1, 0, 0), (-1, 0, 0), (-1, 0, 0), (-1, 0, 0), (1, 0, 0), (1, 0, 0), (1, 0, 0), (-1, 0, 0), (-1, 0, 0), (-1, 0, 0), (1, 0, 0), (1, 0, 0), (1, 0, 0), (-1, 0, 0), (-1, 0, 0), (-1, 0, 0), (1, 0, 0), (1, 0, 0), (1, 0, 0), (-1, 0, 0), (-1, 0, 0), (-1, 0, 0), (1, 0, 0), (1, 0, 0), (1, 0, 0), (-1, 0, 0), (-1, 0, 0), (-1, 0, 0), (1, 0, 0), (1, 0, 0), (1, 0, 0), (-1, 0, 0), (-1, 0, 0), (-1, 0, 0), (1, 0, 0), (1, 0, 0), (1, 0, 0), (-1, 0, 0), (-1, 0, 0), (-1, 0, 0), (1, 0, 0), (1, 0, 0), (1, 0, 0), (-1, 0, 0), (-1, 0, 0), (-1, 0, 0), (1, 0, 0), (1, 0, 0), (1, 0, 0)] (
                    interpolation = "faceVarying"
                )
                point3f[] points = [(-0.008, 0.025, 0), (-0.008, 0.024786122, 0.0032631548), (-0.008, 0.024148146, 0.0064704763), (-0.008, 0.023096988, 0.009567086), (-0.008, 0.021650635, 0.0125), (-0.008, 0.019833833, 0.015219036), (-0.008, 0.01767767, 0.01767767), (-0.008, 0.015219036, 0.019833833), (-0.008, 0.0125, 0.021650635), (-0.008, 0.009567086, 0.023096988), (-0.008, 0.0064704763, 0.024148146), (-0.008, 0.0032631548, 0.024786122), (-0.008, 1.5308085e-18, 0.025), (-0.008, -0.0032631548, 0.024786122), (-0.008, -0.0064704763, 0.024148146), (-0.008, -0.009567086, 0.023096988), (-0.008, -0.0125, 0.021650635), (-0.008, -0.015219036, 0.019833833), (-0.008, -0.01767767, 0.01767767), (-0.008, -0.019833833, 0.015219036), (-0.008, -0.021650635, 0.0125), (-0.008, -0.023096988, 0.009567086), (-0.008, -0.024148146, 0.0064704763), (-0.008, -0.024786122, 0.0032631548), (-0.008, -0.025, 3.061617e-18), (-0.008, -0.024786122, -0.0032631548), (-0.008, -0.024148146, -0.0064704763), (-0.008, -0.023096988, -0.009567086), (-0.008, -0.021650635, -0.0125), (-0.008, -0.019833833, -0.015219036), (-0.008, -0.01767767, -0.01767767), (-0.008, -0.015219036, -0.019833833), (-0.008, -0.0125, -0.021650635), (-0.008, -0.009567086, -0.023096988), (-0.008, -0.0064704763, -0.024148146), (-0.008, -0.0032631548, -0.024786122), (-0.008, -4.5924257e-18, -0.025), (-0.008, 0.0032631548, -0.024786122), (-0.008, 0.0064704763, -0.024148146), (-0.008, 0.009567086, -0.023096988), (-0.008, 0.0125, -0.021650635), (-0.008, 0.015219036, -0.019833833), (-0.008, 0.01767767, -0.01767767), (-0.008, 0.019833833, -0.015219036), (-0.008, 0.021650635, -0.0125), (-0.008, 0.023096988, -0.009567086), (-0.008, 0.024148146, -0.0064704763), (-0.008, 0.024786122, -0.0032631548), (0.008, 0.025, 0), (0.008, 0.024786122, 0.0032631548), (0.008, 0.024148146, 0.0064704763), (0.008, 0.023096988, 0.009567086), (0.008, 0.021650635, 0.0125), (0.008, 0.019833833, 0.015219036), (0.008, 0.01767767, 0.01767767), (0.008, 0.015219036, 0.019833833), (0.008, 0.0125, 0.021650635), (0.008, 0.009567086, 0.023096988), (0.008, 0.0064704763, 0.024148146), (0.008, 0.0032631548, 0.024786122), (0.008, 1.5308085e-18, 0.025), (0.008, -0.0032631548, 0.024786122), (0.008, -0.0064704763, 0.024148146), (0.008, -0.009567086, 0.023096988), (0.008, -0.0125, 0.021650635), (0.008, -0.015219036, 0.019833833), (0.008, -0.01767767, 0.01767767), (0.008, -0.019833833, 0.015219036), (0.008, -0.021650635, 0.0125), (0.008, -0.023096988, 0.009567086), (0.008, -0.024148146, 0.0064704763), (0.008, -0.024786122, 0.0032631548), (0.008, -0.025, 3.061617e-18), (0.008, -0.024786122, -0.0032631548), (0.008, -0.024148146, -0.0064704763), (0.008, -0.023096988, -0.009567086), (0.008, -0.021650635, -0.0125), (0.008, -0.019833833, -0.015219036), (0.008, -0.01767767, -0.01767767), (0.008, -0.015219036, -0.019833833), (0.008, -0.0125, -0.021650635), (0.008, -0.009567086, -0.023096988), (0.008, -0.0064704763, -0.024148146), (0.008, -0.0032631548, -0.024786122), (0.008, -4.5924257e-18, -0.025), (0.008, 0.0032631548, -0.024786122), (0.008, 0.0064704763, -0.024148146), (0.008, 0.009567086, -0.023096988), (0.008, 0.0125, -0.021650635), (0.008, 0.015219036, -0.019833833), (0.008, 0.01767767, -0.01767767), (0.008, 0.019833833, -0.015219036), (0.008, 0.021650635, -0.0125), (0.008, 0.023096988, -0.009567086), (0.008, 0.024148146, -0.0064704763), (0.008, 0.024786122, -0.0032631548), (-0.008, 0, 0), (0.008, 0, 0)]
                uniform token subdivisionScheme = "none"
            }

            def Cube "ForkR" (
                prepend apiSchemas = ["MaterialBindingAPI"]
            )
            {
                float3[] extent = [(-0.5, -0.5, -0.5), (0.5, 0.5, 0.5)]
                rel material:binding = </World/Looks/Drum>
                double size = 1
                matrix4d xformOp:transform = ( (0.03, 0, 0, 0), (0, 0.003, 0, 0), (0, 0, 0.016, 0), (-0.051000000000000004, -0.022, 0, 1) )
                uniform token[] xformOpOrder = ["xformOp:transform"]
            }

            def Cube "ForkL" (
                prepend apiSchemas = ["MaterialBindingAPI"]
            )
            {
                float3[] extent = [(-0.5, -0.5, -0.5), (0.5, 0.5, 0.5)]
                rel material:binding = </World/Looks/Drum>
                double size = 1
                matrix4d xformOp:transform = ( (0.03, 0, 0, 0), (0, 0.003, 0, 0), (0, 0, 0.016, 0), (-0.051000000000000004, 0.022, 0, 1) )
                uniform token[] xformOpOrder = ["xformOp:transform"]
            }

            def Mesh "Rod" (
                prepend apiSchemas = ["MaterialBindingAPI"]
            )
            {
                float3[] extent = [(-0.036, -0.008, -0.008), (-0.008, 0.008, 0.008)]
                int[] faceVertexCounts = [4, 4, 4, 4, 4, 4, 4, 4, 4, 4, 4, 4, 4, 4, 4, 4, 4, 4, 4, 4, 4, 4, 4, 4, 4, 4, 4, 4, 3, 3, 3, 3, 3, 3, 3, 3, 3, 3, 3, 3, 3, 3, 3, 3, 3, 3, 3, 3, 3, 3, 3, 3, 3, 3, 3, 3, 3, 3, 3, 3, 3, 3, 3, 3, 3, 3, 3, 3, 3, 3, 3, 3, 3, 3, 3, 3, 3, 3, 3, 3, 3, 3, 3, 3]
                int[] faceVertexIndices = [0, 1, 29, 28, 1, 2, 30, 29, 2, 3, 31, 30, 3, 4, 32, 31, 4, 5, 33, 32, 5, 6, 34, 33, 6, 7, 35, 34, 7, 8, 36, 35, 8, 9, 37, 36, 9, 10, 38, 37, 10, 11, 39, 38, 11, 12, 40, 39, 12, 13, 41, 40, 13, 14, 42, 41, 14, 15, 43, 42, 15, 16, 44, 43, 16, 17, 45, 44, 17, 18, 46, 45, 18, 19, 47, 46, 19, 20, 48, 47, 20, 21, 49, 48, 21, 22, 50, 49, 22, 23, 51, 50, 23, 24, 52, 51, 24, 25, 53, 52, 25, 26, 54, 53, 26, 27, 55, 54, 27, 0, 28, 55, 56, 1, 0, 57, 28, 29, 56, 2, 1, 57, 29, 30, 56, 3, 2, 57, 30, 31, 56, 4, 3, 57, 31, 32, 56, 5, 4, 57, 32, 33, 56, 6, 5, 57, 33, 34, 56, 7, 6, 57, 34, 35, 56, 8, 7, 57, 35, 36, 56, 9, 8, 57, 36, 37, 56, 10, 9, 57, 37, 38, 56, 11, 10, 57, 38, 39, 56, 12, 11, 57, 39, 40, 56, 13, 12, 57, 40, 41, 56, 14, 13, 57, 41, 42, 56, 15, 14, 57, 42, 43, 56, 16, 15, 57, 43, 44, 56, 17, 16, 57, 44, 45, 56, 18, 17, 57, 45, 46, 56, 19, 18, 57, 46, 47, 56, 20, 19, 57, 47, 48, 56, 21, 20, 57, 48, 49, 56, 22, 21, 57, 49, 50, 56, 23, 22, 57, 50, 51, 56, 24, 23, 57, 51, 52, 56, 25, 24, 57, 52, 53, 56, 26, 25, 57, 53, 54, 56, 27, 26, 57, 54, 55, 56, 0, 27, 57, 55, 28]
                rel material:binding = </World/Looks/Drum>
                normal3f[] normals = [(0, 1, 0), (0, 0.9749279, 0.22252093), (0, 0.9749279, 0.22252093), (0, 1, 0), (0, 0.9749279, 0.22252093), (0, 0.90096885, 0.43388373), (0, 0.90096885, 0.43388373), (0, 0.9749279, 0.22252093), (0, 0.90096885, 0.43388373), (0, 0.7818315, 0.6234898), (0, 0.7818315, 0.6234898), (0, 0.90096885, 0.43388373), (0, 0.7818315, 0.6234898), (0, 0.6234898, 0.7818315), (0, 0.6234898, 0.7818315), (0, 0.7818315, 0.6234898), (0, 0.6234898, 0.7818315), (0, 0.43388373, 0.90096885), (0, 0.43388373, 0.90096885), (0, 0.6234898, 0.7818315), (0, 0.43388373, 0.90096885), (0, 0.22252093, 0.9749279), (0, 0.22252093, 0.9749279), (0, 0.43388373, 0.90096885), (0, 0.22252093, 0.9749279), (0, 6.123234e-17, 1), (0, 6.123234e-17, 1), (0, 0.22252093, 0.9749279), (0, 6.123234e-17, 1), (0, -0.22252093, 0.9749279), (0, -0.22252093, 0.9749279), (0, 6.123234e-17, 1), (0, -0.22252093, 0.9749279), (0, -0.43388373, 0.90096885), (0, -0.43388373, 0.90096885), (0, -0.22252093, 0.9749279), (0, -0.43388373, 0.90096885), (0, -0.6234898, 0.7818315), (0, -0.6234898, 0.7818315), (0, -0.43388373, 0.90096885), (0, -0.6234898, 0.7818315), (0, -0.7818315, 0.6234898), (0, -0.7818315, 0.6234898), (0, -0.6234898, 0.7818315), (0, -0.7818315, 0.6234898), (0, -0.90096885, 0.43388373), (0, -0.90096885, 0.43388373), (0, -0.7818315, 0.6234898), (0, -0.90096885, 0.43388373), (0, -0.9749279, 0.22252093), (0, -0.9749279, 0.22252093), (0, -0.90096885, 0.43388373), (0, -0.9749279, 0.22252093), (0, -1, 1.2246469e-16), (0, -1, 1.2246469e-16), (0, -0.9749279, 0.22252093), (0, -1, 1.2246469e-16), (0, -0.9749279, -0.22252093), (0, -0.9749279, -0.22252093), (0, -1, 1.2246469e-16), (0, -0.9749279, -0.22252093), (0, -0.90096885, -0.43388373), (0, -0.90096885, -0.43388373), (0, -0.9749279, -0.22252093), (0, -0.90096885, -0.43388373), (0, -0.7818315, -0.6234898), (0, -0.7818315, -0.6234898), (0, -0.90096885, -0.43388373), (0, -0.7818315, -0.6234898), (0, -0.6234898, -0.7818315), (0, -0.6234898, -0.7818315), (0, -0.7818315, -0.6234898), (0, -0.6234898, -0.7818315), (0, -0.43388373, -0.90096885), (0, -0.43388373, -0.90096885), (0, -0.6234898, -0.7818315), (0, -0.43388373, -0.90096885), (0, -0.22252093, -0.9749279), (0, -0.22252093, -0.9749279), (0, -0.43388373, -0.90096885), (0, -0.22252093, -0.9749279), (0, -1.8369701e-16, -1), (0, -1.8369701e-16, -1), (0, -0.22252093, -0.9749279), (0, -1.8369701e-16, -1), (0, 0.22252093, -0.9749279), (0, 0.22252093, -0.9749279), (0, -1.8369701e-16, -1), (0, 0.22252093, -0.9749279), (0, 0.43388373, -0.90096885), (0, 0.43388373, -0.90096885), (0, 0.22252093, -0.9749279), (0, 0.43388373, -0.90096885), (0, 0.6234898, -0.7818315), (0, 0.6234898, -0.7818315), (0, 0.43388373, -0.90096885), (0, 0.6234898, -0.7818315), (0, 0.7818315, -0.6234898), (0, 0.7818315, -0.6234898), (0, 0.6234898, -0.7818315), (0, 0.7818315, -0.6234898), (0, 0.90096885, -0.43388373), (0, 0.90096885, -0.43388373), (0, 0.7818315, -0.6234898), (0, 0.90096885, -0.43388373), (0, 0.9749279, -0.22252093), (0, 0.9749279, -0.22252093), (0, 0.90096885, -0.43388373), (0, 0.9749279, -0.22252093), (0, 1, 0), (0, 1, 0), (0, 0.9749279, -0.22252093), (-1, 0, 0), (-1, 0, 0), (-1, 0, 0), (1, 0, 0), (1, 0, 0), (1, 0, 0), (-1, 0, 0), (-1, 0, 0), (-1, 0, 0), (1, 0, 0), (1, 0, 0), (1, 0, 0), (-1, 0, 0), (-1, 0, 0), (-1, 0, 0), (1, 0, 0), (1, 0, 0), (1, 0, 0), (-1, 0, 0), (-1, 0, 0), (-1, 0, 0), (1, 0, 0), (1, 0, 0), (1, 0, 0), (-1, 0, 0), (-1, 0, 0), (-1, 0, 0), (1, 0, 0), (1, 0, 0), (1, 0, 0), (-1, 0, 0), (-1, 0, 0), (-1, 0, 0), (1, 0, 0), (1, 0, 0), (1, 0, 0), (-1, 0, 0), (-1, 0, 0), (-1, 0, 0), (1, 0, 0), (1, 0, 0), (1, 0, 0), (-1, 0, 0), (-1, 0, 0), (-1, 0, 0), (1, 0, 0), (1, 0, 0), (1, 0, 0), (-1, 0, 0), (-1, 0, 0), (-1, 0, 0), (1, 0, 0), (1, 0, 0), (1, 0, 0), (-1, 0, 0), (-1, 0, 0), (-1, 0, 0), (1, 0, 0), (1, 0, 0), (1, 0, 0), (-1, 0, 0), (-1, 0, 0), (-1, 0, 0), (1, 0, 0), (1, 0, 0), (1, 0, 0), (-1, 0, 0), (-1, 0, 0), (-1, 0, 0), (1, 0, 0), (1, 0, 0), (1, 0, 0), (-1, 0, 0), (-1, 0, 0), (-1, 0, 0), (1, 0, 0), (1, 0, 0), (1, 0, 0), (-1, 0, 0), (-1, 0, 0), (-1, 0, 0), (1, 0, 0), (1, 0, 0), (1, 0, 0), (-1, 0, 0), (-1, 0, 0), (-1, 0, 0), (1, 0, 0), (1, 0, 0), (1, 0, 0), (-1, 0, 0), (-1, 0, 0), (-1, 0, 0), (1, 0, 0), (1, 0, 0), (1, 0, 0), (-1, 0, 0), (-1, 0, 0), (-1, 0, 0), (1, 0, 0), (1, 0, 0), (1, 0, 0), (-1, 0, 0), (-1, 0, 0), (-1, 0, 0), (1, 0, 0), (1, 0, 0), (1, 0, 0), (-1, 0, 0), (-1, 0, 0), (-1, 0, 0), (1, 0, 0), (1, 0, 0), (1, 0, 0), (-1, 0, 0), (-1, 0, 0), (-1, 0, 0), (1, 0, 0), (1, 0, 0), (1, 0, 0), (-1, 0, 0), (-1, 0, 0), (-1, 0, 0), (1, 0, 0), (1, 0, 0), (1, 0, 0), (-1, 0, 0), (-1, 0, 0), (-1, 0, 0), (1, 0, 0), (1, 0, 0), (1, 0, 0), (-1, 0, 0), (-1, 0, 0), (-1, 0, 0), (1, 0, 0), (1, 0, 0), (1, 0, 0), (-1, 0, 0), (-1, 0, 0), (-1, 0, 0), (1, 0, 0), (1, 0, 0), (1, 0, 0), (-1, 0, 0), (-1, 0, 0), (-1, 0, 0), (1, 0, 0), (1, 0, 0), (1, 0, 0), (-1, 0, 0), (-1, 0, 0), (-1, 0, 0), (1, 0, 0), (1, 0, 0), (1, 0, 0), (-1, 0, 0), (-1, 0, 0), (-1, 0, 0), (1, 0, 0), (1, 0, 0), (1, 0, 0), (-1, 0, 0), (-1, 0, 0), (-1, 0, 0), (1, 0, 0), (1, 0, 0), (1, 0, 0)] (
                    interpolation = "faceVarying"
                )
                point3f[] points = [(-0.036, 0.008, 0), (-0.036, 0.0077994233, 0.0017801675), (-0.036, 0.007207751, 0.00347107), (-0.036, 0.006254652, 0.0049879183), (-0.036, 0.0049879183, 0.006254652), (-0.036, 0.00347107, 0.007207751), (-0.036, 0.0017801675, 0.0077994233), (-0.036, 4.8985874e-19, 0.008), (-0.036, -0.0017801675, 0.0077994233), (-0.036, -0.00347107, 0.007207751), (-0.036, -0.0049879183, 0.006254652), (-0.036, -0.006254652, 0.0049879183), (-0.036, -0.007207751, 0.00347107), (-0.036, -0.0077994233, 0.0017801675), (-0.036, -0.008, 9.797175e-19), (-0.036, -0.0077994233, -0.0017801675), (-0.036, -0.007207751, -0.00347107), (-0.036, -0.006254652, -0.0049879183), (-0.036, -0.0049879183, -0.006254652), (-0.036, -0.00347107, -0.007207751), (-0.036, -0.0017801675, -0.0077994233), (-0.036, -1.4695761e-18, -0.008), (-0.036, 0.0017801675, -0.0077994233), (-0.036, 0.00347107, -0.007207751), (-0.036, 0.0049879183, -0.006254652), (-0.036, 0.006254652, -0.0049879183), (-0.036, 0.007207751, -0.00347107), (-0.036, 0.0077994233, -0.0017801675), (-0.008, 0.008, 0), (-0.008, 0.0077994233, 0.0017801675), (-0.008, 0.007207751, 0.00347107), (-0.008, 0.006254652, 0.0049879183), (-0.008, 0.0049879183, 0.006254652), (-0.008, 0.00347107, 0.007207751), (-0.008, 0.0017801675, 0.0077994233), (-0.008, 4.8985874e-19, 0.008), (-0.008, -0.0017801675, 0.0077994233), (-0.008, -0.00347107, 0.007207751), (-0.008, -0.0049879183, 0.006254652), (-0.008, -0.006254652, 0.0049879183), (-0.008, -0.007207751, 0.00347107), (-0.008, -0.0077994233, 0.0017801675), (-0.008, -0.008, 9.797175e-19), (-0.008, -0.0077994233, -0.0017801675), (-0.008, -0.007207751, -0.00347107), (-0.008, -0.006254652, -0.0049879183), (-0.008, -0.0049879183, -0.006254652), (-0.008, -0.00347107, -0.007207751), (-0.008, -0.0017801675, -0.0077994233), (-0.008, -1.4695761e-18, -0.008), (-0.008, 0.0017801675, -0.0077994233), (-0.008, 0.00347107, -0.007207751), (-0.008, 0.0049879183, -0.006254652), (-0.008, 0.006254652, -0.0049879183), (-0.008, 0.007207751, -0.00347107), (-0.008, 0.0077994233, -0.0017801675), (-0.036, 0, 0), (-0.008, 0, 0)]
                uniform token subdivisionScheme = "none"
            }

            def Xform "Hous_A0"
            {
                matrix4d xformOp:transform = ( (0, 1, 0, 0), (0, -0, 1, 0), (1, 0, 0, 0), (0, 0.021, 0, 1) )
                uniform token[] xformOpOrder = ["xformOp:transform"]

                def Mesh "G" (
                    prepend apiSchemas = ["MaterialBindingAPI"]
                )
                {
                    float3[] extent = [(-0.007, -0.008, -0.008), (0.007, 0.008, 0.008)]
                    int[] faceVertexCounts = [4, 4, 4, 4, 4, 4, 4, 4, 4, 4, 4, 4, 4, 4, 4, 4, 4, 4, 4, 4, 4, 4, 4, 4, 4, 4, 4, 4, 3, 3, 3, 3, 3, 3, 3, 3, 3, 3, 3, 3, 3, 3, 3, 3, 3, 3, 3, 3, 3, 3, 3, 3, 3, 3, 3, 3, 3, 3, 3, 3, 3, 3, 3, 3, 3, 3, 3, 3, 3, 3, 3, 3, 3, 3, 3, 3, 3, 3, 3, 3, 3, 3, 3, 3]
                    int[] faceVertexIndices = [0, 1, 29, 28, 1, 2, 30, 29, 2, 3, 31, 30, 3, 4, 32, 31, 4, 5, 33, 32, 5, 6, 34, 33, 6, 7, 35, 34, 7, 8, 36, 35, 8, 9, 37, 36, 9, 10, 38, 37, 10, 11, 39, 38, 11, 12, 40, 39, 12, 13, 41, 40, 13, 14, 42, 41, 14, 15, 43, 42, 15, 16, 44, 43, 16, 17, 45, 44, 17, 18, 46, 45, 18, 19, 47, 46, 19, 20, 48, 47, 20, 21, 49, 48, 21, 22, 50, 49, 22, 23, 51, 50, 23, 24, 52, 51, 24, 25, 53, 52, 25, 26, 54, 53, 26, 27, 55, 54, 27, 0, 28, 55, 56, 1, 0, 57, 28, 29, 56, 2, 1, 57, 29, 30, 56, 3, 2, 57, 30, 31, 56, 4, 3, 57, 31, 32, 56, 5, 4, 57, 32, 33, 56, 6, 5, 57, 33, 34, 56, 7, 6, 57, 34, 35, 56, 8, 7, 57, 35, 36, 56, 9, 8, 57, 36, 37, 56, 10, 9, 57, 37, 38, 56, 11, 10, 57, 38, 39, 56, 12, 11, 57, 39, 40, 56, 13, 12, 57, 40, 41, 56, 14, 13, 57, 41, 42, 56, 15, 14, 57, 42, 43, 56, 16, 15, 57, 43, 44, 56, 17, 16, 57, 44, 45, 56, 18, 17, 57, 45, 46, 56, 19, 18, 57, 46, 47, 56, 20, 19, 57, 47, 48, 56, 21, 20, 57, 48, 49, 56, 22, 21, 57, 49, 50, 56, 23, 22, 57, 50, 51, 56, 24, 23, 57, 51, 52, 56, 25, 24, 57, 52, 53, 56, 26, 25, 57, 53, 54, 56, 27, 26, 57, 54, 55, 56, 0, 27, 57, 55, 28]
                    rel material:binding = </World/Looks/Hous>
                    normal3f[] normals = [(0, 1, 0), (0, 0.9749279, 0.22252093), (0, 0.9749279, 0.22252093), (0, 1, 0), (0, 0.9749279, 0.22252093), (0, 0.90096885, 0.43388373), (0, 0.90096885, 0.43388373), (0, 0.9749279, 0.22252093), (0, 0.90096885, 0.43388373), (0, 0.7818315, 0.6234898), (0, 0.7818315, 0.6234898), (0, 0.90096885, 0.43388373), (0, 0.7818315, 0.6234898), (0, 0.6234898, 0.7818315), (0, 0.6234898, 0.7818315), (0, 0.7818315, 0.6234898), (0, 0.6234898, 0.7818315), (0, 0.43388373, 0.90096885), (0, 0.43388373, 0.90096885), (0, 0.6234898, 0.7818315), (0, 0.43388373, 0.90096885), (0, 0.22252093, 0.9749279), (0, 0.22252093, 0.9749279), (0, 0.43388373, 0.90096885), (0, 0.22252093, 0.9749279), (0, 6.123234e-17, 1), (0, 6.123234e-17, 1), (0, 0.22252093, 0.9749279), (0, 6.123234e-17, 1), (0, -0.22252093, 0.9749279), (0, -0.22252093, 0.9749279), (0, 6.123234e-17, 1), (0, -0.22252093, 0.9749279), (0, -0.43388373, 0.90096885), (0, -0.43388373, 0.90096885), (0, -0.22252093, 0.9749279), (0, -0.43388373, 0.90096885), (0, -0.6234898, 0.7818315), (0, -0.6234898, 0.7818315), (0, -0.43388373, 0.90096885), (0, -0.6234898, 0.7818315), (0, -0.7818315, 0.6234898), (0, -0.7818315, 0.6234898), (0, -0.6234898, 0.7818315), (0, -0.7818315, 0.6234898), (0, -0.90096885, 0.43388373), (0, -0.90096885, 0.43388373), (0, -0.7818315, 0.6234898), (0, -0.90096885, 0.43388373), (0, -0.9749279, 0.22252093), (0, -0.9749279, 0.22252093), (0, -0.90096885, 0.43388373), (0, -0.9749279, 0.22252093), (0, -1, 1.2246469e-16), (0, -1, 1.2246469e-16), (0, -0.9749279, 0.22252093), (0, -1, 1.2246469e-16), (0, -0.9749279, -0.22252093), (0, -0.9749279, -0.22252093), (0, -1, 1.2246469e-16), (0, -0.9749279, -0.22252093), (0, -0.90096885, -0.43388373), (0, -0.90096885, -0.43388373), (0, -0.9749279, -0.22252093), (0, -0.90096885, -0.43388373), (0, -0.7818315, -0.6234898), (0, -0.7818315, -0.6234898), (0, -0.90096885, -0.43388373), (0, -0.7818315, -0.6234898), (0, -0.6234898, -0.7818315), (0, -0.6234898, -0.7818315), (0, -0.7818315, -0.6234898), (0, -0.6234898, -0.7818315), (0, -0.43388373, -0.90096885), (0, -0.43388373, -0.90096885), (0, -0.6234898, -0.7818315), (0, -0.43388373, -0.90096885), (0, -0.22252093, -0.9749279), (0, -0.22252093, -0.9749279), (0, -0.43388373, -0.90096885), (0, -0.22252093, -0.9749279), (0, -1.8369701e-16, -1), (0, -1.8369701e-16, -1), (0, -0.22252093, -0.9749279), (0, -1.8369701e-16, -1), (0, 0.22252093, -0.9749279), (0, 0.22252093, -0.9749279), (0, -1.8369701e-16, -1), (0, 0.22252093, -0.9749279), (0, 0.43388373, -0.90096885), (0, 0.43388373, -0.90096885), (0, 0.22252093, -0.9749279), (0, 0.43388373, -0.90096885), (0, 0.6234898, -0.7818315), (0, 0.6234898, -0.7818315), (0, 0.43388373, -0.90096885), (0, 0.6234898, -0.7818315), (0, 0.7818315, -0.6234898), (0, 0.7818315, -0.6234898), (0, 0.6234898, -0.7818315), (0, 0.7818315, -0.6234898), (0, 0.90096885, -0.43388373), (0, 0.90096885, -0.43388373), (0, 0.7818315, -0.6234898), (0, 0.90096885, -0.43388373), (0, 0.9749279, -0.22252093), (0, 0.9749279, -0.22252093), (0, 0.90096885, -0.43388373), (0, 0.9749279, -0.22252093), (0, 1, 0), (0, 1, 0), (0, 0.9749279, -0.22252093), (-1, 0, 0), (-1, 0, 0), (-1, 0, 0), (1, 0, 0), (1, 0, 0), (1, 0, 0), (-1, 0, 0), (-1, 0, 0), (-1, 0, 0), (1, 0, 0), (1, 0, 0), (1, 0, 0), (-1, 0, 0), (-1, 0, 0), (-1, 0, 0), (1, 0, 0), (1, 0, 0), (1, 0, 0), (-1, 0, 0), (-1, 0, 0), (-1, 0, 0), (1, 0, 0), (1, 0, 0), (1, 0, 0), (-1, 0, 0), (-1, 0, 0), (-1, 0, 0), (1, 0, 0), (1, 0, 0), (1, 0, 0), (-1, 0, 0), (-1, 0, 0), (-1, 0, 0), (1, 0, 0), (1, 0, 0), (1, 0, 0), (-1, 0, 0), (-1, 0, 0), (-1, 0, 0), (1, 0, 0), (1, 0, 0), (1, 0, 0), (-1, 0, 0), (-1, 0, 0), (-1, 0, 0), (1, 0, 0), (1, 0, 0), (1, 0, 0), (-1, 0, 0), (-1, 0, 0), (-1, 0, 0), (1, 0, 0), (1, 0, 0), (1, 0, 0), (-1, 0, 0), (-1, 0, 0), (-1, 0, 0), (1, 0, 0), (1, 0, 0), (1, 0, 0), (-1, 0, 0), (-1, 0, 0), (-1, 0, 0), (1, 0, 0), (1, 0, 0), (1, 0, 0), (-1, 0, 0), (-1, 0, 0), (-1, 0, 0), (1, 0, 0), (1, 0, 0), (1, 0, 0), (-1, 0, 0), (-1, 0, 0), (-1, 0, 0), (1, 0, 0), (1, 0, 0), (1, 0, 0), (-1, 0, 0), (-1, 0, 0), (-1, 0, 0), (1, 0, 0), (1, 0, 0), (1, 0, 0), (-1, 0, 0), (-1, 0, 0), (-1, 0, 0), (1, 0, 0), (1, 0, 0), (1, 0, 0), (-1, 0, 0), (-1, 0, 0), (-1, 0, 0), (1, 0, 0), (1, 0, 0), (1, 0, 0), (-1, 0, 0), (-1, 0, 0), (-1, 0, 0), (1, 0, 0), (1, 0, 0), (1, 0, 0), (-1, 0, 0), (-1, 0, 0), (-1, 0, 0), (1, 0, 0), (1, 0, 0), (1, 0, 0), (-1, 0, 0), (-1, 0, 0), (-1, 0, 0), (1, 0, 0), (1, 0, 0), (1, 0, 0), (-1, 0, 0), (-1, 0, 0), (-1, 0, 0), (1, 0, 0), (1, 0, 0), (1, 0, 0), (-1, 0, 0), (-1, 0, 0), (-1, 0, 0), (1, 0, 0), (1, 0, 0), (1, 0, 0), (-1, 0, 0), (-1, 0, 0), (-1, 0, 0), (1, 0, 0), (1, 0, 0), (1, 0, 0), (-1, 0, 0), (-1, 0, 0), (-1, 0, 0), (1, 0, 0), (1, 0, 0), (1, 0, 0), (-1, 0, 0), (-1, 0, 0), (-1, 0, 0), (1, 0, 0), (1, 0, 0), (1, 0, 0), (-1, 0, 0), (-1, 0, 0), (-1, 0, 0), (1, 0, 0), (1, 0, 0), (1, 0, 0), (-1, 0, 0), (-1, 0, 0), (-1, 0, 0), (1, 0, 0), (1, 0, 0), (1, 0, 0), (-1, 0, 0), (-1, 0, 0), (-1, 0, 0), (1, 0, 0), (1, 0, 0), (1, 0, 0), (-1, 0, 0), (-1, 0, 0), (-1, 0, 0), (1, 0, 0), (1, 0, 0), (1, 0, 0)] (
                        interpolation = "faceVarying"
                    )
                    point3f[] points = [(-0.007, 0.008, 0), (-0.007, 0.0077994233, 0.0017801675), (-0.007, 0.007207751, 0.00347107), (-0.007, 0.006254652, 0.0049879183), (-0.007, 0.0049879183, 0.006254652), (-0.007, 0.00347107, 0.007207751), (-0.007, 0.0017801675, 0.0077994233), (-0.007, 4.8985874e-19, 0.008), (-0.007, -0.0017801675, 0.0077994233), (-0.007, -0.00347107, 0.007207751), (-0.007, -0.0049879183, 0.006254652), (-0.007, -0.006254652, 0.0049879183), (-0.007, -0.007207751, 0.00347107), (-0.007, -0.0077994233, 0.0017801675), (-0.007, -0.008, 9.797175e-19), (-0.007, -0.0077994233, -0.0017801675), (-0.007, -0.007207751, -0.00347107), (-0.007, -0.006254652, -0.0049879183), (-0.007, -0.0049879183, -0.006254652), (-0.007, -0.00347107, -0.007207751), (-0.007, -0.0017801675, -0.0077994233), (-0.007, -1.4695761e-18, -0.008), (-0.007, 0.0017801675, -0.0077994233), (-0.007, 0.00347107, -0.007207751), (-0.007, 0.0049879183, -0.006254652), (-0.007, 0.006254652, -0.0049879183), (-0.007, 0.007207751, -0.00347107), (-0.007, 0.0077994233, -0.0017801675), (0.007, 0.008, 0), (0.007, 0.0077994233, 0.0017801675), (0.007, 0.007207751, 0.00347107), (0.007, 0.006254652, 0.0049879183), (0.007, 0.0049879183, 0.006254652), (0.007, 0.00347107, 0.007207751), (0.007, 0.0017801675, 0.0077994233), (0.007, 4.8985874e-19, 0.008), (0.007, -0.0017801675, 0.0077994233), (0.007, -0.00347107, 0.007207751), (0.007, -0.0049879183, 0.006254652), (0.007, -0.006254652, 0.0049879183), (0.007, -0.007207751, 0.00347107), (0.007, -0.0077994233, 0.0017801675), (0.007, -0.008, 9.797175e-19), (0.007, -0.0077994233, -0.0017801675), (0.007, -0.007207751, -0.00347107), (0.007, -0.006254652, -0.0049879183), (0.007, -0.0049879183, -0.006254652), (0.007, -0.00347107, -0.007207751), (0.007, -0.0017801675, -0.0077994233), (0.007, -1.4695761e-18, -0.008), (0.007, 0.0017801675, -0.0077994233), (0.007, 0.00347107, -0.007207751), (0.007, 0.0049879183, -0.006254652), (0.007, 0.006254652, -0.0049879183), (0.007, 0.007207751, -0.00347107), (0.007, 0.0077994233, -0.0017801675), (-0.007, 0, 0), (0.007, 0, 0)]
                    uniform token subdivisionScheme = "none"
                }
            }

            def Xform "Hous_A1"
            {
                matrix4d xformOp:transform = ( (0, -0.4999999999999998, 0.8660254037844387, 0), (0, -0.8660254037844387, -0.4999999999999998, 0), (1, 0, 0, 0), (0, -0.010499999999999995, 0.018186533479473212, 1) )
                uniform token[] xformOpOrder = ["xformOp:transform"]

                def Mesh "G" (
                    prepend apiSchemas = ["MaterialBindingAPI"]
                )
                {
                    float3[] extent = [(-0.007, -0.008, -0.008), (0.007, 0.008, 0.008)]
                    int[] faceVertexCounts = [4, 4, 4, 4, 4, 4, 4, 4, 4, 4, 4, 4, 4, 4, 4, 4, 4, 4, 4, 4, 4, 4, 4, 4, 4, 4, 4, 4, 3, 3, 3, 3, 3, 3, 3, 3, 3, 3, 3, 3, 3, 3, 3, 3, 3, 3, 3, 3, 3, 3, 3, 3, 3, 3, 3, 3, 3, 3, 3, 3, 3, 3, 3, 3, 3, 3, 3, 3, 3, 3, 3, 3, 3, 3, 3, 3, 3, 3, 3, 3, 3, 3, 3, 3]
                    int[] faceVertexIndices = [0, 1, 29, 28, 1, 2, 30, 29, 2, 3, 31, 30, 3, 4, 32, 31, 4, 5, 33, 32, 5, 6, 34, 33, 6, 7, 35, 34, 7, 8, 36, 35, 8, 9, 37, 36, 9, 10, 38, 37, 10, 11, 39, 38, 11, 12, 40, 39, 12, 13, 41, 40, 13, 14, 42, 41, 14, 15, 43, 42, 15, 16, 44, 43, 16, 17, 45, 44, 17, 18, 46, 45, 18, 19, 47, 46, 19, 20, 48, 47, 20, 21, 49, 48, 21, 22, 50, 49, 22, 23, 51, 50, 23, 24, 52, 51, 24, 25, 53, 52, 25, 26, 54, 53, 26, 27, 55, 54, 27, 0, 28, 55, 56, 1, 0, 57, 28, 29, 56, 2, 1, 57, 29, 30, 56, 3, 2, 57, 30, 31, 56, 4, 3, 57, 31, 32, 56, 5, 4, 57, 32, 33, 56, 6, 5, 57, 33, 34, 56, 7, 6, 57, 34, 35, 56, 8, 7, 57, 35, 36, 56, 9, 8, 57, 36, 37, 56, 10, 9, 57, 37, 38, 56, 11, 10, 57, 38, 39, 56, 12, 11, 57, 39, 40, 56, 13, 12, 57, 40, 41, 56, 14, 13, 57, 41, 42, 56, 15, 14, 57, 42, 43, 56, 16, 15, 57, 43, 44, 56, 17, 16, 57, 44, 45, 56, 18, 17, 57, 45, 46, 56, 19, 18, 57, 46, 47, 56, 20, 19, 57, 47, 48, 56, 21, 20, 57, 48, 49, 56, 22, 21, 57, 49, 50, 56, 23, 22, 57, 50, 51, 56, 24, 23, 57, 51, 52, 56, 25, 24, 57, 52, 53, 56, 26, 25, 57, 53, 54, 56, 27, 26, 57, 54, 55, 56, 0, 27, 57, 55, 28]
                    rel material:binding = </World/Looks/Hous>
                    normal3f[] normals = [(0, 1, 0), (0, 0.9749279, 0.22252093), (0, 0.9749279, 0.22252093), (0, 1, 0), (0, 0.9749279, 0.22252093), (0, 0.90096885, 0.43388373), (0, 0.90096885, 0.43388373), (0, 0.9749279, 0.22252093), (0, 0.90096885, 0.43388373), (0, 0.7818315, 0.6234898), (0, 0.7818315, 0.6234898), (0, 0.90096885, 0.43388373), (0, 0.7818315, 0.6234898), (0, 0.6234898, 0.7818315), (0, 0.6234898, 0.7818315), (0, 0.7818315, 0.6234898), (0, 0.6234898, 0.7818315), (0, 0.43388373, 0.90096885), (0, 0.43388373, 0.90096885), (0, 0.6234898, 0.7818315), (0, 0.43388373, 0.90096885), (0, 0.22252093, 0.9749279), (0, 0.22252093, 0.9749279), (0, 0.43388373, 0.90096885), (0, 0.22252093, 0.9749279), (0, 6.123234e-17, 1), (0, 6.123234e-17, 1), (0, 0.22252093, 0.9749279), (0, 6.123234e-17, 1), (0, -0.22252093, 0.9749279), (0, -0.22252093, 0.9749279), (0, 6.123234e-17, 1), (0, -0.22252093, 0.9749279), (0, -0.43388373, 0.90096885), (0, -0.43388373, 0.90096885), (0, -0.22252093, 0.9749279), (0, -0.43388373, 0.90096885), (0, -0.6234898, 0.7818315), (0, -0.6234898, 0.7818315), (0, -0.43388373, 0.90096885), (0, -0.6234898, 0.7818315), (0, -0.7818315, 0.6234898), (0, -0.7818315, 0.6234898), (0, -0.6234898, 0.7818315), (0, -0.7818315, 0.6234898), (0, -0.90096885, 0.43388373), (0, -0.90096885, 0.43388373), (0, -0.7818315, 0.6234898), (0, -0.90096885, 0.43388373), (0, -0.9749279, 0.22252093), (0, -0.9749279, 0.22252093), (0, -0.90096885, 0.43388373), (0, -0.9749279, 0.22252093), (0, -1, 1.2246469e-16), (0, -1, 1.2246469e-16), (0, -0.9749279, 0.22252093), (0, -1, 1.2246469e-16), (0, -0.9749279, -0.22252093), (0, -0.9749279, -0.22252093), (0, -1, 1.2246469e-16), (0, -0.9749279, -0.22252093), (0, -0.90096885, -0.43388373), (0, -0.90096885, -0.43388373), (0, -0.9749279, -0.22252093), (0, -0.90096885, -0.43388373), (0, -0.7818315, -0.6234898), (0, -0.7818315, -0.6234898), (0, -0.90096885, -0.43388373), (0, -0.7818315, -0.6234898), (0, -0.6234898, -0.7818315), (0, -0.6234898, -0.7818315), (0, -0.7818315, -0.6234898), (0, -0.6234898, -0.7818315), (0, -0.43388373, -0.90096885), (0, -0.43388373, -0.90096885), (0, -0.6234898, -0.7818315), (0, -0.43388373, -0.90096885), (0, -0.22252093, -0.9749279), (0, -0.22252093, -0.9749279), (0, -0.43388373, -0.90096885), (0, -0.22252093, -0.9749279), (0, -1.8369701e-16, -1), (0, -1.8369701e-16, -1), (0, -0.22252093, -0.9749279), (0, -1.8369701e-16, -1), (0, 0.22252093, -0.9749279), (0, 0.22252093, -0.9749279), (0, -1.8369701e-16, -1), (0, 0.22252093, -0.9749279), (0, 0.43388373, -0.90096885), (0, 0.43388373, -0.90096885), (0, 0.22252093, -0.9749279), (0, 0.43388373, -0.90096885), (0, 0.6234898, -0.7818315), (0, 0.6234898, -0.7818315), (0, 0.43388373, -0.90096885), (0, 0.6234898, -0.7818315), (0, 0.7818315, -0.6234898), (0, 0.7818315, -0.6234898), (0, 0.6234898, -0.7818315), (0, 0.7818315, -0.6234898), (0, 0.90096885, -0.43388373), (0, 0.90096885, -0.43388373), (0, 0.7818315, -0.6234898), (0, 0.90096885, -0.43388373), (0, 0.9749279, -0.22252093), (0, 0.9749279, -0.22252093), (0, 0.90096885, -0.43388373), (0, 0.9749279, -0.22252093), (0, 1, 0), (0, 1, 0), (0, 0.9749279, -0.22252093), (-1, 0, 0), (-1, 0, 0), (-1, 0, 0), (1, 0, 0), (1, 0, 0), (1, 0, 0), (-1, 0, 0), (-1, 0, 0), (-1, 0, 0), (1, 0, 0), (1, 0, 0), (1, 0, 0), (-1, 0, 0), (-1, 0, 0), (-1, 0, 0), (1, 0, 0), (1, 0, 0), (1, 0, 0), (-1, 0, 0), (-1, 0, 0), (-1, 0, 0), (1, 0, 0), (1, 0, 0), (1, 0, 0), (-1, 0, 0), (-1, 0, 0), (-1, 0, 0), (1, 0, 0), (1, 0, 0), (1, 0, 0), (-1, 0, 0), (-1, 0, 0), (-1, 0, 0), (1, 0, 0), (1, 0, 0), (1, 0, 0), (-1, 0, 0), (-1, 0, 0), (-1, 0, 0), (1, 0, 0), (1, 0, 0), (1, 0, 0), (-1, 0, 0), (-1, 0, 0), (-1, 0, 0), (1, 0, 0), (1, 0, 0), (1, 0, 0), (-1, 0, 0), (-1, 0, 0), (-1, 0, 0), (1, 0, 0), (1, 0, 0), (1, 0, 0), (-1, 0, 0), (-1, 0, 0), (-1, 0, 0), (1, 0, 0), (1, 0, 0), (1, 0, 0), (-1, 0, 0), (-1, 0, 0), (-1, 0, 0), (1, 0, 0), (1, 0, 0), (1, 0, 0), (-1, 0, 0), (-1, 0, 0), (-1, 0, 0), (1, 0, 0), (1, 0, 0), (1, 0, 0), (-1, 0, 0), (-1, 0, 0), (-1, 0, 0), (1, 0, 0), (1, 0, 0), (1, 0, 0), (-1, 0, 0), (-1, 0, 0), (-1, 0, 0), (1, 0, 0), (1, 0, 0), (1, 0, 0), (-1, 0, 0), (-1, 0, 0), (-1, 0, 0), (1, 0, 0), (1, 0, 0), (1, 0, 0), (-1, 0, 0), (-1, 0, 0), (-1, 0, 0), (1, 0, 0), (1, 0, 0), (1, 0, 0), (-1, 0, 0), (-1, 0, 0), (-1, 0, 0), (1, 0, 0), (1, 0, 0), (1, 0, 0), (-1, 0, 0), (-1, 0, 0), (-1, 0, 0), (1, 0, 0), (1, 0, 0), (1, 0, 0), (-1, 0, 0), (-1, 0, 0), (-1, 0, 0), (1, 0, 0), (1, 0, 0), (1, 0, 0), (-1, 0, 0), (-1, 0, 0), (-1, 0, 0), (1, 0, 0), (1, 0, 0), (1, 0, 0), (-1, 0, 0), (-1, 0, 0), (-1, 0, 0), (1, 0, 0), (1, 0, 0), (1, 0, 0), (-1, 0, 0), (-1, 0, 0), (-1, 0, 0), (1, 0, 0), (1, 0, 0), (1, 0, 0), (-1, 0, 0), (-1, 0, 0), (-1, 0, 0), (1, 0, 0), (1, 0, 0), (1, 0, 0), (-1, 0, 0), (-1, 0, 0), (-1, 0, 0), (1, 0, 0), (1, 0, 0), (1, 0, 0), (-1, 0, 0), (-1, 0, 0), (-1, 0, 0), (1, 0, 0), (1, 0, 0), (1, 0, 0), (-1, 0, 0), (-1, 0, 0), (-1, 0, 0), (1, 0, 0), (1, 0, 0), (1, 0, 0), (-1, 0, 0), (-1, 0, 0), (-1, 0, 0), (1, 0, 0), (1, 0, 0), (1, 0, 0), (-1, 0, 0), (-1, 0, 0), (-1, 0, 0), (1, 0, 0), (1, 0, 0), (1, 0, 0)] (
                        interpolation = "faceVarying"
                    )
                    point3f[] points = [(-0.007, 0.008, 0), (-0.007, 0.0077994233, 0.0017801675), (-0.007, 0.007207751, 0.00347107), (-0.007, 0.006254652, 0.0049879183), (-0.007, 0.0049879183, 0.006254652), (-0.007, 0.00347107, 0.007207751), (-0.007, 0.0017801675, 0.0077994233), (-0.007, 4.8985874e-19, 0.008), (-0.007, -0.0017801675, 0.0077994233), (-0.007, -0.00347107, 0.007207751), (-0.007, -0.0049879183, 0.006254652), (-0.007, -0.006254652, 0.0049879183), (-0.007, -0.007207751, 0.00347107), (-0.007, -0.0077994233, 0.0017801675), (-0.007, -0.008, 9.797175e-19), (-0.007, -0.0077994233, -0.0017801675), (-0.007, -0.007207751, -0.00347107), (-0.007, -0.006254652, -0.0049879183), (-0.007, -0.0049879183, -0.006254652), (-0.007, -0.00347107, -0.007207751), (-0.007, -0.0017801675, -0.0077994233), (-0.007, -1.4695761e-18, -0.008), (-0.007, 0.0017801675, -0.0077994233), (-0.007, 0.00347107, -0.007207751), (-0.007, 0.0049879183, -0.006254652), (-0.007, 0.006254652, -0.0049879183), (-0.007, 0.007207751, -0.00347107), (-0.007, 0.0077994233, -0.0017801675), (0.007, 0.008, 0), (0.007, 0.0077994233, 0.0017801675), (0.007, 0.007207751, 0.00347107), (0.007, 0.006254652, 0.0049879183), (0.007, 0.0049879183, 0.006254652), (0.007, 0.00347107, 0.007207751), (0.007, 0.0017801675, 0.0077994233), (0.007, 4.8985874e-19, 0.008), (0.007, -0.0017801675, 0.0077994233), (0.007, -0.00347107, 0.007207751), (0.007, -0.0049879183, 0.006254652), (0.007, -0.006254652, 0.0049879183), (0.007, -0.007207751, 0.00347107), (0.007, -0.0077994233, 0.0017801675), (0.007, -0.008, 9.797175e-19), (0.007, -0.0077994233, -0.0017801675), (0.007, -0.007207751, -0.00347107), (0.007, -0.006254652, -0.0049879183), (0.007, -0.0049879183, -0.006254652), (0.007, -0.00347107, -0.007207751), (0.007, -0.0017801675, -0.0077994233), (0.007, -1.4695761e-18, -0.008), (0.007, 0.0017801675, -0.0077994233), (0.007, 0.00347107, -0.007207751), (0.007, 0.0049879183, -0.006254652), (0.007, 0.006254652, -0.0049879183), (0.007, 0.007207751, -0.00347107), (0.007, 0.0077994233, -0.0017801675), (-0.007, 0, 0), (0.007, 0, 0)]
                    uniform token subdivisionScheme = "none"
                }
            }

            def Xform "Hous_A2"
            {
                matrix4d xformOp:transform = ( (0, -0.5000000000000004, -0.8660254037844384, 0), (0, 0.8660254037844384, -0.5000000000000004, 0), (1, 0, 0, 0), (0, -0.01050000000000001, -0.018186533479473205, 1) )
                uniform token[] xformOpOrder = ["xformOp:transform"]

                def Mesh "G" (
                    prepend apiSchemas = ["MaterialBindingAPI"]
                )
                {
                    float3[] extent = [(-0.007, -0.008, -0.008), (0.007, 0.008, 0.008)]
                    int[] faceVertexCounts = [4, 4, 4, 4, 4, 4, 4, 4, 4, 4, 4, 4, 4, 4, 4, 4, 4, 4, 4, 4, 4, 4, 4, 4, 4, 4, 4, 4, 3, 3, 3, 3, 3, 3, 3, 3, 3, 3, 3, 3, 3, 3, 3, 3, 3, 3, 3, 3, 3, 3, 3, 3, 3, 3, 3, 3, 3, 3, 3, 3, 3, 3, 3, 3, 3, 3, 3, 3, 3, 3, 3, 3, 3, 3, 3, 3, 3, 3, 3, 3, 3, 3, 3, 3]
                    int[] faceVertexIndices = [0, 1, 29, 28, 1, 2, 30, 29, 2, 3, 31, 30, 3, 4, 32, 31, 4, 5, 33, 32, 5, 6, 34, 33, 6, 7, 35, 34, 7, 8, 36, 35, 8, 9, 37, 36, 9, 10, 38, 37, 10, 11, 39, 38, 11, 12, 40, 39, 12, 13, 41, 40, 13, 14, 42, 41, 14, 15, 43, 42, 15, 16, 44, 43, 16, 17, 45, 44, 17, 18, 46, 45, 18, 19, 47, 46, 19, 20, 48, 47, 20, 21, 49, 48, 21, 22, 50, 49, 22, 23, 51, 50, 23, 24, 52, 51, 24, 25, 53, 52, 25, 26, 54, 53, 26, 27, 55, 54, 27, 0, 28, 55, 56, 1, 0, 57, 28, 29, 56, 2, 1, 57, 29, 30, 56, 3, 2, 57, 30, 31, 56, 4, 3, 57, 31, 32, 56, 5, 4, 57, 32, 33, 56, 6, 5, 57, 33, 34, 56, 7, 6, 57, 34, 35, 56, 8, 7, 57, 35, 36, 56, 9, 8, 57, 36, 37, 56, 10, 9, 57, 37, 38, 56, 11, 10, 57, 38, 39, 56, 12, 11, 57, 39, 40, 56, 13, 12, 57, 40, 41, 56, 14, 13, 57, 41, 42, 56, 15, 14, 57, 42, 43, 56, 16, 15, 57, 43, 44, 56, 17, 16, 57, 44, 45, 56, 18, 17, 57, 45, 46, 56, 19, 18, 57, 46, 47, 56, 20, 19, 57, 47, 48, 56, 21, 20, 57, 48, 49, 56, 22, 21, 57, 49, 50, 56, 23, 22, 57, 50, 51, 56, 24, 23, 57, 51, 52, 56, 25, 24, 57, 52, 53, 56, 26, 25, 57, 53, 54, 56, 27, 26, 57, 54, 55, 56, 0, 27, 57, 55, 28]
                    rel material:binding = </World/Looks/Hous>
                    normal3f[] normals = [(0, 1, 0), (0, 0.9749279, 0.22252093), (0, 0.9749279, 0.22252093), (0, 1, 0), (0, 0.9749279, 0.22252093), (0, 0.90096885, 0.43388373), (0, 0.90096885, 0.43388373), (0, 0.9749279, 0.22252093), (0, 0.90096885, 0.43388373), (0, 0.7818315, 0.6234898), (0, 0.7818315, 0.6234898), (0, 0.90096885, 0.43388373), (0, 0.7818315, 0.6234898), (0, 0.6234898, 0.7818315), (0, 0.6234898, 0.7818315), (0, 0.7818315, 0.6234898), (0, 0.6234898, 0.7818315), (0, 0.43388373, 0.90096885), (0, 0.43388373, 0.90096885), (0, 0.6234898, 0.7818315), (0, 0.43388373, 0.90096885), (0, 0.22252093, 0.9749279), (0, 0.22252093, 0.9749279), (0, 0.43388373, 0.90096885), (0, 0.22252093, 0.9749279), (0, 6.123234e-17, 1), (0, 6.123234e-17, 1), (0, 0.22252093, 0.9749279), (0, 6.123234e-17, 1), (0, -0.22252093, 0.9749279), (0, -0.22252093, 0.9749279), (0, 6.123234e-17, 1), (0, -0.22252093, 0.9749279), (0, -0.43388373, 0.90096885), (0, -0.43388373, 0.90096885), (0, -0.22252093, 0.9749279), (0, -0.43388373, 0.90096885), (0, -0.6234898, 0.7818315), (0, -0.6234898, 0.7818315), (0, -0.43388373, 0.90096885), (0, -0.6234898, 0.7818315), (0, -0.7818315, 0.6234898), (0, -0.7818315, 0.6234898), (0, -0.6234898, 0.7818315), (0, -0.7818315, 0.6234898), (0, -0.90096885, 0.43388373), (0, -0.90096885, 0.43388373), (0, -0.7818315, 0.6234898), (0, -0.90096885, 0.43388373), (0, -0.9749279, 0.22252093), (0, -0.9749279, 0.22252093), (0, -0.90096885, 0.43388373), (0, -0.9749279, 0.22252093), (0, -1, 1.2246469e-16), (0, -1, 1.2246469e-16), (0, -0.9749279, 0.22252093), (0, -1, 1.2246469e-16), (0, -0.9749279, -0.22252093), (0, -0.9749279, -0.22252093), (0, -1, 1.2246469e-16), (0, -0.9749279, -0.22252093), (0, -0.90096885, -0.43388373), (0, -0.90096885, -0.43388373), (0, -0.9749279, -0.22252093), (0, -0.90096885, -0.43388373), (0, -0.7818315, -0.6234898), (0, -0.7818315, -0.6234898), (0, -0.90096885, -0.43388373), (0, -0.7818315, -0.6234898), (0, -0.6234898, -0.7818315), (0, -0.6234898, -0.7818315), (0, -0.7818315, -0.6234898), (0, -0.6234898, -0.7818315), (0, -0.43388373, -0.90096885), (0, -0.43388373, -0.90096885), (0, -0.6234898, -0.7818315), (0, -0.43388373, -0.90096885), (0, -0.22252093, -0.9749279), (0, -0.22252093, -0.9749279), (0, -0.43388373, -0.90096885), (0, -0.22252093, -0.9749279), (0, -1.8369701e-16, -1), (0, -1.8369701e-16, -1), (0, -0.22252093, -0.9749279), (0, -1.8369701e-16, -1), (0, 0.22252093, -0.9749279), (0, 0.22252093, -0.9749279), (0, -1.8369701e-16, -1), (0, 0.22252093, -0.9749279), (0, 0.43388373, -0.90096885), (0, 0.43388373, -0.90096885), (0, 0.22252093, -0.9749279), (0, 0.43388373, -0.90096885), (0, 0.6234898, -0.7818315), (0, 0.6234898, -0.7818315), (0, 0.43388373, -0.90096885), (0, 0.6234898, -0.7818315), (0, 0.7818315, -0.6234898), (0, 0.7818315, -0.6234898), (0, 0.6234898, -0.7818315), (0, 0.7818315, -0.6234898), (0, 0.90096885, -0.43388373), (0, 0.90096885, -0.43388373), (0, 0.7818315, -0.6234898), (0, 0.90096885, -0.43388373), (0, 0.9749279, -0.22252093), (0, 0.9749279, -0.22252093), (0, 0.90096885, -0.43388373), (0, 0.9749279, -0.22252093), (0, 1, 0), (0, 1, 0), (0, 0.9749279, -0.22252093), (-1, 0, 0), (-1, 0, 0), (-1, 0, 0), (1, 0, 0), (1, 0, 0), (1, 0, 0), (-1, 0, 0), (-1, 0, 0), (-1, 0, 0), (1, 0, 0), (1, 0, 0), (1, 0, 0), (-1, 0, 0), (-1, 0, 0), (-1, 0, 0), (1, 0, 0), (1, 0, 0), (1, 0, 0), (-1, 0, 0), (-1, 0, 0), (-1, 0, 0), (1, 0, 0), (1, 0, 0), (1, 0, 0), (-1, 0, 0), (-1, 0, 0), (-1, 0, 0), (1, 0, 0), (1, 0, 0), (1, 0, 0), (-1, 0, 0), (-1, 0, 0), (-1, 0, 0), (1, 0, 0), (1, 0, 0), (1, 0, 0), (-1, 0, 0), (-1, 0, 0), (-1, 0, 0), (1, 0, 0), (1, 0, 0), (1, 0, 0), (-1, 0, 0), (-1, 0, 0), (-1, 0, 0), (1, 0, 0), (1, 0, 0), (1, 0, 0), (-1, 0, 0), (-1, 0, 0), (-1, 0, 0), (1, 0, 0), (1, 0, 0), (1, 0, 0), (-1, 0, 0), (-1, 0, 0), (-1, 0, 0), (1, 0, 0), (1, 0, 0), (1, 0, 0), (-1, 0, 0), (-1, 0, 0), (-1, 0, 0), (1, 0, 0), (1, 0, 0), (1, 0, 0), (-1, 0, 0), (-1, 0, 0), (-1, 0, 0), (1, 0, 0), (1, 0, 0), (1, 0, 0), (-1, 0, 0), (-1, 0, 0), (-1, 0, 0), (1, 0, 0), (1, 0, 0), (1, 0, 0), (-1, 0, 0), (-1, 0, 0), (-1, 0, 0), (1, 0, 0), (1, 0, 0), (1, 0, 0), (-1, 0, 0), (-1, 0, 0), (-1, 0, 0), (1, 0, 0), (1, 0, 0), (1, 0, 0), (-1, 0, 0), (-1, 0, 0), (-1, 0, 0), (1, 0, 0), (1, 0, 0), (1, 0, 0), (-1, 0, 0), (-1, 0, 0), (-1, 0, 0), (1, 0, 0), (1, 0, 0), (1, 0, 0), (-1, 0, 0), (-1, 0, 0), (-1, 0, 0), (1, 0, 0), (1, 0, 0), (1, 0, 0), (-1, 0, 0), (-1, 0, 0), (-1, 0, 0), (1, 0, 0), (1, 0, 0), (1, 0, 0), (-1, 0, 0), (-1, 0, 0), (-1, 0, 0), (1, 0, 0), (1, 0, 0), (1, 0, 0), (-1, 0, 0), (-1, 0, 0), (-1, 0, 0), (1, 0, 0), (1, 0, 0), (1, 0, 0), (-1, 0, 0), (-1, 0, 0), (-1, 0, 0), (1, 0, 0), (1, 0, 0), (1, 0, 0), (-1, 0, 0), (-1, 0, 0), (-1, 0, 0), (1, 0, 0), (1, 0, 0), (1, 0, 0), (-1, 0, 0), (-1, 0, 0), (-1, 0, 0), (1, 0, 0), (1, 0, 0), (1, 0, 0), (-1, 0, 0), (-1, 0, 0), (-1, 0, 0), (1, 0, 0), (1, 0, 0), (1, 0, 0), (-1, 0, 0), (-1, 0, 0), (-1, 0, 0), (1, 0, 0), (1, 0, 0), (1, 0, 0), (-1, 0, 0), (-1, 0, 0), (-1, 0, 0), (1, 0, 0), (1, 0, 0), (1, 0, 0), (-1, 0, 0), (-1, 0, 0), (-1, 0, 0), (1, 0, 0), (1, 0, 0), (1, 0, 0)] (
                        interpolation = "faceVarying"
                    )
                    point3f[] points = [(-0.007, 0.008, 0), (-0.007, 0.0077994233, 0.0017801675), (-0.007, 0.007207751, 0.00347107), (-0.007, 0.006254652, 0.0049879183), (-0.007, 0.0049879183, 0.006254652), (-0.007, 0.00347107, 0.007207751), (-0.007, 0.0017801675, 0.0077994233), (-0.007, 4.8985874e-19, 0.008), (-0.007, -0.0017801675, 0.0077994233), (-0.007, -0.00347107, 0.007207751), (-0.007, -0.0049879183, 0.006254652), (-0.007, -0.006254652, 0.0049879183), (-0.007, -0.007207751, 0.00347107), (-0.007, -0.0077994233, 0.0017801675), (-0.007, -0.008, 9.797175e-19), (-0.007, -0.0077994233, -0.0017801675), (-0.007, -0.007207751, -0.00347107), (-0.007, -0.006254652, -0.0049879183), (-0.007, -0.0049879183, -0.006254652), (-0.007, -0.00347107, -0.007207751), (-0.007, -0.0017801675, -0.0077994233), (-0.007, -1.4695761e-18, -0.008), (-0.007, 0.0017801675, -0.0077994233), (-0.007, 0.00347107, -0.007207751), (-0.007, 0.0049879183, -0.006254652), (-0.007, 0.006254652, -0.0049879183), (-0.007, 0.007207751, -0.00347107), (-0.007, 0.0077994233, -0.0017801675), (0.007, 0.008, 0), (0.007, 0.0077994233, 0.0017801675), (0.007, 0.007207751, 0.00347107), (0.007, 0.006254652, 0.0049879183), (0.007, 0.0049879183, 0.006254652), (0.007, 0.00347107, 0.007207751), (0.007, 0.0017801675, 0.0077994233), (0.007, 4.8985874e-19, 0.008), (0.007, -0.0017801675, 0.0077994233), (0.007, -0.00347107, 0.007207751), (0.007, -0.0049879183, 0.006254652), (0.007, -0.006254652, 0.0049879183), (0.007, -0.007207751, 0.00347107), (0.007, -0.0077994233, 0.0017801675), (0.007, -0.008, 9.797175e-19), (0.007, -0.0077994233, -0.0017801675), (0.007, -0.007207751, -0.00347107), (0.007, -0.006254652, -0.0049879183), (0.007, -0.0049879183, -0.006254652), (0.007, -0.00347107, -0.007207751), (0.007, -0.0017801675, -0.0077994233), (0.007, -1.4695761e-18, -0.008), (0.007, 0.0017801675, -0.0077994233), (0.007, 0.00347107, -0.007207751), (0.007, 0.0049879183, -0.006254652), (0.007, 0.006254652, -0.0049879183), (0.007, 0.007207751, -0.00347107), (0.007, 0.0077994233, -0.0017801675), (-0.007, 0, 0), (0.007, 0, 0)]
                    uniform token subdivisionScheme = "none"
                }
            }

            def Cube "Web" (
                prepend apiSchemas = ["MaterialBindingAPI"]
            )
            {
                float3[] extent = [(-0.5, -0.5, -0.5), (0.5, 0.5, 0.5)]
                rel material:binding = </World/Looks/Drum>
                double size = 1
                matrix4d xformOp:transform = ( (0.008, 0, 0, 0), (0, 0.047, 0, 0), (0, 0, 0.016, 0), (-0.036000000000000004, 0, 0, 1) )
                uniform token[] xformOpOrder = ["xformOp:transform"]
            }
        }

        def Xform "DF_A0_Arm" (
            prepend apiSchemas = ["PhysicsRigidBodyAPI", "PhysicsMassAPI"]
        )
        {
            float physics:mass = 0.035
            matrix4d xformOp:transform = ( (0, 1, 0, 0), (0, -0, 1, 0), (1, 0, 0, 0), (0.114, 0.04, 0, 1) )
            uniform token[] xformOpOrder = ["xformOp:transform"]

            def Mesh "Rod" (
                prepend apiSchemas = ["MaterialBindingAPI"]
            )
            {
                float3[] extent = [(-0.03, -0.005, -0.005), (-0.014, 0.005, 0.005)]
                int[] faceVertexCounts = [4, 4, 4, 4, 4, 4, 4, 4, 4, 4, 4, 4, 4, 4, 4, 4, 4, 4, 4, 4, 4, 4, 4, 4, 4, 4, 4, 4, 3, 3, 3, 3, 3, 3, 3, 3, 3, 3, 3, 3, 3, 3, 3, 3, 3, 3, 3, 3, 3, 3, 3, 3, 3, 3, 3, 3, 3, 3, 3, 3, 3, 3, 3, 3, 3, 3, 3, 3, 3, 3, 3, 3, 3, 3, 3, 3, 3, 3, 3, 3, 3, 3, 3, 3]
                int[] faceVertexIndices = [0, 1, 29, 28, 1, 2, 30, 29, 2, 3, 31, 30, 3, 4, 32, 31, 4, 5, 33, 32, 5, 6, 34, 33, 6, 7, 35, 34, 7, 8, 36, 35, 8, 9, 37, 36, 9, 10, 38, 37, 10, 11, 39, 38, 11, 12, 40, 39, 12, 13, 41, 40, 13, 14, 42, 41, 14, 15, 43, 42, 15, 16, 44, 43, 16, 17, 45, 44, 17, 18, 46, 45, 18, 19, 47, 46, 19, 20, 48, 47, 20, 21, 49, 48, 21, 22, 50, 49, 22, 23, 51, 50, 23, 24, 52, 51, 24, 25, 53, 52, 25, 26, 54, 53, 26, 27, 55, 54, 27, 0, 28, 55, 56, 1, 0, 57, 28, 29, 56, 2, 1, 57, 29, 30, 56, 3, 2, 57, 30, 31, 56, 4, 3, 57, 31, 32, 56, 5, 4, 57, 32, 33, 56, 6, 5, 57, 33, 34, 56, 7, 6, 57, 34, 35, 56, 8, 7, 57, 35, 36, 56, 9, 8, 57, 36, 37, 56, 10, 9, 57, 37, 38, 56, 11, 10, 57, 38, 39, 56, 12, 11, 57, 39, 40, 56, 13, 12, 57, 40, 41, 56, 14, 13, 57, 41, 42, 56, 15, 14, 57, 42, 43, 56, 16, 15, 57, 43, 44, 56, 17, 16, 57, 44, 45, 56, 18, 17, 57, 45, 46, 56, 19, 18, 57, 46, 47, 56, 20, 19, 57, 47, 48, 56, 21, 20, 57, 48, 49, 56, 22, 21, 57, 49, 50, 56, 23, 22, 57, 50, 51, 56, 24, 23, 57, 51, 52, 56, 25, 24, 57, 52, 53, 56, 26, 25, 57, 53, 54, 56, 27, 26, 57, 54, 55, 56, 0, 27, 57, 55, 28]
                rel material:binding = </World/Looks/Rod>
                normal3f[] normals = [(0, 1, 0), (0, 0.9749279, 0.22252093), (0, 0.9749279, 0.22252093), (0, 1, 0), (0, 0.9749279, 0.22252093), (0, 0.90096885, 0.43388373), (0, 0.90096885, 0.43388373), (0, 0.9749279, 0.22252093), (0, 0.90096885, 0.43388373), (0, 0.7818315, 0.6234898), (0, 0.7818315, 0.6234898), (0, 0.90096885, 0.43388373), (0, 0.7818315, 0.6234898), (0, 0.6234898, 0.7818315), (0, 0.6234898, 0.7818315), (0, 0.7818315, 0.6234898), (0, 0.6234898, 0.7818315), (0, 0.43388373, 0.90096885), (0, 0.43388373, 0.90096885), (0, 0.6234898, 0.7818315), (0, 0.43388373, 0.90096885), (0, 0.22252093, 0.9749279), (0, 0.22252093, 0.9749279), (0, 0.43388373, 0.90096885), (0, 0.22252093, 0.9749279), (0, 6.123234e-17, 1), (0, 6.123234e-17, 1), (0, 0.22252093, 0.9749279), (0, 6.123234e-17, 1), (0, -0.22252093, 0.9749279), (0, -0.22252093, 0.9749279), (0, 6.123234e-17, 1), (0, -0.22252093, 0.9749279), (0, -0.43388373, 0.90096885), (0, -0.43388373, 0.90096885), (0, -0.22252093, 0.9749279), (0, -0.43388373, 0.90096885), (0, -0.6234898, 0.7818315), (0, -0.6234898, 0.7818315), (0, -0.43388373, 0.90096885), (0, -0.6234898, 0.7818315), (0, -0.7818315, 0.6234898), (0, -0.7818315, 0.6234898), (0, -0.6234898, 0.7818315), (0, -0.7818315, 0.6234898), (0, -0.90096885, 0.43388373), (0, -0.90096885, 0.43388373), (0, -0.7818315, 0.6234898), (0, -0.90096885, 0.43388373), (0, -0.9749279, 0.22252093), (0, -0.9749279, 0.22252093), (0, -0.90096885, 0.43388373), (0, -0.9749279, 0.22252093), (0, -1, 1.2246469e-16), (0, -1, 1.2246469e-16), (0, -0.9749279, 0.22252093), (0, -1, 1.2246469e-16), (0, -0.9749279, -0.22252093), (0, -0.9749279, -0.22252093), (0, -1, 1.2246469e-16), (0, -0.9749279, -0.22252093), (0, -0.90096885, -0.43388373), (0, -0.90096885, -0.43388373), (0, -0.9749279, -0.22252093), (0, -0.90096885, -0.43388373), (0, -0.7818315, -0.6234898), (0, -0.7818315, -0.6234898), (0, -0.90096885, -0.43388373), (0, -0.7818315, -0.6234898), (0, -0.6234898, -0.7818315), (0, -0.6234898, -0.7818315), (0, -0.7818315, -0.6234898), (0, -0.6234898, -0.7818315), (0, -0.43388373, -0.90096885), (0, -0.43388373, -0.90096885), (0, -0.6234898, -0.7818315), (0, -0.43388373, -0.90096885), (0, -0.22252093, -0.9749279), (0, -0.22252093, -0.9749279), (0, -0.43388373, -0.90096885), (0, -0.22252093, -0.9749279), (0, -1.8369701e-16, -1), (0, -1.8369701e-16, -1), (0, -0.22252093, -0.9749279), (0, -1.8369701e-16, -1), (0, 0.22252093, -0.9749279), (0, 0.22252093, -0.9749279), (0, -1.8369701e-16, -1), (0, 0.22252093, -0.9749279), (0, 0.43388373, -0.90096885), (0, 0.43388373, -0.90096885), (0, 0.22252093, -0.9749279), (0, 0.43388373, -0.90096885), (0, 0.6234898, -0.7818315), (0, 0.6234898, -0.7818315), (0, 0.43388373, -0.90096885), (0, 0.6234898, -0.7818315), (0, 0.7818315, -0.6234898), (0, 0.7818315, -0.6234898), (0, 0.6234898, -0.7818315), (0, 0.7818315, -0.6234898), (0, 0.90096885, -0.43388373), (0, 0.90096885, -0.43388373), (0, 0.7818315, -0.6234898), (0, 0.90096885, -0.43388373), (0, 0.9749279, -0.22252093), (0, 0.9749279, -0.22252093), (0, 0.90096885, -0.43388373), (0, 0.9749279, -0.22252093), (0, 1, 0), (0, 1, 0), (0, 0.9749279, -0.22252093), (-1, 0, 0), (-1, 0, 0), (-1, 0, 0), (1, 0, 0), (1, 0, 0), (1, 0, 0), (-1, 0, 0), (-1, 0, 0), (-1, 0, 0), (1, 0, 0), (1, 0, 0), (1, 0, 0), (-1, 0, 0), (-1, 0, 0), (-1, 0, 0), (1, 0, 0), (1, 0, 0), (1, 0, 0), (-1, 0, 0), (-1, 0, 0), (-1, 0, 0), (1, 0, 0), (1, 0, 0), (1, 0, 0), (-1, 0, 0), (-1, 0, 0), (-1, 0, 0), (1, 0, 0), (1, 0, 0), (1, 0, 0), (-1, 0, 0), (-1, 0, 0), (-1, 0, 0), (1, 0, 0), (1, 0, 0), (1, 0, 0), (-1, 0, 0), (-1, 0, 0), (-1, 0, 0), (1, 0, 0), (1, 0, 0), (1, 0, 0), (-1, 0, 0), (-1, 0, 0), (-1, 0, 0), (1, 0, 0), (1, 0, 0), (1, 0, 0), (-1, 0, 0), (-1, 0, 0), (-1, 0, 0), (1, 0, 0), (1, 0, 0), (1, 0, 0), (-1, 0, 0), (-1, 0, 0), (-1, 0, 0), (1, 0, 0), (1, 0, 0), (1, 0, 0), (-1, 0, 0), (-1, 0, 0), (-1, 0, 0), (1, 0, 0), (1, 0, 0), (1, 0, 0), (-1, 0, 0), (-1, 0, 0), (-1, 0, 0), (1, 0, 0), (1, 0, 0), (1, 0, 0), (-1, 0, 0), (-1, 0, 0), (-1, 0, 0), (1, 0, 0), (1, 0, 0), (1, 0, 0), (-1, 0, 0), (-1, 0, 0), (-1, 0, 0), (1, 0, 0), (1, 0, 0), (1, 0, 0), (-1, 0, 0), (-1, 0, 0), (-1, 0, 0), (1, 0, 0), (1, 0, 0), (1, 0, 0), (-1, 0, 0), (-1, 0, 0), (-1, 0, 0), (1, 0, 0), (1, 0, 0), (1, 0, 0), (-1, 0, 0), (-1, 0, 0), (-1, 0, 0), (1, 0, 0), (1, 0, 0), (1, 0, 0), (-1, 0, 0), (-1, 0, 0), (-1, 0, 0), (1, 0, 0), (1, 0, 0), (1, 0, 0), (-1, 0, 0), (-1, 0, 0), (-1, 0, 0), (1, 0, 0), (1, 0, 0), (1, 0, 0), (-1, 0, 0), (-1, 0, 0), (-1, 0, 0), (1, 0, 0), (1, 0, 0), (1, 0, 0), (-1, 0, 0), (-1, 0, 0), (-1, 0, 0), (1, 0, 0), (1, 0, 0), (1, 0, 0), (-1, 0, 0), (-1, 0, 0), (-1, 0, 0), (1, 0, 0), (1, 0, 0), (1, 0, 0), (-1, 0, 0), (-1, 0, 0), (-1, 0, 0), (1, 0, 0), (1, 0, 0), (1, 0, 0), (-1, 0, 0), (-1, 0, 0), (-1, 0, 0), (1, 0, 0), (1, 0, 0), (1, 0, 0), (-1, 0, 0), (-1, 0, 0), (-1, 0, 0), (1, 0, 0), (1, 0, 0), (1, 0, 0), (-1, 0, 0), (-1, 0, 0), (-1, 0, 0), (1, 0, 0), (1, 0, 0), (1, 0, 0), (-1, 0, 0), (-1, 0, 0), (-1, 0, 0), (1, 0, 0), (1, 0, 0), (1, 0, 0), (-1, 0, 0), (-1, 0, 0), (-1, 0, 0), (1, 0, 0), (1, 0, 0), (1, 0, 0)] (
                    interpolation = "faceVarying"
                )
                point3f[] points = [(-0.03, 0.005, 0), (-0.03, 0.0048746397, 0.0011126046), (-0.03, 0.0045048445, 0.0021694186), (-0.03, 0.0039091576, 0.003117449), (-0.03, 0.003117449, 0.0039091576), (-0.03, 0.0021694186, 0.0045048445), (-0.03, 0.0011126046, 0.0048746397), (-0.03, 3.061617e-19, 0.005), (-0.03, -0.0011126046, 0.0048746397), (-0.03, -0.0021694186, 0.0045048445), (-0.03, -0.003117449, 0.0039091576), (-0.03, -0.0039091576, 0.003117449), (-0.03, -0.0045048445, 0.0021694186), (-0.03, -0.0048746397, 0.0011126046), (-0.03, -0.005, 6.123234e-19), (-0.03, -0.0048746397, -0.0011126046), (-0.03, -0.0045048445, -0.0021694186), (-0.03, -0.0039091576, -0.003117449), (-0.03, -0.003117449, -0.0039091576), (-0.03, -0.0021694186, -0.0045048445), (-0.03, -0.0011126046, -0.0048746397), (-0.03, -9.184851e-19, -0.005), (-0.03, 0.0011126046, -0.0048746397), (-0.03, 0.0021694186, -0.0045048445), (-0.03, 0.003117449, -0.0039091576), (-0.03, 0.0039091576, -0.003117449), (-0.03, 0.0045048445, -0.0021694186), (-0.03, 0.0048746397, -0.0011126046), (-0.014, 0.005, 0), (-0.014, 0.0048746397, 0.0011126046), (-0.014, 0.0045048445, 0.0021694186), (-0.014, 0.0039091576, 0.003117449), (-0.014, 0.003117449, 0.0039091576), (-0.014, 0.0021694186, 0.0045048445), (-0.014, 0.0011126046, 0.0048746397), (-0.014, 3.061617e-19, 0.005), (-0.014, -0.0011126046, 0.0048746397), (-0.014, -0.0021694186, 0.0045048445), (-0.014, -0.003117449, 0.0039091576), (-0.014, -0.0039091576, 0.003117449), (-0.014, -0.0045048445, 0.0021694186), (-0.014, -0.0048746397, 0.0011126046), (-0.014, -0.005, 6.123234e-19), (-0.014, -0.0048746397, -0.0011126046), (-0.014, -0.0045048445, -0.0021694186), (-0.014, -0.0039091576, -0.003117449), (-0.014, -0.003117449, -0.0039091576), (-0.014, -0.0021694186, -0.0045048445), (-0.014, -0.0011126046, -0.0048746397), (-0.014, -9.184851e-19, -0.005), (-0.014, 0.0011126046, -0.0048746397), (-0.014, 0.0021694186, -0.0045048445), (-0.014, 0.003117449, -0.0039091576), (-0.014, 0.0039091576, -0.003117449), (-0.014, 0.0045048445, -0.0021694186), (-0.014, 0.0048746397, -0.0011126046), (-0.03, 0, 0), (-0.014, 0, 0)]
                uniform token subdivisionScheme = "none"
            }

            def Cube "Yoke" (
                prepend apiSchemas = ["MaterialBindingAPI"]
            )
            {
                float3[] extent = [(-0.5, -0.5, -0.5), (0.5, 0.5, 0.5)]
                rel material:binding = </World/Looks/Fork>
                double size = 1
                matrix4d xformOp:transform = ( (0.0033, 0, 0, 0), (0, 0.023, 0, 0), (0, 0, 0.011, 0), (-0.012650000000000002, 0, 0, 1) )
                uniform token[] xformOpOrder = ["xformOp:transform"]
            }

            def Cube "ForkL" (
                prepend apiSchemas = ["MaterialBindingAPI"]
            )
            {
                float3[] extent = [(-0.5, -0.5, -0.5), (0.5, 0.5, 0.5)]
                rel material:binding = </World/Looks/Fork>
                double size = 1
                matrix4d xformOp:transform = ( (0.014, 0, 0, 0), (0, 0.003, 0, 0), (0, 0, 0.011, 0), (-0.007, 0.01, 0, 1) )
                uniform token[] xformOpOrder = ["xformOp:transform"]
            }

            def Cube "ForkR" (
                prepend apiSchemas = ["MaterialBindingAPI"]
            )
            {
                float3[] extent = [(-0.5, -0.5, -0.5), (0.5, 0.5, 0.5)]
                rel material:binding = </World/Looks/Fork>
                double size = 1
                matrix4d xformOp:transform = ( (0.014, 0, 0, 0), (0, 0.003, 0, 0), (0, 0, 0.011, 0), (-0.007, -0.01, 0, 1) )
                uniform token[] xformOpOrder = ["xformOp:transform"]
            }

            def Mesh "Axle" (
                prepend apiSchemas = ["MaterialBindingAPI"]
            )
            {
                float3[] extent = [(-0.0025, -0.0115, -0.0025), (0.0025, 0.0115, 0.0025)]
                int[] faceVertexCounts = [4, 4, 4, 4, 4, 4, 4, 4, 4, 4, 4, 4, 4, 4, 4, 4, 4, 4, 4, 4, 4, 4, 4, 4, 4, 4, 4, 4, 3, 3, 3, 3, 3, 3, 3, 3, 3, 3, 3, 3, 3, 3, 3, 3, 3, 3, 3, 3, 3, 3, 3, 3, 3, 3, 3, 3, 3, 3, 3, 3, 3, 3, 3, 3, 3, 3, 3, 3, 3, 3, 3, 3, 3, 3, 3, 3, 3, 3, 3, 3, 3, 3, 3, 3]
                int[] faceVertexIndices = [0, 1, 29, 28, 1, 2, 30, 29, 2, 3, 31, 30, 3, 4, 32, 31, 4, 5, 33, 32, 5, 6, 34, 33, 6, 7, 35, 34, 7, 8, 36, 35, 8, 9, 37, 36, 9, 10, 38, 37, 10, 11, 39, 38, 11, 12, 40, 39, 12, 13, 41, 40, 13, 14, 42, 41, 14, 15, 43, 42, 15, 16, 44, 43, 16, 17, 45, 44, 17, 18, 46, 45, 18, 19, 47, 46, 19, 20, 48, 47, 20, 21, 49, 48, 21, 22, 50, 49, 22, 23, 51, 50, 23, 24, 52, 51, 24, 25, 53, 52, 25, 26, 54, 53, 26, 27, 55, 54, 27, 0, 28, 55, 56, 1, 0, 57, 28, 29, 56, 2, 1, 57, 29, 30, 56, 3, 2, 57, 30, 31, 56, 4, 3, 57, 31, 32, 56, 5, 4, 57, 32, 33, 56, 6, 5, 57, 33, 34, 56, 7, 6, 57, 34, 35, 56, 8, 7, 57, 35, 36, 56, 9, 8, 57, 36, 37, 56, 10, 9, 57, 37, 38, 56, 11, 10, 57, 38, 39, 56, 12, 11, 57, 39, 40, 56, 13, 12, 57, 40, 41, 56, 14, 13, 57, 41, 42, 56, 15, 14, 57, 42, 43, 56, 16, 15, 57, 43, 44, 56, 17, 16, 57, 44, 45, 56, 18, 17, 57, 45, 46, 56, 19, 18, 57, 46, 47, 56, 20, 19, 57, 47, 48, 56, 21, 20, 57, 48, 49, 56, 22, 21, 57, 49, 50, 56, 23, 22, 57, 50, 51, 56, 24, 23, 57, 51, 52, 56, 25, 24, 57, 52, 53, 56, 26, 25, 57, 53, 54, 56, 27, 26, 57, 54, 55, 56, 0, 27, 57, 55, 28]
                rel material:binding = </World/Looks/Axle>
                normal3f[] normals = [(0, 0, 1), (0.22252093, 0, 0.9749279), (0.22252093, 0, 0.9749279), (0, 0, 1), (0.22252093, 0, 0.9749279), (0.43388373, 0, 0.90096885), (0.43388373, 0, 0.90096885), (0.22252093, 0, 0.9749279), (0.43388373, 0, 0.90096885), (0.6234898, 0, 0.7818315), (0.6234898, 0, 0.7818315), (0.43388373, 0, 0.90096885), (0.6234898, 0, 0.7818315), (0.7818315, 0, 0.6234898), (0.7818315, 0, 0.6234898), (0.6234898, 0, 0.7818315), (0.7818315, 0, 0.6234898), (0.90096885, 0, 0.43388373), (0.90096885, 0, 0.43388373), (0.7818315, 0, 0.6234898), (0.90096885, 0, 0.43388373), (0.9749279, 0, 0.22252093), (0.9749279, 0, 0.22252093), (0.90096885, 0, 0.43388373), (0.9749279, 0, 0.22252093), (1, 0, 6.123234e-17), (1, 0, 6.123234e-17), (0.9749279, 0, 0.22252093), (1, 0, 6.123234e-17), (0.9749279, 0, -0.22252093), (0.9749279, 0, -0.22252093), (1, 0, 6.123234e-17), (0.9749279, 0, -0.22252093), (0.90096885, 0, -0.43388373), (0.90096885, 0, -0.43388373), (0.9749279, 0, -0.22252093), (0.90096885, 0, -0.43388373), (0.7818315, 0, -0.6234898), (0.7818315, 0, -0.6234898), (0.90096885, 0, -0.43388373), (0.7818315, 0, -0.6234898), (0.6234898, 0, -0.7818315), (0.6234898, 0, -0.7818315), (0.7818315, 0, -0.6234898), (0.6234898, 0, -0.7818315), (0.43388373, 0, -0.90096885), (0.43388373, 0, -0.90096885), (0.6234898, 0, -0.7818315), (0.43388373, 0, -0.90096885), (0.22252093, 0, -0.9749279), (0.22252093, 0, -0.9749279), (0.43388373, 0, -0.90096885), (0.22252093, 0, -0.9749279), (1.2246469e-16, 0, -1), (1.2246469e-16, 0, -1), (0.22252093, 0, -0.9749279), (1.2246469e-16, 0, -1), (-0.22252093, 0, -0.9749279), (-0.22252093, 0, -0.9749279), (1.2246469e-16, 0, -1), (-0.22252093, 0, -0.9749279), (-0.43388373, 0, -0.90096885), (-0.43388373, 0, -0.90096885), (-0.22252093, 0, -0.9749279), (-0.43388373, 0, -0.90096885), (-0.6234898, 0, -0.7818315), (-0.6234898, 0, -0.7818315), (-0.43388373, 0, -0.90096885), (-0.6234898, 0, -0.7818315), (-0.7818315, 0, -0.6234898), (-0.7818315, 0, -0.6234898), (-0.6234898, 0, -0.7818315), (-0.7818315, 0, -0.6234898), (-0.90096885, 0, -0.43388373), (-0.90096885, 0, -0.43388373), (-0.7818315, 0, -0.6234898), (-0.90096885, 0, -0.43388373), (-0.9749279, 0, -0.22252093), (-0.9749279, 0, -0.22252093), (-0.90096885, 0, -0.43388373), (-0.9749279, 0, -0.22252093), (-1, 0, -1.8369701e-16), (-1, 0, -1.8369701e-16), (-0.9749279, 0, -0.22252093), (-1, 0, -1.8369701e-16), (-0.9749279, 0, 0.22252093), (-0.9749279, 0, 0.22252093), (-1, 0, -1.8369701e-16), (-0.9749279, 0, 0.22252093), (-0.90096885, 0, 0.43388373), (-0.90096885, 0, 0.43388373), (-0.9749279, 0, 0.22252093), (-0.90096885, 0, 0.43388373), (-0.7818315, 0, 0.6234898), (-0.7818315, 0, 0.6234898), (-0.90096885, 0, 0.43388373), (-0.7818315, 0, 0.6234898), (-0.6234898, 0, 0.7818315), (-0.6234898, 0, 0.7818315), (-0.7818315, 0, 0.6234898), (-0.6234898, 0, 0.7818315), (-0.43388373, 0, 0.90096885), (-0.43388373, 0, 0.90096885), (-0.6234898, 0, 0.7818315), (-0.43388373, 0, 0.90096885), (-0.22252093, 0, 0.9749279), (-0.22252093, 0, 0.9749279), (-0.43388373, 0, 0.90096885), (-0.22252093, 0, 0.9749279), (0, 0, 1), (0, 0, 1), (-0.22252093, 0, 0.9749279), (0, -1, 0), (0, -1, 0), (0, -1, 0), (0, 1, 0), (0, 1, 0), (0, 1, 0), (0, -1, 0), (0, -1, 0), (0, -1, 0), (0, 1, 0), (0, 1, 0), (0, 1, 0), (0, -1, 0), (0, -1, 0), (0, -1, 0), (0, 1, 0), (0, 1, 0), (0, 1, 0), (0, -1, 0), (0, -1, 0), (0, -1, 0), (0, 1, 0), (0, 1, 0), (0, 1, 0), (0, -1, 0), (0, -1, 0), (0, -1, 0), (0, 1, 0), (0, 1, 0), (0, 1, 0), (0, -1, 0), (0, -1, 0), (0, -1, 0), (0, 1, 0), (0, 1, 0), (0, 1, 0), (0, -1, 0), (0, -1, 0), (0, -1, 0), (0, 1, 0), (0, 1, 0), (0, 1, 0), (0, -1, 0), (0, -1, 0), (0, -1, 0), (0, 1, 0), (0, 1, 0), (0, 1, 0), (0, -1, 0), (0, -1, 0), (0, -1, 0), (0, 1, 0), (0, 1, 0), (0, 1, 0), (0, -1, 0), (0, -1, 0), (0, -1, 0), (0, 1, 0), (0, 1, 0), (0, 1, 0), (0, -1, 0), (0, -1, 0), (0, -1, 0), (0, 1, 0), (0, 1, 0), (0, 1, 0), (0, -1, 0), (0, -1, 0), (0, -1, 0), (0, 1, 0), (0, 1, 0), (0, 1, 0), (0, -1, 0), (0, -1, 0), (0, -1, 0), (0, 1, 0), (0, 1, 0), (0, 1, 0), (0, -1, 0), (0, -1, 0), (0, -1, 0), (0, 1, 0), (0, 1, 0), (0, 1, 0), (0, -1, 0), (0, -1, 0), (0, -1, 0), (0, 1, 0), (0, 1, 0), (0, 1, 0), (0, -1, 0), (0, -1, 0), (0, -1, 0), (0, 1, 0), (0, 1, 0), (0, 1, 0), (0, -1, 0), (0, -1, 0), (0, -1, 0), (0, 1, 0), (0, 1, 0), (0, 1, 0), (0, -1, 0), (0, -1, 0), (0, -1, 0), (0, 1, 0), (0, 1, 0), (0, 1, 0), (0, -1, 0), (0, -1, 0), (0, -1, 0), (0, 1, 0), (0, 1, 0), (0, 1, 0), (0, -1, 0), (0, -1, 0), (0, -1, 0), (0, 1, 0), (0, 1, 0), (0, 1, 0), (0, -1, 0), (0, -1, 0), (0, -1, 0), (0, 1, 0), (0, 1, 0), (0, 1, 0), (0, -1, 0), (0, -1, 0), (0, -1, 0), (0, 1, 0), (0, 1, 0), (0, 1, 0), (0, -1, 0), (0, -1, 0), (0, -1, 0), (0, 1, 0), (0, 1, 0), (0, 1, 0), (0, -1, 0), (0, -1, 0), (0, -1, 0), (0, 1, 0), (0, 1, 0), (0, 1, 0), (0, -1, 0), (0, -1, 0), (0, -1, 0), (0, 1, 0), (0, 1, 0), (0, 1, 0), (0, -1, 0), (0, -1, 0), (0, -1, 0), (0, 1, 0), (0, 1, 0), (0, 1, 0), (0, -1, 0), (0, -1, 0), (0, -1, 0), (0, 1, 0), (0, 1, 0), (0, 1, 0), (0, -1, 0), (0, -1, 0), (0, -1, 0), (0, 1, 0), (0, 1, 0), (0, 1, 0)] (
                    interpolation = "faceVarying"
                )
                point3f[] points = [(0, -0.0115, 0.0025), (0.0005563023, -0.0115, 0.0024373198), (0.0010847093, -0.0115, 0.0022524223), (0.0015587246, -0.0115, 0.0019545788), (0.0019545788, -0.0115, 0.0015587246), (0.0022524223, -0.0115, 0.0010847093), (0.0024373198, -0.0115, 0.0005563023), (0.0025, -0.0115, 1.5308085e-19), (0.0024373198, -0.0115, -0.0005563023), (0.0022524223, -0.0115, -0.0010847093), (0.0019545788, -0.0115, -0.0015587246), (0.0015587246, -0.0115, -0.0019545788), (0.0010847093, -0.0115, -0.0022524223), (0.0005563023, -0.0115, -0.0024373198), (3.061617e-19, -0.0115, -0.0025), (-0.0005563023, -0.0115, -0.0024373198), (-0.0010847093, -0.0115, -0.0022524223), (-0.0015587246, -0.0115, -0.0019545788), (-0.0019545788, -0.0115, -0.0015587246), (-0.0022524223, -0.0115, -0.0010847093), (-0.0024373198, -0.0115, -0.0005563023), (-0.0025, -0.0115, -4.5924256e-19), (-0.0024373198, -0.0115, 0.0005563023), (-0.0022524223, -0.0115, 0.0010847093), (-0.0019545788, -0.0115, 0.0015587246), (-0.0015587246, -0.0115, 0.0019545788), (-0.0010847093, -0.0115, 0.0022524223), (-0.0005563023, -0.0115, 0.0024373198), (0, 0.0115, 0.0025), (0.0005563023, 0.0115, 0.0024373198), (0.0010847093, 0.0115, 0.0022524223), (0.0015587246, 0.0115, 0.0019545788), (0.0019545788, 0.0115, 0.0015587246), (0.0022524223, 0.0115, 0.0010847093), (0.0024373198, 0.0115, 0.0005563023), (0.0025, 0.0115, 1.5308085e-19), (0.0024373198, 0.0115, -0.0005563023), (0.0022524223, 0.0115, -0.0010847093), (0.0019545788, 0.0115, -0.0015587246), (0.0015587246, 0.0115, -0.0019545788), (0.0010847093, 0.0115, -0.0022524223), (0.0005563023, 0.0115, -0.0024373198), (3.061617e-19, 0.0115, -0.0025), (-0.0005563023, 0.0115, -0.0024373198), (-0.0010847093, 0.0115, -0.0022524223), (-0.0015587246, 0.0115, -0.0019545788), (-0.0019545788, 0.0115, -0.0015587246), (-0.0022524223, 0.0115, -0.0010847093), (-0.0024373198, 0.0115, -0.0005563023), (-0.0025, 0.0115, -4.5924256e-19), (-0.0024373198, 0.0115, 0.0005563023), (-0.0022524223, 0.0115, 0.0010847093), (-0.0019545788, 0.0115, 0.0015587246), (-0.0015587246, 0.0115, 0.0019545788), (-0.0010847093, 0.0115, 0.0022524223), (-0.0005563023, 0.0115, 0.0024373198), (0, -0.0115, 0), (0, 0.0115, 0)]
                uniform token subdivisionScheme = "none"
            }
        }

        def Xform "DF_A0_Wheel" (
            apiSchemas = ["PhysicsRigidBodyAPI", "PhysicsMassAPI", "PhysxRigidBodyAPI"]
        )
        {
            point3f physics:centerOfMass = (0, 0, 0)
            float3 physics:diagonalInertia = (7e-7, 8e-7, 7e-7)
            float physics:mass = 0.025
            quatf physics:principalAxes = (1, 0, 0, 0)
            custom bool physxRigidBody:enableCCD = 1
            custom float physxRigidBody:maxLinearVelocity = 5
            matrix4d xformOp:transform = ( (0, 1, 0, 0), (0, -0, 1, 0), (1, 0, 0, 0), (0.114, 0.04, 0, 1) )
            uniform token[] xformOpOrder = ["xformOp:transform"]

            def Cylinder "WheelCollider" (
                apiSchemas = ["PhysicsCollisionAPI", "PhysxCollisionAPI", "MaterialBindingAPI"]
            )
            {
                uniform token axis = "Y"
                float3[] extent = [(-0.008, -0.006, -0.008), (0.008, 0.006, 0.008)]
                double height = 0.012
                rel material:binding:physics = </World/Looks/TyrePhys> (
                    bindMaterialAs = "weakerThanDescendants"
                )
                custom float physxCollision:contactOffset = 0.004
                custom float physxCollision:restOffset = 0
                double radius = 0.008
                token visibility = "invisible"
            }

            def Mesh "WheelVisual" (
                prepend apiSchemas = ["MaterialBindingAPI"]
            )
            {
                float3[] extent = [(-0.008, -0.006, -0.008), (0.008, 0.006, 0.008)]
                int[] faceVertexCounts = [4, 4, 4, 4, 4, 4, 4, 4, 4, 4, 4, 4, 4, 4, 4, 4, 4, 4, 4, 4, 4, 4, 4, 4, 4, 4, 4, 4, 3, 3, 3, 3, 3, 3, 3, 3, 3, 3, 3, 3, 3, 3, 3, 3, 3, 3, 3, 3, 3, 3, 3, 3, 3, 3, 3, 3, 3, 3, 3, 3, 3, 3, 3, 3, 3, 3, 3, 3, 3, 3, 3, 3, 3, 3, 3, 3, 3, 3, 3, 3, 3, 3, 3, 3]
                int[] faceVertexIndices = [0, 1, 29, 28, 1, 2, 30, 29, 2, 3, 31, 30, 3, 4, 32, 31, 4, 5, 33, 32, 5, 6, 34, 33, 6, 7, 35, 34, 7, 8, 36, 35, 8, 9, 37, 36, 9, 10, 38, 37, 10, 11, 39, 38, 11, 12, 40, 39, 12, 13, 41, 40, 13, 14, 42, 41, 14, 15, 43, 42, 15, 16, 44, 43, 16, 17, 45, 44, 17, 18, 46, 45, 18, 19, 47, 46, 19, 20, 48, 47, 20, 21, 49, 48, 21, 22, 50, 49, 22, 23, 51, 50, 23, 24, 52, 51, 24, 25, 53, 52, 25, 26, 54, 53, 26, 27, 55, 54, 27, 0, 28, 55, 56, 1, 0, 57, 28, 29, 56, 2, 1, 57, 29, 30, 56, 3, 2, 57, 30, 31, 56, 4, 3, 57, 31, 32, 56, 5, 4, 57, 32, 33, 56, 6, 5, 57, 33, 34, 56, 7, 6, 57, 34, 35, 56, 8, 7, 57, 35, 36, 56, 9, 8, 57, 36, 37, 56, 10, 9, 57, 37, 38, 56, 11, 10, 57, 38, 39, 56, 12, 11, 57, 39, 40, 56, 13, 12, 57, 40, 41, 56, 14, 13, 57, 41, 42, 56, 15, 14, 57, 42, 43, 56, 16, 15, 57, 43, 44, 56, 17, 16, 57, 44, 45, 56, 18, 17, 57, 45, 46, 56, 19, 18, 57, 46, 47, 56, 20, 19, 57, 47, 48, 56, 21, 20, 57, 48, 49, 56, 22, 21, 57, 49, 50, 56, 23, 22, 57, 50, 51, 56, 24, 23, 57, 51, 52, 56, 25, 24, 57, 52, 53, 56, 26, 25, 57, 53, 54, 56, 27, 26, 57, 54, 55, 56, 0, 27, 57, 55, 28]
                rel material:binding = </World/Looks/Wheel>
                normal3f[] normals = [(0, 0, 1), (0.22252093, 0, 0.9749279), (0.22252093, 0, 0.9749279), (0, 0, 1), (0.22252093, 0, 0.9749279), (0.43388373, 0, 0.90096885), (0.43388373, 0, 0.90096885), (0.22252093, 0, 0.9749279), (0.43388373, 0, 0.90096885), (0.6234898, 0, 0.7818315), (0.6234898, 0, 0.7818315), (0.43388373, 0, 0.90096885), (0.6234898, 0, 0.7818315), (0.7818315, 0, 0.6234898), (0.7818315, 0, 0.6234898), (0.6234898, 0, 0.7818315), (0.7818315, 0, 0.6234898), (0.90096885, 0, 0.43388373), (0.90096885, 0, 0.43388373), (0.7818315, 0, 0.6234898), (0.90096885, 0, 0.43388373), (0.9749279, 0, 0.22252093), (0.9749279, 0, 0.22252093), (0.90096885, 0, 0.43388373), (0.9749279, 0, 0.22252093), (1, 0, 6.123234e-17), (1, 0, 6.123234e-17), (0.9749279, 0, 0.22252093), (1, 0, 6.123234e-17), (0.9749279, 0, -0.22252093), (0.9749279, 0, -0.22252093), (1, 0, 6.123234e-17), (0.9749279, 0, -0.22252093), (0.90096885, 0, -0.43388373), (0.90096885, 0, -0.43388373), (0.9749279, 0, -0.22252093), (0.90096885, 0, -0.43388373), (0.7818315, 0, -0.6234898), (0.7818315, 0, -0.6234898), (0.90096885, 0, -0.43388373), (0.7818315, 0, -0.6234898), (0.6234898, 0, -0.7818315), (0.6234898, 0, -0.7818315), (0.7818315, 0, -0.6234898), (0.6234898, 0, -0.7818315), (0.43388373, 0, -0.90096885), (0.43388373, 0, -0.90096885), (0.6234898, 0, -0.7818315), (0.43388373, 0, -0.90096885), (0.22252093, 0, -0.9749279), (0.22252093, 0, -0.9749279), (0.43388373, 0, -0.90096885), (0.22252093, 0, -0.9749279), (1.2246469e-16, 0, -1), (1.2246469e-16, 0, -1), (0.22252093, 0, -0.9749279), (1.2246469e-16, 0, -1), (-0.22252093, 0, -0.9749279), (-0.22252093, 0, -0.9749279), (1.2246469e-16, 0, -1), (-0.22252093, 0, -0.9749279), (-0.43388373, 0, -0.90096885), (-0.43388373, 0, -0.90096885), (-0.22252093, 0, -0.9749279), (-0.43388373, 0, -0.90096885), (-0.6234898, 0, -0.7818315), (-0.6234898, 0, -0.7818315), (-0.43388373, 0, -0.90096885), (-0.6234898, 0, -0.7818315), (-0.7818315, 0, -0.6234898), (-0.7818315, 0, -0.6234898), (-0.6234898, 0, -0.7818315), (-0.7818315, 0, -0.6234898), (-0.90096885, 0, -0.43388373), (-0.90096885, 0, -0.43388373), (-0.7818315, 0, -0.6234898), (-0.90096885, 0, -0.43388373), (-0.9749279, 0, -0.22252093), (-0.9749279, 0, -0.22252093), (-0.90096885, 0, -0.43388373), (-0.9749279, 0, -0.22252093), (-1, 0, -1.8369701e-16), (-1, 0, -1.8369701e-16), (-0.9749279, 0, -0.22252093), (-1, 0, -1.8369701e-16), (-0.9749279, 0, 0.22252093), (-0.9749279, 0, 0.22252093), (-1, 0, -1.8369701e-16), (-0.9749279, 0, 0.22252093), (-0.90096885, 0, 0.43388373), (-0.90096885, 0, 0.43388373), (-0.9749279, 0, 0.22252093), (-0.90096885, 0, 0.43388373), (-0.7818315, 0, 0.6234898), (-0.7818315, 0, 0.6234898), (-0.90096885, 0, 0.43388373), (-0.7818315, 0, 0.6234898), (-0.6234898, 0, 0.7818315), (-0.6234898, 0, 0.7818315), (-0.7818315, 0, 0.6234898), (-0.6234898, 0, 0.7818315), (-0.43388373, 0, 0.90096885), (-0.43388373, 0, 0.90096885), (-0.6234898, 0, 0.7818315), (-0.43388373, 0, 0.90096885), (-0.22252093, 0, 0.9749279), (-0.22252093, 0, 0.9749279), (-0.43388373, 0, 0.90096885), (-0.22252093, 0, 0.9749279), (0, 0, 1), (0, 0, 1), (-0.22252093, 0, 0.9749279), (0, -1, 0), (0, -1, 0), (0, -1, 0), (0, 1, 0), (0, 1, 0), (0, 1, 0), (0, -1, 0), (0, -1, 0), (0, -1, 0), (0, 1, 0), (0, 1, 0), (0, 1, 0), (0, -1, 0), (0, -1, 0), (0, -1, 0), (0, 1, 0), (0, 1, 0), (0, 1, 0), (0, -1, 0), (0, -1, 0), (0, -1, 0), (0, 1, 0), (0, 1, 0), (0, 1, 0), (0, -1, 0), (0, -1, 0), (0, -1, 0), (0, 1, 0), (0, 1, 0), (0, 1, 0), (0, -1, 0), (0, -1, 0), (0, -1, 0), (0, 1, 0), (0, 1, 0), (0, 1, 0), (0, -1, 0), (0, -1, 0), (0, -1, 0), (0, 1, 0), (0, 1, 0), (0, 1, 0), (0, -1, 0), (0, -1, 0), (0, -1, 0), (0, 1, 0), (0, 1, 0), (0, 1, 0), (0, -1, 0), (0, -1, 0), (0, -1, 0), (0, 1, 0), (0, 1, 0), (0, 1, 0), (0, -1, 0), (0, -1, 0), (0, -1, 0), (0, 1, 0), (0, 1, 0), (0, 1, 0), (0, -1, 0), (0, -1, 0), (0, -1, 0), (0, 1, 0), (0, 1, 0), (0, 1, 0), (0, -1, 0), (0, -1, 0), (0, -1, 0), (0, 1, 0), (0, 1, 0), (0, 1, 0), (0, -1, 0), (0, -1, 0), (0, -1, 0), (0, 1, 0), (0, 1, 0), (0, 1, 0), (0, -1, 0), (0, -1, 0), (0, -1, 0), (0, 1, 0), (0, 1, 0), (0, 1, 0), (0, -1, 0), (0, -1, 0), (0, -1, 0), (0, 1, 0), (0, 1, 0), (0, 1, 0), (0, -1, 0), (0, -1, 0), (0, -1, 0), (0, 1, 0), (0, 1, 0), (0, 1, 0), (0, -1, 0), (0, -1, 0), (0, -1, 0), (0, 1, 0), (0, 1, 0), (0, 1, 0), (0, -1, 0), (0, -1, 0), (0, -1, 0), (0, 1, 0), (0, 1, 0), (0, 1, 0), (0, -1, 0), (0, -1, 0), (0, -1, 0), (0, 1, 0), (0, 1, 0), (0, 1, 0), (0, -1, 0), (0, -1, 0), (0, -1, 0), (0, 1, 0), (0, 1, 0), (0, 1, 0), (0, -1, 0), (0, -1, 0), (0, -1, 0), (0, 1, 0), (0, 1, 0), (0, 1, 0), (0, -1, 0), (0, -1, 0), (0, -1, 0), (0, 1, 0), (0, 1, 0), (0, 1, 0), (0, -1, 0), (0, -1, 0), (0, -1, 0), (0, 1, 0), (0, 1, 0), (0, 1, 0), (0, -1, 0), (0, -1, 0), (0, -1, 0), (0, 1, 0), (0, 1, 0), (0, 1, 0), (0, -1, 0), (0, -1, 0), (0, -1, 0), (0, 1, 0), (0, 1, 0), (0, 1, 0), (0, -1, 0), (0, -1, 0), (0, -1, 0), (0, 1, 0), (0, 1, 0), (0, 1, 0), (0, -1, 0), (0, -1, 0), (0, -1, 0), (0, 1, 0), (0, 1, 0), (0, 1, 0), (0, -1, 0), (0, -1, 0), (0, -1, 0), (0, 1, 0), (0, 1, 0), (0, 1, 0)] (
                    interpolation = "faceVarying"
                )
                point3f[] points = [(0, -0.006, 0.008), (0.0017801675, -0.006, 0.0077994233), (0.00347107, -0.006, 0.007207751), (0.0049879183, -0.006, 0.006254652), (0.006254652, -0.006, 0.0049879183), (0.007207751, -0.006, 0.00347107), (0.0077994233, -0.006, 0.0017801675), (0.008, -0.006, 4.8985874e-19), (0.0077994233, -0.006, -0.0017801675), (0.007207751, -0.006, -0.00347107), (0.006254652, -0.006, -0.0049879183), (0.0049879183, -0.006, -0.006254652), (0.00347107, -0.006, -0.007207751), (0.0017801675, -0.006, -0.0077994233), (9.797175e-19, -0.006, -0.008), (-0.0017801675, -0.006, -0.0077994233), (-0.00347107, -0.006, -0.007207751), (-0.0049879183, -0.006, -0.006254652), (-0.006254652, -0.006, -0.0049879183), (-0.007207751, -0.006, -0.00347107), (-0.0077994233, -0.006, -0.0017801675), (-0.008, -0.006, -1.4695761e-18), (-0.0077994233, -0.006, 0.0017801675), (-0.007207751, -0.006, 0.00347107), (-0.006254652, -0.006, 0.0049879183), (-0.0049879183, -0.006, 0.006254652), (-0.00347107, -0.006, 0.007207751), (-0.0017801675, -0.006, 0.0077994233), (0, 0.006, 0.008), (0.0017801675, 0.006, 0.0077994233), (0.00347107, 0.006, 0.007207751), (0.0049879183, 0.006, 0.006254652), (0.006254652, 0.006, 0.0049879183), (0.007207751, 0.006, 0.00347107), (0.0077994233, 0.006, 0.0017801675), (0.008, 0.006, 4.8985874e-19), (0.0077994233, 0.006, -0.0017801675), (0.007207751, 0.006, -0.00347107), (0.006254652, 0.006, -0.0049879183), (0.0049879183, 0.006, -0.006254652), (0.00347107, 0.006, -0.007207751), (0.0017801675, 0.006, -0.0077994233), (9.797175e-19, 0.006, -0.008), (-0.0017801675, 0.006, -0.0077994233), (-0.00347107, 0.006, -0.007207751), (-0.0049879183, 0.006, -0.006254652), (-0.006254652, 0.006, -0.0049879183), (-0.007207751, 0.006, -0.00347107), (-0.0077994233, 0.006, -0.0017801675), (-0.008, 0.006, -1.4695761e-18), (-0.0077994233, 0.006, 0.0017801675), (-0.007207751, 0.006, 0.00347107), (-0.006254652, 0.006, 0.0049879183), (-0.0049879183, 0.006, 0.006254652), (-0.00347107, 0.006, 0.007207751), (-0.0017801675, 0.006, 0.0077994233), (0, -0.006, 0), (0, 0.006, 0)]
                uniform token subdivisionScheme = "none"
            }
        }

        def Xform "DF_A1_Arm" (
            prepend apiSchemas = ["PhysicsRigidBodyAPI", "PhysicsMassAPI"]
        )
        {
            float physics:mass = 0.035
            matrix4d xformOp:transform = ( (0, -0.4999999999999998, 0.8660254037844387, 0), (0, -0.8660254037844387, -0.4999999999999998, 0), (1, 0, 0, 0), (0.114, -0.01999999999999999, 0.034641016151377546, 1) )
            uniform token[] xformOpOrder = ["xformOp:transform"]

            def Mesh "Rod" (
                prepend apiSchemas = ["MaterialBindingAPI"]
            )
            {
                float3[] extent = [(-0.03, -0.005, -0.005), (-0.014, 0.005, 0.005)]
                int[] faceVertexCounts = [4, 4, 4, 4, 4, 4, 4, 4, 4, 4, 4, 4, 4, 4, 4, 4, 4, 4, 4, 4, 4, 4, 4, 4, 4, 4, 4, 4, 3, 3, 3, 3, 3, 3, 3, 3, 3, 3, 3, 3, 3, 3, 3, 3, 3, 3, 3, 3, 3, 3, 3, 3, 3, 3, 3, 3, 3, 3, 3, 3, 3, 3, 3, 3, 3, 3, 3, 3, 3, 3, 3, 3, 3, 3, 3, 3, 3, 3, 3, 3, 3, 3, 3, 3]
                int[] faceVertexIndices = [0, 1, 29, 28, 1, 2, 30, 29, 2, 3, 31, 30, 3, 4, 32, 31, 4, 5, 33, 32, 5, 6, 34, 33, 6, 7, 35, 34, 7, 8, 36, 35, 8, 9, 37, 36, 9, 10, 38, 37, 10, 11, 39, 38, 11, 12, 40, 39, 12, 13, 41, 40, 13, 14, 42, 41, 14, 15, 43, 42, 15, 16, 44, 43, 16, 17, 45, 44, 17, 18, 46, 45, 18, 19, 47, 46, 19, 20, 48, 47, 20, 21, 49, 48, 21, 22, 50, 49, 22, 23, 51, 50, 23, 24, 52, 51, 24, 25, 53, 52, 25, 26, 54, 53, 26, 27, 55, 54, 27, 0, 28, 55, 56, 1, 0, 57, 28, 29, 56, 2, 1, 57, 29, 30, 56, 3, 2, 57, 30, 31, 56, 4, 3, 57, 31, 32, 56, 5, 4, 57, 32, 33, 56, 6, 5, 57, 33, 34, 56, 7, 6, 57, 34, 35, 56, 8, 7, 57, 35, 36, 56, 9, 8, 57, 36, 37, 56, 10, 9, 57, 37, 38, 56, 11, 10, 57, 38, 39, 56, 12, 11, 57, 39, 40, 56, 13, 12, 57, 40, 41, 56, 14, 13, 57, 41, 42, 56, 15, 14, 57, 42, 43, 56, 16, 15, 57, 43, 44, 56, 17, 16, 57, 44, 45, 56, 18, 17, 57, 45, 46, 56, 19, 18, 57, 46, 47, 56, 20, 19, 57, 47, 48, 56, 21, 20, 57, 48, 49, 56, 22, 21, 57, 49, 50, 56, 23, 22, 57, 50, 51, 56, 24, 23, 57, 51, 52, 56, 25, 24, 57, 52, 53, 56, 26, 25, 57, 53, 54, 56, 27, 26, 57, 54, 55, 56, 0, 27, 57, 55, 28]
                rel material:binding = </World/Looks/Rod>
                normal3f[] normals = [(0, 1, 0), (0, 0.9749279, 0.22252093), (0, 0.9749279, 0.22252093), (0, 1, 0), (0, 0.9749279, 0.22252093), (0, 0.90096885, 0.43388373), (0, 0.90096885, 0.43388373), (0, 0.9749279, 0.22252093), (0, 0.90096885, 0.43388373), (0, 0.7818315, 0.6234898), (0, 0.7818315, 0.6234898), (0, 0.90096885, 0.43388373), (0, 0.7818315, 0.6234898), (0, 0.6234898, 0.7818315), (0, 0.6234898, 0.7818315), (0, 0.7818315, 0.6234898), (0, 0.6234898, 0.7818315), (0, 0.43388373, 0.90096885), (0, 0.43388373, 0.90096885), (0, 0.6234898, 0.7818315), (0, 0.43388373, 0.90096885), (0, 0.22252093, 0.9749279), (0, 0.22252093, 0.9749279), (0, 0.43388373, 0.90096885), (0, 0.22252093, 0.9749279), (0, 6.123234e-17, 1), (0, 6.123234e-17, 1), (0, 0.22252093, 0.9749279), (0, 6.123234e-17, 1), (0, -0.22252093, 0.9749279), (0, -0.22252093, 0.9749279), (0, 6.123234e-17, 1), (0, -0.22252093, 0.9749279), (0, -0.43388373, 0.90096885), (0, -0.43388373, 0.90096885), (0, -0.22252093, 0.9749279), (0, -0.43388373, 0.90096885), (0, -0.6234898, 0.7818315), (0, -0.6234898, 0.7818315), (0, -0.43388373, 0.90096885), (0, -0.6234898, 0.7818315), (0, -0.7818315, 0.6234898), (0, -0.7818315, 0.6234898), (0, -0.6234898, 0.7818315), (0, -0.7818315, 0.6234898), (0, -0.90096885, 0.43388373), (0, -0.90096885, 0.43388373), (0, -0.7818315, 0.6234898), (0, -0.90096885, 0.43388373), (0, -0.9749279, 0.22252093), (0, -0.9749279, 0.22252093), (0, -0.90096885, 0.43388373), (0, -0.9749279, 0.22252093), (0, -1, 1.2246469e-16), (0, -1, 1.2246469e-16), (0, -0.9749279, 0.22252093), (0, -1, 1.2246469e-16), (0, -0.9749279, -0.22252093), (0, -0.9749279, -0.22252093), (0, -1, 1.2246469e-16), (0, -0.9749279, -0.22252093), (0, -0.90096885, -0.43388373), (0, -0.90096885, -0.43388373), (0, -0.9749279, -0.22252093), (0, -0.90096885, -0.43388373), (0, -0.7818315, -0.6234898), (0, -0.7818315, -0.6234898), (0, -0.90096885, -0.43388373), (0, -0.7818315, -0.6234898), (0, -0.6234898, -0.7818315), (0, -0.6234898, -0.7818315), (0, -0.7818315, -0.6234898), (0, -0.6234898, -0.7818315), (0, -0.43388373, -0.90096885), (0, -0.43388373, -0.90096885), (0, -0.6234898, -0.7818315), (0, -0.43388373, -0.90096885), (0, -0.22252093, -0.9749279), (0, -0.22252093, -0.9749279), (0, -0.43388373, -0.90096885), (0, -0.22252093, -0.9749279), (0, -1.8369701e-16, -1), (0, -1.8369701e-16, -1), (0, -0.22252093, -0.9749279), (0, -1.8369701e-16, -1), (0, 0.22252093, -0.9749279), (0, 0.22252093, -0.9749279), (0, -1.8369701e-16, -1), (0, 0.22252093, -0.9749279), (0, 0.43388373, -0.90096885), (0, 0.43388373, -0.90096885), (0, 0.22252093, -0.9749279), (0, 0.43388373, -0.90096885), (0, 0.6234898, -0.7818315), (0, 0.6234898, -0.7818315), (0, 0.43388373, -0.90096885), (0, 0.6234898, -0.7818315), (0, 0.7818315, -0.6234898), (0, 0.7818315, -0.6234898), (0, 0.6234898, -0.7818315), (0, 0.7818315, -0.6234898), (0, 0.90096885, -0.43388373), (0, 0.90096885, -0.43388373), (0, 0.7818315, -0.6234898), (0, 0.90096885, -0.43388373), (0, 0.9749279, -0.22252093), (0, 0.9749279, -0.22252093), (0, 0.90096885, -0.43388373), (0, 0.9749279, -0.22252093), (0, 1, 0), (0, 1, 0), (0, 0.9749279, -0.22252093), (-1, 0, 0), (-1, 0, 0), (-1, 0, 0), (1, 0, 0), (1, 0, 0), (1, 0, 0), (-1, 0, 0), (-1, 0, 0), (-1, 0, 0), (1, 0, 0), (1, 0, 0), (1, 0, 0), (-1, 0, 0), (-1, 0, 0), (-1, 0, 0), (1, 0, 0), (1, 0, 0), (1, 0, 0), (-1, 0, 0), (-1, 0, 0), (-1, 0, 0), (1, 0, 0), (1, 0, 0), (1, 0, 0), (-1, 0, 0), (-1, 0, 0), (-1, 0, 0), (1, 0, 0), (1, 0, 0), (1, 0, 0), (-1, 0, 0), (-1, 0, 0), (-1, 0, 0), (1, 0, 0), (1, 0, 0), (1, 0, 0), (-1, 0, 0), (-1, 0, 0), (-1, 0, 0), (1, 0, 0), (1, 0, 0), (1, 0, 0), (-1, 0, 0), (-1, 0, 0), (-1, 0, 0), (1, 0, 0), (1, 0, 0), (1, 0, 0), (-1, 0, 0), (-1, 0, 0), (-1, 0, 0), (1, 0, 0), (1, 0, 0), (1, 0, 0), (-1, 0, 0), (-1, 0, 0), (-1, 0, 0), (1, 0, 0), (1, 0, 0), (1, 0, 0), (-1, 0, 0), (-1, 0, 0), (-1, 0, 0), (1, 0, 0), (1, 0, 0), (1, 0, 0), (-1, 0, 0), (-1, 0, 0), (-1, 0, 0), (1, 0, 0), (1, 0, 0), (1, 0, 0), (-1, 0, 0), (-1, 0, 0), (-1, 0, 0), (1, 0, 0), (1, 0, 0), (1, 0, 0), (-1, 0, 0), (-1, 0, 0), (-1, 0, 0), (1, 0, 0), (1, 0, 0), (1, 0, 0), (-1, 0, 0), (-1, 0, 0), (-1, 0, 0), (1, 0, 0), (1, 0, 0), (1, 0, 0), (-1, 0, 0), (-1, 0, 0), (-1, 0, 0), (1, 0, 0), (1, 0, 0), (1, 0, 0), (-1, 0, 0), (-1, 0, 0), (-1, 0, 0), (1, 0, 0), (1, 0, 0), (1, 0, 0), (-1, 0, 0), (-1, 0, 0), (-1, 0, 0), (1, 0, 0), (1, 0, 0), (1, 0, 0), (-1, 0, 0), (-1, 0, 0), (-1, 0, 0), (1, 0, 0), (1, 0, 0), (1, 0, 0), (-1, 0, 0), (-1, 0, 0), (-1, 0, 0), (1, 0, 0), (1, 0, 0), (1, 0, 0), (-1, 0, 0), (-1, 0, 0), (-1, 0, 0), (1, 0, 0), (1, 0, 0), (1, 0, 0), (-1, 0, 0), (-1, 0, 0), (-1, 0, 0), (1, 0, 0), (1, 0, 0), (1, 0, 0), (-1, 0, 0), (-1, 0, 0), (-1, 0, 0), (1, 0, 0), (1, 0, 0), (1, 0, 0), (-1, 0, 0), (-1, 0, 0), (-1, 0, 0), (1, 0, 0), (1, 0, 0), (1, 0, 0), (-1, 0, 0), (-1, 0, 0), (-1, 0, 0), (1, 0, 0), (1, 0, 0), (1, 0, 0), (-1, 0, 0), (-1, 0, 0), (-1, 0, 0), (1, 0, 0), (1, 0, 0), (1, 0, 0), (-1, 0, 0), (-1, 0, 0), (-1, 0, 0), (1, 0, 0), (1, 0, 0), (1, 0, 0), (-1, 0, 0), (-1, 0, 0), (-1, 0, 0), (1, 0, 0), (1, 0, 0), (1, 0, 0)] (
                    interpolation = "faceVarying"
                )
                point3f[] points = [(-0.03, 0.005, 0), (-0.03, 0.0048746397, 0.0011126046), (-0.03, 0.0045048445, 0.0021694186), (-0.03, 0.0039091576, 0.003117449), (-0.03, 0.003117449, 0.0039091576), (-0.03, 0.0021694186, 0.0045048445), (-0.03, 0.0011126046, 0.0048746397), (-0.03, 3.061617e-19, 0.005), (-0.03, -0.0011126046, 0.0048746397), (-0.03, -0.0021694186, 0.0045048445), (-0.03, -0.003117449, 0.0039091576), (-0.03, -0.0039091576, 0.003117449), (-0.03, -0.0045048445, 0.0021694186), (-0.03, -0.0048746397, 0.0011126046), (-0.03, -0.005, 6.123234e-19), (-0.03, -0.0048746397, -0.0011126046), (-0.03, -0.0045048445, -0.0021694186), (-0.03, -0.0039091576, -0.003117449), (-0.03, -0.003117449, -0.0039091576), (-0.03, -0.0021694186, -0.0045048445), (-0.03, -0.0011126046, -0.0048746397), (-0.03, -9.184851e-19, -0.005), (-0.03, 0.0011126046, -0.0048746397), (-0.03, 0.0021694186, -0.0045048445), (-0.03, 0.003117449, -0.0039091576), (-0.03, 0.0039091576, -0.003117449), (-0.03, 0.0045048445, -0.0021694186), (-0.03, 0.0048746397, -0.0011126046), (-0.014, 0.005, 0), (-0.014, 0.0048746397, 0.0011126046), (-0.014, 0.0045048445, 0.0021694186), (-0.014, 0.0039091576, 0.003117449), (-0.014, 0.003117449, 0.0039091576), (-0.014, 0.0021694186, 0.0045048445), (-0.014, 0.0011126046, 0.0048746397), (-0.014, 3.061617e-19, 0.005), (-0.014, -0.0011126046, 0.0048746397), (-0.014, -0.0021694186, 0.0045048445), (-0.014, -0.003117449, 0.0039091576), (-0.014, -0.0039091576, 0.003117449), (-0.014, -0.0045048445, 0.0021694186), (-0.014, -0.0048746397, 0.0011126046), (-0.014, -0.005, 6.123234e-19), (-0.014, -0.0048746397, -0.0011126046), (-0.014, -0.0045048445, -0.0021694186), (-0.014, -0.0039091576, -0.003117449), (-0.014, -0.003117449, -0.0039091576), (-0.014, -0.0021694186, -0.0045048445), (-0.014, -0.0011126046, -0.0048746397), (-0.014, -9.184851e-19, -0.005), (-0.014, 0.0011126046, -0.0048746397), (-0.014, 0.0021694186, -0.0045048445), (-0.014, 0.003117449, -0.0039091576), (-0.014, 0.0039091576, -0.003117449), (-0.014, 0.0045048445, -0.0021694186), (-0.014, 0.0048746397, -0.0011126046), (-0.03, 0, 0), (-0.014, 0, 0)]
                uniform token subdivisionScheme = "none"
            }

            def Cube "Yoke" (
                prepend apiSchemas = ["MaterialBindingAPI"]
            )
            {
                float3[] extent = [(-0.5, -0.5, -0.5), (0.5, 0.5, 0.5)]
                rel material:binding = </World/Looks/Fork>
                double size = 1
                matrix4d xformOp:transform = ( (0.0033, 0, 0, 0), (0, 0.023, 0, 0), (0, 0, 0.011, 0), (-0.012650000000000002, 0, 0, 1) )
                uniform token[] xformOpOrder = ["xformOp:transform"]
            }

            def Cube "ForkL" (
                prepend apiSchemas = ["MaterialBindingAPI"]
            )
            {
                float3[] extent = [(-0.5, -0.5, -0.5), (0.5, 0.5, 0.5)]
                rel material:binding = </World/Looks/Fork>
                double size = 1
                matrix4d xformOp:transform = ( (0.014, 0, 0, 0), (0, 0.003, 0, 0), (0, 0, 0.011, 0), (-0.007, 0.01, 0, 1) )
                uniform token[] xformOpOrder = ["xformOp:transform"]
            }

            def Cube "ForkR" (
                prepend apiSchemas = ["MaterialBindingAPI"]
            )
            {
                float3[] extent = [(-0.5, -0.5, -0.5), (0.5, 0.5, 0.5)]
                rel material:binding = </World/Looks/Fork>
                double size = 1
                matrix4d xformOp:transform = ( (0.014, 0, 0, 0), (0, 0.003, 0, 0), (0, 0, 0.011, 0), (-0.007, -0.01, 0, 1) )
                uniform token[] xformOpOrder = ["xformOp:transform"]
            }

            def Mesh "Axle" (
                prepend apiSchemas = ["MaterialBindingAPI"]
            )
            {
                float3[] extent = [(-0.0025, -0.0115, -0.0025), (0.0025, 0.0115, 0.0025)]
                int[] faceVertexCounts = [4, 4, 4, 4, 4, 4, 4, 4, 4, 4, 4, 4, 4, 4, 4, 4, 4, 4, 4, 4, 4, 4, 4, 4, 4, 4, 4, 4, 3, 3, 3, 3, 3, 3, 3, 3, 3, 3, 3, 3, 3, 3, 3, 3, 3, 3, 3, 3, 3, 3, 3, 3, 3, 3, 3, 3, 3, 3, 3, 3, 3, 3, 3, 3, 3, 3, 3, 3, 3, 3, 3, 3, 3, 3, 3, 3, 3, 3, 3, 3, 3, 3, 3, 3]
                int[] faceVertexIndices = [0, 1, 29, 28, 1, 2, 30, 29, 2, 3, 31, 30, 3, 4, 32, 31, 4, 5, 33, 32, 5, 6, 34, 33, 6, 7, 35, 34, 7, 8, 36, 35, 8, 9, 37, 36, 9, 10, 38, 37, 10, 11, 39, 38, 11, 12, 40, 39, 12, 13, 41, 40, 13, 14, 42, 41, 14, 15, 43, 42, 15, 16, 44, 43, 16, 17, 45, 44, 17, 18, 46, 45, 18, 19, 47, 46, 19, 20, 48, 47, 20, 21, 49, 48, 21, 22, 50, 49, 22, 23, 51, 50, 23, 24, 52, 51, 24, 25, 53, 52, 25, 26, 54, 53, 26, 27, 55, 54, 27, 0, 28, 55, 56, 1, 0, 57, 28, 29, 56, 2, 1, 57, 29, 30, 56, 3, 2, 57, 30, 31, 56, 4, 3, 57, 31, 32, 56, 5, 4, 57, 32, 33, 56, 6, 5, 57, 33, 34, 56, 7, 6, 57, 34, 35, 56, 8, 7, 57, 35, 36, 56, 9, 8, 57, 36, 37, 56, 10, 9, 57, 37, 38, 56, 11, 10, 57, 38, 39, 56, 12, 11, 57, 39, 40, 56, 13, 12, 57, 40, 41, 56, 14, 13, 57, 41, 42, 56, 15, 14, 57, 42, 43, 56, 16, 15, 57, 43, 44, 56, 17, 16, 57, 44, 45, 56, 18, 17, 57, 45, 46, 56, 19, 18, 57, 46, 47, 56, 20, 19, 57, 47, 48, 56, 21, 20, 57, 48, 49, 56, 22, 21, 57, 49, 50, 56, 23, 22, 57, 50, 51, 56, 24, 23, 57, 51, 52, 56, 25, 24, 57, 52, 53, 56, 26, 25, 57, 53, 54, 56, 27, 26, 57, 54, 55, 56, 0, 27, 57, 55, 28]
                rel material:binding = </World/Looks/Axle>
                normal3f[] normals = [(0, 0, 1), (0.22252093, 0, 0.9749279), (0.22252093, 0, 0.9749279), (0, 0, 1), (0.22252093, 0, 0.9749279), (0.43388373, 0, 0.90096885), (0.43388373, 0, 0.90096885), (0.22252093, 0, 0.9749279), (0.43388373, 0, 0.90096885), (0.6234898, 0, 0.7818315), (0.6234898, 0, 0.7818315), (0.43388373, 0, 0.90096885), (0.6234898, 0, 0.7818315), (0.7818315, 0, 0.6234898), (0.7818315, 0, 0.6234898), (0.6234898, 0, 0.7818315), (0.7818315, 0, 0.6234898), (0.90096885, 0, 0.43388373), (0.90096885, 0, 0.43388373), (0.7818315, 0, 0.6234898), (0.90096885, 0, 0.43388373), (0.9749279, 0, 0.22252093), (0.9749279, 0, 0.22252093), (0.90096885, 0, 0.43388373), (0.9749279, 0, 0.22252093), (1, 0, 6.123234e-17), (1, 0, 6.123234e-17), (0.9749279, 0, 0.22252093), (1, 0, 6.123234e-17), (0.9749279, 0, -0.22252093), (0.9749279, 0, -0.22252093), (1, 0, 6.123234e-17), (0.9749279, 0, -0.22252093), (0.90096885, 0, -0.43388373), (0.90096885, 0, -0.43388373), (0.9749279, 0, -0.22252093), (0.90096885, 0, -0.43388373), (0.7818315, 0, -0.6234898), (0.7818315, 0, -0.6234898), (0.90096885, 0, -0.43388373), (0.7818315, 0, -0.6234898), (0.6234898, 0, -0.7818315), (0.6234898, 0, -0.7818315), (0.7818315, 0, -0.6234898), (0.6234898, 0, -0.7818315), (0.43388373, 0, -0.90096885), (0.43388373, 0, -0.90096885), (0.6234898, 0, -0.7818315), (0.43388373, 0, -0.90096885), (0.22252093, 0, -0.9749279), (0.22252093, 0, -0.9749279), (0.43388373, 0, -0.90096885), (0.22252093, 0, -0.9749279), (1.2246469e-16, 0, -1), (1.2246469e-16, 0, -1), (0.22252093, 0, -0.9749279), (1.2246469e-16, 0, -1), (-0.22252093, 0, -0.9749279), (-0.22252093, 0, -0.9749279), (1.2246469e-16, 0, -1), (-0.22252093, 0, -0.9749279), (-0.43388373, 0, -0.90096885), (-0.43388373, 0, -0.90096885), (-0.22252093, 0, -0.9749279), (-0.43388373, 0, -0.90096885), (-0.6234898, 0, -0.7818315), (-0.6234898, 0, -0.7818315), (-0.43388373, 0, -0.90096885), (-0.6234898, 0, -0.7818315), (-0.7818315, 0, -0.6234898), (-0.7818315, 0, -0.6234898), (-0.6234898, 0, -0.7818315), (-0.7818315, 0, -0.6234898), (-0.90096885, 0, -0.43388373), (-0.90096885, 0, -0.43388373), (-0.7818315, 0, -0.6234898), (-0.90096885, 0, -0.43388373), (-0.9749279, 0, -0.22252093), (-0.9749279, 0, -0.22252093), (-0.90096885, 0, -0.43388373), (-0.9749279, 0, -0.22252093), (-1, 0, -1.8369701e-16), (-1, 0, -1.8369701e-16), (-0.9749279, 0, -0.22252093), (-1, 0, -1.8369701e-16), (-0.9749279, 0, 0.22252093), (-0.9749279, 0, 0.22252093), (-1, 0, -1.8369701e-16), (-0.9749279, 0, 0.22252093), (-0.90096885, 0, 0.43388373), (-0.90096885, 0, 0.43388373), (-0.9749279, 0, 0.22252093), (-0.90096885, 0, 0.43388373), (-0.7818315, 0, 0.6234898), (-0.7818315, 0, 0.6234898), (-0.90096885, 0, 0.43388373), (-0.7818315, 0, 0.6234898), (-0.6234898, 0, 0.7818315), (-0.6234898, 0, 0.7818315), (-0.7818315, 0, 0.6234898), (-0.6234898, 0, 0.7818315), (-0.43388373, 0, 0.90096885), (-0.43388373, 0, 0.90096885), (-0.6234898, 0, 0.7818315), (-0.43388373, 0, 0.90096885), (-0.22252093, 0, 0.9749279), (-0.22252093, 0, 0.9749279), (-0.43388373, 0, 0.90096885), (-0.22252093, 0, 0.9749279), (0, 0, 1), (0, 0, 1), (-0.22252093, 0, 0.9749279), (0, -1, 0), (0, -1, 0), (0, -1, 0), (0, 1, 0), (0, 1, 0), (0, 1, 0), (0, -1, 0), (0, -1, 0), (0, -1, 0), (0, 1, 0), (0, 1, 0), (0, 1, 0), (0, -1, 0), (0, -1, 0), (0, -1, 0), (0, 1, 0), (0, 1, 0), (0, 1, 0), (0, -1, 0), (0, -1, 0), (0, -1, 0), (0, 1, 0), (0, 1, 0), (0, 1, 0), (0, -1, 0), (0, -1, 0), (0, -1, 0), (0, 1, 0), (0, 1, 0), (0, 1, 0), (0, -1, 0), (0, -1, 0), (0, -1, 0), (0, 1, 0), (0, 1, 0), (0, 1, 0), (0, -1, 0), (0, -1, 0), (0, -1, 0), (0, 1, 0), (0, 1, 0), (0, 1, 0), (0, -1, 0), (0, -1, 0), (0, -1, 0), (0, 1, 0), (0, 1, 0), (0, 1, 0), (0, -1, 0), (0, -1, 0), (0, -1, 0), (0, 1, 0), (0, 1, 0), (0, 1, 0), (0, -1, 0), (0, -1, 0), (0, -1, 0), (0, 1, 0), (0, 1, 0), (0, 1, 0), (0, -1, 0), (0, -1, 0), (0, -1, 0), (0, 1, 0), (0, 1, 0), (0, 1, 0), (0, -1, 0), (0, -1, 0), (0, -1, 0), (0, 1, 0), (0, 1, 0), (0, 1, 0), (0, -1, 0), (0, -1, 0), (0, -1, 0), (0, 1, 0), (0, 1, 0), (0, 1, 0), (0, -1, 0), (0, -1, 0), (0, -1, 0), (0, 1, 0), (0, 1, 0), (0, 1, 0), (0, -1, 0), (0, -1, 0), (0, -1, 0), (0, 1, 0), (0, 1, 0), (0, 1, 0), (0, -1, 0), (0, -1, 0), (0, -1, 0), (0, 1, 0), (0, 1, 0), (0, 1, 0), (0, -1, 0), (0, -1, 0), (0, -1, 0), (0, 1, 0), (0, 1, 0), (0, 1, 0), (0, -1, 0), (0, -1, 0), (0, -1, 0), (0, 1, 0), (0, 1, 0), (0, 1, 0), (0, -1, 0), (0, -1, 0), (0, -1, 0), (0, 1, 0), (0, 1, 0), (0, 1, 0), (0, -1, 0), (0, -1, 0), (0, -1, 0), (0, 1, 0), (0, 1, 0), (0, 1, 0), (0, -1, 0), (0, -1, 0), (0, -1, 0), (0, 1, 0), (0, 1, 0), (0, 1, 0), (0, -1, 0), (0, -1, 0), (0, -1, 0), (0, 1, 0), (0, 1, 0), (0, 1, 0), (0, -1, 0), (0, -1, 0), (0, -1, 0), (0, 1, 0), (0, 1, 0), (0, 1, 0), (0, -1, 0), (0, -1, 0), (0, -1, 0), (0, 1, 0), (0, 1, 0), (0, 1, 0), (0, -1, 0), (0, -1, 0), (0, -1, 0), (0, 1, 0), (0, 1, 0), (0, 1, 0), (0, -1, 0), (0, -1, 0), (0, -1, 0), (0, 1, 0), (0, 1, 0), (0, 1, 0), (0, -1, 0), (0, -1, 0), (0, -1, 0), (0, 1, 0), (0, 1, 0), (0, 1, 0), (0, -1, 0), (0, -1, 0), (0, -1, 0), (0, 1, 0), (0, 1, 0), (0, 1, 0)] (
                    interpolation = "faceVarying"
                )
                point3f[] points = [(0, -0.0115, 0.0025), (0.0005563023, -0.0115, 0.0024373198), (0.0010847093, -0.0115, 0.0022524223), (0.0015587246, -0.0115, 0.0019545788), (0.0019545788, -0.0115, 0.0015587246), (0.0022524223, -0.0115, 0.0010847093), (0.0024373198, -0.0115, 0.0005563023), (0.0025, -0.0115, 1.5308085e-19), (0.0024373198, -0.0115, -0.0005563023), (0.0022524223, -0.0115, -0.0010847093), (0.0019545788, -0.0115, -0.0015587246), (0.0015587246, -0.0115, -0.0019545788), (0.0010847093, -0.0115, -0.0022524223), (0.0005563023, -0.0115, -0.0024373198), (3.061617e-19, -0.0115, -0.0025), (-0.0005563023, -0.0115, -0.0024373198), (-0.0010847093, -0.0115, -0.0022524223), (-0.0015587246, -0.0115, -0.0019545788), (-0.0019545788, -0.0115, -0.0015587246), (-0.0022524223, -0.0115, -0.0010847093), (-0.0024373198, -0.0115, -0.0005563023), (-0.0025, -0.0115, -4.5924256e-19), (-0.0024373198, -0.0115, 0.0005563023), (-0.0022524223, -0.0115, 0.0010847093), (-0.0019545788, -0.0115, 0.0015587246), (-0.0015587246, -0.0115, 0.0019545788), (-0.0010847093, -0.0115, 0.0022524223), (-0.0005563023, -0.0115, 0.0024373198), (0, 0.0115, 0.0025), (0.0005563023, 0.0115, 0.0024373198), (0.0010847093, 0.0115, 0.0022524223), (0.0015587246, 0.0115, 0.0019545788), (0.0019545788, 0.0115, 0.0015587246), (0.0022524223, 0.0115, 0.0010847093), (0.0024373198, 0.0115, 0.0005563023), (0.0025, 0.0115, 1.5308085e-19), (0.0024373198, 0.0115, -0.0005563023), (0.0022524223, 0.0115, -0.0010847093), (0.0019545788, 0.0115, -0.0015587246), (0.0015587246, 0.0115, -0.0019545788), (0.0010847093, 0.0115, -0.0022524223), (0.0005563023, 0.0115, -0.0024373198), (3.061617e-19, 0.0115, -0.0025), (-0.0005563023, 0.0115, -0.0024373198), (-0.0010847093, 0.0115, -0.0022524223), (-0.0015587246, 0.0115, -0.0019545788), (-0.0019545788, 0.0115, -0.0015587246), (-0.0022524223, 0.0115, -0.0010847093), (-0.0024373198, 0.0115, -0.0005563023), (-0.0025, 0.0115, -4.5924256e-19), (-0.0024373198, 0.0115, 0.0005563023), (-0.0022524223, 0.0115, 0.0010847093), (-0.0019545788, 0.0115, 0.0015587246), (-0.0015587246, 0.0115, 0.0019545788), (-0.0010847093, 0.0115, 0.0022524223), (-0.0005563023, 0.0115, 0.0024373198), (0, -0.0115, 0), (0, 0.0115, 0)]
                uniform token subdivisionScheme = "none"
            }
        }

        def Xform "DF_A1_Wheel" (
            apiSchemas = ["PhysicsRigidBodyAPI", "PhysicsMassAPI", "PhysxRigidBodyAPI"]
        )
        {
            point3f physics:centerOfMass = (0, 0, 0)
            float3 physics:diagonalInertia = (7e-7, 8e-7, 7e-7)
            float physics:mass = 0.025
            quatf physics:principalAxes = (1, 0, 0, 0)
            custom bool physxRigidBody:enableCCD = 1
            custom float physxRigidBody:maxLinearVelocity = 5
            matrix4d xformOp:transform = ( (0, -0.4999999999999998, 0.8660254037844387, 0), (0, -0.8660254037844387, -0.4999999999999998, 0), (1, 0, 0, 0), (0.114, -0.01999999999999999, 0.034641016151377546, 1) )
            uniform token[] xformOpOrder = ["xformOp:transform"]

            def Cylinder "WheelCollider" (
                apiSchemas = ["PhysicsCollisionAPI", "PhysxCollisionAPI", "MaterialBindingAPI"]
            )
            {
                uniform token axis = "Y"
                float3[] extent = [(-0.008, -0.006, -0.008), (0.008, 0.006, 0.008)]
                double height = 0.012
                rel material:binding:physics = </World/Looks/TyrePhys> (
                    bindMaterialAs = "weakerThanDescendants"
                )
                custom float physxCollision:contactOffset = 0.004
                custom float physxCollision:restOffset = 0
                double radius = 0.008
                token visibility = "invisible"
            }

            def Mesh "WheelVisual" (
                prepend apiSchemas = ["MaterialBindingAPI"]
            )
            {
                float3[] extent = [(-0.008, -0.006, -0.008), (0.008, 0.006, 0.008)]
                int[] faceVertexCounts = [4, 4, 4, 4, 4, 4, 4, 4, 4, 4, 4, 4, 4, 4, 4, 4, 4, 4, 4, 4, 4, 4, 4, 4, 4, 4, 4, 4, 3, 3, 3, 3, 3, 3, 3, 3, 3, 3, 3, 3, 3, 3, 3, 3, 3, 3, 3, 3, 3, 3, 3, 3, 3, 3, 3, 3, 3, 3, 3, 3, 3, 3, 3, 3, 3, 3, 3, 3, 3, 3, 3, 3, 3, 3, 3, 3, 3, 3, 3, 3, 3, 3, 3, 3]
                int[] faceVertexIndices = [0, 1, 29, 28, 1, 2, 30, 29, 2, 3, 31, 30, 3, 4, 32, 31, 4, 5, 33, 32, 5, 6, 34, 33, 6, 7, 35, 34, 7, 8, 36, 35, 8, 9, 37, 36, 9, 10, 38, 37, 10, 11, 39, 38, 11, 12, 40, 39, 12, 13, 41, 40, 13, 14, 42, 41, 14, 15, 43, 42, 15, 16, 44, 43, 16, 17, 45, 44, 17, 18, 46, 45, 18, 19, 47, 46, 19, 20, 48, 47, 20, 21, 49, 48, 21, 22, 50, 49, 22, 23, 51, 50, 23, 24, 52, 51, 24, 25, 53, 52, 25, 26, 54, 53, 26, 27, 55, 54, 27, 0, 28, 55, 56, 1, 0, 57, 28, 29, 56, 2, 1, 57, 29, 30, 56, 3, 2, 57, 30, 31, 56, 4, 3, 57, 31, 32, 56, 5, 4, 57, 32, 33, 56, 6, 5, 57, 33, 34, 56, 7, 6, 57, 34, 35, 56, 8, 7, 57, 35, 36, 56, 9, 8, 57, 36, 37, 56, 10, 9, 57, 37, 38, 56, 11, 10, 57, 38, 39, 56, 12, 11, 57, 39, 40, 56, 13, 12, 57, 40, 41, 56, 14, 13, 57, 41, 42, 56, 15, 14, 57, 42, 43, 56, 16, 15, 57, 43, 44, 56, 17, 16, 57, 44, 45, 56, 18, 17, 57, 45, 46, 56, 19, 18, 57, 46, 47, 56, 20, 19, 57, 47, 48, 56, 21, 20, 57, 48, 49, 56, 22, 21, 57, 49, 50, 56, 23, 22, 57, 50, 51, 56, 24, 23, 57, 51, 52, 56, 25, 24, 57, 52, 53, 56, 26, 25, 57, 53, 54, 56, 27, 26, 57, 54, 55, 56, 0, 27, 57, 55, 28]
                rel material:binding = </World/Looks/Wheel>
                normal3f[] normals = [(0, 0, 1), (0.22252093, 0, 0.9749279), (0.22252093, 0, 0.9749279), (0, 0, 1), (0.22252093, 0, 0.9749279), (0.43388373, 0, 0.90096885), (0.43388373, 0, 0.90096885), (0.22252093, 0, 0.9749279), (0.43388373, 0, 0.90096885), (0.6234898, 0, 0.7818315), (0.6234898, 0, 0.7818315), (0.43388373, 0, 0.90096885), (0.6234898, 0, 0.7818315), (0.7818315, 0, 0.6234898), (0.7818315, 0, 0.6234898), (0.6234898, 0, 0.7818315), (0.7818315, 0, 0.6234898), (0.90096885, 0, 0.43388373), (0.90096885, 0, 0.43388373), (0.7818315, 0, 0.6234898), (0.90096885, 0, 0.43388373), (0.9749279, 0, 0.22252093), (0.9749279, 0, 0.22252093), (0.90096885, 0, 0.43388373), (0.9749279, 0, 0.22252093), (1, 0, 6.123234e-17), (1, 0, 6.123234e-17), (0.9749279, 0, 0.22252093), (1, 0, 6.123234e-17), (0.9749279, 0, -0.22252093), (0.9749279, 0, -0.22252093), (1, 0, 6.123234e-17), (0.9749279, 0, -0.22252093), (0.90096885, 0, -0.43388373), (0.90096885, 0, -0.43388373), (0.9749279, 0, -0.22252093), (0.90096885, 0, -0.43388373), (0.7818315, 0, -0.6234898), (0.7818315, 0, -0.6234898), (0.90096885, 0, -0.43388373), (0.7818315, 0, -0.6234898), (0.6234898, 0, -0.7818315), (0.6234898, 0, -0.7818315), (0.7818315, 0, -0.6234898), (0.6234898, 0, -0.7818315), (0.43388373, 0, -0.90096885), (0.43388373, 0, -0.90096885), (0.6234898, 0, -0.7818315), (0.43388373, 0, -0.90096885), (0.22252093, 0, -0.9749279), (0.22252093, 0, -0.9749279), (0.43388373, 0, -0.90096885), (0.22252093, 0, -0.9749279), (1.2246469e-16, 0, -1), (1.2246469e-16, 0, -1), (0.22252093, 0, -0.9749279), (1.2246469e-16, 0, -1), (-0.22252093, 0, -0.9749279), (-0.22252093, 0, -0.9749279), (1.2246469e-16, 0, -1), (-0.22252093, 0, -0.9749279), (-0.43388373, 0, -0.90096885), (-0.43388373, 0, -0.90096885), (-0.22252093, 0, -0.9749279), (-0.43388373, 0, -0.90096885), (-0.6234898, 0, -0.7818315), (-0.6234898, 0, -0.7818315), (-0.43388373, 0, -0.90096885), (-0.6234898, 0, -0.7818315), (-0.7818315, 0, -0.6234898), (-0.7818315, 0, -0.6234898), (-0.6234898, 0, -0.7818315), (-0.7818315, 0, -0.6234898), (-0.90096885, 0, -0.43388373), (-0.90096885, 0, -0.43388373), (-0.7818315, 0, -0.6234898), (-0.90096885, 0, -0.43388373), (-0.9749279, 0, -0.22252093), (-0.9749279, 0, -0.22252093), (-0.90096885, 0, -0.43388373), (-0.9749279, 0, -0.22252093), (-1, 0, -1.8369701e-16), (-1, 0, -1.8369701e-16), (-0.9749279, 0, -0.22252093), (-1, 0, -1.8369701e-16), (-0.9749279, 0, 0.22252093), (-0.9749279, 0, 0.22252093), (-1, 0, -1.8369701e-16), (-0.9749279, 0, 0.22252093), (-0.90096885, 0, 0.43388373), (-0.90096885, 0, 0.43388373), (-0.9749279, 0, 0.22252093), (-0.90096885, 0, 0.43388373), (-0.7818315, 0, 0.6234898), (-0.7818315, 0, 0.6234898), (-0.90096885, 0, 0.43388373), (-0.7818315, 0, 0.6234898), (-0.6234898, 0, 0.7818315), (-0.6234898, 0, 0.7818315), (-0.7818315, 0, 0.6234898), (-0.6234898, 0, 0.7818315), (-0.43388373, 0, 0.90096885), (-0.43388373, 0, 0.90096885), (-0.6234898, 0, 0.7818315), (-0.43388373, 0, 0.90096885), (-0.22252093, 0, 0.9749279), (-0.22252093, 0, 0.9749279), (-0.43388373, 0, 0.90096885), (-0.22252093, 0, 0.9749279), (0, 0, 1), (0, 0, 1), (-0.22252093, 0, 0.9749279), (0, -1, 0), (0, -1, 0), (0, -1, 0), (0, 1, 0), (0, 1, 0), (0, 1, 0), (0, -1, 0), (0, -1, 0), (0, -1, 0), (0, 1, 0), (0, 1, 0), (0, 1, 0), (0, -1, 0), (0, -1, 0), (0, -1, 0), (0, 1, 0), (0, 1, 0), (0, 1, 0), (0, -1, 0), (0, -1, 0), (0, -1, 0), (0, 1, 0), (0, 1, 0), (0, 1, 0), (0, -1, 0), (0, -1, 0), (0, -1, 0), (0, 1, 0), (0, 1, 0), (0, 1, 0), (0, -1, 0), (0, -1, 0), (0, -1, 0), (0, 1, 0), (0, 1, 0), (0, 1, 0), (0, -1, 0), (0, -1, 0), (0, -1, 0), (0, 1, 0), (0, 1, 0), (0, 1, 0), (0, -1, 0), (0, -1, 0), (0, -1, 0), (0, 1, 0), (0, 1, 0), (0, 1, 0), (0, -1, 0), (0, -1, 0), (0, -1, 0), (0, 1, 0), (0, 1, 0), (0, 1, 0), (0, -1, 0), (0, -1, 0), (0, -1, 0), (0, 1, 0), (0, 1, 0), (0, 1, 0), (0, -1, 0), (0, -1, 0), (0, -1, 0), (0, 1, 0), (0, 1, 0), (0, 1, 0), (0, -1, 0), (0, -1, 0), (0, -1, 0), (0, 1, 0), (0, 1, 0), (0, 1, 0), (0, -1, 0), (0, -1, 0), (0, -1, 0), (0, 1, 0), (0, 1, 0), (0, 1, 0), (0, -1, 0), (0, -1, 0), (0, -1, 0), (0, 1, 0), (0, 1, 0), (0, 1, 0), (0, -1, 0), (0, -1, 0), (0, -1, 0), (0, 1, 0), (0, 1, 0), (0, 1, 0), (0, -1, 0), (0, -1, 0), (0, -1, 0), (0, 1, 0), (0, 1, 0), (0, 1, 0), (0, -1, 0), (0, -1, 0), (0, -1, 0), (0, 1, 0), (0, 1, 0), (0, 1, 0), (0, -1, 0), (0, -1, 0), (0, -1, 0), (0, 1, 0), (0, 1, 0), (0, 1, 0), (0, -1, 0), (0, -1, 0), (0, -1, 0), (0, 1, 0), (0, 1, 0), (0, 1, 0), (0, -1, 0), (0, -1, 0), (0, -1, 0), (0, 1, 0), (0, 1, 0), (0, 1, 0), (0, -1, 0), (0, -1, 0), (0, -1, 0), (0, 1, 0), (0, 1, 0), (0, 1, 0), (0, -1, 0), (0, -1, 0), (0, -1, 0), (0, 1, 0), (0, 1, 0), (0, 1, 0), (0, -1, 0), (0, -1, 0), (0, -1, 0), (0, 1, 0), (0, 1, 0), (0, 1, 0), (0, -1, 0), (0, -1, 0), (0, -1, 0), (0, 1, 0), (0, 1, 0), (0, 1, 0), (0, -1, 0), (0, -1, 0), (0, -1, 0), (0, 1, 0), (0, 1, 0), (0, 1, 0), (0, -1, 0), (0, -1, 0), (0, -1, 0), (0, 1, 0), (0, 1, 0), (0, 1, 0), (0, -1, 0), (0, -1, 0), (0, -1, 0), (0, 1, 0), (0, 1, 0), (0, 1, 0), (0, -1, 0), (0, -1, 0), (0, -1, 0), (0, 1, 0), (0, 1, 0), (0, 1, 0)] (
                    interpolation = "faceVarying"
                )
                point3f[] points = [(0, -0.006, 0.008), (0.0017801675, -0.006, 0.0077994233), (0.00347107, -0.006, 0.007207751), (0.0049879183, -0.006, 0.006254652), (0.006254652, -0.006, 0.0049879183), (0.007207751, -0.006, 0.00347107), (0.0077994233, -0.006, 0.0017801675), (0.008, -0.006, 4.8985874e-19), (0.0077994233, -0.006, -0.0017801675), (0.007207751, -0.006, -0.00347107), (0.006254652, -0.006, -0.0049879183), (0.0049879183, -0.006, -0.006254652), (0.00347107, -0.006, -0.007207751), (0.0017801675, -0.006, -0.0077994233), (9.797175e-19, -0.006, -0.008), (-0.0017801675, -0.006, -0.0077994233), (-0.00347107, -0.006, -0.007207751), (-0.0049879183, -0.006, -0.006254652), (-0.006254652, -0.006, -0.0049879183), (-0.007207751, -0.006, -0.00347107), (-0.0077994233, -0.006, -0.0017801675), (-0.008, -0.006, -1.4695761e-18), (-0.0077994233, -0.006, 0.0017801675), (-0.007207751, -0.006, 0.00347107), (-0.006254652, -0.006, 0.0049879183), (-0.0049879183, -0.006, 0.006254652), (-0.00347107, -0.006, 0.007207751), (-0.0017801675, -0.006, 0.0077994233), (0, 0.006, 0.008), (0.0017801675, 0.006, 0.0077994233), (0.00347107, 0.006, 0.007207751), (0.0049879183, 0.006, 0.006254652), (0.006254652, 0.006, 0.0049879183), (0.007207751, 0.006, 0.00347107), (0.0077994233, 0.006, 0.0017801675), (0.008, 0.006, 4.8985874e-19), (0.0077994233, 0.006, -0.0017801675), (0.007207751, 0.006, -0.00347107), (0.006254652, 0.006, -0.0049879183), (0.0049879183, 0.006, -0.006254652), (0.00347107, 0.006, -0.007207751), (0.0017801675, 0.006, -0.0077994233), (9.797175e-19, 0.006, -0.008), (-0.0017801675, 0.006, -0.0077994233), (-0.00347107, 0.006, -0.007207751), (-0.0049879183, 0.006, -0.006254652), (-0.006254652, 0.006, -0.0049879183), (-0.007207751, 0.006, -0.00347107), (-0.0077994233, 0.006, -0.0017801675), (-0.008, 0.006, -1.4695761e-18), (-0.0077994233, 0.006, 0.0017801675), (-0.007207751, 0.006, 0.00347107), (-0.006254652, 0.006, 0.0049879183), (-0.0049879183, 0.006, 0.006254652), (-0.00347107, 0.006, 0.007207751), (-0.0017801675, 0.006, 0.0077994233), (0, -0.006, 0), (0, 0.006, 0)]
                uniform token subdivisionScheme = "none"
            }
        }

        def Xform "DF_A2_Arm" (
            prepend apiSchemas = ["PhysicsRigidBodyAPI", "PhysicsMassAPI"]
        )
        {
            float physics:mass = 0.035
            matrix4d xformOp:transform = ( (0, -0.5000000000000004, -0.8660254037844384, 0), (0, 0.8660254037844384, -0.5000000000000004, 0), (1, 0, 0, 0), (0.114, -0.020000000000000018, -0.03464101615137754, 1) )
            uniform token[] xformOpOrder = ["xformOp:transform"]

            def Mesh "Rod" (
                prepend apiSchemas = ["MaterialBindingAPI"]
            )
            {
                float3[] extent = [(-0.03, -0.005, -0.005), (-0.014, 0.005, 0.005)]
                int[] faceVertexCounts = [4, 4, 4, 4, 4, 4, 4, 4, 4, 4, 4, 4, 4, 4, 4, 4, 4, 4, 4, 4, 4, 4, 4, 4, 4, 4, 4, 4, 3, 3, 3, 3, 3, 3, 3, 3, 3, 3, 3, 3, 3, 3, 3, 3, 3, 3, 3, 3, 3, 3, 3, 3, 3, 3, 3, 3, 3, 3, 3, 3, 3, 3, 3, 3, 3, 3, 3, 3, 3, 3, 3, 3, 3, 3, 3, 3, 3, 3, 3, 3, 3, 3, 3, 3]
                int[] faceVertexIndices = [0, 1, 29, 28, 1, 2, 30, 29, 2, 3, 31, 30, 3, 4, 32, 31, 4, 5, 33, 32, 5, 6, 34, 33, 6, 7, 35, 34, 7, 8, 36, 35, 8, 9, 37, 36, 9, 10, 38, 37, 10, 11, 39, 38, 11, 12, 40, 39, 12, 13, 41, 40, 13, 14, 42, 41, 14, 15, 43, 42, 15, 16, 44, 43, 16, 17, 45, 44, 17, 18, 46, 45, 18, 19, 47, 46, 19, 20, 48, 47, 20, 21, 49, 48, 21, 22, 50, 49, 22, 23, 51, 50, 23, 24, 52, 51, 24, 25, 53, 52, 25, 26, 54, 53, 26, 27, 55, 54, 27, 0, 28, 55, 56, 1, 0, 57, 28, 29, 56, 2, 1, 57, 29, 30, 56, 3, 2, 57, 30, 31, 56, 4, 3, 57, 31, 32, 56, 5, 4, 57, 32, 33, 56, 6, 5, 57, 33, 34, 56, 7, 6, 57, 34, 35, 56, 8, 7, 57, 35, 36, 56, 9, 8, 57, 36, 37, 56, 10, 9, 57, 37, 38, 56, 11, 10, 57, 38, 39, 56, 12, 11, 57, 39, 40, 56, 13, 12, 57, 40, 41, 56, 14, 13, 57, 41, 42, 56, 15, 14, 57, 42, 43, 56, 16, 15, 57, 43, 44, 56, 17, 16, 57, 44, 45, 56, 18, 17, 57, 45, 46, 56, 19, 18, 57, 46, 47, 56, 20, 19, 57, 47, 48, 56, 21, 20, 57, 48, 49, 56, 22, 21, 57, 49, 50, 56, 23, 22, 57, 50, 51, 56, 24, 23, 57, 51, 52, 56, 25, 24, 57, 52, 53, 56, 26, 25, 57, 53, 54, 56, 27, 26, 57, 54, 55, 56, 0, 27, 57, 55, 28]
                rel material:binding = </World/Looks/Rod>
                normal3f[] normals = [(0, 1, 0), (0, 0.9749279, 0.22252093), (0, 0.9749279, 0.22252093), (0, 1, 0), (0, 0.9749279, 0.22252093), (0, 0.90096885, 0.43388373), (0, 0.90096885, 0.43388373), (0, 0.9749279, 0.22252093), (0, 0.90096885, 0.43388373), (0, 0.7818315, 0.6234898), (0, 0.7818315, 0.6234898), (0, 0.90096885, 0.43388373), (0, 0.7818315, 0.6234898), (0, 0.6234898, 0.7818315), (0, 0.6234898, 0.7818315), (0, 0.7818315, 0.6234898), (0, 0.6234898, 0.7818315), (0, 0.43388373, 0.90096885), (0, 0.43388373, 0.90096885), (0, 0.6234898, 0.7818315), (0, 0.43388373, 0.90096885), (0, 0.22252093, 0.9749279), (0, 0.22252093, 0.9749279), (0, 0.43388373, 0.90096885), (0, 0.22252093, 0.9749279), (0, 6.123234e-17, 1), (0, 6.123234e-17, 1), (0, 0.22252093, 0.9749279), (0, 6.123234e-17, 1), (0, -0.22252093, 0.9749279), (0, -0.22252093, 0.9749279), (0, 6.123234e-17, 1), (0, -0.22252093, 0.9749279), (0, -0.43388373, 0.90096885), (0, -0.43388373, 0.90096885), (0, -0.22252093, 0.9749279), (0, -0.43388373, 0.90096885), (0, -0.6234898, 0.7818315), (0, -0.6234898, 0.7818315), (0, -0.43388373, 0.90096885), (0, -0.6234898, 0.7818315), (0, -0.7818315, 0.6234898), (0, -0.7818315, 0.6234898), (0, -0.6234898, 0.7818315), (0, -0.7818315, 0.6234898), (0, -0.90096885, 0.43388373), (0, -0.90096885, 0.43388373), (0, -0.7818315, 0.6234898), (0, -0.90096885, 0.43388373), (0, -0.9749279, 0.22252093), (0, -0.9749279, 0.22252093), (0, -0.90096885, 0.43388373), (0, -0.9749279, 0.22252093), (0, -1, 1.2246469e-16), (0, -1, 1.2246469e-16), (0, -0.9749279, 0.22252093), (0, -1, 1.2246469e-16), (0, -0.9749279, -0.22252093), (0, -0.9749279, -0.22252093), (0, -1, 1.2246469e-16), (0, -0.9749279, -0.22252093), (0, -0.90096885, -0.43388373), (0, -0.90096885, -0.43388373), (0, -0.9749279, -0.22252093), (0, -0.90096885, -0.43388373), (0, -0.7818315, -0.6234898), (0, -0.7818315, -0.6234898), (0, -0.90096885, -0.43388373), (0, -0.7818315, -0.6234898), (0, -0.6234898, -0.7818315), (0, -0.6234898, -0.7818315), (0, -0.7818315, -0.6234898), (0, -0.6234898, -0.7818315), (0, -0.43388373, -0.90096885), (0, -0.43388373, -0.90096885), (0, -0.6234898, -0.7818315), (0, -0.43388373, -0.90096885), (0, -0.22252093, -0.9749279), (0, -0.22252093, -0.9749279), (0, -0.43388373, -0.90096885), (0, -0.22252093, -0.9749279), (0, -1.8369701e-16, -1), (0, -1.8369701e-16, -1), (0, -0.22252093, -0.9749279), (0, -1.8369701e-16, -1), (0, 0.22252093, -0.9749279), (0, 0.22252093, -0.9749279), (0, -1.8369701e-16, -1), (0, 0.22252093, -0.9749279), (0, 0.43388373, -0.90096885), (0, 0.43388373, -0.90096885), (0, 0.22252093, -0.9749279), (0, 0.43388373, -0.90096885), (0, 0.6234898, -0.7818315), (0, 0.6234898, -0.7818315), (0, 0.43388373, -0.90096885), (0, 0.6234898, -0.7818315), (0, 0.7818315, -0.6234898), (0, 0.7818315, -0.6234898), (0, 0.6234898, -0.7818315), (0, 0.7818315, -0.6234898), (0, 0.90096885, -0.43388373), (0, 0.90096885, -0.43388373), (0, 0.7818315, -0.6234898), (0, 0.90096885, -0.43388373), (0, 0.9749279, -0.22252093), (0, 0.9749279, -0.22252093), (0, 0.90096885, -0.43388373), (0, 0.9749279, -0.22252093), (0, 1, 0), (0, 1, 0), (0, 0.9749279, -0.22252093), (-1, 0, 0), (-1, 0, 0), (-1, 0, 0), (1, 0, 0), (1, 0, 0), (1, 0, 0), (-1, 0, 0), (-1, 0, 0), (-1, 0, 0), (1, 0, 0), (1, 0, 0), (1, 0, 0), (-1, 0, 0), (-1, 0, 0), (-1, 0, 0), (1, 0, 0), (1, 0, 0), (1, 0, 0), (-1, 0, 0), (-1, 0, 0), (-1, 0, 0), (1, 0, 0), (1, 0, 0), (1, 0, 0), (-1, 0, 0), (-1, 0, 0), (-1, 0, 0), (1, 0, 0), (1, 0, 0), (1, 0, 0), (-1, 0, 0), (-1, 0, 0), (-1, 0, 0), (1, 0, 0), (1, 0, 0), (1, 0, 0), (-1, 0, 0), (-1, 0, 0), (-1, 0, 0), (1, 0, 0), (1, 0, 0), (1, 0, 0), (-1, 0, 0), (-1, 0, 0), (-1, 0, 0), (1, 0, 0), (1, 0, 0), (1, 0, 0), (-1, 0, 0), (-1, 0, 0), (-1, 0, 0), (1, 0, 0), (1, 0, 0), (1, 0, 0), (-1, 0, 0), (-1, 0, 0), (-1, 0, 0), (1, 0, 0), (1, 0, 0), (1, 0, 0), (-1, 0, 0), (-1, 0, 0), (-1, 0, 0), (1, 0, 0), (1, 0, 0), (1, 0, 0), (-1, 0, 0), (-1, 0, 0), (-1, 0, 0), (1, 0, 0), (1, 0, 0), (1, 0, 0), (-1, 0, 0), (-1, 0, 0), (-1, 0, 0), (1, 0, 0), (1, 0, 0), (1, 0, 0), (-1, 0, 0), (-1, 0, 0), (-1, 0, 0), (1, 0, 0), (1, 0, 0), (1, 0, 0), (-1, 0, 0), (-1, 0, 0), (-1, 0, 0), (1, 0, 0), (1, 0, 0), (1, 0, 0), (-1, 0, 0), (-1, 0, 0), (-1, 0, 0), (1, 0, 0), (1, 0, 0), (1, 0, 0), (-1, 0, 0), (-1, 0, 0), (-1, 0, 0), (1, 0, 0), (1, 0, 0), (1, 0, 0), (-1, 0, 0), (-1, 0, 0), (-1, 0, 0), (1, 0, 0), (1, 0, 0), (1, 0, 0), (-1, 0, 0), (-1, 0, 0), (-1, 0, 0), (1, 0, 0), (1, 0, 0), (1, 0, 0), (-1, 0, 0), (-1, 0, 0), (-1, 0, 0), (1, 0, 0), (1, 0, 0), (1, 0, 0), (-1, 0, 0), (-1, 0, 0), (-1, 0, 0), (1, 0, 0), (1, 0, 0), (1, 0, 0), (-1, 0, 0), (-1, 0, 0), (-1, 0, 0), (1, 0, 0), (1, 0, 0), (1, 0, 0), (-1, 0, 0), (-1, 0, 0), (-1, 0, 0), (1, 0, 0), (1, 0, 0), (1, 0, 0), (-1, 0, 0), (-1, 0, 0), (-1, 0, 0), (1, 0, 0), (1, 0, 0), (1, 0, 0), (-1, 0, 0), (-1, 0, 0), (-1, 0, 0), (1, 0, 0), (1, 0, 0), (1, 0, 0), (-1, 0, 0), (-1, 0, 0), (-1, 0, 0), (1, 0, 0), (1, 0, 0), (1, 0, 0), (-1, 0, 0), (-1, 0, 0), (-1, 0, 0), (1, 0, 0), (1, 0, 0), (1, 0, 0), (-1, 0, 0), (-1, 0, 0), (-1, 0, 0), (1, 0, 0), (1, 0, 0), (1, 0, 0)] (
                    interpolation = "faceVarying"
                )
                point3f[] points = [(-0.03, 0.005, 0), (-0.03, 0.0048746397, 0.0011126046), (-0.03, 0.0045048445, 0.0021694186), (-0.03, 0.0039091576, 0.003117449), (-0.03, 0.003117449, 0.0039091576), (-0.03, 0.0021694186, 0.0045048445), (-0.03, 0.0011126046, 0.0048746397), (-0.03, 3.061617e-19, 0.005), (-0.03, -0.0011126046, 0.0048746397), (-0.03, -0.0021694186, 0.0045048445), (-0.03, -0.003117449, 0.0039091576), (-0.03, -0.0039091576, 0.003117449), (-0.03, -0.0045048445, 0.0021694186), (-0.03, -0.0048746397, 0.0011126046), (-0.03, -0.005, 6.123234e-19), (-0.03, -0.0048746397, -0.0011126046), (-0.03, -0.0045048445, -0.0021694186), (-0.03, -0.0039091576, -0.003117449), (-0.03, -0.003117449, -0.0039091576), (-0.03, -0.0021694186, -0.0045048445), (-0.03, -0.0011126046, -0.0048746397), (-0.03, -9.184851e-19, -0.005), (-0.03, 0.0011126046, -0.0048746397), (-0.03, 0.0021694186, -0.0045048445), (-0.03, 0.003117449, -0.0039091576), (-0.03, 0.0039091576, -0.003117449), (-0.03, 0.0045048445, -0.0021694186), (-0.03, 0.0048746397, -0.0011126046), (-0.014, 0.005, 0), (-0.014, 0.0048746397, 0.0011126046), (-0.014, 0.0045048445, 0.0021694186), (-0.014, 0.0039091576, 0.003117449), (-0.014, 0.003117449, 0.0039091576), (-0.014, 0.0021694186, 0.0045048445), (-0.014, 0.0011126046, 0.0048746397), (-0.014, 3.061617e-19, 0.005), (-0.014, -0.0011126046, 0.0048746397), (-0.014, -0.0021694186, 0.0045048445), (-0.014, -0.003117449, 0.0039091576), (-0.014, -0.0039091576, 0.003117449), (-0.014, -0.0045048445, 0.0021694186), (-0.014, -0.0048746397, 0.0011126046), (-0.014, -0.005, 6.123234e-19), (-0.014, -0.0048746397, -0.0011126046), (-0.014, -0.0045048445, -0.0021694186), (-0.014, -0.0039091576, -0.003117449), (-0.014, -0.003117449, -0.0039091576), (-0.014, -0.0021694186, -0.0045048445), (-0.014, -0.0011126046, -0.0048746397), (-0.014, -9.184851e-19, -0.005), (-0.014, 0.0011126046, -0.0048746397), (-0.014, 0.0021694186, -0.0045048445), (-0.014, 0.003117449, -0.0039091576), (-0.014, 0.0039091576, -0.003117449), (-0.014, 0.0045048445, -0.0021694186), (-0.014, 0.0048746397, -0.0011126046), (-0.03, 0, 0), (-0.014, 0, 0)]
                uniform token subdivisionScheme = "none"
            }

            def Cube "Yoke" (
                prepend apiSchemas = ["MaterialBindingAPI"]
            )
            {
                float3[] extent = [(-0.5, -0.5, -0.5), (0.5, 0.5, 0.5)]
                rel material:binding = </World/Looks/Fork>
                double size = 1
                matrix4d xformOp:transform = ( (0.0033, 0, 0, 0), (0, 0.023, 0, 0), (0, 0, 0.011, 0), (-0.012650000000000002, 0, 0, 1) )
                uniform token[] xformOpOrder = ["xformOp:transform"]
            }

            def Cube "ForkL" (
                prepend apiSchemas = ["MaterialBindingAPI"]
            )
            {
                float3[] extent = [(-0.5, -0.5, -0.5), (0.5, 0.5, 0.5)]
                rel material:binding = </World/Looks/Fork>
                double size = 1
                matrix4d xformOp:transform = ( (0.014, 0, 0, 0), (0, 0.003, 0, 0), (0, 0, 0.011, 0), (-0.007, 0.01, 0, 1) )
                uniform token[] xformOpOrder = ["xformOp:transform"]
            }

            def Cube "ForkR" (
                prepend apiSchemas = ["MaterialBindingAPI"]
            )
            {
                float3[] extent = [(-0.5, -0.5, -0.5), (0.5, 0.5, 0.5)]
                rel material:binding = </World/Looks/Fork>
                double size = 1
                matrix4d xformOp:transform = ( (0.014, 0, 0, 0), (0, 0.003, 0, 0), (0, 0, 0.011, 0), (-0.007, -0.01, 0, 1) )
                uniform token[] xformOpOrder = ["xformOp:transform"]
            }

            def Mesh "Axle" (
                prepend apiSchemas = ["MaterialBindingAPI"]
            )
            {
                float3[] extent = [(-0.0025, -0.0115, -0.0025), (0.0025, 0.0115, 0.0025)]
                int[] faceVertexCounts = [4, 4, 4, 4, 4, 4, 4, 4, 4, 4, 4, 4, 4, 4, 4, 4, 4, 4, 4, 4, 4, 4, 4, 4, 4, 4, 4, 4, 3, 3, 3, 3, 3, 3, 3, 3, 3, 3, 3, 3, 3, 3, 3, 3, 3, 3, 3, 3, 3, 3, 3, 3, 3, 3, 3, 3, 3, 3, 3, 3, 3, 3, 3, 3, 3, 3, 3, 3, 3, 3, 3, 3, 3, 3, 3, 3, 3, 3, 3, 3, 3, 3, 3, 3]
                int[] faceVertexIndices = [0, 1, 29, 28, 1, 2, 30, 29, 2, 3, 31, 30, 3, 4, 32, 31, 4, 5, 33, 32, 5, 6, 34, 33, 6, 7, 35, 34, 7, 8, 36, 35, 8, 9, 37, 36, 9, 10, 38, 37, 10, 11, 39, 38, 11, 12, 40, 39, 12, 13, 41, 40, 13, 14, 42, 41, 14, 15, 43, 42, 15, 16, 44, 43, 16, 17, 45, 44, 17, 18, 46, 45, 18, 19, 47, 46, 19, 20, 48, 47, 20, 21, 49, 48, 21, 22, 50, 49, 22, 23, 51, 50, 23, 24, 52, 51, 24, 25, 53, 52, 25, 26, 54, 53, 26, 27, 55, 54, 27, 0, 28, 55, 56, 1, 0, 57, 28, 29, 56, 2, 1, 57, 29, 30, 56, 3, 2, 57, 30, 31, 56, 4, 3, 57, 31, 32, 56, 5, 4, 57, 32, 33, 56, 6, 5, 57, 33, 34, 56, 7, 6, 57, 34, 35, 56, 8, 7, 57, 35, 36, 56, 9, 8, 57, 36, 37, 56, 10, 9, 57, 37, 38, 56, 11, 10, 57, 38, 39, 56, 12, 11, 57, 39, 40, 56, 13, 12, 57, 40, 41, 56, 14, 13, 57, 41, 42, 56, 15, 14, 57, 42, 43, 56, 16, 15, 57, 43, 44, 56, 17, 16, 57, 44, 45, 56, 18, 17, 57, 45, 46, 56, 19, 18, 57, 46, 47, 56, 20, 19, 57, 47, 48, 56, 21, 20, 57, 48, 49, 56, 22, 21, 57, 49, 50, 56, 23, 22, 57, 50, 51, 56, 24, 23, 57, 51, 52, 56, 25, 24, 57, 52, 53, 56, 26, 25, 57, 53, 54, 56, 27, 26, 57, 54, 55, 56, 0, 27, 57, 55, 28]
                rel material:binding = </World/Looks/Axle>
                normal3f[] normals = [(0, 0, 1), (0.22252093, 0, 0.9749279), (0.22252093, 0, 0.9749279), (0, 0, 1), (0.22252093, 0, 0.9749279), (0.43388373, 0, 0.90096885), (0.43388373, 0, 0.90096885), (0.22252093, 0, 0.9749279), (0.43388373, 0, 0.90096885), (0.6234898, 0, 0.7818315), (0.6234898, 0, 0.7818315), (0.43388373, 0, 0.90096885), (0.6234898, 0, 0.7818315), (0.7818315, 0, 0.6234898), (0.7818315, 0, 0.6234898), (0.6234898, 0, 0.7818315), (0.7818315, 0, 0.6234898), (0.90096885, 0, 0.43388373), (0.90096885, 0, 0.43388373), (0.7818315, 0, 0.6234898), (0.90096885, 0, 0.43388373), (0.9749279, 0, 0.22252093), (0.9749279, 0, 0.22252093), (0.90096885, 0, 0.43388373), (0.9749279, 0, 0.22252093), (1, 0, 6.123234e-17), (1, 0, 6.123234e-17), (0.9749279, 0, 0.22252093), (1, 0, 6.123234e-17), (0.9749279, 0, -0.22252093), (0.9749279, 0, -0.22252093), (1, 0, 6.123234e-17), (0.9749279, 0, -0.22252093), (0.90096885, 0, -0.43388373), (0.90096885, 0, -0.43388373), (0.9749279, 0, -0.22252093), (0.90096885, 0, -0.43388373), (0.7818315, 0, -0.6234898), (0.7818315, 0, -0.6234898), (0.90096885, 0, -0.43388373), (0.7818315, 0, -0.6234898), (0.6234898, 0, -0.7818315), (0.6234898, 0, -0.7818315), (0.7818315, 0, -0.6234898), (0.6234898, 0, -0.7818315), (0.43388373, 0, -0.90096885), (0.43388373, 0, -0.90096885), (0.6234898, 0, -0.7818315), (0.43388373, 0, -0.90096885), (0.22252093, 0, -0.9749279), (0.22252093, 0, -0.9749279), (0.43388373, 0, -0.90096885), (0.22252093, 0, -0.9749279), (1.2246469e-16, 0, -1), (1.2246469e-16, 0, -1), (0.22252093, 0, -0.9749279), (1.2246469e-16, 0, -1), (-0.22252093, 0, -0.9749279), (-0.22252093, 0, -0.9749279), (1.2246469e-16, 0, -1), (-0.22252093, 0, -0.9749279), (-0.43388373, 0, -0.90096885), (-0.43388373, 0, -0.90096885), (-0.22252093, 0, -0.9749279), (-0.43388373, 0, -0.90096885), (-0.6234898, 0, -0.7818315), (-0.6234898, 0, -0.7818315), (-0.43388373, 0, -0.90096885), (-0.6234898, 0, -0.7818315), (-0.7818315, 0, -0.6234898), (-0.7818315, 0, -0.6234898), (-0.6234898, 0, -0.7818315), (-0.7818315, 0, -0.6234898), (-0.90096885, 0, -0.43388373), (-0.90096885, 0, -0.43388373), (-0.7818315, 0, -0.6234898), (-0.90096885, 0, -0.43388373), (-0.9749279, 0, -0.22252093), (-0.9749279, 0, -0.22252093), (-0.90096885, 0, -0.43388373), (-0.9749279, 0, -0.22252093), (-1, 0, -1.8369701e-16), (-1, 0, -1.8369701e-16), (-0.9749279, 0, -0.22252093), (-1, 0, -1.8369701e-16), (-0.9749279, 0, 0.22252093), (-0.9749279, 0, 0.22252093), (-1, 0, -1.8369701e-16), (-0.9749279, 0, 0.22252093), (-0.90096885, 0, 0.43388373), (-0.90096885, 0, 0.43388373), (-0.9749279, 0, 0.22252093), (-0.90096885, 0, 0.43388373), (-0.7818315, 0, 0.6234898), (-0.7818315, 0, 0.6234898), (-0.90096885, 0, 0.43388373), (-0.7818315, 0, 0.6234898), (-0.6234898, 0, 0.7818315), (-0.6234898, 0, 0.7818315), (-0.7818315, 0, 0.6234898), (-0.6234898, 0, 0.7818315), (-0.43388373, 0, 0.90096885), (-0.43388373, 0, 0.90096885), (-0.6234898, 0, 0.7818315), (-0.43388373, 0, 0.90096885), (-0.22252093, 0, 0.9749279), (-0.22252093, 0, 0.9749279), (-0.43388373, 0, 0.90096885), (-0.22252093, 0, 0.9749279), (0, 0, 1), (0, 0, 1), (-0.22252093, 0, 0.9749279), (0, -1, 0), (0, -1, 0), (0, -1, 0), (0, 1, 0), (0, 1, 0), (0, 1, 0), (0, -1, 0), (0, -1, 0), (0, -1, 0), (0, 1, 0), (0, 1, 0), (0, 1, 0), (0, -1, 0), (0, -1, 0), (0, -1, 0), (0, 1, 0), (0, 1, 0), (0, 1, 0), (0, -1, 0), (0, -1, 0), (0, -1, 0), (0, 1, 0), (0, 1, 0), (0, 1, 0), (0, -1, 0), (0, -1, 0), (0, -1, 0), (0, 1, 0), (0, 1, 0), (0, 1, 0), (0, -1, 0), (0, -1, 0), (0, -1, 0), (0, 1, 0), (0, 1, 0), (0, 1, 0), (0, -1, 0), (0, -1, 0), (0, -1, 0), (0, 1, 0), (0, 1, 0), (0, 1, 0), (0, -1, 0), (0, -1, 0), (0, -1, 0), (0, 1, 0), (0, 1, 0), (0, 1, 0), (0, -1, 0), (0, -1, 0), (0, -1, 0), (0, 1, 0), (0, 1, 0), (0, 1, 0), (0, -1, 0), (0, -1, 0), (0, -1, 0), (0, 1, 0), (0, 1, 0), (0, 1, 0), (0, -1, 0), (0, -1, 0), (0, -1, 0), (0, 1, 0), (0, 1, 0), (0, 1, 0), (0, -1, 0), (0, -1, 0), (0, -1, 0), (0, 1, 0), (0, 1, 0), (0, 1, 0), (0, -1, 0), (0, -1, 0), (0, -1, 0), (0, 1, 0), (0, 1, 0), (0, 1, 0), (0, -1, 0), (0, -1, 0), (0, -1, 0), (0, 1, 0), (0, 1, 0), (0, 1, 0), (0, -1, 0), (0, -1, 0), (0, -1, 0), (0, 1, 0), (0, 1, 0), (0, 1, 0), (0, -1, 0), (0, -1, 0), (0, -1, 0), (0, 1, 0), (0, 1, 0), (0, 1, 0), (0, -1, 0), (0, -1, 0), (0, -1, 0), (0, 1, 0), (0, 1, 0), (0, 1, 0), (0, -1, 0), (0, -1, 0), (0, -1, 0), (0, 1, 0), (0, 1, 0), (0, 1, 0), (0, -1, 0), (0, -1, 0), (0, -1, 0), (0, 1, 0), (0, 1, 0), (0, 1, 0), (0, -1, 0), (0, -1, 0), (0, -1, 0), (0, 1, 0), (0, 1, 0), (0, 1, 0), (0, -1, 0), (0, -1, 0), (0, -1, 0), (0, 1, 0), (0, 1, 0), (0, 1, 0), (0, -1, 0), (0, -1, 0), (0, -1, 0), (0, 1, 0), (0, 1, 0), (0, 1, 0), (0, -1, 0), (0, -1, 0), (0, -1, 0), (0, 1, 0), (0, 1, 0), (0, 1, 0), (0, -1, 0), (0, -1, 0), (0, -1, 0), (0, 1, 0), (0, 1, 0), (0, 1, 0), (0, -1, 0), (0, -1, 0), (0, -1, 0), (0, 1, 0), (0, 1, 0), (0, 1, 0), (0, -1, 0), (0, -1, 0), (0, -1, 0), (0, 1, 0), (0, 1, 0), (0, 1, 0), (0, -1, 0), (0, -1, 0), (0, -1, 0), (0, 1, 0), (0, 1, 0), (0, 1, 0), (0, -1, 0), (0, -1, 0), (0, -1, 0), (0, 1, 0), (0, 1, 0), (0, 1, 0)] (
                    interpolation = "faceVarying"
                )
                point3f[] points = [(0, -0.0115, 0.0025), (0.0005563023, -0.0115, 0.0024373198), (0.0010847093, -0.0115, 0.0022524223), (0.0015587246, -0.0115, 0.0019545788), (0.0019545788, -0.0115, 0.0015587246), (0.0022524223, -0.0115, 0.0010847093), (0.0024373198, -0.0115, 0.0005563023), (0.0025, -0.0115, 1.5308085e-19), (0.0024373198, -0.0115, -0.0005563023), (0.0022524223, -0.0115, -0.0010847093), (0.0019545788, -0.0115, -0.0015587246), (0.0015587246, -0.0115, -0.0019545788), (0.0010847093, -0.0115, -0.0022524223), (0.0005563023, -0.0115, -0.0024373198), (3.061617e-19, -0.0115, -0.0025), (-0.0005563023, -0.0115, -0.0024373198), (-0.0010847093, -0.0115, -0.0022524223), (-0.0015587246, -0.0115, -0.0019545788), (-0.0019545788, -0.0115, -0.0015587246), (-0.0022524223, -0.0115, -0.0010847093), (-0.0024373198, -0.0115, -0.0005563023), (-0.0025, -0.0115, -4.5924256e-19), (-0.0024373198, -0.0115, 0.0005563023), (-0.0022524223, -0.0115, 0.0010847093), (-0.0019545788, -0.0115, 0.0015587246), (-0.0015587246, -0.0115, 0.0019545788), (-0.0010847093, -0.0115, 0.0022524223), (-0.0005563023, -0.0115, 0.0024373198), (0, 0.0115, 0.0025), (0.0005563023, 0.0115, 0.0024373198), (0.0010847093, 0.0115, 0.0022524223), (0.0015587246, 0.0115, 0.0019545788), (0.0019545788, 0.0115, 0.0015587246), (0.0022524223, 0.0115, 0.0010847093), (0.0024373198, 0.0115, 0.0005563023), (0.0025, 0.0115, 1.5308085e-19), (0.0024373198, 0.0115, -0.0005563023), (0.0022524223, 0.0115, -0.0010847093), (0.0019545788, 0.0115, -0.0015587246), (0.0015587246, 0.0115, -0.0019545788), (0.0010847093, 0.0115, -0.0022524223), (0.0005563023, 0.0115, -0.0024373198), (3.061617e-19, 0.0115, -0.0025), (-0.0005563023, 0.0115, -0.0024373198), (-0.0010847093, 0.0115, -0.0022524223), (-0.0015587246, 0.0115, -0.0019545788), (-0.0019545788, 0.0115, -0.0015587246), (-0.0022524223, 0.0115, -0.0010847093), (-0.0024373198, 0.0115, -0.0005563023), (-0.0025, 0.0115, -4.5924256e-19), (-0.0024373198, 0.0115, 0.0005563023), (-0.0022524223, 0.0115, 0.0010847093), (-0.0019545788, 0.0115, 0.0015587246), (-0.0015587246, 0.0115, 0.0019545788), (-0.0010847093, 0.0115, 0.0022524223), (-0.0005563023, 0.0115, 0.0024373198), (0, -0.0115, 0), (0, 0.0115, 0)]
                uniform token subdivisionScheme = "none"
            }
        }

        def Xform "DF_A2_Wheel" (
            apiSchemas = ["PhysicsRigidBodyAPI", "PhysicsMassAPI", "PhysxRigidBodyAPI"]
        )
        {
            point3f physics:centerOfMass = (0, 0, 0)
            float3 physics:diagonalInertia = (7e-7, 8e-7, 7e-7)
            float physics:mass = 0.025
            quatf physics:principalAxes = (1, 0, 0, 0)
            custom bool physxRigidBody:enableCCD = 1
            custom float physxRigidBody:maxLinearVelocity = 5
            matrix4d xformOp:transform = ( (0, -0.5000000000000004, -0.8660254037844384, 0), (0, 0.8660254037844384, -0.5000000000000004, 0), (1, 0, 0, 0), (0.114, -0.020000000000000018, -0.03464101615137754, 1) )
            uniform token[] xformOpOrder = ["xformOp:transform"]

            def Cylinder "WheelCollider" (
                apiSchemas = ["PhysicsCollisionAPI", "PhysxCollisionAPI", "MaterialBindingAPI"]
            )
            {
                uniform token axis = "Y"
                float3[] extent = [(-0.008, -0.006, -0.008), (0.008, 0.006, 0.008)]
                double height = 0.012
                rel material:binding:physics = </World/Looks/TyrePhys> (
                    bindMaterialAs = "weakerThanDescendants"
                )
                custom float physxCollision:contactOffset = 0.004
                custom float physxCollision:restOffset = 0
                double radius = 0.008
                token visibility = "invisible"
            }

            def Mesh "WheelVisual" (
                prepend apiSchemas = ["MaterialBindingAPI"]
            )
            {
                float3[] extent = [(-0.008, -0.006, -0.008), (0.008, 0.006, 0.008)]
                int[] faceVertexCounts = [4, 4, 4, 4, 4, 4, 4, 4, 4, 4, 4, 4, 4, 4, 4, 4, 4, 4, 4, 4, 4, 4, 4, 4, 4, 4, 4, 4, 3, 3, 3, 3, 3, 3, 3, 3, 3, 3, 3, 3, 3, 3, 3, 3, 3, 3, 3, 3, 3, 3, 3, 3, 3, 3, 3, 3, 3, 3, 3, 3, 3, 3, 3, 3, 3, 3, 3, 3, 3, 3, 3, 3, 3, 3, 3, 3, 3, 3, 3, 3, 3, 3, 3, 3]
                int[] faceVertexIndices = [0, 1, 29, 28, 1, 2, 30, 29, 2, 3, 31, 30, 3, 4, 32, 31, 4, 5, 33, 32, 5, 6, 34, 33, 6, 7, 35, 34, 7, 8, 36, 35, 8, 9, 37, 36, 9, 10, 38, 37, 10, 11, 39, 38, 11, 12, 40, 39, 12, 13, 41, 40, 13, 14, 42, 41, 14, 15, 43, 42, 15, 16, 44, 43, 16, 17, 45, 44, 17, 18, 46, 45, 18, 19, 47, 46, 19, 20, 48, 47, 20, 21, 49, 48, 21, 22, 50, 49, 22, 23, 51, 50, 23, 24, 52, 51, 24, 25, 53, 52, 25, 26, 54, 53, 26, 27, 55, 54, 27, 0, 28, 55, 56, 1, 0, 57, 28, 29, 56, 2, 1, 57, 29, 30, 56, 3, 2, 57, 30, 31, 56, 4, 3, 57, 31, 32, 56, 5, 4, 57, 32, 33, 56, 6, 5, 57, 33, 34, 56, 7, 6, 57, 34, 35, 56, 8, 7, 57, 35, 36, 56, 9, 8, 57, 36, 37, 56, 10, 9, 57, 37, 38, 56, 11, 10, 57, 38, 39, 56, 12, 11, 57, 39, 40, 56, 13, 12, 57, 40, 41, 56, 14, 13, 57, 41, 42, 56, 15, 14, 57, 42, 43, 56, 16, 15, 57, 43, 44, 56, 17, 16, 57, 44, 45, 56, 18, 17, 57, 45, 46, 56, 19, 18, 57, 46, 47, 56, 20, 19, 57, 47, 48, 56, 21, 20, 57, 48, 49, 56, 22, 21, 57, 49, 50, 56, 23, 22, 57, 50, 51, 56, 24, 23, 57, 51, 52, 56, 25, 24, 57, 52, 53, 56, 26, 25, 57, 53, 54, 56, 27, 26, 57, 54, 55, 56, 0, 27, 57, 55, 28]
                rel material:binding = </World/Looks/Wheel>
                normal3f[] normals = [(0, 0, 1), (0.22252093, 0, 0.9749279), (0.22252093, 0, 0.9749279), (0, 0, 1), (0.22252093, 0, 0.9749279), (0.43388373, 0, 0.90096885), (0.43388373, 0, 0.90096885), (0.22252093, 0, 0.9749279), (0.43388373, 0, 0.90096885), (0.6234898, 0, 0.7818315), (0.6234898, 0, 0.7818315), (0.43388373, 0, 0.90096885), (0.6234898, 0, 0.7818315), (0.7818315, 0, 0.6234898), (0.7818315, 0, 0.6234898), (0.6234898, 0, 0.7818315), (0.7818315, 0, 0.6234898), (0.90096885, 0, 0.43388373), (0.90096885, 0, 0.43388373), (0.7818315, 0, 0.6234898), (0.90096885, 0, 0.43388373), (0.9749279, 0, 0.22252093), (0.9749279, 0, 0.22252093), (0.90096885, 0, 0.43388373), (0.9749279, 0, 0.22252093), (1, 0, 6.123234e-17), (1, 0, 6.123234e-17), (0.9749279, 0, 0.22252093), (1, 0, 6.123234e-17), (0.9749279, 0, -0.22252093), (0.9749279, 0, -0.22252093), (1, 0, 6.123234e-17), (0.9749279, 0, -0.22252093), (0.90096885, 0, -0.43388373), (0.90096885, 0, -0.43388373), (0.9749279, 0, -0.22252093), (0.90096885, 0, -0.43388373), (0.7818315, 0, -0.6234898), (0.7818315, 0, -0.6234898), (0.90096885, 0, -0.43388373), (0.7818315, 0, -0.6234898), (0.6234898, 0, -0.7818315), (0.6234898, 0, -0.7818315), (0.7818315, 0, -0.6234898), (0.6234898, 0, -0.7818315), (0.43388373, 0, -0.90096885), (0.43388373, 0, -0.90096885), (0.6234898, 0, -0.7818315), (0.43388373, 0, -0.90096885), (0.22252093, 0, -0.9749279), (0.22252093, 0, -0.9749279), (0.43388373, 0, -0.90096885), (0.22252093, 0, -0.9749279), (1.2246469e-16, 0, -1), (1.2246469e-16, 0, -1), (0.22252093, 0, -0.9749279), (1.2246469e-16, 0, -1), (-0.22252093, 0, -0.9749279), (-0.22252093, 0, -0.9749279), (1.2246469e-16, 0, -1), (-0.22252093, 0, -0.9749279), (-0.43388373, 0, -0.90096885), (-0.43388373, 0, -0.90096885), (-0.22252093, 0, -0.9749279), (-0.43388373, 0, -0.90096885), (-0.6234898, 0, -0.7818315), (-0.6234898, 0, -0.7818315), (-0.43388373, 0, -0.90096885), (-0.6234898, 0, -0.7818315), (-0.7818315, 0, -0.6234898), (-0.7818315, 0, -0.6234898), (-0.6234898, 0, -0.7818315), (-0.7818315, 0, -0.6234898), (-0.90096885, 0, -0.43388373), (-0.90096885, 0, -0.43388373), (-0.7818315, 0, -0.6234898), (-0.90096885, 0, -0.43388373), (-0.9749279, 0, -0.22252093), (-0.9749279, 0, -0.22252093), (-0.90096885, 0, -0.43388373), (-0.9749279, 0, -0.22252093), (-1, 0, -1.8369701e-16), (-1, 0, -1.8369701e-16), (-0.9749279, 0, -0.22252093), (-1, 0, -1.8369701e-16), (-0.9749279, 0, 0.22252093), (-0.9749279, 0, 0.22252093), (-1, 0, -1.8369701e-16), (-0.9749279, 0, 0.22252093), (-0.90096885, 0, 0.43388373), (-0.90096885, 0, 0.43388373), (-0.9749279, 0, 0.22252093), (-0.90096885, 0, 0.43388373), (-0.7818315, 0, 0.6234898), (-0.7818315, 0, 0.6234898), (-0.90096885, 0, 0.43388373), (-0.7818315, 0, 0.6234898), (-0.6234898, 0, 0.7818315), (-0.6234898, 0, 0.7818315), (-0.7818315, 0, 0.6234898), (-0.6234898, 0, 0.7818315), (-0.43388373, 0, 0.90096885), (-0.43388373, 0, 0.90096885), (-0.6234898, 0, 0.7818315), (-0.43388373, 0, 0.90096885), (-0.22252093, 0, 0.9749279), (-0.22252093, 0, 0.9749279), (-0.43388373, 0, 0.90096885), (-0.22252093, 0, 0.9749279), (0, 0, 1), (0, 0, 1), (-0.22252093, 0, 0.9749279), (0, -1, 0), (0, -1, 0), (0, -1, 0), (0, 1, 0), (0, 1, 0), (0, 1, 0), (0, -1, 0), (0, -1, 0), (0, -1, 0), (0, 1, 0), (0, 1, 0), (0, 1, 0), (0, -1, 0), (0, -1, 0), (0, -1, 0), (0, 1, 0), (0, 1, 0), (0, 1, 0), (0, -1, 0), (0, -1, 0), (0, -1, 0), (0, 1, 0), (0, 1, 0), (0, 1, 0), (0, -1, 0), (0, -1, 0), (0, -1, 0), (0, 1, 0), (0, 1, 0), (0, 1, 0), (0, -1, 0), (0, -1, 0), (0, -1, 0), (0, 1, 0), (0, 1, 0), (0, 1, 0), (0, -1, 0), (0, -1, 0), (0, -1, 0), (0, 1, 0), (0, 1, 0), (0, 1, 0), (0, -1, 0), (0, -1, 0), (0, -1, 0), (0, 1, 0), (0, 1, 0), (0, 1, 0), (0, -1, 0), (0, -1, 0), (0, -1, 0), (0, 1, 0), (0, 1, 0), (0, 1, 0), (0, -1, 0), (0, -1, 0), (0, -1, 0), (0, 1, 0), (0, 1, 0), (0, 1, 0), (0, -1, 0), (0, -1, 0), (0, -1, 0), (0, 1, 0), (0, 1, 0), (0, 1, 0), (0, -1, 0), (0, -1, 0), (0, -1, 0), (0, 1, 0), (0, 1, 0), (0, 1, 0), (0, -1, 0), (0, -1, 0), (0, -1, 0), (0, 1, 0), (0, 1, 0), (0, 1, 0), (0, -1, 0), (0, -1, 0), (0, -1, 0), (0, 1, 0), (0, 1, 0), (0, 1, 0), (0, -1, 0), (0, -1, 0), (0, -1, 0), (0, 1, 0), (0, 1, 0), (0, 1, 0), (0, -1, 0), (0, -1, 0), (0, -1, 0), (0, 1, 0), (0, 1, 0), (0, 1, 0), (0, -1, 0), (0, -1, 0), (0, -1, 0), (0, 1, 0), (0, 1, 0), (0, 1, 0), (0, -1, 0), (0, -1, 0), (0, -1, 0), (0, 1, 0), (0, 1, 0), (0, 1, 0), (0, -1, 0), (0, -1, 0), (0, -1, 0), (0, 1, 0), (0, 1, 0), (0, 1, 0), (0, -1, 0), (0, -1, 0), (0, -1, 0), (0, 1, 0), (0, 1, 0), (0, 1, 0), (0, -1, 0), (0, -1, 0), (0, -1, 0), (0, 1, 0), (0, 1, 0), (0, 1, 0), (0, -1, 0), (0, -1, 0), (0, -1, 0), (0, 1, 0), (0, 1, 0), (0, 1, 0), (0, -1, 0), (0, -1, 0), (0, -1, 0), (0, 1, 0), (0, 1, 0), (0, 1, 0), (0, -1, 0), (0, -1, 0), (0, -1, 0), (0, 1, 0), (0, 1, 0), (0, 1, 0), (0, -1, 0), (0, -1, 0), (0, -1, 0), (0, 1, 0), (0, 1, 0), (0, 1, 0), (0, -1, 0), (0, -1, 0), (0, -1, 0), (0, 1, 0), (0, 1, 0), (0, 1, 0), (0, -1, 0), (0, -1, 0), (0, -1, 0), (0, 1, 0), (0, 1, 0), (0, 1, 0), (0, -1, 0), (0, -1, 0), (0, -1, 0), (0, 1, 0), (0, 1, 0), (0, 1, 0)] (
                    interpolation = "faceVarying"
                )
                point3f[] points = [(0, -0.006, 0.008), (0.0017801675, -0.006, 0.0077994233), (0.00347107, -0.006, 0.007207751), (0.0049879183, -0.006, 0.006254652), (0.006254652, -0.006, 0.0049879183), (0.007207751, -0.006, 0.00347107), (0.0077994233, -0.006, 0.0017801675), (0.008, -0.006, 4.8985874e-19), (0.0077994233, -0.006, -0.0017801675), (0.007207751, -0.006, -0.00347107), (0.006254652, -0.006, -0.0049879183), (0.0049879183, -0.006, -0.006254652), (0.00347107, -0.006, -0.007207751), (0.0017801675, -0.006, -0.0077994233), (9.797175e-19, -0.006, -0.008), (-0.0017801675, -0.006, -0.0077994233), (-0.00347107, -0.006, -0.007207751), (-0.0049879183, -0.006, -0.006254652), (-0.006254652, -0.006, -0.0049879183), (-0.007207751, -0.006, -0.00347107), (-0.0077994233, -0.006, -0.0017801675), (-0.008, -0.006, -1.4695761e-18), (-0.0077994233, -0.006, 0.0017801675), (-0.007207751, -0.006, 0.00347107), (-0.006254652, -0.006, 0.0049879183), (-0.0049879183, -0.006, 0.006254652), (-0.00347107, -0.006, 0.007207751), (-0.0017801675, -0.006, 0.0077994233), (0, 0.006, 0.008), (0.0017801675, 0.006, 0.0077994233), (0.00347107, 0.006, 0.007207751), (0.0049879183, 0.006, 0.006254652), (0.006254652, 0.006, 0.0049879183), (0.007207751, 0.006, 0.00347107), (0.0077994233, 0.006, 0.0017801675), (0.008, 0.006, 4.8985874e-19), (0.0077994233, 0.006, -0.0017801675), (0.007207751, 0.006, -0.00347107), (0.006254652, 0.006, -0.0049879183), (0.0049879183, 0.006, -0.006254652), (0.00347107, 0.006, -0.007207751), (0.0017801675, 0.006, -0.0077994233), (9.797175e-19, 0.006, -0.008), (-0.0017801675, 0.006, -0.0077994233), (-0.00347107, 0.006, -0.007207751), (-0.0049879183, 0.006, -0.006254652), (-0.006254652, 0.006, -0.0049879183), (-0.007207751, 0.006, -0.00347107), (-0.0077994233, 0.006, -0.0017801675), (-0.008, 0.006, -1.4695761e-18), (-0.0077994233, 0.006, 0.0017801675), (-0.007207751, 0.006, 0.00347107), (-0.006254652, 0.006, 0.0049879183), (-0.0049879183, 0.006, 0.006254652), (-0.00347107, 0.006, 0.007207751), (-0.0017801675, 0.006, 0.0077994233), (0, -0.006, 0), (0, 0.006, 0)]
                uniform token subdivisionScheme = "none"
            }
        }

        def "SteerJoints"
        {
            def PhysicsRevoluteJoint "RollF" (
                prepend apiSchemas = ["PhysicsDriveAPI:angular"]
            )
            {
                float drive:angular:physics:damping = 2
                float drive:angular:physics:maxForce = 2
                float drive:angular:physics:stiffness = 15
                float drive:angular:physics:targetPosition = 0
                uniform token drive:angular:physics:type = "force"
                uniform token physics:axis = "X"
                rel physics:body0 = </World/Robot/Body>
                rel physics:body1 = </World/Robot/SphF>
                point3f physics:localPos0 = (0.048, 0, 0)
                point3f physics:localPos1 = (0, 0, 0)
                quatf physics:localRot0 = (1, 0, 0, 0)
                quatf physics:localRot1 = (1, 0, 0, 0)
            }

            def PhysicsRevoluteJoint "BendF" (
                prepend apiSchemas = ["PhysicsDriveAPI:angular"]
            )
            {
                float drive:angular:physics:damping = 3
                float drive:angular:physics:maxForce = 2.5
                float drive:angular:physics:stiffness = 25
                float drive:angular:physics:targetPosition = 0
                uniform token drive:angular:physics:type = "force"
                uniform token physics:axis = "Y"
                rel physics:body0 = </World/Robot/SphF>
                rel physics:body1 = </World/Robot/DiscF>
                point3f physics:localPos0 = (0, 0, 0)
                point3f physics:localPos1 = (-0.066, 0, 0)
                quatf physics:localRot0 = (1, 0, 0, 0)
                quatf physics:localRot1 = (1, 0, 0, 0)
                float physics:lowerLimit = -95
                float physics:upperLimit = 95
            }

            def PhysicsRevoluteJoint "RollR" (
                prepend apiSchemas = ["PhysicsDriveAPI:angular"]
            )
            {
                float drive:angular:physics:damping = 2
                float drive:angular:physics:maxForce = 2
                float drive:angular:physics:stiffness = 15
                float drive:angular:physics:targetPosition = 0
                uniform token drive:angular:physics:type = "force"
                uniform token physics:axis = "X"
                rel physics:body0 = </World/Robot/Body>
                rel physics:body1 = </World/Robot/SphR>
                point3f physics:localPos0 = (-0.048, 0, 0)
                point3f physics:localPos1 = (0, 0, 0)
                quatf physics:localRot0 = (1, 0, 0, 0)
                quatf physics:localRot1 = (1, 0, 0, 0)
            }

            def PhysicsRevoluteJoint "BendR" (
                prepend apiSchemas = ["PhysicsDriveAPI:angular"]
            )
            {
                float drive:angular:physics:damping = 3
                float drive:angular:physics:maxForce = 2.5
                float drive:angular:physics:stiffness = 25
                float drive:angular:physics:targetPosition = 0
                uniform token drive:angular:physics:type = "force"
                uniform token physics:axis = "Y"
                rel physics:body0 = </World/Robot/SphR>
                rel physics:body1 = </World/Robot/DiscR>
                point3f physics:localPos0 = (0, 0, 0)
                point3f physics:localPos1 = (0.066, 0, 0)
                quatf physics:localRot0 = (1, 0, 0, 0)
                quatf physics:localRot1 = (1, 0, 0, 0)
                float physics:lowerLimit = -95
                float physics:upperLimit = 95
            }
        }

        def Xform "SphR" (
            prepend apiSchemas = ["PhysicsRigidBodyAPI", "PhysicsMassAPI"]
        )
        {
            point3f physics:centerOfMass = (0, 0, 0)
            float3 physics:diagonalInertia = (0.0000242, 0.000016133334, 0.000016133334)
            float physics:mass = 0.1
            quatf physics:principalAxes = (1, 0, 0, 0)
            matrix4d xformOp:transform = ( (1, 0, 0, 0), (0, 1, 0, 0), (0, 0, 1, 0), (-0.048, 0, 0, 1) )
            uniform token[] xformOpOrder = ["xformOp:transform"]

            def Cube "Collider" (
                apiSchemas = ["PhysicsCollisionAPI", "PhysxCollisionAPI"]
            )
            {
                float3[] extent = [(-0.5, -0.5, -0.5), (0.5, 0.5, 0.5)]
                custom float physxCollision:contactOffset = 0.003
                custom float physxCollision:restOffset = 0
                double size = 1
                token visibility = "invisible"
                matrix4d xformOp:transform = ( (0.022, 0, 0, 0), (0, 0.024, 0, 0), (0, 0, 0.044, 0), (0, 0, 0, 1) )
                uniform token[] xformOpOrder = ["xformOp:transform"]
            }

            def Mesh "Visual" (
                prepend apiSchemas = ["MaterialBindingAPI"]
            )
            {
                float3[] extent = [(-0.011, -0.012, -0.022), (0.011, 0.012, 0.022)]
                int[] faceVertexCounts = [4, 4, 4, 4, 4, 4, 4, 4, 4, 4, 4, 4, 4, 4, 4, 4, 4, 4, 4, 4, 4, 4, 4, 4, 4, 4, 4, 4, 4, 4, 4, 4, 4, 4, 4, 4, 4, 4, 4, 4, 3, 3, 3, 3, 3, 3, 3, 3, 3, 3, 3, 3, 3, 3, 3, 3, 3, 3, 3, 3, 3, 3, 3, 3, 3, 3, 3, 3, 3, 3, 3, 3, 3, 3, 3, 3, 3, 3, 3, 3, 3, 3, 3, 3, 3, 3, 3, 3, 3, 3, 3, 3, 3, 3, 3, 3, 3, 3, 3, 3, 3, 3, 3, 3, 3, 3, 3, 3, 3, 3, 3, 3, 3, 3, 3, 3, 3, 3, 3, 3]
                int[] faceVertexIndices = [0, 1, 41, 40, 1, 2, 42, 41, 2, 3, 43, 42, 3, 4, 44, 43, 4, 5, 45, 44, 5, 6, 46, 45, 6, 7, 47, 46, 7, 8, 48, 47, 8, 9, 49, 48, 9, 10, 50, 49, 10, 11, 51, 50, 11, 12, 52, 51, 12, 13, 53, 52, 13, 14, 54, 53, 14, 15, 55, 54, 15, 16, 56, 55, 16, 17, 57, 56, 17, 18, 58, 57, 18, 19, 59, 58, 19, 20, 60, 59, 20, 21, 61, 60, 21, 22, 62, 61, 22, 23, 63, 62, 23, 24, 64, 63, 24, 25, 65, 64, 25, 26, 66, 65, 26, 27, 67, 66, 27, 28, 68, 67, 28, 29, 69, 68, 29, 30, 70, 69, 30, 31, 71, 70, 31, 32, 72, 71, 32, 33, 73, 72, 33, 34, 74, 73, 34, 35, 75, 74, 35, 36, 76, 75, 36, 37, 77, 76, 37, 38, 78, 77, 38, 39, 79, 78, 39, 0, 40, 79, 80, 1, 0, 81, 40, 41, 80, 2, 1, 81, 41, 42, 80, 3, 2, 81, 42, 43, 80, 4, 3, 81, 43, 44, 80, 5, 4, 81, 44, 45, 80, 6, 5, 81, 45, 46, 80, 7, 6, 81, 46, 47, 80, 8, 7, 81, 47, 48, 80, 9, 8, 81, 48, 49, 80, 10, 9, 81, 49, 50, 80, 11, 10, 81, 50, 51, 80, 12, 11, 81, 51, 52, 80, 13, 12, 81, 52, 53, 80, 14, 13, 81, 53, 54, 80, 15, 14, 81, 54, 55, 80, 16, 15, 81, 55, 56, 80, 17, 16, 81, 56, 57, 80, 18, 17, 81, 57, 58, 80, 19, 18, 81, 58, 59, 80, 20, 19, 81, 59, 60, 80, 21, 20, 81, 60, 61, 80, 22, 21, 81, 61, 62, 80, 23, 22, 81, 62, 63, 80, 24, 23, 81, 63, 64, 80, 25, 24, 81, 64, 65, 80, 26, 25, 81, 65, 66, 80, 27, 26, 81, 66, 67, 80, 28, 27, 81, 67, 68, 80, 29, 28, 81, 68, 69, 80, 30, 29, 81, 69, 70, 80, 31, 30, 81, 70, 71, 80, 32, 31, 81, 71, 72, 80, 33, 32, 81, 72, 73, 80, 34, 33, 81, 73, 74, 80, 35, 34, 81, 74, 75, 80, 36, 35, 81, 75, 76, 80, 37, 36, 81, 76, 77, 80, 38, 37, 81, 77, 78, 80, 39, 38, 81, 78, 79, 80, 0, 39, 81, 79, 40]
                rel material:binding = </World/Looks/Drum>
                normal3f[] normals = [(0, 1, 0), (0, 1, 0), (0, 1, 0), (0, 1, 0), (0, 1, 0), (0, 1, 0), (0, 1, 0), (0, 1, 0), (0, 1, 0), (0, 1, 0), (0, 1, 0), (0, 1, 0), (0, 1, 0), (0, 1, 0), (0, 1, 0), (0, 1, 0), (0, 1, 0), (0, 1, 0), (0, 1, 0), (0, 1, 0), (0, 1, 0), (0, 1, 0), (0, 1, 0), (0, 1, 0), (0, 1, 0), (0, 0.4539905, 0.8910065), (0, 0.4539905, 0.8910065), (0, 1, 0), (0, 0.4539905, 0.8910065), (0, 0.309017, 0.95105654), (0, 0.309017, 0.95105654), (0, 0.4539905, 0.8910065), (0, 0.309017, 0.95105654), (0, 0.15643446, 0.98768836), (0, 0.15643446, 0.98768836), (0, 0.309017, 0.95105654), (0, 0.15643446, 0.98768836), (0, 6.123234e-17, 1), (0, 6.123234e-17, 1), (0, 0.15643446, 0.98768836), (0, 6.123234e-17, 1), (0, -0.15643446, 0.98768836), (0, -0.15643446, 0.98768836), (0, 6.123234e-17, 1), (0, -0.15643446, 0.98768836), (0, -0.309017, 0.95105654), (0, -0.309017, 0.95105654), (0, -0.15643446, 0.98768836), (0, -0.309017, 0.95105654), (0, -0.4539905, 0.8910065), (0, -0.4539905, 0.8910065), (0, -0.309017, 0.95105654), (0, -0.4539905, 0.8910065), (0, -1, 0), (0, -1, 0), (0, -0.4539905, 0.8910065), (0, -1, 0), (0, -1, 0), (0, -1, 0), (0, -1, 0), (0, -1, 0), (0, -1, 0), (0, -1, 0), (0, -1, 0), (0, -1, 0), (0, -1, 0), (0, -1, 0), (0, -1, 0), (0, -1, 0), (0, -1, 0), (0, -1, 0), (0, -1, 0), (0, -1, 0), (0, -1, 0), (0, -1, 0), (0, -1, 0), (0, -1, 0), (0, -1, 0), (0, -1, 0), (0, -1, 0), (0, -1, 0), (0, -1, 0), (0, -1, 0), (0, -1, 0), (0, -1, 0), (0, -1, 0), (0, -1, 0), (0, -1, 0), (0, -1, 0), (0, -1, 0), (0, -1, 0), (0, -1, 0), (0, -1, 0), (0, -1, 0), (0, -1, 0), (0, -1, 0), (0, -1, 0), (0, -1, 0), (0, -1, 0), (0, -1, 0), (0, -1, 0), (0, -1, 0), (0, -1, 0), (0, -1, 0), (0, -1, 0), (0, -0.4539905, -0.8910065), (0, -0.4539905, -0.8910065), (0, -1, 0), (0, -0.4539905, -0.8910065), (0, -0.309017, -0.95105654), (0, -0.309017, -0.95105654), (0, -0.4539905, -0.8910065), (0, -0.309017, -0.95105654), (0, -0.15643446, -0.98768836), (0, -0.15643446, -0.98768836), (0, -0.309017, -0.95105654), (0, -0.15643446, -0.98768836), (0, -1.8369701e-16, -1), (0, -1.8369701e-16, -1), (0, -0.15643446, -0.98768836), (0, -1.8369701e-16, -1), (0, 0.15643446, -0.98768836), (0, 0.15643446, -0.98768836), (0, -1.8369701e-16, -1), (0, 0.15643446, -0.98768836), (0, 0.309017, -0.95105654), (0, 0.309017, -0.95105654), (0, 0.15643446, -0.98768836), (0, 0.309017, -0.95105654), (0, 0.4539905, -0.8910065), (0, 0.4539905, -0.8910065), (0, 0.309017, -0.95105654), (0, 0.4539905, -0.8910065), (0, 1, 0), (0, 1, 0), (0, 0.4539905, -0.8910065), (0, 1, 0), (0, 1, 0), (0, 1, 0), (0, 1, 0), (0, 1, 0), (0, 1, 0), (0, 1, 0), (0, 1, 0), (0, 1, 0), (0, 1, 0), (0, 1, 0), (0, 1, 0), (0, 1, 0), (0, 1, 0), (0, 1, 0), (0, 1, 0), (0, 1, 0), (0, 1, 0), (0, 1, 0), (0, 1, 0), (0, 1, 0), (0, 1, 0), (0, 1, 0), (0, 1, 0), (-1, 0, 0), (-1, 0, 0), (-1, 0, 0), (1, 0, 0), (1, 0, 0), (1, 0, 0), (-1, 0, 0), (-1, 0, 0), (-1, 0, 0), (1, 0, 0), (1, 0, 0), (1, 0, 0), (-1, 0, 0), (-1, 0, 0), (-1, 0, 0), (1, 0, 0), (1, 0, 0), (1, 0, 0), (-1, 0, 0), (-1, 0, 0), (-1, 0, 0), (1, 0, 0), (1, 0, 0), (1, 0, 0), (-1, 0, 0), (-1, 0, 0), (-1, 0, 0), (1, 0, 0), (1, 0, 0), (1, 0, 0), (-1, 0, 0), (-1, 0, 0), (-1, 0, 0), (1, 0, 0), (1, 0, 0), (1, 0, 0), (-1, 0, 0), (-1, 0, 0), (-1, 0, 0), (1, 0, 0), (1, 0, 0), (1, 0, 0), (-1, 0, 0), (-1, 0, 0), (-1, 0, 0), (1, 0, 0), (1, 0, 0), (1, 0, 0), (-1, 0, 0), (-1, 0, 0), (-1, 0, 0), (1, 0, 0), (1, 0, 0), (1, 0, 0), (-1, 0, 0), (-1, 0, 0), (-1, 0, 0), (1, 0, 0), (1, 0, 0), (1, 0, 0), (-1, 0, 0), (-1, 0, 0), (-1, 0, 0), (1, 0, 0), (1, 0, 0), (1, 0, 0), (-1, 0, 0), (-1, 0, 0), (-1, 0, 0), (1, 0, 0), (1, 0, 0), (1, 0, 0), (-1, 0, 0), (-1, 0, 0), (-1, 0, 0), (1, 0, 0), (1, 0, 0), (1, 0, 0), (-1, 0, 0), (-1, 0, 0), (-1, 0, 0), (1, 0, 0), (1, 0, 0), (1, 0, 0), (-1, 0, 0), (-1, 0, 0), (-1, 0, 0), (1, 0, 0), (1, 0, 0), (1, 0, 0), (-1, 0, 0), (-1, 0, 0), (-1, 0, 0), (1, 0, 0), (1, 0, 0), (1, 0, 0), (-1, 0, 0), (-1, 0, 0), (-1, 0, 0), (1, 0, 0), (1, 0, 0), (1, 0, 0), (-1, 0, 0), (-1, 0, 0), (-1, 0, 0), (1, 0, 0), (1, 0, 0), (1, 0, 0), (-1, 0, 0), (-1, 0, 0), (-1, 0, 0), (1, 0, 0), (1, 0, 0), (1, 0, 0), (-1, 0, 0), (-1, 0, 0), (-1, 0, 0), (1, 0, 0), (1, 0, 0), (1, 0, 0), (-1, 0, 0), (-1, 0, 0), (-1, 0, 0), (1, 0, 0), (1, 0, 0), (1, 0, 0), (-1, 0, 0), (-1, 0, 0), (-1, 0, 0), (1, 0, 0), (1, 0, 0), (1, 0, 0), (-1, 0, 0), (-1, 0, 0), (-1, 0, 0), (1, 0, 0), (1, 0, 0), (1, 0, 0), (-1, 0, 0), (-1, 0, 0), (-1, 0, 0), (1, 0, 0), (1, 0, 0), (1, 0, 0), (-1, 0, 0), (-1, 0, 0), (-1, 0, 0), (1, 0, 0), (1, 0, 0), (1, 0, 0), (-1, 0, 0), (-1, 0, 0), (-1, 0, 0), (1, 0, 0), (1, 0, 0), (1, 0, 0), (-1, 0, 0), (-1, 0, 0), (-1, 0, 0), (1, 0, 0), (1, 0, 0), (1, 0, 0), (-1, 0, 0), (-1, 0, 0), (-1, 0, 0), (1, 0, 0), (1, 0, 0), (1, 0, 0), (-1, 0, 0), (-1, 0, 0), (-1, 0, 0), (1, 0, 0), (1, 0, 0), (1, 0, 0), (-1, 0, 0), (-1, 0, 0), (-1, 0, 0), (1, 0, 0), (1, 0, 0), (1, 0, 0), (-1, 0, 0), (-1, 0, 0), (-1, 0, 0), (1, 0, 0), (1, 0, 0), (1, 0, 0), (-1, 0, 0), (-1, 0, 0), (-1, 0, 0), (1, 0, 0), (1, 0, 0), (1, 0, 0), (-1, 0, 0), (-1, 0, 0), (-1, 0, 0), (1, 0, 0), (1, 0, 0), (1, 0, 0), (-1, 0, 0), (-1, 0, 0), (-1, 0, 0), (1, 0, 0), (1, 0, 0), (1, 0, 0), (-1, 0, 0), (-1, 0, 0), (-1, 0, 0), (1, 0, 0), (1, 0, 0), (1, 0, 0), (-1, 0, 0), (-1, 0, 0), (-1, 0, 0), (1, 0, 0), (1, 0, 0), (1, 0, 0), (-1, 0, 0), (-1, 0, 0), (-1, 0, 0), (1, 0, 0), (1, 0, 0), (1, 0, 0), (-1, 0, 0), (-1, 0, 0), (-1, 0, 0), (1, 0, 0), (1, 0, 0), (1, 0, 0), (-1, 0, 0), (-1, 0, 0), (-1, 0, 0), (1, 0, 0), (1, 0, 0), (1, 0, 0), (-1, 0, 0), (-1, 0, 0), (-1, 0, 0), (1, 0, 0), (1, 0, 0), (1, 0, 0)] (
                    interpolation = "faceVarying"
                )
                point3f[] points = [(-0.011, 0.012, 0), (-0.011, 0.012, 0.0019006133), (-0.011, 0.012, 0.0038990364), (-0.011, 0.012, 0.0061143055), (-0.011, 0.012, 0.00871851), (-0.011, 0.012, 0.012), (-0.011, 0.012, 0.016516583), (-0.011, 0.009987791, 0.019602144), (-0.011, 0.006798374, 0.020923244), (-0.011, 0.0034415582, 0.021729143), (-0.011, 1.3471115e-18, 0.022), (-0.011, -0.0034415582, 0.021729143), (-0.011, -0.006798374, 0.020923244), (-0.011, -0.009987791, 0.019602144), (-0.011, -0.012, 0.016516583), (-0.011, -0.012, 0.012), (-0.011, -0.012, 0.00871851), (-0.011, -0.012, 0.0061143055), (-0.011, -0.012, 0.0038990364), (-0.011, -0.012, 0.0019006133), (-0.011, -0.012, 1.4695761e-18), (-0.011, -0.012, -0.0019006133), (-0.011, -0.012, -0.0038990364), (-0.011, -0.012, -0.0061143055), (-0.011, -0.012, -0.00871851), (-0.011, -0.012, -0.012), (-0.011, -0.012, -0.016516583), (-0.011, -0.009987791, -0.019602144), (-0.011, -0.006798374, -0.020923244), (-0.011, -0.0034415582, -0.021729143), (-0.011, -4.0413344e-18, -0.022), (-0.011, 0.0034415582, -0.021729143), (-0.011, 0.006798374, -0.020923244), (-0.011, 0.009987791, -0.019602144), (-0.011, 0.012, -0.016516583), (-0.011, 0.012, -0.012), (-0.011, 0.012, -0.00871851), (-0.011, 0.012, -0.0061143055), (-0.011, 0.012, -0.0038990364), (-0.011, 0.012, -0.0019006133), (0.011, 0.012, 0), (0.011, 0.012, 0.0019006133), (0.011, 0.012, 0.0038990364), (0.011, 0.012, 0.0061143055), (0.011, 0.012, 0.00871851), (0.011, 0.012, 0.012), (0.011, 0.012, 0.016516583), (0.011, 0.009987791, 0.019602144), (0.011, 0.006798374, 0.020923244), (0.011, 0.0034415582, 0.021729143), (0.011, 1.3471115e-18, 0.022), (0.011, -0.0034415582, 0.021729143), (0.011, -0.006798374, 0.020923244), (0.011, -0.009987791, 0.019602144), (0.011, -0.012, 0.016516583), (0.011, -0.012, 0.012), (0.011, -0.012, 0.00871851), (0.011, -0.012, 0.0061143055), (0.011, -0.012, 0.0038990364), (0.011, -0.012, 0.0019006133), (0.011, -0.012, 1.4695761e-18), (0.011, -0.012, -0.0019006133), (0.011, -0.012, -0.0038990364), (0.011, -0.012, -0.0061143055), (0.011, -0.012, -0.00871851), (0.011, -0.012, -0.012), (0.011, -0.012, -0.016516583), (0.011, -0.009987791, -0.019602144), (0.011, -0.006798374, -0.020923244), (0.011, -0.0034415582, -0.021729143), (0.011, -4.0413344e-18, -0.022), (0.011, 0.0034415582, -0.021729143), (0.011, 0.006798374, -0.020923244), (0.011, 0.009987791, -0.019602144), (0.011, 0.012, -0.016516583), (0.011, 0.012, -0.012), (0.011, 0.012, -0.00871851), (0.011, 0.012, -0.0061143055), (0.011, 0.012, -0.0038990364), (0.011, 0.012, -0.0019006133), (-0.011, 0, 0), (0.011, 0, 0)]
                uniform token subdivisionScheme = "none"
            }

            def Mesh "Trunnion" (
                prepend apiSchemas = ["MaterialBindingAPI"]
            )
            {
                float3[] extent = [(-0.005, -0.0235, -0.005), (0.005, 0.0235, 0.005)]
                int[] faceVertexCounts = [4, 4, 4, 4, 4, 4, 4, 4, 4, 4, 4, 4, 4, 4, 4, 4, 3, 3, 3, 3, 3, 3, 3, 3, 3, 3, 3, 3, 3, 3, 3, 3, 3, 3, 3, 3, 3, 3, 3, 3, 3, 3, 3, 3, 3, 3, 3, 3]
                int[] faceVertexIndices = [0, 1, 17, 16, 1, 2, 18, 17, 2, 3, 19, 18, 3, 4, 20, 19, 4, 5, 21, 20, 5, 6, 22, 21, 6, 7, 23, 22, 7, 8, 24, 23, 8, 9, 25, 24, 9, 10, 26, 25, 10, 11, 27, 26, 11, 12, 28, 27, 12, 13, 29, 28, 13, 14, 30, 29, 14, 15, 31, 30, 15, 0, 16, 31, 32, 1, 0, 33, 16, 17, 32, 2, 1, 33, 17, 18, 32, 3, 2, 33, 18, 19, 32, 4, 3, 33, 19, 20, 32, 5, 4, 33, 20, 21, 32, 6, 5, 33, 21, 22, 32, 7, 6, 33, 22, 23, 32, 8, 7, 33, 23, 24, 32, 9, 8, 33, 24, 25, 32, 10, 9, 33, 25, 26, 32, 11, 10, 33, 26, 27, 32, 12, 11, 33, 27, 28, 32, 13, 12, 33, 28, 29, 32, 14, 13, 33, 29, 30, 32, 15, 14, 33, 30, 31, 32, 0, 15, 33, 31, 16]
                rel material:binding = </World/Looks/Pin>
                normal3f[] normals = [(0, 0, 1), (0.38268343, 0, 0.9238795), (0.38268343, 0, 0.9238795), (0, 0, 1), (0.38268343, 0, 0.9238795), (0.70710677, 0, 0.70710677), (0.70710677, 0, 0.70710677), (0.38268343, 0, 0.9238795), (0.70710677, 0, 0.70710677), (0.9238795, 0, 0.38268343), (0.9238795, 0, 0.38268343), (0.70710677, 0, 0.70710677), (0.9238795, 0, 0.38268343), (1, 0, 6.123234e-17), (1, 0, 6.123234e-17), (0.9238795, 0, 0.38268343), (1, 0, 6.123234e-17), (0.9238795, 0, -0.38268343), (0.9238795, 0, -0.38268343), (1, 0, 6.123234e-17), (0.9238795, 0, -0.38268343), (0.70710677, 0, -0.70710677), (0.70710677, 0, -0.70710677), (0.9238795, 0, -0.38268343), (0.70710677, 0, -0.70710677), (0.38268343, 0, -0.9238795), (0.38268343, 0, -0.9238795), (0.70710677, 0, -0.70710677), (0.38268343, 0, -0.9238795), (1.2246469e-16, 0, -1), (1.2246469e-16, 0, -1), (0.38268343, 0, -0.9238795), (1.2246469e-16, 0, -1), (-0.38268343, 0, -0.9238795), (-0.38268343, 0, -0.9238795), (1.2246469e-16, 0, -1), (-0.38268343, 0, -0.9238795), (-0.70710677, 0, -0.70710677), (-0.70710677, 0, -0.70710677), (-0.38268343, 0, -0.9238795), (-0.70710677, 0, -0.70710677), (-0.9238795, 0, -0.38268343), (-0.9238795, 0, -0.38268343), (-0.70710677, 0, -0.70710677), (-0.9238795, 0, -0.38268343), (-1, 0, -1.8369701e-16), (-1, 0, -1.8369701e-16), (-0.9238795, 0, -0.38268343), (-1, 0, -1.8369701e-16), (-0.9238795, 0, 0.38268343), (-0.9238795, 0, 0.38268343), (-1, 0, -1.8369701e-16), (-0.9238795, 0, 0.38268343), (-0.70710677, 0, 0.70710677), (-0.70710677, 0, 0.70710677), (-0.9238795, 0, 0.38268343), (-0.70710677, 0, 0.70710677), (-0.38268343, 0, 0.9238795), (-0.38268343, 0, 0.9238795), (-0.70710677, 0, 0.70710677), (-0.38268343, 0, 0.9238795), (0, 0, 1), (0, 0, 1), (-0.38268343, 0, 0.9238795), (0, -1, 0), (0, -1, 0), (0, -1, 0), (0, 1, 0), (0, 1, 0), (0, 1, 0), (0, -1, 0), (0, -1, 0), (0, -1, 0), (0, 1, 0), (0, 1, 0), (0, 1, 0), (0, -1, 0), (0, -1, 0), (0, -1, 0), (0, 1, 0), (0, 1, 0), (0, 1, 0), (0, -1, 0), (0, -1, 0), (0, -1, 0), (0, 1, 0), (0, 1, 0), (0, 1, 0), (0, -1, 0), (0, -1, 0), (0, -1, 0), (0, 1, 0), (0, 1, 0), (0, 1, 0), (0, -1, 0), (0, -1, 0), (0, -1, 0), (0, 1, 0), (0, 1, 0), (0, 1, 0), (0, -1, 0), (0, -1, 0), (0, -1, 0), (0, 1, 0), (0, 1, 0), (0, 1, 0), (0, -1, 0), (0, -1, 0), (0, -1, 0), (0, 1, 0), (0, 1, 0), (0, 1, 0), (0, -1, 0), (0, -1, 0), (0, -1, 0), (0, 1, 0), (0, 1, 0), (0, 1, 0), (0, -1, 0), (0, -1, 0), (0, -1, 0), (0, 1, 0), (0, 1, 0), (0, 1, 0), (0, -1, 0), (0, -1, 0), (0, -1, 0), (0, 1, 0), (0, 1, 0), (0, 1, 0), (0, -1, 0), (0, -1, 0), (0, -1, 0), (0, 1, 0), (0, 1, 0), (0, 1, 0), (0, -1, 0), (0, -1, 0), (0, -1, 0), (0, 1, 0), (0, 1, 0), (0, 1, 0), (0, -1, 0), (0, -1, 0), (0, -1, 0), (0, 1, 0), (0, 1, 0), (0, 1, 0), (0, -1, 0), (0, -1, 0), (0, -1, 0), (0, 1, 0), (0, 1, 0), (0, 1, 0), (0, -1, 0), (0, -1, 0), (0, -1, 0), (0, 1, 0), (0, 1, 0), (0, 1, 0)] (
                    interpolation = "faceVarying"
                )
                point3f[] points = [(0, -0.0235, 0.005), (0.0019134171, -0.0235, 0.0046193977), (0.0035355338, -0.0235, 0.0035355338), (0.0046193977, -0.0235, 0.0019134171), (0.005, -0.0235, 3.061617e-19), (0.0046193977, -0.0235, -0.0019134171), (0.0035355338, -0.0235, -0.0035355338), (0.0019134171, -0.0235, -0.0046193977), (6.123234e-19, -0.0235, -0.005), (-0.0019134171, -0.0235, -0.0046193977), (-0.0035355338, -0.0235, -0.0035355338), (-0.0046193977, -0.0235, -0.0019134171), (-0.005, -0.0235, -9.184851e-19), (-0.0046193977, -0.0235, 0.0019134171), (-0.0035355338, -0.0235, 0.0035355338), (-0.0019134171, -0.0235, 0.0046193977), (0, 0.0235, 0.005), (0.0019134171, 0.0235, 0.0046193977), (0.0035355338, 0.0235, 0.0035355338), (0.0046193977, 0.0235, 0.0019134171), (0.005, 0.0235, 3.061617e-19), (0.0046193977, 0.0235, -0.0019134171), (0.0035355338, 0.0235, -0.0035355338), (0.0019134171, 0.0235, -0.0046193977), (6.123234e-19, 0.0235, -0.005), (-0.0019134171, 0.0235, -0.0046193977), (-0.0035355338, 0.0235, -0.0035355338), (-0.0046193977, 0.0235, -0.0019134171), (-0.005, 0.0235, -9.184851e-19), (-0.0046193977, 0.0235, 0.0019134171), (-0.0035355338, 0.0235, 0.0035355338), (-0.0019134171, 0.0235, 0.0046193977), (0, -0.0235, 0), (0, 0.0235, 0)]
                uniform token subdivisionScheme = "none"
            }
        }

        def Xform "DiscR" (
            prepend apiSchemas = ["PhysicsRigidBodyAPI", "PhysicsMassAPI"]
        )
        {
            point3f physics:centerOfMass = (0, 0, 0)
            float3 physics:diagonalInertia = (0.000046875, 0.0000266375, 0.0000266375)
            float physics:mass = 0.15
            quatf physics:principalAxes = (1, 0, 0, 0)
            matrix4d xformOp:transform = ( (1, 0, 0, 0), (0, 1, 0, 0), (0, 0, 1, 0), (-0.114, 0, 0, 1) )
            uniform token[] xformOpOrder = ["xformOp:transform"]

            def Cylinder "CoreCollider" (
                apiSchemas = ["PhysicsCollisionAPI", "PhysxCollisionAPI"]
            )
            {
                uniform token axis = "X"
                float3[] extent = [(-0.008, -0.025, -0.025), (0.008, 0.025, 0.025)]
                double height = 0.016
                custom float physxCollision:contactOffset = 0.003
                custom float physxCollision:restOffset = 0
                double radius = 0.025
                token visibility = "invisible"
            }

            def Mesh "CoreVisual" (
                prepend apiSchemas = ["MaterialBindingAPI"]
            )
            {
                float3[] extent = [(-0.008, -0.025, -0.025), (0.008, 0.025, 0.025)]
                int[] faceVertexCounts = [4, 4, 4, 4, 4, 4, 4, 4, 4, 4, 4, 4, 4, 4, 4, 4, 4, 4, 4, 4, 4, 4, 4, 4, 4, 4, 4, 4, 4, 4, 4, 4, 4, 4, 4, 4, 4, 4, 4, 4, 4, 4, 4, 4, 4, 4, 4, 4, 3, 3, 3, 3, 3, 3, 3, 3, 3, 3, 3, 3, 3, 3, 3, 3, 3, 3, 3, 3, 3, 3, 3, 3, 3, 3, 3, 3, 3, 3, 3, 3, 3, 3, 3, 3, 3, 3, 3, 3, 3, 3, 3, 3, 3, 3, 3, 3, 3, 3, 3, 3, 3, 3, 3, 3, 3, 3, 3, 3, 3, 3, 3, 3, 3, 3, 3, 3, 3, 3, 3, 3, 3, 3, 3, 3, 3, 3, 3, 3, 3, 3, 3, 3, 3, 3, 3, 3, 3, 3, 3, 3, 3, 3, 3, 3]
                int[] faceVertexIndices = [0, 1, 49, 48, 1, 2, 50, 49, 2, 3, 51, 50, 3, 4, 52, 51, 4, 5, 53, 52, 5, 6, 54, 53, 6, 7, 55, 54, 7, 8, 56, 55, 8, 9, 57, 56, 9, 10, 58, 57, 10, 11, 59, 58, 11, 12, 60, 59, 12, 13, 61, 60, 13, 14, 62, 61, 14, 15, 63, 62, 15, 16, 64, 63, 16, 17, 65, 64, 17, 18, 66, 65, 18, 19, 67, 66, 19, 20, 68, 67, 20, 21, 69, 68, 21, 22, 70, 69, 22, 23, 71, 70, 23, 24, 72, 71, 24, 25, 73, 72, 25, 26, 74, 73, 26, 27, 75, 74, 27, 28, 76, 75, 28, 29, 77, 76, 29, 30, 78, 77, 30, 31, 79, 78, 31, 32, 80, 79, 32, 33, 81, 80, 33, 34, 82, 81, 34, 35, 83, 82, 35, 36, 84, 83, 36, 37, 85, 84, 37, 38, 86, 85, 38, 39, 87, 86, 39, 40, 88, 87, 40, 41, 89, 88, 41, 42, 90, 89, 42, 43, 91, 90, 43, 44, 92, 91, 44, 45, 93, 92, 45, 46, 94, 93, 46, 47, 95, 94, 47, 0, 48, 95, 96, 1, 0, 97, 48, 49, 96, 2, 1, 97, 49, 50, 96, 3, 2, 97, 50, 51, 96, 4, 3, 97, 51, 52, 96, 5, 4, 97, 52, 53, 96, 6, 5, 97, 53, 54, 96, 7, 6, 97, 54, 55, 96, 8, 7, 97, 55, 56, 96, 9, 8, 97, 56, 57, 96, 10, 9, 97, 57, 58, 96, 11, 10, 97, 58, 59, 96, 12, 11, 97, 59, 60, 96, 13, 12, 97, 60, 61, 96, 14, 13, 97, 61, 62, 96, 15, 14, 97, 62, 63, 96, 16, 15, 97, 63, 64, 96, 17, 16, 97, 64, 65, 96, 18, 17, 97, 65, 66, 96, 19, 18, 97, 66, 67, 96, 20, 19, 97, 67, 68, 96, 21, 20, 97, 68, 69, 96, 22, 21, 97, 69, 70, 96, 23, 22, 97, 70, 71, 96, 24, 23, 97, 71, 72, 96, 25, 24, 97, 72, 73, 96, 26, 25, 97, 73, 74, 96, 27, 26, 97, 74, 75, 96, 28, 27, 97, 75, 76, 96, 29, 28, 97, 76, 77, 96, 30, 29, 97, 77, 78, 96, 31, 30, 97, 78, 79, 96, 32, 31, 97, 79, 80, 96, 33, 32, 97, 80, 81, 96, 34, 33, 97, 81, 82, 96, 35, 34, 97, 82, 83, 96, 36, 35, 97, 83, 84, 96, 37, 36, 97, 84, 85, 96, 38, 37, 97, 85, 86, 96, 39, 38, 97, 86, 87, 96, 40, 39, 97, 87, 88, 96, 41, 40, 97, 88, 89, 96, 42, 41, 97, 89, 90, 96, 43, 42, 97, 90, 91, 96, 44, 43, 97, 91, 92, 96, 45, 44, 97, 92, 93, 96, 46, 45, 97, 93, 94, 96, 47, 46, 97, 94, 95, 96, 0, 47, 97, 95, 48]
                rel material:binding = </World/Looks/Disc>
                normal3f[] normals = [(0, 1, 0), (0, 0.9914449, 0.13052619), (0, 0.9914449, 0.13052619), (0, 1, 0), (0, 0.9914449, 0.13052619), (0, 0.9659258, 0.25881904), (0, 0.9659258, 0.25881904), (0, 0.9914449, 0.13052619), (0, 0.9659258, 0.25881904), (0, 0.9238795, 0.38268343), (0, 0.9238795, 0.38268343), (0, 0.9659258, 0.25881904), (0, 0.9238795, 0.38268343), (0, 0.8660254, 0.5), (0, 0.8660254, 0.5), (0, 0.9238795, 0.38268343), (0, 0.8660254, 0.5), (0, 0.7933533, 0.6087614), (0, 0.7933533, 0.6087614), (0, 0.8660254, 0.5), (0, 0.7933533, 0.6087614), (0, 0.70710677, 0.70710677), (0, 0.70710677, 0.70710677), (0, 0.7933533, 0.6087614), (0, 0.70710677, 0.70710677), (0, 0.6087614, 0.7933533), (0, 0.6087614, 0.7933533), (0, 0.70710677, 0.70710677), (0, 0.6087614, 0.7933533), (0, 0.5, 0.8660254), (0, 0.5, 0.8660254), (0, 0.6087614, 0.7933533), (0, 0.5, 0.8660254), (0, 0.38268343, 0.9238795), (0, 0.38268343, 0.9238795), (0, 0.5, 0.8660254), (0, 0.38268343, 0.9238795), (0, 0.25881904, 0.9659258), (0, 0.25881904, 0.9659258), (0, 0.38268343, 0.9238795), (0, 0.25881904, 0.9659258), (0, 0.13052619, 0.9914449), (0, 0.13052619, 0.9914449), (0, 0.25881904, 0.9659258), (0, 0.13052619, 0.9914449), (0, 6.123234e-17, 1), (0, 6.123234e-17, 1), (0, 0.13052619, 0.9914449), (0, 6.123234e-17, 1), (0, -0.13052619, 0.9914449), (0, -0.13052619, 0.9914449), (0, 6.123234e-17, 1), (0, -0.13052619, 0.9914449), (0, -0.25881904, 0.9659258), (0, -0.25881904, 0.9659258), (0, -0.13052619, 0.9914449), (0, -0.25881904, 0.9659258), (0, -0.38268343, 0.9238795), (0, -0.38268343, 0.9238795), (0, -0.25881904, 0.9659258), (0, -0.38268343, 0.9238795), (0, -0.5, 0.8660254), (0, -0.5, 0.8660254), (0, -0.38268343, 0.9238795), (0, -0.5, 0.8660254), (0, -0.6087614, 0.7933533), (0, -0.6087614, 0.7933533), (0, -0.5, 0.8660254), (0, -0.6087614, 0.7933533), (0, -0.70710677, 0.70710677), (0, -0.70710677, 0.70710677), (0, -0.6087614, 0.7933533), (0, -0.70710677, 0.70710677), (0, -0.7933533, 0.6087614), (0, -0.7933533, 0.6087614), (0, -0.70710677, 0.70710677), (0, -0.7933533, 0.6087614), (0, -0.8660254, 0.5), (0, -0.8660254, 0.5), (0, -0.7933533, 0.6087614), (0, -0.8660254, 0.5), (0, -0.9238795, 0.38268343), (0, -0.9238795, 0.38268343), (0, -0.8660254, 0.5), (0, -0.9238795, 0.38268343), (0, -0.9659258, 0.25881904), (0, -0.9659258, 0.25881904), (0, -0.9238795, 0.38268343), (0, -0.9659258, 0.25881904), (0, -0.9914449, 0.13052619), (0, -0.9914449, 0.13052619), (0, -0.9659258, 0.25881904), (0, -0.9914449, 0.13052619), (0, -1, 1.2246469e-16), (0, -1, 1.2246469e-16), (0, -0.9914449, 0.13052619), (0, -1, 1.2246469e-16), (0, -0.9914449, -0.13052619), (0, -0.9914449, -0.13052619), (0, -1, 1.2246469e-16), (0, -0.9914449, -0.13052619), (0, -0.9659258, -0.25881904), (0, -0.9659258, -0.25881904), (0, -0.9914449, -0.13052619), (0, -0.9659258, -0.25881904), (0, -0.9238795, -0.38268343), (0, -0.9238795, -0.38268343), (0, -0.9659258, -0.25881904), (0, -0.9238795, -0.38268343), (0, -0.8660254, -0.5), (0, -0.8660254, -0.5), (0, -0.9238795, -0.38268343), (0, -0.8660254, -0.5), (0, -0.7933533, -0.6087614), (0, -0.7933533, -0.6087614), (0, -0.8660254, -0.5), (0, -0.7933533, -0.6087614), (0, -0.70710677, -0.70710677), (0, -0.70710677, -0.70710677), (0, -0.7933533, -0.6087614), (0, -0.70710677, -0.70710677), (0, -0.6087614, -0.7933533), (0, -0.6087614, -0.7933533), (0, -0.70710677, -0.70710677), (0, -0.6087614, -0.7933533), (0, -0.5, -0.8660254), (0, -0.5, -0.8660254), (0, -0.6087614, -0.7933533), (0, -0.5, -0.8660254), (0, -0.38268343, -0.9238795), (0, -0.38268343, -0.9238795), (0, -0.5, -0.8660254), (0, -0.38268343, -0.9238795), (0, -0.25881904, -0.9659258), (0, -0.25881904, -0.9659258), (0, -0.38268343, -0.9238795), (0, -0.25881904, -0.9659258), (0, -0.13052619, -0.9914449), (0, -0.13052619, -0.9914449), (0, -0.25881904, -0.9659258), (0, -0.13052619, -0.9914449), (0, -1.8369701e-16, -1), (0, -1.8369701e-16, -1), (0, -0.13052619, -0.9914449), (0, -1.8369701e-16, -1), (0, 0.13052619, -0.9914449), (0, 0.13052619, -0.9914449), (0, -1.8369701e-16, -1), (0, 0.13052619, -0.9914449), (0, 0.25881904, -0.9659258), (0, 0.25881904, -0.9659258), (0, 0.13052619, -0.9914449), (0, 0.25881904, -0.9659258), (0, 0.38268343, -0.9238795), (0, 0.38268343, -0.9238795), (0, 0.25881904, -0.9659258), (0, 0.38268343, -0.9238795), (0, 0.5, -0.8660254), (0, 0.5, -0.8660254), (0, 0.38268343, -0.9238795), (0, 0.5, -0.8660254), (0, 0.6087614, -0.7933533), (0, 0.6087614, -0.7933533), (0, 0.5, -0.8660254), (0, 0.6087614, -0.7933533), (0, 0.70710677, -0.70710677), (0, 0.70710677, -0.70710677), (0, 0.6087614, -0.7933533), (0, 0.70710677, -0.70710677), (0, 0.7933533, -0.6087614), (0, 0.7933533, -0.6087614), (0, 0.70710677, -0.70710677), (0, 0.7933533, -0.6087614), (0, 0.8660254, -0.5), (0, 0.8660254, -0.5), (0, 0.7933533, -0.6087614), (0, 0.8660254, -0.5), (0, 0.9238795, -0.38268343), (0, 0.9238795, -0.38268343), (0, 0.8660254, -0.5), (0, 0.9238795, -0.38268343), (0, 0.9659258, -0.25881904), (0, 0.9659258, -0.25881904), (0, 0.9238795, -0.38268343), (0, 0.9659258, -0.25881904), (0, 0.9914449, -0.13052619), (0, 0.9914449, -0.13052619), (0, 0.9659258, -0.25881904), (0, 0.9914449, -0.13052619), (0, 1, 0), (0, 1, 0), (0, 0.9914449, -0.13052619), (-1, 0, 0), (-1, 0, 0), (-1, 0, 0), (1, 0, 0), (1, 0, 0), (1, 0, 0), (-1, 0, 0), (-1, 0, 0), (-1, 0, 0), (1, 0, 0), (1, 0, 0), (1, 0, 0), (-1, 0, 0), (-1, 0, 0), (-1, 0, 0), (1, 0, 0), (1, 0, 0), (1, 0, 0), (-1, 0, 0), (-1, 0, 0), (-1, 0, 0), (1, 0, 0), (1, 0, 0), (1, 0, 0), (-1, 0, 0), (-1, 0, 0), (-1, 0, 0), (1, 0, 0), (1, 0, 0), (1, 0, 0), (-1, 0, 0), (-1, 0, 0), (-1, 0, 0), (1, 0, 0), (1, 0, 0), (1, 0, 0), (-1, 0, 0), (-1, 0, 0), (-1, 0, 0), (1, 0, 0), (1, 0, 0), (1, 0, 0), (-1, 0, 0), (-1, 0, 0), (-1, 0, 0), (1, 0, 0), (1, 0, 0), (1, 0, 0), (-1, 0, 0), (-1, 0, 0), (-1, 0, 0), (1, 0, 0), (1, 0, 0), (1, 0, 0), (-1, 0, 0), (-1, 0, 0), (-1, 0, 0), (1, 0, 0), (1, 0, 0), (1, 0, 0), (-1, 0, 0), (-1, 0, 0), (-1, 0, 0), (1, 0, 0), (1, 0, 0), (1, 0, 0), (-1, 0, 0), (-1, 0, 0), (-1, 0, 0), (1, 0, 0), (1, 0, 0), (1, 0, 0), (-1, 0, 0), (-1, 0, 0), (-1, 0, 0), (1, 0, 0), (1, 0, 0), (1, 0, 0), (-1, 0, 0), (-1, 0, 0), (-1, 0, 0), (1, 0, 0), (1, 0, 0), (1, 0, 0), (-1, 0, 0), (-1, 0, 0), (-1, 0, 0), (1, 0, 0), (1, 0, 0), (1, 0, 0), (-1, 0, 0), (-1, 0, 0), (-1, 0, 0), (1, 0, 0), (1, 0, 0), (1, 0, 0), (-1, 0, 0), (-1, 0, 0), (-1, 0, 0), (1, 0, 0), (1, 0, 0), (1, 0, 0), (-1, 0, 0), (-1, 0, 0), (-1, 0, 0), (1, 0, 0), (1, 0, 0), (1, 0, 0), (-1, 0, 0), (-1, 0, 0), (-1, 0, 0), (1, 0, 0), (1, 0, 0), (1, 0, 0), (-1, 0, 0), (-1, 0, 0), (-1, 0, 0), (1, 0, 0), (1, 0, 0), (1, 0, 0), (-1, 0, 0), (-1, 0, 0), (-1, 0, 0), (1, 0, 0), (1, 0, 0), (1, 0, 0), (-1, 0, 0), (-1, 0, 0), (-1, 0, 0), (1, 0, 0), (1, 0, 0), (1, 0, 0), (-1, 0, 0), (-1, 0, 0), (-1, 0, 0), (1, 0, 0), (1, 0, 0), (1, 0, 0), (-1, 0, 0), (-1, 0, 0), (-1, 0, 0), (1, 0, 0), (1, 0, 0), (1, 0, 0), (-1, 0, 0), (-1, 0, 0), (-1, 0, 0), (1, 0, 0), (1, 0, 0), (1, 0, 0), (-1, 0, 0), (-1, 0, 0), (-1, 0, 0), (1, 0, 0), (1, 0, 0), (1, 0, 0), (-1, 0, 0), (-1, 0, 0), (-1, 0, 0), (1, 0, 0), (1, 0, 0), (1, 0, 0), (-1, 0, 0), (-1, 0, 0), (-1, 0, 0), (1, 0, 0), (1, 0, 0), (1, 0, 0), (-1, 0, 0), (-1, 0, 0), (-1, 0, 0), (1, 0, 0), (1, 0, 0), (1, 0, 0), (-1, 0, 0), (-1, 0, 0), (-1, 0, 0), (1, 0, 0), (1, 0, 0), (1, 0, 0), (-1, 0, 0), (-1, 0, 0), (-1, 0, 0), (1, 0, 0), (1, 0, 0), (1, 0, 0), (-1, 0, 0), (-1, 0, 0), (-1, 0, 0), (1, 0, 0), (1, 0, 0), (1, 0, 0), (-1, 0, 0), (-1, 0, 0), (-1, 0, 0), (1, 0, 0), (1, 0, 0), (1, 0, 0), (-1, 0, 0), (-1, 0, 0), (-1, 0, 0), (1, 0, 0), (1, 0, 0), (1, 0, 0), (-1, 0, 0), (-1, 0, 0), (-1, 0, 0), (1, 0, 0), (1, 0, 0), (1, 0, 0), (-1, 0, 0), (-1, 0, 0), (-1, 0, 0), (1, 0, 0), (1, 0, 0), (1, 0, 0), (-1, 0, 0), (-1, 0, 0), (-1, 0, 0), (1, 0, 0), (1, 0, 0), (1, 0, 0), (-1, 0, 0), (-1, 0, 0), (-1, 0, 0), (1, 0, 0), (1, 0, 0), (1, 0, 0), (-1, 0, 0), (-1, 0, 0), (-1, 0, 0), (1, 0, 0), (1, 0, 0), (1, 0, 0), (-1, 0, 0), (-1, 0, 0), (-1, 0, 0), (1, 0, 0), (1, 0, 0), (1, 0, 0), (-1, 0, 0), (-1, 0, 0), (-1, 0, 0), (1, 0, 0), (1, 0, 0), (1, 0, 0), (-1, 0, 0), (-1, 0, 0), (-1, 0, 0), (1, 0, 0), (1, 0, 0), (1, 0, 0), (-1, 0, 0), (-1, 0, 0), (-1, 0, 0), (1, 0, 0), (1, 0, 0), (1, 0, 0), (-1, 0, 0), (-1, 0, 0), (-1, 0, 0), (1, 0, 0), (1, 0, 0), (1, 0, 0), (-1, 0, 0), (-1, 0, 0), (-1, 0, 0), (1, 0, 0), (1, 0, 0), (1, 0, 0), (-1, 0, 0), (-1, 0, 0), (-1, 0, 0), (1, 0, 0), (1, 0, 0), (1, 0, 0), (-1, 0, 0), (-1, 0, 0), (-1, 0, 0), (1, 0, 0), (1, 0, 0), (1, 0, 0), (-1, 0, 0), (-1, 0, 0), (-1, 0, 0), (1, 0, 0), (1, 0, 0), (1, 0, 0)] (
                    interpolation = "faceVarying"
                )
                point3f[] points = [(-0.008, 0.025, 0), (-0.008, 0.024786122, 0.0032631548), (-0.008, 0.024148146, 0.0064704763), (-0.008, 0.023096988, 0.009567086), (-0.008, 0.021650635, 0.0125), (-0.008, 0.019833833, 0.015219036), (-0.008, 0.01767767, 0.01767767), (-0.008, 0.015219036, 0.019833833), (-0.008, 0.0125, 0.021650635), (-0.008, 0.009567086, 0.023096988), (-0.008, 0.0064704763, 0.024148146), (-0.008, 0.0032631548, 0.024786122), (-0.008, 1.5308085e-18, 0.025), (-0.008, -0.0032631548, 0.024786122), (-0.008, -0.0064704763, 0.024148146), (-0.008, -0.009567086, 0.023096988), (-0.008, -0.0125, 0.021650635), (-0.008, -0.015219036, 0.019833833), (-0.008, -0.01767767, 0.01767767), (-0.008, -0.019833833, 0.015219036), (-0.008, -0.021650635, 0.0125), (-0.008, -0.023096988, 0.009567086), (-0.008, -0.024148146, 0.0064704763), (-0.008, -0.024786122, 0.0032631548), (-0.008, -0.025, 3.061617e-18), (-0.008, -0.024786122, -0.0032631548), (-0.008, -0.024148146, -0.0064704763), (-0.008, -0.023096988, -0.009567086), (-0.008, -0.021650635, -0.0125), (-0.008, -0.019833833, -0.015219036), (-0.008, -0.01767767, -0.01767767), (-0.008, -0.015219036, -0.019833833), (-0.008, -0.0125, -0.021650635), (-0.008, -0.009567086, -0.023096988), (-0.008, -0.0064704763, -0.024148146), (-0.008, -0.0032631548, -0.024786122), (-0.008, -4.5924257e-18, -0.025), (-0.008, 0.0032631548, -0.024786122), (-0.008, 0.0064704763, -0.024148146), (-0.008, 0.009567086, -0.023096988), (-0.008, 0.0125, -0.021650635), (-0.008, 0.015219036, -0.019833833), (-0.008, 0.01767767, -0.01767767), (-0.008, 0.019833833, -0.015219036), (-0.008, 0.021650635, -0.0125), (-0.008, 0.023096988, -0.009567086), (-0.008, 0.024148146, -0.0064704763), (-0.008, 0.024786122, -0.0032631548), (0.008, 0.025, 0), (0.008, 0.024786122, 0.0032631548), (0.008, 0.024148146, 0.0064704763), (0.008, 0.023096988, 0.009567086), (0.008, 0.021650635, 0.0125), (0.008, 0.019833833, 0.015219036), (0.008, 0.01767767, 0.01767767), (0.008, 0.015219036, 0.019833833), (0.008, 0.0125, 0.021650635), (0.008, 0.009567086, 0.023096988), (0.008, 0.0064704763, 0.024148146), (0.008, 0.0032631548, 0.024786122), (0.008, 1.5308085e-18, 0.025), (0.008, -0.0032631548, 0.024786122), (0.008, -0.0064704763, 0.024148146), (0.008, -0.009567086, 0.023096988), (0.008, -0.0125, 0.021650635), (0.008, -0.015219036, 0.019833833), (0.008, -0.01767767, 0.01767767), (0.008, -0.019833833, 0.015219036), (0.008, -0.021650635, 0.0125), (0.008, -0.023096988, 0.009567086), (0.008, -0.024148146, 0.0064704763), (0.008, -0.024786122, 0.0032631548), (0.008, -0.025, 3.061617e-18), (0.008, -0.024786122, -0.0032631548), (0.008, -0.024148146, -0.0064704763), (0.008, -0.023096988, -0.009567086), (0.008, -0.021650635, -0.0125), (0.008, -0.019833833, -0.015219036), (0.008, -0.01767767, -0.01767767), (0.008, -0.015219036, -0.019833833), (0.008, -0.0125, -0.021650635), (0.008, -0.009567086, -0.023096988), (0.008, -0.0064704763, -0.024148146), (0.008, -0.0032631548, -0.024786122), (0.008, -4.5924257e-18, -0.025), (0.008, 0.0032631548, -0.024786122), (0.008, 0.0064704763, -0.024148146), (0.008, 0.009567086, -0.023096988), (0.008, 0.0125, -0.021650635), (0.008, 0.015219036, -0.019833833), (0.008, 0.01767767, -0.01767767), (0.008, 0.019833833, -0.015219036), (0.008, 0.021650635, -0.0125), (0.008, 0.023096988, -0.009567086), (0.008, 0.024148146, -0.0064704763), (0.008, 0.024786122, -0.0032631548), (-0.008, 0, 0), (0.008, 0, 0)]
                uniform token subdivisionScheme = "none"
            }

            def Cube "ForkR" (
                prepend apiSchemas = ["MaterialBindingAPI"]
            )
            {
                float3[] extent = [(-0.5, -0.5, -0.5), (0.5, 0.5, 0.5)]
                rel material:binding = </World/Looks/Drum>
                double size = 1
                matrix4d xformOp:transform = ( (0.03, 0, 0, 0), (0, 0.003, 0, 0), (0, 0, 0.016, 0), (0.051000000000000004, -0.022, 0, 1) )
                uniform token[] xformOpOrder = ["xformOp:transform"]
            }

            def Cube "ForkL" (
                prepend apiSchemas = ["MaterialBindingAPI"]
            )
            {
                float3[] extent = [(-0.5, -0.5, -0.5), (0.5, 0.5, 0.5)]
                rel material:binding = </World/Looks/Drum>
                double size = 1
                matrix4d xformOp:transform = ( (0.03, 0, 0, 0), (0, 0.003, 0, 0), (0, 0, 0.016, 0), (0.051000000000000004, 0.022, 0, 1) )
                uniform token[] xformOpOrder = ["xformOp:transform"]
            }

            def Mesh "Rod" (
                prepend apiSchemas = ["MaterialBindingAPI"]
            )
            {
                float3[] extent = [(0.008, -0.008, -0.008), (0.036, 0.008, 0.008)]
                int[] faceVertexCounts = [4, 4, 4, 4, 4, 4, 4, 4, 4, 4, 4, 4, 4, 4, 4, 4, 4, 4, 4, 4, 4, 4, 4, 4, 4, 4, 4, 4, 3, 3, 3, 3, 3, 3, 3, 3, 3, 3, 3, 3, 3, 3, 3, 3, 3, 3, 3, 3, 3, 3, 3, 3, 3, 3, 3, 3, 3, 3, 3, 3, 3, 3, 3, 3, 3, 3, 3, 3, 3, 3, 3, 3, 3, 3, 3, 3, 3, 3, 3, 3, 3, 3, 3, 3]
                int[] faceVertexIndices = [0, 1, 29, 28, 1, 2, 30, 29, 2, 3, 31, 30, 3, 4, 32, 31, 4, 5, 33, 32, 5, 6, 34, 33, 6, 7, 35, 34, 7, 8, 36, 35, 8, 9, 37, 36, 9, 10, 38, 37, 10, 11, 39, 38, 11, 12, 40, 39, 12, 13, 41, 40, 13, 14, 42, 41, 14, 15, 43, 42, 15, 16, 44, 43, 16, 17, 45, 44, 17, 18, 46, 45, 18, 19, 47, 46, 19, 20, 48, 47, 20, 21, 49, 48, 21, 22, 50, 49, 22, 23, 51, 50, 23, 24, 52, 51, 24, 25, 53, 52, 25, 26, 54, 53, 26, 27, 55, 54, 27, 0, 28, 55, 56, 1, 0, 57, 28, 29, 56, 2, 1, 57, 29, 30, 56, 3, 2, 57, 30, 31, 56, 4, 3, 57, 31, 32, 56, 5, 4, 57, 32, 33, 56, 6, 5, 57, 33, 34, 56, 7, 6, 57, 34, 35, 56, 8, 7, 57, 35, 36, 56, 9, 8, 57, 36, 37, 56, 10, 9, 57, 37, 38, 56, 11, 10, 57, 38, 39, 56, 12, 11, 57, 39, 40, 56, 13, 12, 57, 40, 41, 56, 14, 13, 57, 41, 42, 56, 15, 14, 57, 42, 43, 56, 16, 15, 57, 43, 44, 56, 17, 16, 57, 44, 45, 56, 18, 17, 57, 45, 46, 56, 19, 18, 57, 46, 47, 56, 20, 19, 57, 47, 48, 56, 21, 20, 57, 48, 49, 56, 22, 21, 57, 49, 50, 56, 23, 22, 57, 50, 51, 56, 24, 23, 57, 51, 52, 56, 25, 24, 57, 52, 53, 56, 26, 25, 57, 53, 54, 56, 27, 26, 57, 54, 55, 56, 0, 27, 57, 55, 28]
                rel material:binding = </World/Looks/Drum>
                normal3f[] normals = [(0, 1, 0), (0, 0.9749279, 0.22252093), (0, 0.9749279, 0.22252093), (0, 1, 0), (0, 0.9749279, 0.22252093), (0, 0.90096885, 0.43388373), (0, 0.90096885, 0.43388373), (0, 0.9749279, 0.22252093), (0, 0.90096885, 0.43388373), (0, 0.7818315, 0.6234898), (0, 0.7818315, 0.6234898), (0, 0.90096885, 0.43388373), (0, 0.7818315, 0.6234898), (0, 0.6234898, 0.7818315), (0, 0.6234898, 0.7818315), (0, 0.7818315, 0.6234898), (0, 0.6234898, 0.7818315), (0, 0.43388373, 0.90096885), (0, 0.43388373, 0.90096885), (0, 0.6234898, 0.7818315), (0, 0.43388373, 0.90096885), (0, 0.22252093, 0.9749279), (0, 0.22252093, 0.9749279), (0, 0.43388373, 0.90096885), (0, 0.22252093, 0.9749279), (0, 6.123234e-17, 1), (0, 6.123234e-17, 1), (0, 0.22252093, 0.9749279), (0, 6.123234e-17, 1), (0, -0.22252093, 0.9749279), (0, -0.22252093, 0.9749279), (0, 6.123234e-17, 1), (0, -0.22252093, 0.9749279), (0, -0.43388373, 0.90096885), (0, -0.43388373, 0.90096885), (0, -0.22252093, 0.9749279), (0, -0.43388373, 0.90096885), (0, -0.6234898, 0.7818315), (0, -0.6234898, 0.7818315), (0, -0.43388373, 0.90096885), (0, -0.6234898, 0.7818315), (0, -0.7818315, 0.6234898), (0, -0.7818315, 0.6234898), (0, -0.6234898, 0.7818315), (0, -0.7818315, 0.6234898), (0, -0.90096885, 0.43388373), (0, -0.90096885, 0.43388373), (0, -0.7818315, 0.6234898), (0, -0.90096885, 0.43388373), (0, -0.9749279, 0.22252093), (0, -0.9749279, 0.22252093), (0, -0.90096885, 0.43388373), (0, -0.9749279, 0.22252093), (0, -1, 1.2246469e-16), (0, -1, 1.2246469e-16), (0, -0.9749279, 0.22252093), (0, -1, 1.2246469e-16), (0, -0.9749279, -0.22252093), (0, -0.9749279, -0.22252093), (0, -1, 1.2246469e-16), (0, -0.9749279, -0.22252093), (0, -0.90096885, -0.43388373), (0, -0.90096885, -0.43388373), (0, -0.9749279, -0.22252093), (0, -0.90096885, -0.43388373), (0, -0.7818315, -0.6234898), (0, -0.7818315, -0.6234898), (0, -0.90096885, -0.43388373), (0, -0.7818315, -0.6234898), (0, -0.6234898, -0.7818315), (0, -0.6234898, -0.7818315), (0, -0.7818315, -0.6234898), (0, -0.6234898, -0.7818315), (0, -0.43388373, -0.90096885), (0, -0.43388373, -0.90096885), (0, -0.6234898, -0.7818315), (0, -0.43388373, -0.90096885), (0, -0.22252093, -0.9749279), (0, -0.22252093, -0.9749279), (0, -0.43388373, -0.90096885), (0, -0.22252093, -0.9749279), (0, -1.8369701e-16, -1), (0, -1.8369701e-16, -1), (0, -0.22252093, -0.9749279), (0, -1.8369701e-16, -1), (0, 0.22252093, -0.9749279), (0, 0.22252093, -0.9749279), (0, -1.8369701e-16, -1), (0, 0.22252093, -0.9749279), (0, 0.43388373, -0.90096885), (0, 0.43388373, -0.90096885), (0, 0.22252093, -0.9749279), (0, 0.43388373, -0.90096885), (0, 0.6234898, -0.7818315), (0, 0.6234898, -0.7818315), (0, 0.43388373, -0.90096885), (0, 0.6234898, -0.7818315), (0, 0.7818315, -0.6234898), (0, 0.7818315, -0.6234898), (0, 0.6234898, -0.7818315), (0, 0.7818315, -0.6234898), (0, 0.90096885, -0.43388373), (0, 0.90096885, -0.43388373), (0, 0.7818315, -0.6234898), (0, 0.90096885, -0.43388373), (0, 0.9749279, -0.22252093), (0, 0.9749279, -0.22252093), (0, 0.90096885, -0.43388373), (0, 0.9749279, -0.22252093), (0, 1, 0), (0, 1, 0), (0, 0.9749279, -0.22252093), (-1, 0, 0), (-1, 0, 0), (-1, 0, 0), (1, 0, 0), (1, 0, 0), (1, 0, 0), (-1, 0, 0), (-1, 0, 0), (-1, 0, 0), (1, 0, 0), (1, 0, 0), (1, 0, 0), (-1, 0, 0), (-1, 0, 0), (-1, 0, 0), (1, 0, 0), (1, 0, 0), (1, 0, 0), (-1, 0, 0), (-1, 0, 0), (-1, 0, 0), (1, 0, 0), (1, 0, 0), (1, 0, 0), (-1, 0, 0), (-1, 0, 0), (-1, 0, 0), (1, 0, 0), (1, 0, 0), (1, 0, 0), (-1, 0, 0), (-1, 0, 0), (-1, 0, 0), (1, 0, 0), (1, 0, 0), (1, 0, 0), (-1, 0, 0), (-1, 0, 0), (-1, 0, 0), (1, 0, 0), (1, 0, 0), (1, 0, 0), (-1, 0, 0), (-1, 0, 0), (-1, 0, 0), (1, 0, 0), (1, 0, 0), (1, 0, 0), (-1, 0, 0), (-1, 0, 0), (-1, 0, 0), (1, 0, 0), (1, 0, 0), (1, 0, 0), (-1, 0, 0), (-1, 0, 0), (-1, 0, 0), (1, 0, 0), (1, 0, 0), (1, 0, 0), (-1, 0, 0), (-1, 0, 0), (-1, 0, 0), (1, 0, 0), (1, 0, 0), (1, 0, 0), (-1, 0, 0), (-1, 0, 0), (-1, 0, 0), (1, 0, 0), (1, 0, 0), (1, 0, 0), (-1, 0, 0), (-1, 0, 0), (-1, 0, 0), (1, 0, 0), (1, 0, 0), (1, 0, 0), (-1, 0, 0), (-1, 0, 0), (-1, 0, 0), (1, 0, 0), (1, 0, 0), (1, 0, 0), (-1, 0, 0), (-1, 0, 0), (-1, 0, 0), (1, 0, 0), (1, 0, 0), (1, 0, 0), (-1, 0, 0), (-1, 0, 0), (-1, 0, 0), (1, 0, 0), (1, 0, 0), (1, 0, 0), (-1, 0, 0), (-1, 0, 0), (-1, 0, 0), (1, 0, 0), (1, 0, 0), (1, 0, 0), (-1, 0, 0), (-1, 0, 0), (-1, 0, 0), (1, 0, 0), (1, 0, 0), (1, 0, 0), (-1, 0, 0), (-1, 0, 0), (-1, 0, 0), (1, 0, 0), (1, 0, 0), (1, 0, 0), (-1, 0, 0), (-1, 0, 0), (-1, 0, 0), (1, 0, 0), (1, 0, 0), (1, 0, 0), (-1, 0, 0), (-1, 0, 0), (-1, 0, 0), (1, 0, 0), (1, 0, 0), (1, 0, 0), (-1, 0, 0), (-1, 0, 0), (-1, 0, 0), (1, 0, 0), (1, 0, 0), (1, 0, 0), (-1, 0, 0), (-1, 0, 0), (-1, 0, 0), (1, 0, 0), (1, 0, 0), (1, 0, 0), (-1, 0, 0), (-1, 0, 0), (-1, 0, 0), (1, 0, 0), (1, 0, 0), (1, 0, 0), (-1, 0, 0), (-1, 0, 0), (-1, 0, 0), (1, 0, 0), (1, 0, 0), (1, 0, 0), (-1, 0, 0), (-1, 0, 0), (-1, 0, 0), (1, 0, 0), (1, 0, 0), (1, 0, 0), (-1, 0, 0), (-1, 0, 0), (-1, 0, 0), (1, 0, 0), (1, 0, 0), (1, 0, 0), (-1, 0, 0), (-1, 0, 0), (-1, 0, 0), (1, 0, 0), (1, 0, 0), (1, 0, 0)] (
                    interpolation = "faceVarying"
                )
                point3f[] points = [(0.008, 0.008, 0), (0.008, 0.0077994233, 0.0017801675), (0.008, 0.007207751, 0.00347107), (0.008, 0.006254652, 0.0049879183), (0.008, 0.0049879183, 0.006254652), (0.008, 0.00347107, 0.007207751), (0.008, 0.0017801675, 0.0077994233), (0.008, 4.8985874e-19, 0.008), (0.008, -0.0017801675, 0.0077994233), (0.008, -0.00347107, 0.007207751), (0.008, -0.0049879183, 0.006254652), (0.008, -0.006254652, 0.0049879183), (0.008, -0.007207751, 0.00347107), (0.008, -0.0077994233, 0.0017801675), (0.008, -0.008, 9.797175e-19), (0.008, -0.0077994233, -0.0017801675), (0.008, -0.007207751, -0.00347107), (0.008, -0.006254652, -0.0049879183), (0.008, -0.0049879183, -0.006254652), (0.008, -0.00347107, -0.007207751), (0.008, -0.0017801675, -0.0077994233), (0.008, -1.4695761e-18, -0.008), (0.008, 0.0017801675, -0.0077994233), (0.008, 0.00347107, -0.007207751), (0.008, 0.0049879183, -0.006254652), (0.008, 0.006254652, -0.0049879183), (0.008, 0.007207751, -0.00347107), (0.008, 0.0077994233, -0.0017801675), (0.036, 0.008, 0), (0.036, 0.0077994233, 0.0017801675), (0.036, 0.007207751, 0.00347107), (0.036, 0.006254652, 0.0049879183), (0.036, 0.0049879183, 0.006254652), (0.036, 0.00347107, 0.007207751), (0.036, 0.0017801675, 0.0077994233), (0.036, 4.8985874e-19, 0.008), (0.036, -0.0017801675, 0.0077994233), (0.036, -0.00347107, 0.007207751), (0.036, -0.0049879183, 0.006254652), (0.036, -0.006254652, 0.0049879183), (0.036, -0.007207751, 0.00347107), (0.036, -0.0077994233, 0.0017801675), (0.036, -0.008, 9.797175e-19), (0.036, -0.0077994233, -0.0017801675), (0.036, -0.007207751, -0.00347107), (0.036, -0.006254652, -0.0049879183), (0.036, -0.0049879183, -0.006254652), (0.036, -0.00347107, -0.007207751), (0.036, -0.0017801675, -0.0077994233), (0.036, -1.4695761e-18, -0.008), (0.036, 0.0017801675, -0.0077994233), (0.036, 0.00347107, -0.007207751), (0.036, 0.0049879183, -0.006254652), (0.036, 0.006254652, -0.0049879183), (0.036, 0.007207751, -0.00347107), (0.036, 0.0077994233, -0.0017801675), (0.008, 0, 0), (0.036, 0, 0)]
                uniform token subdivisionScheme = "none"
            }

            def Xform "Hous_A0"
            {
                matrix4d xformOp:transform = ( (0, 1, 0, 0), (0, -0, 1, 0), (1, 0, 0, 0), (0, 0.021, 0, 1) )
                uniform token[] xformOpOrder = ["xformOp:transform"]

                def Mesh "G" (
                    prepend apiSchemas = ["MaterialBindingAPI"]
                )
                {
                    float3[] extent = [(-0.007, -0.008, -0.008), (0.007, 0.008, 0.008)]
                    int[] faceVertexCounts = [4, 4, 4, 4, 4, 4, 4, 4, 4, 4, 4, 4, 4, 4, 4, 4, 4, 4, 4, 4, 4, 4, 4, 4, 4, 4, 4, 4, 3, 3, 3, 3, 3, 3, 3, 3, 3, 3, 3, 3, 3, 3, 3, 3, 3, 3, 3, 3, 3, 3, 3, 3, 3, 3, 3, 3, 3, 3, 3, 3, 3, 3, 3, 3, 3, 3, 3, 3, 3, 3, 3, 3, 3, 3, 3, 3, 3, 3, 3, 3, 3, 3, 3, 3]
                    int[] faceVertexIndices = [0, 1, 29, 28, 1, 2, 30, 29, 2, 3, 31, 30, 3, 4, 32, 31, 4, 5, 33, 32, 5, 6, 34, 33, 6, 7, 35, 34, 7, 8, 36, 35, 8, 9, 37, 36, 9, 10, 38, 37, 10, 11, 39, 38, 11, 12, 40, 39, 12, 13, 41, 40, 13, 14, 42, 41, 14, 15, 43, 42, 15, 16, 44, 43, 16, 17, 45, 44, 17, 18, 46, 45, 18, 19, 47, 46, 19, 20, 48, 47, 20, 21, 49, 48, 21, 22, 50, 49, 22, 23, 51, 50, 23, 24, 52, 51, 24, 25, 53, 52, 25, 26, 54, 53, 26, 27, 55, 54, 27, 0, 28, 55, 56, 1, 0, 57, 28, 29, 56, 2, 1, 57, 29, 30, 56, 3, 2, 57, 30, 31, 56, 4, 3, 57, 31, 32, 56, 5, 4, 57, 32, 33, 56, 6, 5, 57, 33, 34, 56, 7, 6, 57, 34, 35, 56, 8, 7, 57, 35, 36, 56, 9, 8, 57, 36, 37, 56, 10, 9, 57, 37, 38, 56, 11, 10, 57, 38, 39, 56, 12, 11, 57, 39, 40, 56, 13, 12, 57, 40, 41, 56, 14, 13, 57, 41, 42, 56, 15, 14, 57, 42, 43, 56, 16, 15, 57, 43, 44, 56, 17, 16, 57, 44, 45, 56, 18, 17, 57, 45, 46, 56, 19, 18, 57, 46, 47, 56, 20, 19, 57, 47, 48, 56, 21, 20, 57, 48, 49, 56, 22, 21, 57, 49, 50, 56, 23, 22, 57, 50, 51, 56, 24, 23, 57, 51, 52, 56, 25, 24, 57, 52, 53, 56, 26, 25, 57, 53, 54, 56, 27, 26, 57, 54, 55, 56, 0, 27, 57, 55, 28]
                    rel material:binding = </World/Looks/Hous>
                    normal3f[] normals = [(0, 1, 0), (0, 0.9749279, 0.22252093), (0, 0.9749279, 0.22252093), (0, 1, 0), (0, 0.9749279, 0.22252093), (0, 0.90096885, 0.43388373), (0, 0.90096885, 0.43388373), (0, 0.9749279, 0.22252093), (0, 0.90096885, 0.43388373), (0, 0.7818315, 0.6234898), (0, 0.7818315, 0.6234898), (0, 0.90096885, 0.43388373), (0, 0.7818315, 0.6234898), (0, 0.6234898, 0.7818315), (0, 0.6234898, 0.7818315), (0, 0.7818315, 0.6234898), (0, 0.6234898, 0.7818315), (0, 0.43388373, 0.90096885), (0, 0.43388373, 0.90096885), (0, 0.6234898, 0.7818315), (0, 0.43388373, 0.90096885), (0, 0.22252093, 0.9749279), (0, 0.22252093, 0.9749279), (0, 0.43388373, 0.90096885), (0, 0.22252093, 0.9749279), (0, 6.123234e-17, 1), (0, 6.123234e-17, 1), (0, 0.22252093, 0.9749279), (0, 6.123234e-17, 1), (0, -0.22252093, 0.9749279), (0, -0.22252093, 0.9749279), (0, 6.123234e-17, 1), (0, -0.22252093, 0.9749279), (0, -0.43388373, 0.90096885), (0, -0.43388373, 0.90096885), (0, -0.22252093, 0.9749279), (0, -0.43388373, 0.90096885), (0, -0.6234898, 0.7818315), (0, -0.6234898, 0.7818315), (0, -0.43388373, 0.90096885), (0, -0.6234898, 0.7818315), (0, -0.7818315, 0.6234898), (0, -0.7818315, 0.6234898), (0, -0.6234898, 0.7818315), (0, -0.7818315, 0.6234898), (0, -0.90096885, 0.43388373), (0, -0.90096885, 0.43388373), (0, -0.7818315, 0.6234898), (0, -0.90096885, 0.43388373), (0, -0.9749279, 0.22252093), (0, -0.9749279, 0.22252093), (0, -0.90096885, 0.43388373), (0, -0.9749279, 0.22252093), (0, -1, 1.2246469e-16), (0, -1, 1.2246469e-16), (0, -0.9749279, 0.22252093), (0, -1, 1.2246469e-16), (0, -0.9749279, -0.22252093), (0, -0.9749279, -0.22252093), (0, -1, 1.2246469e-16), (0, -0.9749279, -0.22252093), (0, -0.90096885, -0.43388373), (0, -0.90096885, -0.43388373), (0, -0.9749279, -0.22252093), (0, -0.90096885, -0.43388373), (0, -0.7818315, -0.6234898), (0, -0.7818315, -0.6234898), (0, -0.90096885, -0.43388373), (0, -0.7818315, -0.6234898), (0, -0.6234898, -0.7818315), (0, -0.6234898, -0.7818315), (0, -0.7818315, -0.6234898), (0, -0.6234898, -0.7818315), (0, -0.43388373, -0.90096885), (0, -0.43388373, -0.90096885), (0, -0.6234898, -0.7818315), (0, -0.43388373, -0.90096885), (0, -0.22252093, -0.9749279), (0, -0.22252093, -0.9749279), (0, -0.43388373, -0.90096885), (0, -0.22252093, -0.9749279), (0, -1.8369701e-16, -1), (0, -1.8369701e-16, -1), (0, -0.22252093, -0.9749279), (0, -1.8369701e-16, -1), (0, 0.22252093, -0.9749279), (0, 0.22252093, -0.9749279), (0, -1.8369701e-16, -1), (0, 0.22252093, -0.9749279), (0, 0.43388373, -0.90096885), (0, 0.43388373, -0.90096885), (0, 0.22252093, -0.9749279), (0, 0.43388373, -0.90096885), (0, 0.6234898, -0.7818315), (0, 0.6234898, -0.7818315), (0, 0.43388373, -0.90096885), (0, 0.6234898, -0.7818315), (0, 0.7818315, -0.6234898), (0, 0.7818315, -0.6234898), (0, 0.6234898, -0.7818315), (0, 0.7818315, -0.6234898), (0, 0.90096885, -0.43388373), (0, 0.90096885, -0.43388373), (0, 0.7818315, -0.6234898), (0, 0.90096885, -0.43388373), (0, 0.9749279, -0.22252093), (0, 0.9749279, -0.22252093), (0, 0.90096885, -0.43388373), (0, 0.9749279, -0.22252093), (0, 1, 0), (0, 1, 0), (0, 0.9749279, -0.22252093), (-1, 0, 0), (-1, 0, 0), (-1, 0, 0), (1, 0, 0), (1, 0, 0), (1, 0, 0), (-1, 0, 0), (-1, 0, 0), (-1, 0, 0), (1, 0, 0), (1, 0, 0), (1, 0, 0), (-1, 0, 0), (-1, 0, 0), (-1, 0, 0), (1, 0, 0), (1, 0, 0), (1, 0, 0), (-1, 0, 0), (-1, 0, 0), (-1, 0, 0), (1, 0, 0), (1, 0, 0), (1, 0, 0), (-1, 0, 0), (-1, 0, 0), (-1, 0, 0), (1, 0, 0), (1, 0, 0), (1, 0, 0), (-1, 0, 0), (-1, 0, 0), (-1, 0, 0), (1, 0, 0), (1, 0, 0), (1, 0, 0), (-1, 0, 0), (-1, 0, 0), (-1, 0, 0), (1, 0, 0), (1, 0, 0), (1, 0, 0), (-1, 0, 0), (-1, 0, 0), (-1, 0, 0), (1, 0, 0), (1, 0, 0), (1, 0, 0), (-1, 0, 0), (-1, 0, 0), (-1, 0, 0), (1, 0, 0), (1, 0, 0), (1, 0, 0), (-1, 0, 0), (-1, 0, 0), (-1, 0, 0), (1, 0, 0), (1, 0, 0), (1, 0, 0), (-1, 0, 0), (-1, 0, 0), (-1, 0, 0), (1, 0, 0), (1, 0, 0), (1, 0, 0), (-1, 0, 0), (-1, 0, 0), (-1, 0, 0), (1, 0, 0), (1, 0, 0), (1, 0, 0), (-1, 0, 0), (-1, 0, 0), (-1, 0, 0), (1, 0, 0), (1, 0, 0), (1, 0, 0), (-1, 0, 0), (-1, 0, 0), (-1, 0, 0), (1, 0, 0), (1, 0, 0), (1, 0, 0), (-1, 0, 0), (-1, 0, 0), (-1, 0, 0), (1, 0, 0), (1, 0, 0), (1, 0, 0), (-1, 0, 0), (-1, 0, 0), (-1, 0, 0), (1, 0, 0), (1, 0, 0), (1, 0, 0), (-1, 0, 0), (-1, 0, 0), (-1, 0, 0), (1, 0, 0), (1, 0, 0), (1, 0, 0), (-1, 0, 0), (-1, 0, 0), (-1, 0, 0), (1, 0, 0), (1, 0, 0), (1, 0, 0), (-1, 0, 0), (-1, 0, 0), (-1, 0, 0), (1, 0, 0), (1, 0, 0), (1, 0, 0), (-1, 0, 0), (-1, 0, 0), (-1, 0, 0), (1, 0, 0), (1, 0, 0), (1, 0, 0), (-1, 0, 0), (-1, 0, 0), (-1, 0, 0), (1, 0, 0), (1, 0, 0), (1, 0, 0), (-1, 0, 0), (-1, 0, 0), (-1, 0, 0), (1, 0, 0), (1, 0, 0), (1, 0, 0), (-1, 0, 0), (-1, 0, 0), (-1, 0, 0), (1, 0, 0), (1, 0, 0), (1, 0, 0), (-1, 0, 0), (-1, 0, 0), (-1, 0, 0), (1, 0, 0), (1, 0, 0), (1, 0, 0), (-1, 0, 0), (-1, 0, 0), (-1, 0, 0), (1, 0, 0), (1, 0, 0), (1, 0, 0), (-1, 0, 0), (-1, 0, 0), (-1, 0, 0), (1, 0, 0), (1, 0, 0), (1, 0, 0), (-1, 0, 0), (-1, 0, 0), (-1, 0, 0), (1, 0, 0), (1, 0, 0), (1, 0, 0), (-1, 0, 0), (-1, 0, 0), (-1, 0, 0), (1, 0, 0), (1, 0, 0), (1, 0, 0)] (
                        interpolation = "faceVarying"
                    )
                    point3f[] points = [(-0.007, 0.008, 0), (-0.007, 0.0077994233, 0.0017801675), (-0.007, 0.007207751, 0.00347107), (-0.007, 0.006254652, 0.0049879183), (-0.007, 0.0049879183, 0.006254652), (-0.007, 0.00347107, 0.007207751), (-0.007, 0.0017801675, 0.0077994233), (-0.007, 4.8985874e-19, 0.008), (-0.007, -0.0017801675, 0.0077994233), (-0.007, -0.00347107, 0.007207751), (-0.007, -0.0049879183, 0.006254652), (-0.007, -0.006254652, 0.0049879183), (-0.007, -0.007207751, 0.00347107), (-0.007, -0.0077994233, 0.0017801675), (-0.007, -0.008, 9.797175e-19), (-0.007, -0.0077994233, -0.0017801675), (-0.007, -0.007207751, -0.00347107), (-0.007, -0.006254652, -0.0049879183), (-0.007, -0.0049879183, -0.006254652), (-0.007, -0.00347107, -0.007207751), (-0.007, -0.0017801675, -0.0077994233), (-0.007, -1.4695761e-18, -0.008), (-0.007, 0.0017801675, -0.0077994233), (-0.007, 0.00347107, -0.007207751), (-0.007, 0.0049879183, -0.006254652), (-0.007, 0.006254652, -0.0049879183), (-0.007, 0.007207751, -0.00347107), (-0.007, 0.0077994233, -0.0017801675), (0.007, 0.008, 0), (0.007, 0.0077994233, 0.0017801675), (0.007, 0.007207751, 0.00347107), (0.007, 0.006254652, 0.0049879183), (0.007, 0.0049879183, 0.006254652), (0.007, 0.00347107, 0.007207751), (0.007, 0.0017801675, 0.0077994233), (0.007, 4.8985874e-19, 0.008), (0.007, -0.0017801675, 0.0077994233), (0.007, -0.00347107, 0.007207751), (0.007, -0.0049879183, 0.006254652), (0.007, -0.006254652, 0.0049879183), (0.007, -0.007207751, 0.00347107), (0.007, -0.0077994233, 0.0017801675), (0.007, -0.008, 9.797175e-19), (0.007, -0.0077994233, -0.0017801675), (0.007, -0.007207751, -0.00347107), (0.007, -0.006254652, -0.0049879183), (0.007, -0.0049879183, -0.006254652), (0.007, -0.00347107, -0.007207751), (0.007, -0.0017801675, -0.0077994233), (0.007, -1.4695761e-18, -0.008), (0.007, 0.0017801675, -0.0077994233), (0.007, 0.00347107, -0.007207751), (0.007, 0.0049879183, -0.006254652), (0.007, 0.006254652, -0.0049879183), (0.007, 0.007207751, -0.00347107), (0.007, 0.0077994233, -0.0017801675), (-0.007, 0, 0), (0.007, 0, 0)]
                    uniform token subdivisionScheme = "none"
                }
            }

            def Xform "Hous_A1"
            {
                matrix4d xformOp:transform = ( (0, -0.4999999999999998, 0.8660254037844387, 0), (0, -0.8660254037844387, -0.4999999999999998, 0), (1, 0, 0, 0), (0, -0.010499999999999995, 0.018186533479473212, 1) )
                uniform token[] xformOpOrder = ["xformOp:transform"]

                def Mesh "G" (
                    prepend apiSchemas = ["MaterialBindingAPI"]
                )
                {
                    float3[] extent = [(-0.007, -0.008, -0.008), (0.007, 0.008, 0.008)]
                    int[] faceVertexCounts = [4, 4, 4, 4, 4, 4, 4, 4, 4, 4, 4, 4, 4, 4, 4, 4, 4, 4, 4, 4, 4, 4, 4, 4, 4, 4, 4, 4, 3, 3, 3, 3, 3, 3, 3, 3, 3, 3, 3, 3, 3, 3, 3, 3, 3, 3, 3, 3, 3, 3, 3, 3, 3, 3, 3, 3, 3, 3, 3, 3, 3, 3, 3, 3, 3, 3, 3, 3, 3, 3, 3, 3, 3, 3, 3, 3, 3, 3, 3, 3, 3, 3, 3, 3]
                    int[] faceVertexIndices = [0, 1, 29, 28, 1, 2, 30, 29, 2, 3, 31, 30, 3, 4, 32, 31, 4, 5, 33, 32, 5, 6, 34, 33, 6, 7, 35, 34, 7, 8, 36, 35, 8, 9, 37, 36, 9, 10, 38, 37, 10, 11, 39, 38, 11, 12, 40, 39, 12, 13, 41, 40, 13, 14, 42, 41, 14, 15, 43, 42, 15, 16, 44, 43, 16, 17, 45, 44, 17, 18, 46, 45, 18, 19, 47, 46, 19, 20, 48, 47, 20, 21, 49, 48, 21, 22, 50, 49, 22, 23, 51, 50, 23, 24, 52, 51, 24, 25, 53, 52, 25, 26, 54, 53, 26, 27, 55, 54, 27, 0, 28, 55, 56, 1, 0, 57, 28, 29, 56, 2, 1, 57, 29, 30, 56, 3, 2, 57, 30, 31, 56, 4, 3, 57, 31, 32, 56, 5, 4, 57, 32, 33, 56, 6, 5, 57, 33, 34, 56, 7, 6, 57, 34, 35, 56, 8, 7, 57, 35, 36, 56, 9, 8, 57, 36, 37, 56, 10, 9, 57, 37, 38, 56, 11, 10, 57, 38, 39, 56, 12, 11, 57, 39, 40, 56, 13, 12, 57, 40, 41, 56, 14, 13, 57, 41, 42, 56, 15, 14, 57, 42, 43, 56, 16, 15, 57, 43, 44, 56, 17, 16, 57, 44, 45, 56, 18, 17, 57, 45, 46, 56, 19, 18, 57, 46, 47, 56, 20, 19, 57, 47, 48, 56, 21, 20, 57, 48, 49, 56, 22, 21, 57, 49, 50, 56, 23, 22, 57, 50, 51, 56, 24, 23, 57, 51, 52, 56, 25, 24, 57, 52, 53, 56, 26, 25, 57, 53, 54, 56, 27, 26, 57, 54, 55, 56, 0, 27, 57, 55, 28]
                    rel material:binding = </World/Looks/Hous>
                    normal3f[] normals = [(0, 1, 0), (0, 0.9749279, 0.22252093), (0, 0.9749279, 0.22252093), (0, 1, 0), (0, 0.9749279, 0.22252093), (0, 0.90096885, 0.43388373), (0, 0.90096885, 0.43388373), (0, 0.9749279, 0.22252093), (0, 0.90096885, 0.43388373), (0, 0.7818315, 0.6234898), (0, 0.7818315, 0.6234898), (0, 0.90096885, 0.43388373), (0, 0.7818315, 0.6234898), (0, 0.6234898, 0.7818315), (0, 0.6234898, 0.7818315), (0, 0.7818315, 0.6234898), (0, 0.6234898, 0.7818315), (0, 0.43388373, 0.90096885), (0, 0.43388373, 0.90096885), (0, 0.6234898, 0.7818315), (0, 0.43388373, 0.90096885), (0, 0.22252093, 0.9749279), (0, 0.22252093, 0.9749279), (0, 0.43388373, 0.90096885), (0, 0.22252093, 0.9749279), (0, 6.123234e-17, 1), (0, 6.123234e-17, 1), (0, 0.22252093, 0.9749279), (0, 6.123234e-17, 1), (0, -0.22252093, 0.9749279), (0, -0.22252093, 0.9749279), (0, 6.123234e-17, 1), (0, -0.22252093, 0.9749279), (0, -0.43388373, 0.90096885), (0, -0.43388373, 0.90096885), (0, -0.22252093, 0.9749279), (0, -0.43388373, 0.90096885), (0, -0.6234898, 0.7818315), (0, -0.6234898, 0.7818315), (0, -0.43388373, 0.90096885), (0, -0.6234898, 0.7818315), (0, -0.7818315, 0.6234898), (0, -0.7818315, 0.6234898), (0, -0.6234898, 0.7818315), (0, -0.7818315, 0.6234898), (0, -0.90096885, 0.43388373), (0, -0.90096885, 0.43388373), (0, -0.7818315, 0.6234898), (0, -0.90096885, 0.43388373), (0, -0.9749279, 0.22252093), (0, -0.9749279, 0.22252093), (0, -0.90096885, 0.43388373), (0, -0.9749279, 0.22252093), (0, -1, 1.2246469e-16), (0, -1, 1.2246469e-16), (0, -0.9749279, 0.22252093), (0, -1, 1.2246469e-16), (0, -0.9749279, -0.22252093), (0, -0.9749279, -0.22252093), (0, -1, 1.2246469e-16), (0, -0.9749279, -0.22252093), (0, -0.90096885, -0.43388373), (0, -0.90096885, -0.43388373), (0, -0.9749279, -0.22252093), (0, -0.90096885, -0.43388373), (0, -0.7818315, -0.6234898), (0, -0.7818315, -0.6234898), (0, -0.90096885, -0.43388373), (0, -0.7818315, -0.6234898), (0, -0.6234898, -0.7818315), (0, -0.6234898, -0.7818315), (0, -0.7818315, -0.6234898), (0, -0.6234898, -0.7818315), (0, -0.43388373, -0.90096885), (0, -0.43388373, -0.90096885), (0, -0.6234898, -0.7818315), (0, -0.43388373, -0.90096885), (0, -0.22252093, -0.9749279), (0, -0.22252093, -0.9749279), (0, -0.43388373, -0.90096885), (0, -0.22252093, -0.9749279), (0, -1.8369701e-16, -1), (0, -1.8369701e-16, -1), (0, -0.22252093, -0.9749279), (0, -1.8369701e-16, -1), (0, 0.22252093, -0.9749279), (0, 0.22252093, -0.9749279), (0, -1.8369701e-16, -1), (0, 0.22252093, -0.9749279), (0, 0.43388373, -0.90096885), (0, 0.43388373, -0.90096885), (0, 0.22252093, -0.9749279), (0, 0.43388373, -0.90096885), (0, 0.6234898, -0.7818315), (0, 0.6234898, -0.7818315), (0, 0.43388373, -0.90096885), (0, 0.6234898, -0.7818315), (0, 0.7818315, -0.6234898), (0, 0.7818315, -0.6234898), (0, 0.6234898, -0.7818315), (0, 0.7818315, -0.6234898), (0, 0.90096885, -0.43388373), (0, 0.90096885, -0.43388373), (0, 0.7818315, -0.6234898), (0, 0.90096885, -0.43388373), (0, 0.9749279, -0.22252093), (0, 0.9749279, -0.22252093), (0, 0.90096885, -0.43388373), (0, 0.9749279, -0.22252093), (0, 1, 0), (0, 1, 0), (0, 0.9749279, -0.22252093), (-1, 0, 0), (-1, 0, 0), (-1, 0, 0), (1, 0, 0), (1, 0, 0), (1, 0, 0), (-1, 0, 0), (-1, 0, 0), (-1, 0, 0), (1, 0, 0), (1, 0, 0), (1, 0, 0), (-1, 0, 0), (-1, 0, 0), (-1, 0, 0), (1, 0, 0), (1, 0, 0), (1, 0, 0), (-1, 0, 0), (-1, 0, 0), (-1, 0, 0), (1, 0, 0), (1, 0, 0), (1, 0, 0), (-1, 0, 0), (-1, 0, 0), (-1, 0, 0), (1, 0, 0), (1, 0, 0), (1, 0, 0), (-1, 0, 0), (-1, 0, 0), (-1, 0, 0), (1, 0, 0), (1, 0, 0), (1, 0, 0), (-1, 0, 0), (-1, 0, 0), (-1, 0, 0), (1, 0, 0), (1, 0, 0), (1, 0, 0), (-1, 0, 0), (-1, 0, 0), (-1, 0, 0), (1, 0, 0), (1, 0, 0), (1, 0, 0), (-1, 0, 0), (-1, 0, 0), (-1, 0, 0), (1, 0, 0), (1, 0, 0), (1, 0, 0), (-1, 0, 0), (-1, 0, 0), (-1, 0, 0), (1, 0, 0), (1, 0, 0), (1, 0, 0), (-1, 0, 0), (-1, 0, 0), (-1, 0, 0), (1, 0, 0), (1, 0, 0), (1, 0, 0), (-1, 0, 0), (-1, 0, 0), (-1, 0, 0), (1, 0, 0), (1, 0, 0), (1, 0, 0), (-1, 0, 0), (-1, 0, 0), (-1, 0, 0), (1, 0, 0), (1, 0, 0), (1, 0, 0), (-1, 0, 0), (-1, 0, 0), (-1, 0, 0), (1, 0, 0), (1, 0, 0), (1, 0, 0), (-1, 0, 0), (-1, 0, 0), (-1, 0, 0), (1, 0, 0), (1, 0, 0), (1, 0, 0), (-1, 0, 0), (-1, 0, 0), (-1, 0, 0), (1, 0, 0), (1, 0, 0), (1, 0, 0), (-1, 0, 0), (-1, 0, 0), (-1, 0, 0), (1, 0, 0), (1, 0, 0), (1, 0, 0), (-1, 0, 0), (-1, 0, 0), (-1, 0, 0), (1, 0, 0), (1, 0, 0), (1, 0, 0), (-1, 0, 0), (-1, 0, 0), (-1, 0, 0), (1, 0, 0), (1, 0, 0), (1, 0, 0), (-1, 0, 0), (-1, 0, 0), (-1, 0, 0), (1, 0, 0), (1, 0, 0), (1, 0, 0), (-1, 0, 0), (-1, 0, 0), (-1, 0, 0), (1, 0, 0), (1, 0, 0), (1, 0, 0), (-1, 0, 0), (-1, 0, 0), (-1, 0, 0), (1, 0, 0), (1, 0, 0), (1, 0, 0), (-1, 0, 0), (-1, 0, 0), (-1, 0, 0), (1, 0, 0), (1, 0, 0), (1, 0, 0), (-1, 0, 0), (-1, 0, 0), (-1, 0, 0), (1, 0, 0), (1, 0, 0), (1, 0, 0), (-1, 0, 0), (-1, 0, 0), (-1, 0, 0), (1, 0, 0), (1, 0, 0), (1, 0, 0), (-1, 0, 0), (-1, 0, 0), (-1, 0, 0), (1, 0, 0), (1, 0, 0), (1, 0, 0), (-1, 0, 0), (-1, 0, 0), (-1, 0, 0), (1, 0, 0), (1, 0, 0), (1, 0, 0), (-1, 0, 0), (-1, 0, 0), (-1, 0, 0), (1, 0, 0), (1, 0, 0), (1, 0, 0)] (
                        interpolation = "faceVarying"
                    )
                    point3f[] points = [(-0.007, 0.008, 0), (-0.007, 0.0077994233, 0.0017801675), (-0.007, 0.007207751, 0.00347107), (-0.007, 0.006254652, 0.0049879183), (-0.007, 0.0049879183, 0.006254652), (-0.007, 0.00347107, 0.007207751), (-0.007, 0.0017801675, 0.0077994233), (-0.007, 4.8985874e-19, 0.008), (-0.007, -0.0017801675, 0.0077994233), (-0.007, -0.00347107, 0.007207751), (-0.007, -0.0049879183, 0.006254652), (-0.007, -0.006254652, 0.0049879183), (-0.007, -0.007207751, 0.00347107), (-0.007, -0.0077994233, 0.0017801675), (-0.007, -0.008, 9.797175e-19), (-0.007, -0.0077994233, -0.0017801675), (-0.007, -0.007207751, -0.00347107), (-0.007, -0.006254652, -0.0049879183), (-0.007, -0.0049879183, -0.006254652), (-0.007, -0.00347107, -0.007207751), (-0.007, -0.0017801675, -0.0077994233), (-0.007, -1.4695761e-18, -0.008), (-0.007, 0.0017801675, -0.0077994233), (-0.007, 0.00347107, -0.007207751), (-0.007, 0.0049879183, -0.006254652), (-0.007, 0.006254652, -0.0049879183), (-0.007, 0.007207751, -0.00347107), (-0.007, 0.0077994233, -0.0017801675), (0.007, 0.008, 0), (0.007, 0.0077994233, 0.0017801675), (0.007, 0.007207751, 0.00347107), (0.007, 0.006254652, 0.0049879183), (0.007, 0.0049879183, 0.006254652), (0.007, 0.00347107, 0.007207751), (0.007, 0.0017801675, 0.0077994233), (0.007, 4.8985874e-19, 0.008), (0.007, -0.0017801675, 0.0077994233), (0.007, -0.00347107, 0.007207751), (0.007, -0.0049879183, 0.006254652), (0.007, -0.006254652, 0.0049879183), (0.007, -0.007207751, 0.00347107), (0.007, -0.0077994233, 0.0017801675), (0.007, -0.008, 9.797175e-19), (0.007, -0.0077994233, -0.0017801675), (0.007, -0.007207751, -0.00347107), (0.007, -0.006254652, -0.0049879183), (0.007, -0.0049879183, -0.006254652), (0.007, -0.00347107, -0.007207751), (0.007, -0.0017801675, -0.0077994233), (0.007, -1.4695761e-18, -0.008), (0.007, 0.0017801675, -0.0077994233), (0.007, 0.00347107, -0.007207751), (0.007, 0.0049879183, -0.006254652), (0.007, 0.006254652, -0.0049879183), (0.007, 0.007207751, -0.00347107), (0.007, 0.0077994233, -0.0017801675), (-0.007, 0, 0), (0.007, 0, 0)]
                    uniform token subdivisionScheme = "none"
                }
            }

            def Xform "Hous_A2"
            {
                matrix4d xformOp:transform = ( (0, -0.5000000000000004, -0.8660254037844384, 0), (0, 0.8660254037844384, -0.5000000000000004, 0), (1, 0, 0, 0), (0, -0.01050000000000001, -0.018186533479473205, 1) )
                uniform token[] xformOpOrder = ["xformOp:transform"]

                def Mesh "G" (
                    prepend apiSchemas = ["MaterialBindingAPI"]
                )
                {
                    float3[] extent = [(-0.007, -0.008, -0.008), (0.007, 0.008, 0.008)]
                    int[] faceVertexCounts = [4, 4, 4, 4, 4, 4, 4, 4, 4, 4, 4, 4, 4, 4, 4, 4, 4, 4, 4, 4, 4, 4, 4, 4, 4, 4, 4, 4, 3, 3, 3, 3, 3, 3, 3, 3, 3, 3, 3, 3, 3, 3, 3, 3, 3, 3, 3, 3, 3, 3, 3, 3, 3, 3, 3, 3, 3, 3, 3, 3, 3, 3, 3, 3, 3, 3, 3, 3, 3, 3, 3, 3, 3, 3, 3, 3, 3, 3, 3, 3, 3, 3, 3, 3]
                    int[] faceVertexIndices = [0, 1, 29, 28, 1, 2, 30, 29, 2, 3, 31, 30, 3, 4, 32, 31, 4, 5, 33, 32, 5, 6, 34, 33, 6, 7, 35, 34, 7, 8, 36, 35, 8, 9, 37, 36, 9, 10, 38, 37, 10, 11, 39, 38, 11, 12, 40, 39, 12, 13, 41, 40, 13, 14, 42, 41, 14, 15, 43, 42, 15, 16, 44, 43, 16, 17, 45, 44, 17, 18, 46, 45, 18, 19, 47, 46, 19, 20, 48, 47, 20, 21, 49, 48, 21, 22, 50, 49, 22, 23, 51, 50, 23, 24, 52, 51, 24, 25, 53, 52, 25, 26, 54, 53, 26, 27, 55, 54, 27, 0, 28, 55, 56, 1, 0, 57, 28, 29, 56, 2, 1, 57, 29, 30, 56, 3, 2, 57, 30, 31, 56, 4, 3, 57, 31, 32, 56, 5, 4, 57, 32, 33, 56, 6, 5, 57, 33, 34, 56, 7, 6, 57, 34, 35, 56, 8, 7, 57, 35, 36, 56, 9, 8, 57, 36, 37, 56, 10, 9, 57, 37, 38, 56, 11, 10, 57, 38, 39, 56, 12, 11, 57, 39, 40, 56, 13, 12, 57, 40, 41, 56, 14, 13, 57, 41, 42, 56, 15, 14, 57, 42, 43, 56, 16, 15, 57, 43, 44, 56, 17, 16, 57, 44, 45, 56, 18, 17, 57, 45, 46, 56, 19, 18, 57, 46, 47, 56, 20, 19, 57, 47, 48, 56, 21, 20, 57, 48, 49, 56, 22, 21, 57, 49, 50, 56, 23, 22, 57, 50, 51, 56, 24, 23, 57, 51, 52, 56, 25, 24, 57, 52, 53, 56, 26, 25, 57, 53, 54, 56, 27, 26, 57, 54, 55, 56, 0, 27, 57, 55, 28]
                    rel material:binding = </World/Looks/Hous>
                    normal3f[] normals = [(0, 1, 0), (0, 0.9749279, 0.22252093), (0, 0.9749279, 0.22252093), (0, 1, 0), (0, 0.9749279, 0.22252093), (0, 0.90096885, 0.43388373), (0, 0.90096885, 0.43388373), (0, 0.9749279, 0.22252093), (0, 0.90096885, 0.43388373), (0, 0.7818315, 0.6234898), (0, 0.7818315, 0.6234898), (0, 0.90096885, 0.43388373), (0, 0.7818315, 0.6234898), (0, 0.6234898, 0.7818315), (0, 0.6234898, 0.7818315), (0, 0.7818315, 0.6234898), (0, 0.6234898, 0.7818315), (0, 0.43388373, 0.90096885), (0, 0.43388373, 0.90096885), (0, 0.6234898, 0.7818315), (0, 0.43388373, 0.90096885), (0, 0.22252093, 0.9749279), (0, 0.22252093, 0.9749279), (0, 0.43388373, 0.90096885), (0, 0.22252093, 0.9749279), (0, 6.123234e-17, 1), (0, 6.123234e-17, 1), (0, 0.22252093, 0.9749279), (0, 6.123234e-17, 1), (0, -0.22252093, 0.9749279), (0, -0.22252093, 0.9749279), (0, 6.123234e-17, 1), (0, -0.22252093, 0.9749279), (0, -0.43388373, 0.90096885), (0, -0.43388373, 0.90096885), (0, -0.22252093, 0.9749279), (0, -0.43388373, 0.90096885), (0, -0.6234898, 0.7818315), (0, -0.6234898, 0.7818315), (0, -0.43388373, 0.90096885), (0, -0.6234898, 0.7818315), (0, -0.7818315, 0.6234898), (0, -0.7818315, 0.6234898), (0, -0.6234898, 0.7818315), (0, -0.7818315, 0.6234898), (0, -0.90096885, 0.43388373), (0, -0.90096885, 0.43388373), (0, -0.7818315, 0.6234898), (0, -0.90096885, 0.43388373), (0, -0.9749279, 0.22252093), (0, -0.9749279, 0.22252093), (0, -0.90096885, 0.43388373), (0, -0.9749279, 0.22252093), (0, -1, 1.2246469e-16), (0, -1, 1.2246469e-16), (0, -0.9749279, 0.22252093), (0, -1, 1.2246469e-16), (0, -0.9749279, -0.22252093), (0, -0.9749279, -0.22252093), (0, -1, 1.2246469e-16), (0, -0.9749279, -0.22252093), (0, -0.90096885, -0.43388373), (0, -0.90096885, -0.43388373), (0, -0.9749279, -0.22252093), (0, -0.90096885, -0.43388373), (0, -0.7818315, -0.6234898), (0, -0.7818315, -0.6234898), (0, -0.90096885, -0.43388373), (0, -0.7818315, -0.6234898), (0, -0.6234898, -0.7818315), (0, -0.6234898, -0.7818315), (0, -0.7818315, -0.6234898), (0, -0.6234898, -0.7818315), (0, -0.43388373, -0.90096885), (0, -0.43388373, -0.90096885), (0, -0.6234898, -0.7818315), (0, -0.43388373, -0.90096885), (0, -0.22252093, -0.9749279), (0, -0.22252093, -0.9749279), (0, -0.43388373, -0.90096885), (0, -0.22252093, -0.9749279), (0, -1.8369701e-16, -1), (0, -1.8369701e-16, -1), (0, -0.22252093, -0.9749279), (0, -1.8369701e-16, -1), (0, 0.22252093, -0.9749279), (0, 0.22252093, -0.9749279), (0, -1.8369701e-16, -1), (0, 0.22252093, -0.9749279), (0, 0.43388373, -0.90096885), (0, 0.43388373, -0.90096885), (0, 0.22252093, -0.9749279), (0, 0.43388373, -0.90096885), (0, 0.6234898, -0.7818315), (0, 0.6234898, -0.7818315), (0, 0.43388373, -0.90096885), (0, 0.6234898, -0.7818315), (0, 0.7818315, -0.6234898), (0, 0.7818315, -0.6234898), (0, 0.6234898, -0.7818315), (0, 0.7818315, -0.6234898), (0, 0.90096885, -0.43388373), (0, 0.90096885, -0.43388373), (0, 0.7818315, -0.6234898), (0, 0.90096885, -0.43388373), (0, 0.9749279, -0.22252093), (0, 0.9749279, -0.22252093), (0, 0.90096885, -0.43388373), (0, 0.9749279, -0.22252093), (0, 1, 0), (0, 1, 0), (0, 0.9749279, -0.22252093), (-1, 0, 0), (-1, 0, 0), (-1, 0, 0), (1, 0, 0), (1, 0, 0), (1, 0, 0), (-1, 0, 0), (-1, 0, 0), (-1, 0, 0), (1, 0, 0), (1, 0, 0), (1, 0, 0), (-1, 0, 0), (-1, 0, 0), (-1, 0, 0), (1, 0, 0), (1, 0, 0), (1, 0, 0), (-1, 0, 0), (-1, 0, 0), (-1, 0, 0), (1, 0, 0), (1, 0, 0), (1, 0, 0), (-1, 0, 0), (-1, 0, 0), (-1, 0, 0), (1, 0, 0), (1, 0, 0), (1, 0, 0), (-1, 0, 0), (-1, 0, 0), (-1, 0, 0), (1, 0, 0), (1, 0, 0), (1, 0, 0), (-1, 0, 0), (-1, 0, 0), (-1, 0, 0), (1, 0, 0), (1, 0, 0), (1, 0, 0), (-1, 0, 0), (-1, 0, 0), (-1, 0, 0), (1, 0, 0), (1, 0, 0), (1, 0, 0), (-1, 0, 0), (-1, 0, 0), (-1, 0, 0), (1, 0, 0), (1, 0, 0), (1, 0, 0), (-1, 0, 0), (-1, 0, 0), (-1, 0, 0), (1, 0, 0), (1, 0, 0), (1, 0, 0), (-1, 0, 0), (-1, 0, 0), (-1, 0, 0), (1, 0, 0), (1, 0, 0), (1, 0, 0), (-1, 0, 0), (-1, 0, 0), (-1, 0, 0), (1, 0, 0), (1, 0, 0), (1, 0, 0), (-1, 0, 0), (-1, 0, 0), (-1, 0, 0), (1, 0, 0), (1, 0, 0), (1, 0, 0), (-1, 0, 0), (-1, 0, 0), (-1, 0, 0), (1, 0, 0), (1, 0, 0), (1, 0, 0), (-1, 0, 0), (-1, 0, 0), (-1, 0, 0), (1, 0, 0), (1, 0, 0), (1, 0, 0), (-1, 0, 0), (-1, 0, 0), (-1, 0, 0), (1, 0, 0), (1, 0, 0), (1, 0, 0), (-1, 0, 0), (-1, 0, 0), (-1, 0, 0), (1, 0, 0), (1, 0, 0), (1, 0, 0), (-1, 0, 0), (-1, 0, 0), (-1, 0, 0), (1, 0, 0), (1, 0, 0), (1, 0, 0), (-1, 0, 0), (-1, 0, 0), (-1, 0, 0), (1, 0, 0), (1, 0, 0), (1, 0, 0), (-1, 0, 0), (-1, 0, 0), (-1, 0, 0), (1, 0, 0), (1, 0, 0), (1, 0, 0), (-1, 0, 0), (-1, 0, 0), (-1, 0, 0), (1, 0, 0), (1, 0, 0), (1, 0, 0), (-1, 0, 0), (-1, 0, 0), (-1, 0, 0), (1, 0, 0), (1, 0, 0), (1, 0, 0), (-1, 0, 0), (-1, 0, 0), (-1, 0, 0), (1, 0, 0), (1, 0, 0), (1, 0, 0), (-1, 0, 0), (-1, 0, 0), (-1, 0, 0), (1, 0, 0), (1, 0, 0), (1, 0, 0), (-1, 0, 0), (-1, 0, 0), (-1, 0, 0), (1, 0, 0), (1, 0, 0), (1, 0, 0), (-1, 0, 0), (-1, 0, 0), (-1, 0, 0), (1, 0, 0), (1, 0, 0), (1, 0, 0), (-1, 0, 0), (-1, 0, 0), (-1, 0, 0), (1, 0, 0), (1, 0, 0), (1, 0, 0), (-1, 0, 0), (-1, 0, 0), (-1, 0, 0), (1, 0, 0), (1, 0, 0), (1, 0, 0)] (
                        interpolation = "faceVarying"
                    )
                    point3f[] points = [(-0.007, 0.008, 0), (-0.007, 0.0077994233, 0.0017801675), (-0.007, 0.007207751, 0.00347107), (-0.007, 0.006254652, 0.0049879183), (-0.007, 0.0049879183, 0.006254652), (-0.007, 0.00347107, 0.007207751), (-0.007, 0.0017801675, 0.0077994233), (-0.007, 4.8985874e-19, 0.008), (-0.007, -0.0017801675, 0.0077994233), (-0.007, -0.00347107, 0.007207751), (-0.007, -0.0049879183, 0.006254652), (-0.007, -0.006254652, 0.0049879183), (-0.007, -0.007207751, 0.00347107), (-0.007, -0.0077994233, 0.0017801675), (-0.007, -0.008, 9.797175e-19), (-0.007, -0.0077994233, -0.0017801675), (-0.007, -0.007207751, -0.00347107), (-0.007, -0.006254652, -0.0049879183), (-0.007, -0.0049879183, -0.006254652), (-0.007, -0.00347107, -0.007207751), (-0.007, -0.0017801675, -0.0077994233), (-0.007, -1.4695761e-18, -0.008), (-0.007, 0.0017801675, -0.0077994233), (-0.007, 0.00347107, -0.007207751), (-0.007, 0.0049879183, -0.006254652), (-0.007, 0.006254652, -0.0049879183), (-0.007, 0.007207751, -0.00347107), (-0.007, 0.0077994233, -0.0017801675), (0.007, 0.008, 0), (0.007, 0.0077994233, 0.0017801675), (0.007, 0.007207751, 0.00347107), (0.007, 0.006254652, 0.0049879183), (0.007, 0.0049879183, 0.006254652), (0.007, 0.00347107, 0.007207751), (0.007, 0.0017801675, 0.0077994233), (0.007, 4.8985874e-19, 0.008), (0.007, -0.0017801675, 0.0077994233), (0.007, -0.00347107, 0.007207751), (0.007, -0.0049879183, 0.006254652), (0.007, -0.006254652, 0.0049879183), (0.007, -0.007207751, 0.00347107), (0.007, -0.0077994233, 0.0017801675), (0.007, -0.008, 9.797175e-19), (0.007, -0.0077994233, -0.0017801675), (0.007, -0.007207751, -0.00347107), (0.007, -0.006254652, -0.0049879183), (0.007, -0.0049879183, -0.006254652), (0.007, -0.00347107, -0.007207751), (0.007, -0.0017801675, -0.0077994233), (0.007, -1.4695761e-18, -0.008), (0.007, 0.0017801675, -0.0077994233), (0.007, 0.00347107, -0.007207751), (0.007, 0.0049879183, -0.006254652), (0.007, 0.006254652, -0.0049879183), (0.007, 0.007207751, -0.00347107), (0.007, 0.0077994233, -0.0017801675), (-0.007, 0, 0), (0.007, 0, 0)]
                    uniform token subdivisionScheme = "none"
                }
            }

            def Cube "Web" (
                prepend apiSchemas = ["MaterialBindingAPI"]
            )
            {
                float3[] extent = [(-0.5, -0.5, -0.5), (0.5, 0.5, 0.5)]
                rel material:binding = </World/Looks/Drum>
                double size = 1
                matrix4d xformOp:transform = ( (0.008, 0, 0, 0), (0, 0.047, 0, 0), (0, 0, 0.016, 0), (0.036000000000000004, 0, 0, 1) )
                uniform token[] xformOpOrder = ["xformOp:transform"]
            }
        }

        def Xform "DR_A0_Arm" (
            prepend apiSchemas = ["PhysicsRigidBodyAPI", "PhysicsMassAPI"]
        )
        {
            float physics:mass = 0.035
            matrix4d xformOp:transform = ( (0, 1, 0, 0), (0, -0, 1, 0), (1, 0, 0, 0), (-0.114, 0.04, 0, 1) )
            uniform token[] xformOpOrder = ["xformOp:transform"]

            def Mesh "Rod" (
                prepend apiSchemas = ["MaterialBindingAPI"]
            )
            {
                float3[] extent = [(-0.03, -0.005, -0.005), (-0.014, 0.005, 0.005)]
                int[] faceVertexCounts = [4, 4, 4, 4, 4, 4, 4, 4, 4, 4, 4, 4, 4, 4, 4, 4, 4, 4, 4, 4, 4, 4, 4, 4, 4, 4, 4, 4, 3, 3, 3, 3, 3, 3, 3, 3, 3, 3, 3, 3, 3, 3, 3, 3, 3, 3, 3, 3, 3, 3, 3, 3, 3, 3, 3, 3, 3, 3, 3, 3, 3, 3, 3, 3, 3, 3, 3, 3, 3, 3, 3, 3, 3, 3, 3, 3, 3, 3, 3, 3, 3, 3, 3, 3]
                int[] faceVertexIndices = [0, 1, 29, 28, 1, 2, 30, 29, 2, 3, 31, 30, 3, 4, 32, 31, 4, 5, 33, 32, 5, 6, 34, 33, 6, 7, 35, 34, 7, 8, 36, 35, 8, 9, 37, 36, 9, 10, 38, 37, 10, 11, 39, 38, 11, 12, 40, 39, 12, 13, 41, 40, 13, 14, 42, 41, 14, 15, 43, 42, 15, 16, 44, 43, 16, 17, 45, 44, 17, 18, 46, 45, 18, 19, 47, 46, 19, 20, 48, 47, 20, 21, 49, 48, 21, 22, 50, 49, 22, 23, 51, 50, 23, 24, 52, 51, 24, 25, 53, 52, 25, 26, 54, 53, 26, 27, 55, 54, 27, 0, 28, 55, 56, 1, 0, 57, 28, 29, 56, 2, 1, 57, 29, 30, 56, 3, 2, 57, 30, 31, 56, 4, 3, 57, 31, 32, 56, 5, 4, 57, 32, 33, 56, 6, 5, 57, 33, 34, 56, 7, 6, 57, 34, 35, 56, 8, 7, 57, 35, 36, 56, 9, 8, 57, 36, 37, 56, 10, 9, 57, 37, 38, 56, 11, 10, 57, 38, 39, 56, 12, 11, 57, 39, 40, 56, 13, 12, 57, 40, 41, 56, 14, 13, 57, 41, 42, 56, 15, 14, 57, 42, 43, 56, 16, 15, 57, 43, 44, 56, 17, 16, 57, 44, 45, 56, 18, 17, 57, 45, 46, 56, 19, 18, 57, 46, 47, 56, 20, 19, 57, 47, 48, 56, 21, 20, 57, 48, 49, 56, 22, 21, 57, 49, 50, 56, 23, 22, 57, 50, 51, 56, 24, 23, 57, 51, 52, 56, 25, 24, 57, 52, 53, 56, 26, 25, 57, 53, 54, 56, 27, 26, 57, 54, 55, 56, 0, 27, 57, 55, 28]
                rel material:binding = </World/Looks/Rod>
                normal3f[] normals = [(0, 1, 0), (0, 0.9749279, 0.22252093), (0, 0.9749279, 0.22252093), (0, 1, 0), (0, 0.9749279, 0.22252093), (0, 0.90096885, 0.43388373), (0, 0.90096885, 0.43388373), (0, 0.9749279, 0.22252093), (0, 0.90096885, 0.43388373), (0, 0.7818315, 0.6234898), (0, 0.7818315, 0.6234898), (0, 0.90096885, 0.43388373), (0, 0.7818315, 0.6234898), (0, 0.6234898, 0.7818315), (0, 0.6234898, 0.7818315), (0, 0.7818315, 0.6234898), (0, 0.6234898, 0.7818315), (0, 0.43388373, 0.90096885), (0, 0.43388373, 0.90096885), (0, 0.6234898, 0.7818315), (0, 0.43388373, 0.90096885), (0, 0.22252093, 0.9749279), (0, 0.22252093, 0.9749279), (0, 0.43388373, 0.90096885), (0, 0.22252093, 0.9749279), (0, 6.123234e-17, 1), (0, 6.123234e-17, 1), (0, 0.22252093, 0.9749279), (0, 6.123234e-17, 1), (0, -0.22252093, 0.9749279), (0, -0.22252093, 0.9749279), (0, 6.123234e-17, 1), (0, -0.22252093, 0.9749279), (0, -0.43388373, 0.90096885), (0, -0.43388373, 0.90096885), (0, -0.22252093, 0.9749279), (0, -0.43388373, 0.90096885), (0, -0.6234898, 0.7818315), (0, -0.6234898, 0.7818315), (0, -0.43388373, 0.90096885), (0, -0.6234898, 0.7818315), (0, -0.7818315, 0.6234898), (0, -0.7818315, 0.6234898), (0, -0.6234898, 0.7818315), (0, -0.7818315, 0.6234898), (0, -0.90096885, 0.43388373), (0, -0.90096885, 0.43388373), (0, -0.7818315, 0.6234898), (0, -0.90096885, 0.43388373), (0, -0.9749279, 0.22252093), (0, -0.9749279, 0.22252093), (0, -0.90096885, 0.43388373), (0, -0.9749279, 0.22252093), (0, -1, 1.2246469e-16), (0, -1, 1.2246469e-16), (0, -0.9749279, 0.22252093), (0, -1, 1.2246469e-16), (0, -0.9749279, -0.22252093), (0, -0.9749279, -0.22252093), (0, -1, 1.2246469e-16), (0, -0.9749279, -0.22252093), (0, -0.90096885, -0.43388373), (0, -0.90096885, -0.43388373), (0, -0.9749279, -0.22252093), (0, -0.90096885, -0.43388373), (0, -0.7818315, -0.6234898), (0, -0.7818315, -0.6234898), (0, -0.90096885, -0.43388373), (0, -0.7818315, -0.6234898), (0, -0.6234898, -0.7818315), (0, -0.6234898, -0.7818315), (0, -0.7818315, -0.6234898), (0, -0.6234898, -0.7818315), (0, -0.43388373, -0.90096885), (0, -0.43388373, -0.90096885), (0, -0.6234898, -0.7818315), (0, -0.43388373, -0.90096885), (0, -0.22252093, -0.9749279), (0, -0.22252093, -0.9749279), (0, -0.43388373, -0.90096885), (0, -0.22252093, -0.9749279), (0, -1.8369701e-16, -1), (0, -1.8369701e-16, -1), (0, -0.22252093, -0.9749279), (0, -1.8369701e-16, -1), (0, 0.22252093, -0.9749279), (0, 0.22252093, -0.9749279), (0, -1.8369701e-16, -1), (0, 0.22252093, -0.9749279), (0, 0.43388373, -0.90096885), (0, 0.43388373, -0.90096885), (0, 0.22252093, -0.9749279), (0, 0.43388373, -0.90096885), (0, 0.6234898, -0.7818315), (0, 0.6234898, -0.7818315), (0, 0.43388373, -0.90096885), (0, 0.6234898, -0.7818315), (0, 0.7818315, -0.6234898), (0, 0.7818315, -0.6234898), (0, 0.6234898, -0.7818315), (0, 0.7818315, -0.6234898), (0, 0.90096885, -0.43388373), (0, 0.90096885, -0.43388373), (0, 0.7818315, -0.6234898), (0, 0.90096885, -0.43388373), (0, 0.9749279, -0.22252093), (0, 0.9749279, -0.22252093), (0, 0.90096885, -0.43388373), (0, 0.9749279, -0.22252093), (0, 1, 0), (0, 1, 0), (0, 0.9749279, -0.22252093), (-1, 0, 0), (-1, 0, 0), (-1, 0, 0), (1, 0, 0), (1, 0, 0), (1, 0, 0), (-1, 0, 0), (-1, 0, 0), (-1, 0, 0), (1, 0, 0), (1, 0, 0), (1, 0, 0), (-1, 0, 0), (-1, 0, 0), (-1, 0, 0), (1, 0, 0), (1, 0, 0), (1, 0, 0), (-1, 0, 0), (-1, 0, 0), (-1, 0, 0), (1, 0, 0), (1, 0, 0), (1, 0, 0), (-1, 0, 0), (-1, 0, 0), (-1, 0, 0), (1, 0, 0), (1, 0, 0), (1, 0, 0), (-1, 0, 0), (-1, 0, 0), (-1, 0, 0), (1, 0, 0), (1, 0, 0), (1, 0, 0), (-1, 0, 0), (-1, 0, 0), (-1, 0, 0), (1, 0, 0), (1, 0, 0), (1, 0, 0), (-1, 0, 0), (-1, 0, 0), (-1, 0, 0), (1, 0, 0), (1, 0, 0), (1, 0, 0), (-1, 0, 0), (-1, 0, 0), (-1, 0, 0), (1, 0, 0), (1, 0, 0), (1, 0, 0), (-1, 0, 0), (-1, 0, 0), (-1, 0, 0), (1, 0, 0), (1, 0, 0), (1, 0, 0), (-1, 0, 0), (-1, 0, 0), (-1, 0, 0), (1, 0, 0), (1, 0, 0), (1, 0, 0), (-1, 0, 0), (-1, 0, 0), (-1, 0, 0), (1, 0, 0), (1, 0, 0), (1, 0, 0), (-1, 0, 0), (-1, 0, 0), (-1, 0, 0), (1, 0, 0), (1, 0, 0), (1, 0, 0), (-1, 0, 0), (-1, 0, 0), (-1, 0, 0), (1, 0, 0), (1, 0, 0), (1, 0, 0), (-1, 0, 0), (-1, 0, 0), (-1, 0, 0), (1, 0, 0), (1, 0, 0), (1, 0, 0), (-1, 0, 0), (-1, 0, 0), (-1, 0, 0), (1, 0, 0), (1, 0, 0), (1, 0, 0), (-1, 0, 0), (-1, 0, 0), (-1, 0, 0), (1, 0, 0), (1, 0, 0), (1, 0, 0), (-1, 0, 0), (-1, 0, 0), (-1, 0, 0), (1, 0, 0), (1, 0, 0), (1, 0, 0), (-1, 0, 0), (-1, 0, 0), (-1, 0, 0), (1, 0, 0), (1, 0, 0), (1, 0, 0), (-1, 0, 0), (-1, 0, 0), (-1, 0, 0), (1, 0, 0), (1, 0, 0), (1, 0, 0), (-1, 0, 0), (-1, 0, 0), (-1, 0, 0), (1, 0, 0), (1, 0, 0), (1, 0, 0), (-1, 0, 0), (-1, 0, 0), (-1, 0, 0), (1, 0, 0), (1, 0, 0), (1, 0, 0), (-1, 0, 0), (-1, 0, 0), (-1, 0, 0), (1, 0, 0), (1, 0, 0), (1, 0, 0), (-1, 0, 0), (-1, 0, 0), (-1, 0, 0), (1, 0, 0), (1, 0, 0), (1, 0, 0), (-1, 0, 0), (-1, 0, 0), (-1, 0, 0), (1, 0, 0), (1, 0, 0), (1, 0, 0), (-1, 0, 0), (-1, 0, 0), (-1, 0, 0), (1, 0, 0), (1, 0, 0), (1, 0, 0), (-1, 0, 0), (-1, 0, 0), (-1, 0, 0), (1, 0, 0), (1, 0, 0), (1, 0, 0), (-1, 0, 0), (-1, 0, 0), (-1, 0, 0), (1, 0, 0), (1, 0, 0), (1, 0, 0)] (
                    interpolation = "faceVarying"
                )
                point3f[] points = [(-0.03, 0.005, 0), (-0.03, 0.0048746397, 0.0011126046), (-0.03, 0.0045048445, 0.0021694186), (-0.03, 0.0039091576, 0.003117449), (-0.03, 0.003117449, 0.0039091576), (-0.03, 0.0021694186, 0.0045048445), (-0.03, 0.0011126046, 0.0048746397), (-0.03, 3.061617e-19, 0.005), (-0.03, -0.0011126046, 0.0048746397), (-0.03, -0.0021694186, 0.0045048445), (-0.03, -0.003117449, 0.0039091576), (-0.03, -0.0039091576, 0.003117449), (-0.03, -0.0045048445, 0.0021694186), (-0.03, -0.0048746397, 0.0011126046), (-0.03, -0.005, 6.123234e-19), (-0.03, -0.0048746397, -0.0011126046), (-0.03, -0.0045048445, -0.0021694186), (-0.03, -0.0039091576, -0.003117449), (-0.03, -0.003117449, -0.0039091576), (-0.03, -0.0021694186, -0.0045048445), (-0.03, -0.0011126046, -0.0048746397), (-0.03, -9.184851e-19, -0.005), (-0.03, 0.0011126046, -0.0048746397), (-0.03, 0.0021694186, -0.0045048445), (-0.03, 0.003117449, -0.0039091576), (-0.03, 0.0039091576, -0.003117449), (-0.03, 0.0045048445, -0.0021694186), (-0.03, 0.0048746397, -0.0011126046), (-0.014, 0.005, 0), (-0.014, 0.0048746397, 0.0011126046), (-0.014, 0.0045048445, 0.0021694186), (-0.014, 0.0039091576, 0.003117449), (-0.014, 0.003117449, 0.0039091576), (-0.014, 0.0021694186, 0.0045048445), (-0.014, 0.0011126046, 0.0048746397), (-0.014, 3.061617e-19, 0.005), (-0.014, -0.0011126046, 0.0048746397), (-0.014, -0.0021694186, 0.0045048445), (-0.014, -0.003117449, 0.0039091576), (-0.014, -0.0039091576, 0.003117449), (-0.014, -0.0045048445, 0.0021694186), (-0.014, -0.0048746397, 0.0011126046), (-0.014, -0.005, 6.123234e-19), (-0.014, -0.0048746397, -0.0011126046), (-0.014, -0.0045048445, -0.0021694186), (-0.014, -0.0039091576, -0.003117449), (-0.014, -0.003117449, -0.0039091576), (-0.014, -0.0021694186, -0.0045048445), (-0.014, -0.0011126046, -0.0048746397), (-0.014, -9.184851e-19, -0.005), (-0.014, 0.0011126046, -0.0048746397), (-0.014, 0.0021694186, -0.0045048445), (-0.014, 0.003117449, -0.0039091576), (-0.014, 0.0039091576, -0.003117449), (-0.014, 0.0045048445, -0.0021694186), (-0.014, 0.0048746397, -0.0011126046), (-0.03, 0, 0), (-0.014, 0, 0)]
                uniform token subdivisionScheme = "none"
            }

            def Cube "Yoke" (
                prepend apiSchemas = ["MaterialBindingAPI"]
            )
            {
                float3[] extent = [(-0.5, -0.5, -0.5), (0.5, 0.5, 0.5)]
                rel material:binding = </World/Looks/Fork>
                double size = 1
                matrix4d xformOp:transform = ( (0.0033, 0, 0, 0), (0, 0.023, 0, 0), (0, 0, 0.011, 0), (-0.012650000000000002, 0, 0, 1) )
                uniform token[] xformOpOrder = ["xformOp:transform"]
            }

            def Cube "ForkL" (
                prepend apiSchemas = ["MaterialBindingAPI"]
            )
            {
                float3[] extent = [(-0.5, -0.5, -0.5), (0.5, 0.5, 0.5)]
                rel material:binding = </World/Looks/Fork>
                double size = 1
                matrix4d xformOp:transform = ( (0.014, 0, 0, 0), (0, 0.003, 0, 0), (0, 0, 0.011, 0), (-0.007, 0.01, 0, 1) )
                uniform token[] xformOpOrder = ["xformOp:transform"]
            }

            def Cube "ForkR" (
                prepend apiSchemas = ["MaterialBindingAPI"]
            )
            {
                float3[] extent = [(-0.5, -0.5, -0.5), (0.5, 0.5, 0.5)]
                rel material:binding = </World/Looks/Fork>
                double size = 1
                matrix4d xformOp:transform = ( (0.014, 0, 0, 0), (0, 0.003, 0, 0), (0, 0, 0.011, 0), (-0.007, -0.01, 0, 1) )
                uniform token[] xformOpOrder = ["xformOp:transform"]
            }

            def Mesh "Axle" (
                prepend apiSchemas = ["MaterialBindingAPI"]
            )
            {
                float3[] extent = [(-0.0025, -0.0115, -0.0025), (0.0025, 0.0115, 0.0025)]
                int[] faceVertexCounts = [4, 4, 4, 4, 4, 4, 4, 4, 4, 4, 4, 4, 4, 4, 4, 4, 4, 4, 4, 4, 4, 4, 4, 4, 4, 4, 4, 4, 3, 3, 3, 3, 3, 3, 3, 3, 3, 3, 3, 3, 3, 3, 3, 3, 3, 3, 3, 3, 3, 3, 3, 3, 3, 3, 3, 3, 3, 3, 3, 3, 3, 3, 3, 3, 3, 3, 3, 3, 3, 3, 3, 3, 3, 3, 3, 3, 3, 3, 3, 3, 3, 3, 3, 3]
                int[] faceVertexIndices = [0, 1, 29, 28, 1, 2, 30, 29, 2, 3, 31, 30, 3, 4, 32, 31, 4, 5, 33, 32, 5, 6, 34, 33, 6, 7, 35, 34, 7, 8, 36, 35, 8, 9, 37, 36, 9, 10, 38, 37, 10, 11, 39, 38, 11, 12, 40, 39, 12, 13, 41, 40, 13, 14, 42, 41, 14, 15, 43, 42, 15, 16, 44, 43, 16, 17, 45, 44, 17, 18, 46, 45, 18, 19, 47, 46, 19, 20, 48, 47, 20, 21, 49, 48, 21, 22, 50, 49, 22, 23, 51, 50, 23, 24, 52, 51, 24, 25, 53, 52, 25, 26, 54, 53, 26, 27, 55, 54, 27, 0, 28, 55, 56, 1, 0, 57, 28, 29, 56, 2, 1, 57, 29, 30, 56, 3, 2, 57, 30, 31, 56, 4, 3, 57, 31, 32, 56, 5, 4, 57, 32, 33, 56, 6, 5, 57, 33, 34, 56, 7, 6, 57, 34, 35, 56, 8, 7, 57, 35, 36, 56, 9, 8, 57, 36, 37, 56, 10, 9, 57, 37, 38, 56, 11, 10, 57, 38, 39, 56, 12, 11, 57, 39, 40, 56, 13, 12, 57, 40, 41, 56, 14, 13, 57, 41, 42, 56, 15, 14, 57, 42, 43, 56, 16, 15, 57, 43, 44, 56, 17, 16, 57, 44, 45, 56, 18, 17, 57, 45, 46, 56, 19, 18, 57, 46, 47, 56, 20, 19, 57, 47, 48, 56, 21, 20, 57, 48, 49, 56, 22, 21, 57, 49, 50, 56, 23, 22, 57, 50, 51, 56, 24, 23, 57, 51, 52, 56, 25, 24, 57, 52, 53, 56, 26, 25, 57, 53, 54, 56, 27, 26, 57, 54, 55, 56, 0, 27, 57, 55, 28]
                rel material:binding = </World/Looks/Axle>
                normal3f[] normals = [(0, 0, 1), (0.22252093, 0, 0.9749279), (0.22252093, 0, 0.9749279), (0, 0, 1), (0.22252093, 0, 0.9749279), (0.43388373, 0, 0.90096885), (0.43388373, 0, 0.90096885), (0.22252093, 0, 0.9749279), (0.43388373, 0, 0.90096885), (0.6234898, 0, 0.7818315), (0.6234898, 0, 0.7818315), (0.43388373, 0, 0.90096885), (0.6234898, 0, 0.7818315), (0.7818315, 0, 0.6234898), (0.7818315, 0, 0.6234898), (0.6234898, 0, 0.7818315), (0.7818315, 0, 0.6234898), (0.90096885, 0, 0.43388373), (0.90096885, 0, 0.43388373), (0.7818315, 0, 0.6234898), (0.90096885, 0, 0.43388373), (0.9749279, 0, 0.22252093), (0.9749279, 0, 0.22252093), (0.90096885, 0, 0.43388373), (0.9749279, 0, 0.22252093), (1, 0, 6.123234e-17), (1, 0, 6.123234e-17), (0.9749279, 0, 0.22252093), (1, 0, 6.123234e-17), (0.9749279, 0, -0.22252093), (0.9749279, 0, -0.22252093), (1, 0, 6.123234e-17), (0.9749279, 0, -0.22252093), (0.90096885, 0, -0.43388373), (0.90096885, 0, -0.43388373), (0.9749279, 0, -0.22252093), (0.90096885, 0, -0.43388373), (0.7818315, 0, -0.6234898), (0.7818315, 0, -0.6234898), (0.90096885, 0, -0.43388373), (0.7818315, 0, -0.6234898), (0.6234898, 0, -0.7818315), (0.6234898, 0, -0.7818315), (0.7818315, 0, -0.6234898), (0.6234898, 0, -0.7818315), (0.43388373, 0, -0.90096885), (0.43388373, 0, -0.90096885), (0.6234898, 0, -0.7818315), (0.43388373, 0, -0.90096885), (0.22252093, 0, -0.9749279), (0.22252093, 0, -0.9749279), (0.43388373, 0, -0.90096885), (0.22252093, 0, -0.9749279), (1.2246469e-16, 0, -1), (1.2246469e-16, 0, -1), (0.22252093, 0, -0.9749279), (1.2246469e-16, 0, -1), (-0.22252093, 0, -0.9749279), (-0.22252093, 0, -0.9749279), (1.2246469e-16, 0, -1), (-0.22252093, 0, -0.9749279), (-0.43388373, 0, -0.90096885), (-0.43388373, 0, -0.90096885), (-0.22252093, 0, -0.9749279), (-0.43388373, 0, -0.90096885), (-0.6234898, 0, -0.7818315), (-0.6234898, 0, -0.7818315), (-0.43388373, 0, -0.90096885), (-0.6234898, 0, -0.7818315), (-0.7818315, 0, -0.6234898), (-0.7818315, 0, -0.6234898), (-0.6234898, 0, -0.7818315), (-0.7818315, 0, -0.6234898), (-0.90096885, 0, -0.43388373), (-0.90096885, 0, -0.43388373), (-0.7818315, 0, -0.6234898), (-0.90096885, 0, -0.43388373), (-0.9749279, 0, -0.22252093), (-0.9749279, 0, -0.22252093), (-0.90096885, 0, -0.43388373), (-0.9749279, 0, -0.22252093), (-1, 0, -1.8369701e-16), (-1, 0, -1.8369701e-16), (-0.9749279, 0, -0.22252093), (-1, 0, -1.8369701e-16), (-0.9749279, 0, 0.22252093), (-0.9749279, 0, 0.22252093), (-1, 0, -1.8369701e-16), (-0.9749279, 0, 0.22252093), (-0.90096885, 0, 0.43388373), (-0.90096885, 0, 0.43388373), (-0.9749279, 0, 0.22252093), (-0.90096885, 0, 0.43388373), (-0.7818315, 0, 0.6234898), (-0.7818315, 0, 0.6234898), (-0.90096885, 0, 0.43388373), (-0.7818315, 0, 0.6234898), (-0.6234898, 0, 0.7818315), (-0.6234898, 0, 0.7818315), (-0.7818315, 0, 0.6234898), (-0.6234898, 0, 0.7818315), (-0.43388373, 0, 0.90096885), (-0.43388373, 0, 0.90096885), (-0.6234898, 0, 0.7818315), (-0.43388373, 0, 0.90096885), (-0.22252093, 0, 0.9749279), (-0.22252093, 0, 0.9749279), (-0.43388373, 0, 0.90096885), (-0.22252093, 0, 0.9749279), (0, 0, 1), (0, 0, 1), (-0.22252093, 0, 0.9749279), (0, -1, 0), (0, -1, 0), (0, -1, 0), (0, 1, 0), (0, 1, 0), (0, 1, 0), (0, -1, 0), (0, -1, 0), (0, -1, 0), (0, 1, 0), (0, 1, 0), (0, 1, 0), (0, -1, 0), (0, -1, 0), (0, -1, 0), (0, 1, 0), (0, 1, 0), (0, 1, 0), (0, -1, 0), (0, -1, 0), (0, -1, 0), (0, 1, 0), (0, 1, 0), (0, 1, 0), (0, -1, 0), (0, -1, 0), (0, -1, 0), (0, 1, 0), (0, 1, 0), (0, 1, 0), (0, -1, 0), (0, -1, 0), (0, -1, 0), (0, 1, 0), (0, 1, 0), (0, 1, 0), (0, -1, 0), (0, -1, 0), (0, -1, 0), (0, 1, 0), (0, 1, 0), (0, 1, 0), (0, -1, 0), (0, -1, 0), (0, -1, 0), (0, 1, 0), (0, 1, 0), (0, 1, 0), (0, -1, 0), (0, -1, 0), (0, -1, 0), (0, 1, 0), (0, 1, 0), (0, 1, 0), (0, -1, 0), (0, -1, 0), (0, -1, 0), (0, 1, 0), (0, 1, 0), (0, 1, 0), (0, -1, 0), (0, -1, 0), (0, -1, 0), (0, 1, 0), (0, 1, 0), (0, 1, 0), (0, -1, 0), (0, -1, 0), (0, -1, 0), (0, 1, 0), (0, 1, 0), (0, 1, 0), (0, -1, 0), (0, -1, 0), (0, -1, 0), (0, 1, 0), (0, 1, 0), (0, 1, 0), (0, -1, 0), (0, -1, 0), (0, -1, 0), (0, 1, 0), (0, 1, 0), (0, 1, 0), (0, -1, 0), (0, -1, 0), (0, -1, 0), (0, 1, 0), (0, 1, 0), (0, 1, 0), (0, -1, 0), (0, -1, 0), (0, -1, 0), (0, 1, 0), (0, 1, 0), (0, 1, 0), (0, -1, 0), (0, -1, 0), (0, -1, 0), (0, 1, 0), (0, 1, 0), (0, 1, 0), (0, -1, 0), (0, -1, 0), (0, -1, 0), (0, 1, 0), (0, 1, 0), (0, 1, 0), (0, -1, 0), (0, -1, 0), (0, -1, 0), (0, 1, 0), (0, 1, 0), (0, 1, 0), (0, -1, 0), (0, -1, 0), (0, -1, 0), (0, 1, 0), (0, 1, 0), (0, 1, 0), (0, -1, 0), (0, -1, 0), (0, -1, 0), (0, 1, 0), (0, 1, 0), (0, 1, 0), (0, -1, 0), (0, -1, 0), (0, -1, 0), (0, 1, 0), (0, 1, 0), (0, 1, 0), (0, -1, 0), (0, -1, 0), (0, -1, 0), (0, 1, 0), (0, 1, 0), (0, 1, 0), (0, -1, 0), (0, -1, 0), (0, -1, 0), (0, 1, 0), (0, 1, 0), (0, 1, 0), (0, -1, 0), (0, -1, 0), (0, -1, 0), (0, 1, 0), (0, 1, 0), (0, 1, 0), (0, -1, 0), (0, -1, 0), (0, -1, 0), (0, 1, 0), (0, 1, 0), (0, 1, 0), (0, -1, 0), (0, -1, 0), (0, -1, 0), (0, 1, 0), (0, 1, 0), (0, 1, 0), (0, -1, 0), (0, -1, 0), (0, -1, 0), (0, 1, 0), (0, 1, 0), (0, 1, 0)] (
                    interpolation = "faceVarying"
                )
                point3f[] points = [(0, -0.0115, 0.0025), (0.0005563023, -0.0115, 0.0024373198), (0.0010847093, -0.0115, 0.0022524223), (0.0015587246, -0.0115, 0.0019545788), (0.0019545788, -0.0115, 0.0015587246), (0.0022524223, -0.0115, 0.0010847093), (0.0024373198, -0.0115, 0.0005563023), (0.0025, -0.0115, 1.5308085e-19), (0.0024373198, -0.0115, -0.0005563023), (0.0022524223, -0.0115, -0.0010847093), (0.0019545788, -0.0115, -0.0015587246), (0.0015587246, -0.0115, -0.0019545788), (0.0010847093, -0.0115, -0.0022524223), (0.0005563023, -0.0115, -0.0024373198), (3.061617e-19, -0.0115, -0.0025), (-0.0005563023, -0.0115, -0.0024373198), (-0.0010847093, -0.0115, -0.0022524223), (-0.0015587246, -0.0115, -0.0019545788), (-0.0019545788, -0.0115, -0.0015587246), (-0.0022524223, -0.0115, -0.0010847093), (-0.0024373198, -0.0115, -0.0005563023), (-0.0025, -0.0115, -4.5924256e-19), (-0.0024373198, -0.0115, 0.0005563023), (-0.0022524223, -0.0115, 0.0010847093), (-0.0019545788, -0.0115, 0.0015587246), (-0.0015587246, -0.0115, 0.0019545788), (-0.0010847093, -0.0115, 0.0022524223), (-0.0005563023, -0.0115, 0.0024373198), (0, 0.0115, 0.0025), (0.0005563023, 0.0115, 0.0024373198), (0.0010847093, 0.0115, 0.0022524223), (0.0015587246, 0.0115, 0.0019545788), (0.0019545788, 0.0115, 0.0015587246), (0.0022524223, 0.0115, 0.0010847093), (0.0024373198, 0.0115, 0.0005563023), (0.0025, 0.0115, 1.5308085e-19), (0.0024373198, 0.0115, -0.0005563023), (0.0022524223, 0.0115, -0.0010847093), (0.0019545788, 0.0115, -0.0015587246), (0.0015587246, 0.0115, -0.0019545788), (0.0010847093, 0.0115, -0.0022524223), (0.0005563023, 0.0115, -0.0024373198), (3.061617e-19, 0.0115, -0.0025), (-0.0005563023, 0.0115, -0.0024373198), (-0.0010847093, 0.0115, -0.0022524223), (-0.0015587246, 0.0115, -0.0019545788), (-0.0019545788, 0.0115, -0.0015587246), (-0.0022524223, 0.0115, -0.0010847093), (-0.0024373198, 0.0115, -0.0005563023), (-0.0025, 0.0115, -4.5924256e-19), (-0.0024373198, 0.0115, 0.0005563023), (-0.0022524223, 0.0115, 0.0010847093), (-0.0019545788, 0.0115, 0.0015587246), (-0.0015587246, 0.0115, 0.0019545788), (-0.0010847093, 0.0115, 0.0022524223), (-0.0005563023, 0.0115, 0.0024373198), (0, -0.0115, 0), (0, 0.0115, 0)]
                uniform token subdivisionScheme = "none"
            }
        }

        def Xform "DR_A0_Wheel" (
            apiSchemas = ["PhysicsRigidBodyAPI", "PhysicsMassAPI", "PhysxRigidBodyAPI"]
        )
        {
            point3f physics:centerOfMass = (0, 0, 0)
            float3 physics:diagonalInertia = (7e-7, 8e-7, 7e-7)
            float physics:mass = 0.025
            quatf physics:principalAxes = (1, 0, 0, 0)
            custom bool physxRigidBody:enableCCD = 1
            custom float physxRigidBody:maxLinearVelocity = 5
            matrix4d xformOp:transform = ( (0, 1, 0, 0), (0, -0, 1, 0), (1, 0, 0, 0), (-0.114, 0.04, 0, 1) )
            uniform token[] xformOpOrder = ["xformOp:transform"]

            def Cylinder "WheelCollider" (
                apiSchemas = ["PhysicsCollisionAPI", "PhysxCollisionAPI", "MaterialBindingAPI"]
            )
            {
                uniform token axis = "Y"
                float3[] extent = [(-0.008, -0.006, -0.008), (0.008, 0.006, 0.008)]
                double height = 0.012
                rel material:binding:physics = </World/Looks/TyrePhys> (
                    bindMaterialAs = "weakerThanDescendants"
                )
                custom float physxCollision:contactOffset = 0.004
                custom float physxCollision:restOffset = 0
                double radius = 0.008
                token visibility = "invisible"
            }

            def Mesh "WheelVisual" (
                prepend apiSchemas = ["MaterialBindingAPI"]
            )
            {
                float3[] extent = [(-0.008, -0.006, -0.008), (0.008, 0.006, 0.008)]
                int[] faceVertexCounts = [4, 4, 4, 4, 4, 4, 4, 4, 4, 4, 4, 4, 4, 4, 4, 4, 4, 4, 4, 4, 4, 4, 4, 4, 4, 4, 4, 4, 3, 3, 3, 3, 3, 3, 3, 3, 3, 3, 3, 3, 3, 3, 3, 3, 3, 3, 3, 3, 3, 3, 3, 3, 3, 3, 3, 3, 3, 3, 3, 3, 3, 3, 3, 3, 3, 3, 3, 3, 3, 3, 3, 3, 3, 3, 3, 3, 3, 3, 3, 3, 3, 3, 3, 3]
                int[] faceVertexIndices = [0, 1, 29, 28, 1, 2, 30, 29, 2, 3, 31, 30, 3, 4, 32, 31, 4, 5, 33, 32, 5, 6, 34, 33, 6, 7, 35, 34, 7, 8, 36, 35, 8, 9, 37, 36, 9, 10, 38, 37, 10, 11, 39, 38, 11, 12, 40, 39, 12, 13, 41, 40, 13, 14, 42, 41, 14, 15, 43, 42, 15, 16, 44, 43, 16, 17, 45, 44, 17, 18, 46, 45, 18, 19, 47, 46, 19, 20, 48, 47, 20, 21, 49, 48, 21, 22, 50, 49, 22, 23, 51, 50, 23, 24, 52, 51, 24, 25, 53, 52, 25, 26, 54, 53, 26, 27, 55, 54, 27, 0, 28, 55, 56, 1, 0, 57, 28, 29, 56, 2, 1, 57, 29, 30, 56, 3, 2, 57, 30, 31, 56, 4, 3, 57, 31, 32, 56, 5, 4, 57, 32, 33, 56, 6, 5, 57, 33, 34, 56, 7, 6, 57, 34, 35, 56, 8, 7, 57, 35, 36, 56, 9, 8, 57, 36, 37, 56, 10, 9, 57, 37, 38, 56, 11, 10, 57, 38, 39, 56, 12, 11, 57, 39, 40, 56, 13, 12, 57, 40, 41, 56, 14, 13, 57, 41, 42, 56, 15, 14, 57, 42, 43, 56, 16, 15, 57, 43, 44, 56, 17, 16, 57, 44, 45, 56, 18, 17, 57, 45, 46, 56, 19, 18, 57, 46, 47, 56, 20, 19, 57, 47, 48, 56, 21, 20, 57, 48, 49, 56, 22, 21, 57, 49, 50, 56, 23, 22, 57, 50, 51, 56, 24, 23, 57, 51, 52, 56, 25, 24, 57, 52, 53, 56, 26, 25, 57, 53, 54, 56, 27, 26, 57, 54, 55, 56, 0, 27, 57, 55, 28]
                rel material:binding = </World/Looks/Wheel>
                normal3f[] normals = [(0, 0, 1), (0.22252093, 0, 0.9749279), (0.22252093, 0, 0.9749279), (0, 0, 1), (0.22252093, 0, 0.9749279), (0.43388373, 0, 0.90096885), (0.43388373, 0, 0.90096885), (0.22252093, 0, 0.9749279), (0.43388373, 0, 0.90096885), (0.6234898, 0, 0.7818315), (0.6234898, 0, 0.7818315), (0.43388373, 0, 0.90096885), (0.6234898, 0, 0.7818315), (0.7818315, 0, 0.6234898), (0.7818315, 0, 0.6234898), (0.6234898, 0, 0.7818315), (0.7818315, 0, 0.6234898), (0.90096885, 0, 0.43388373), (0.90096885, 0, 0.43388373), (0.7818315, 0, 0.6234898), (0.90096885, 0, 0.43388373), (0.9749279, 0, 0.22252093), (0.9749279, 0, 0.22252093), (0.90096885, 0, 0.43388373), (0.9749279, 0, 0.22252093), (1, 0, 6.123234e-17), (1, 0, 6.123234e-17), (0.9749279, 0, 0.22252093), (1, 0, 6.123234e-17), (0.9749279, 0, -0.22252093), (0.9749279, 0, -0.22252093), (1, 0, 6.123234e-17), (0.9749279, 0, -0.22252093), (0.90096885, 0, -0.43388373), (0.90096885, 0, -0.43388373), (0.9749279, 0, -0.22252093), (0.90096885, 0, -0.43388373), (0.7818315, 0, -0.6234898), (0.7818315, 0, -0.6234898), (0.90096885, 0, -0.43388373), (0.7818315, 0, -0.6234898), (0.6234898, 0, -0.7818315), (0.6234898, 0, -0.7818315), (0.7818315, 0, -0.6234898), (0.6234898, 0, -0.7818315), (0.43388373, 0, -0.90096885), (0.43388373, 0, -0.90096885), (0.6234898, 0, -0.7818315), (0.43388373, 0, -0.90096885), (0.22252093, 0, -0.9749279), (0.22252093, 0, -0.9749279), (0.43388373, 0, -0.90096885), (0.22252093, 0, -0.9749279), (1.2246469e-16, 0, -1), (1.2246469e-16, 0, -1), (0.22252093, 0, -0.9749279), (1.2246469e-16, 0, -1), (-0.22252093, 0, -0.9749279), (-0.22252093, 0, -0.9749279), (1.2246469e-16, 0, -1), (-0.22252093, 0, -0.9749279), (-0.43388373, 0, -0.90096885), (-0.43388373, 0, -0.90096885), (-0.22252093, 0, -0.9749279), (-0.43388373, 0, -0.90096885), (-0.6234898, 0, -0.7818315), (-0.6234898, 0, -0.7818315), (-0.43388373, 0, -0.90096885), (-0.6234898, 0, -0.7818315), (-0.7818315, 0, -0.6234898), (-0.7818315, 0, -0.6234898), (-0.6234898, 0, -0.7818315), (-0.7818315, 0, -0.6234898), (-0.90096885, 0, -0.43388373), (-0.90096885, 0, -0.43388373), (-0.7818315, 0, -0.6234898), (-0.90096885, 0, -0.43388373), (-0.9749279, 0, -0.22252093), (-0.9749279, 0, -0.22252093), (-0.90096885, 0, -0.43388373), (-0.9749279, 0, -0.22252093), (-1, 0, -1.8369701e-16), (-1, 0, -1.8369701e-16), (-0.9749279, 0, -0.22252093), (-1, 0, -1.8369701e-16), (-0.9749279, 0, 0.22252093), (-0.9749279, 0, 0.22252093), (-1, 0, -1.8369701e-16), (-0.9749279, 0, 0.22252093), (-0.90096885, 0, 0.43388373), (-0.90096885, 0, 0.43388373), (-0.9749279, 0, 0.22252093), (-0.90096885, 0, 0.43388373), (-0.7818315, 0, 0.6234898), (-0.7818315, 0, 0.6234898), (-0.90096885, 0, 0.43388373), (-0.7818315, 0, 0.6234898), (-0.6234898, 0, 0.7818315), (-0.6234898, 0, 0.7818315), (-0.7818315, 0, 0.6234898), (-0.6234898, 0, 0.7818315), (-0.43388373, 0, 0.90096885), (-0.43388373, 0, 0.90096885), (-0.6234898, 0, 0.7818315), (-0.43388373, 0, 0.90096885), (-0.22252093, 0, 0.9749279), (-0.22252093, 0, 0.9749279), (-0.43388373, 0, 0.90096885), (-0.22252093, 0, 0.9749279), (0, 0, 1), (0, 0, 1), (-0.22252093, 0, 0.9749279), (0, -1, 0), (0, -1, 0), (0, -1, 0), (0, 1, 0), (0, 1, 0), (0, 1, 0), (0, -1, 0), (0, -1, 0), (0, -1, 0), (0, 1, 0), (0, 1, 0), (0, 1, 0), (0, -1, 0), (0, -1, 0), (0, -1, 0), (0, 1, 0), (0, 1, 0), (0, 1, 0), (0, -1, 0), (0, -1, 0), (0, -1, 0), (0, 1, 0), (0, 1, 0), (0, 1, 0), (0, -1, 0), (0, -1, 0), (0, -1, 0), (0, 1, 0), (0, 1, 0), (0, 1, 0), (0, -1, 0), (0, -1, 0), (0, -1, 0), (0, 1, 0), (0, 1, 0), (0, 1, 0), (0, -1, 0), (0, -1, 0), (0, -1, 0), (0, 1, 0), (0, 1, 0), (0, 1, 0), (0, -1, 0), (0, -1, 0), (0, -1, 0), (0, 1, 0), (0, 1, 0), (0, 1, 0), (0, -1, 0), (0, -1, 0), (0, -1, 0), (0, 1, 0), (0, 1, 0), (0, 1, 0), (0, -1, 0), (0, -1, 0), (0, -1, 0), (0, 1, 0), (0, 1, 0), (0, 1, 0), (0, -1, 0), (0, -1, 0), (0, -1, 0), (0, 1, 0), (0, 1, 0), (0, 1, 0), (0, -1, 0), (0, -1, 0), (0, -1, 0), (0, 1, 0), (0, 1, 0), (0, 1, 0), (0, -1, 0), (0, -1, 0), (0, -1, 0), (0, 1, 0), (0, 1, 0), (0, 1, 0), (0, -1, 0), (0, -1, 0), (0, -1, 0), (0, 1, 0), (0, 1, 0), (0, 1, 0), (0, -1, 0), (0, -1, 0), (0, -1, 0), (0, 1, 0), (0, 1, 0), (0, 1, 0), (0, -1, 0), (0, -1, 0), (0, -1, 0), (0, 1, 0), (0, 1, 0), (0, 1, 0), (0, -1, 0), (0, -1, 0), (0, -1, 0), (0, 1, 0), (0, 1, 0), (0, 1, 0), (0, -1, 0), (0, -1, 0), (0, -1, 0), (0, 1, 0), (0, 1, 0), (0, 1, 0), (0, -1, 0), (0, -1, 0), (0, -1, 0), (0, 1, 0), (0, 1, 0), (0, 1, 0), (0, -1, 0), (0, -1, 0), (0, -1, 0), (0, 1, 0), (0, 1, 0), (0, 1, 0), (0, -1, 0), (0, -1, 0), (0, -1, 0), (0, 1, 0), (0, 1, 0), (0, 1, 0), (0, -1, 0), (0, -1, 0), (0, -1, 0), (0, 1, 0), (0, 1, 0), (0, 1, 0), (0, -1, 0), (0, -1, 0), (0, -1, 0), (0, 1, 0), (0, 1, 0), (0, 1, 0), (0, -1, 0), (0, -1, 0), (0, -1, 0), (0, 1, 0), (0, 1, 0), (0, 1, 0), (0, -1, 0), (0, -1, 0), (0, -1, 0), (0, 1, 0), (0, 1, 0), (0, 1, 0), (0, -1, 0), (0, -1, 0), (0, -1, 0), (0, 1, 0), (0, 1, 0), (0, 1, 0), (0, -1, 0), (0, -1, 0), (0, -1, 0), (0, 1, 0), (0, 1, 0), (0, 1, 0), (0, -1, 0), (0, -1, 0), (0, -1, 0), (0, 1, 0), (0, 1, 0), (0, 1, 0)] (
                    interpolation = "faceVarying"
                )
                point3f[] points = [(0, -0.006, 0.008), (0.0017801675, -0.006, 0.0077994233), (0.00347107, -0.006, 0.007207751), (0.0049879183, -0.006, 0.006254652), (0.006254652, -0.006, 0.0049879183), (0.007207751, -0.006, 0.00347107), (0.0077994233, -0.006, 0.0017801675), (0.008, -0.006, 4.8985874e-19), (0.0077994233, -0.006, -0.0017801675), (0.007207751, -0.006, -0.00347107), (0.006254652, -0.006, -0.0049879183), (0.0049879183, -0.006, -0.006254652), (0.00347107, -0.006, -0.007207751), (0.0017801675, -0.006, -0.0077994233), (9.797175e-19, -0.006, -0.008), (-0.0017801675, -0.006, -0.0077994233), (-0.00347107, -0.006, -0.007207751), (-0.0049879183, -0.006, -0.006254652), (-0.006254652, -0.006, -0.0049879183), (-0.007207751, -0.006, -0.00347107), (-0.0077994233, -0.006, -0.0017801675), (-0.008, -0.006, -1.4695761e-18), (-0.0077994233, -0.006, 0.0017801675), (-0.007207751, -0.006, 0.00347107), (-0.006254652, -0.006, 0.0049879183), (-0.0049879183, -0.006, 0.006254652), (-0.00347107, -0.006, 0.007207751), (-0.0017801675, -0.006, 0.0077994233), (0, 0.006, 0.008), (0.0017801675, 0.006, 0.0077994233), (0.00347107, 0.006, 0.007207751), (0.0049879183, 0.006, 0.006254652), (0.006254652, 0.006, 0.0049879183), (0.007207751, 0.006, 0.00347107), (0.0077994233, 0.006, 0.0017801675), (0.008, 0.006, 4.8985874e-19), (0.0077994233, 0.006, -0.0017801675), (0.007207751, 0.006, -0.00347107), (0.006254652, 0.006, -0.0049879183), (0.0049879183, 0.006, -0.006254652), (0.00347107, 0.006, -0.007207751), (0.0017801675, 0.006, -0.0077994233), (9.797175e-19, 0.006, -0.008), (-0.0017801675, 0.006, -0.0077994233), (-0.00347107, 0.006, -0.007207751), (-0.0049879183, 0.006, -0.006254652), (-0.006254652, 0.006, -0.0049879183), (-0.007207751, 0.006, -0.00347107), (-0.0077994233, 0.006, -0.0017801675), (-0.008, 0.006, -1.4695761e-18), (-0.0077994233, 0.006, 0.0017801675), (-0.007207751, 0.006, 0.00347107), (-0.006254652, 0.006, 0.0049879183), (-0.0049879183, 0.006, 0.006254652), (-0.00347107, 0.006, 0.007207751), (-0.0017801675, 0.006, 0.0077994233), (0, -0.006, 0), (0, 0.006, 0)]
                uniform token subdivisionScheme = "none"
            }
        }

        def Xform "DR_A1_Arm" (
            prepend apiSchemas = ["PhysicsRigidBodyAPI", "PhysicsMassAPI"]
        )
        {
            float physics:mass = 0.035
            matrix4d xformOp:transform = ( (0, -0.4999999999999998, 0.8660254037844387, 0), (0, -0.8660254037844387, -0.4999999999999998, 0), (1, 0, 0, 0), (-0.114, -0.01999999999999999, 0.034641016151377546, 1) )
            uniform token[] xformOpOrder = ["xformOp:transform"]

            def Mesh "Rod" (
                prepend apiSchemas = ["MaterialBindingAPI"]
            )
            {
                float3[] extent = [(-0.03, -0.005, -0.005), (-0.014, 0.005, 0.005)]
                int[] faceVertexCounts = [4, 4, 4, 4, 4, 4, 4, 4, 4, 4, 4, 4, 4, 4, 4, 4, 4, 4, 4, 4, 4, 4, 4, 4, 4, 4, 4, 4, 3, 3, 3, 3, 3, 3, 3, 3, 3, 3, 3, 3, 3, 3, 3, 3, 3, 3, 3, 3, 3, 3, 3, 3, 3, 3, 3, 3, 3, 3, 3, 3, 3, 3, 3, 3, 3, 3, 3, 3, 3, 3, 3, 3, 3, 3, 3, 3, 3, 3, 3, 3, 3, 3, 3, 3]
                int[] faceVertexIndices = [0, 1, 29, 28, 1, 2, 30, 29, 2, 3, 31, 30, 3, 4, 32, 31, 4, 5, 33, 32, 5, 6, 34, 33, 6, 7, 35, 34, 7, 8, 36, 35, 8, 9, 37, 36, 9, 10, 38, 37, 10, 11, 39, 38, 11, 12, 40, 39, 12, 13, 41, 40, 13, 14, 42, 41, 14, 15, 43, 42, 15, 16, 44, 43, 16, 17, 45, 44, 17, 18, 46, 45, 18, 19, 47, 46, 19, 20, 48, 47, 20, 21, 49, 48, 21, 22, 50, 49, 22, 23, 51, 50, 23, 24, 52, 51, 24, 25, 53, 52, 25, 26, 54, 53, 26, 27, 55, 54, 27, 0, 28, 55, 56, 1, 0, 57, 28, 29, 56, 2, 1, 57, 29, 30, 56, 3, 2, 57, 30, 31, 56, 4, 3, 57, 31, 32, 56, 5, 4, 57, 32, 33, 56, 6, 5, 57, 33, 34, 56, 7, 6, 57, 34, 35, 56, 8, 7, 57, 35, 36, 56, 9, 8, 57, 36, 37, 56, 10, 9, 57, 37, 38, 56, 11, 10, 57, 38, 39, 56, 12, 11, 57, 39, 40, 56, 13, 12, 57, 40, 41, 56, 14, 13, 57, 41, 42, 56, 15, 14, 57, 42, 43, 56, 16, 15, 57, 43, 44, 56, 17, 16, 57, 44, 45, 56, 18, 17, 57, 45, 46, 56, 19, 18, 57, 46, 47, 56, 20, 19, 57, 47, 48, 56, 21, 20, 57, 48, 49, 56, 22, 21, 57, 49, 50, 56, 23, 22, 57, 50, 51, 56, 24, 23, 57, 51, 52, 56, 25, 24, 57, 52, 53, 56, 26, 25, 57, 53, 54, 56, 27, 26, 57, 54, 55, 56, 0, 27, 57, 55, 28]
                rel material:binding = </World/Looks/Rod>
                normal3f[] normals = [(0, 1, 0), (0, 0.9749279, 0.22252093), (0, 0.9749279, 0.22252093), (0, 1, 0), (0, 0.9749279, 0.22252093), (0, 0.90096885, 0.43388373), (0, 0.90096885, 0.43388373), (0, 0.9749279, 0.22252093), (0, 0.90096885, 0.43388373), (0, 0.7818315, 0.6234898), (0, 0.7818315, 0.6234898), (0, 0.90096885, 0.43388373), (0, 0.7818315, 0.6234898), (0, 0.6234898, 0.7818315), (0, 0.6234898, 0.7818315), (0, 0.7818315, 0.6234898), (0, 0.6234898, 0.7818315), (0, 0.43388373, 0.90096885), (0, 0.43388373, 0.90096885), (0, 0.6234898, 0.7818315), (0, 0.43388373, 0.90096885), (0, 0.22252093, 0.9749279), (0, 0.22252093, 0.9749279), (0, 0.43388373, 0.90096885), (0, 0.22252093, 0.9749279), (0, 6.123234e-17, 1), (0, 6.123234e-17, 1), (0, 0.22252093, 0.9749279), (0, 6.123234e-17, 1), (0, -0.22252093, 0.9749279), (0, -0.22252093, 0.9749279), (0, 6.123234e-17, 1), (0, -0.22252093, 0.9749279), (0, -0.43388373, 0.90096885), (0, -0.43388373, 0.90096885), (0, -0.22252093, 0.9749279), (0, -0.43388373, 0.90096885), (0, -0.6234898, 0.7818315), (0, -0.6234898, 0.7818315), (0, -0.43388373, 0.90096885), (0, -0.6234898, 0.7818315), (0, -0.7818315, 0.6234898), (0, -0.7818315, 0.6234898), (0, -0.6234898, 0.7818315), (0, -0.7818315, 0.6234898), (0, -0.90096885, 0.43388373), (0, -0.90096885, 0.43388373), (0, -0.7818315, 0.6234898), (0, -0.90096885, 0.43388373), (0, -0.9749279, 0.22252093), (0, -0.9749279, 0.22252093), (0, -0.90096885, 0.43388373), (0, -0.9749279, 0.22252093), (0, -1, 1.2246469e-16), (0, -1, 1.2246469e-16), (0, -0.9749279, 0.22252093), (0, -1, 1.2246469e-16), (0, -0.9749279, -0.22252093), (0, -0.9749279, -0.22252093), (0, -1, 1.2246469e-16), (0, -0.9749279, -0.22252093), (0, -0.90096885, -0.43388373), (0, -0.90096885, -0.43388373), (0, -0.9749279, -0.22252093), (0, -0.90096885, -0.43388373), (0, -0.7818315, -0.6234898), (0, -0.7818315, -0.6234898), (0, -0.90096885, -0.43388373), (0, -0.7818315, -0.6234898), (0, -0.6234898, -0.7818315), (0, -0.6234898, -0.7818315), (0, -0.7818315, -0.6234898), (0, -0.6234898, -0.7818315), (0, -0.43388373, -0.90096885), (0, -0.43388373, -0.90096885), (0, -0.6234898, -0.7818315), (0, -0.43388373, -0.90096885), (0, -0.22252093, -0.9749279), (0, -0.22252093, -0.9749279), (0, -0.43388373, -0.90096885), (0, -0.22252093, -0.9749279), (0, -1.8369701e-16, -1), (0, -1.8369701e-16, -1), (0, -0.22252093, -0.9749279), (0, -1.8369701e-16, -1), (0, 0.22252093, -0.9749279), (0, 0.22252093, -0.9749279), (0, -1.8369701e-16, -1), (0, 0.22252093, -0.9749279), (0, 0.43388373, -0.90096885), (0, 0.43388373, -0.90096885), (0, 0.22252093, -0.9749279), (0, 0.43388373, -0.90096885), (0, 0.6234898, -0.7818315), (0, 0.6234898, -0.7818315), (0, 0.43388373, -0.90096885), (0, 0.6234898, -0.7818315), (0, 0.7818315, -0.6234898), (0, 0.7818315, -0.6234898), (0, 0.6234898, -0.7818315), (0, 0.7818315, -0.6234898), (0, 0.90096885, -0.43388373), (0, 0.90096885, -0.43388373), (0, 0.7818315, -0.6234898), (0, 0.90096885, -0.43388373), (0, 0.9749279, -0.22252093), (0, 0.9749279, -0.22252093), (0, 0.90096885, -0.43388373), (0, 0.9749279, -0.22252093), (0, 1, 0), (0, 1, 0), (0, 0.9749279, -0.22252093), (-1, 0, 0), (-1, 0, 0), (-1, 0, 0), (1, 0, 0), (1, 0, 0), (1, 0, 0), (-1, 0, 0), (-1, 0, 0), (-1, 0, 0), (1, 0, 0), (1, 0, 0), (1, 0, 0), (-1, 0, 0), (-1, 0, 0), (-1, 0, 0), (1, 0, 0), (1, 0, 0), (1, 0, 0), (-1, 0, 0), (-1, 0, 0), (-1, 0, 0), (1, 0, 0), (1, 0, 0), (1, 0, 0), (-1, 0, 0), (-1, 0, 0), (-1, 0, 0), (1, 0, 0), (1, 0, 0), (1, 0, 0), (-1, 0, 0), (-1, 0, 0), (-1, 0, 0), (1, 0, 0), (1, 0, 0), (1, 0, 0), (-1, 0, 0), (-1, 0, 0), (-1, 0, 0), (1, 0, 0), (1, 0, 0), (1, 0, 0), (-1, 0, 0), (-1, 0, 0), (-1, 0, 0), (1, 0, 0), (1, 0, 0), (1, 0, 0), (-1, 0, 0), (-1, 0, 0), (-1, 0, 0), (1, 0, 0), (1, 0, 0), (1, 0, 0), (-1, 0, 0), (-1, 0, 0), (-1, 0, 0), (1, 0, 0), (1, 0, 0), (1, 0, 0), (-1, 0, 0), (-1, 0, 0), (-1, 0, 0), (1, 0, 0), (1, 0, 0), (1, 0, 0), (-1, 0, 0), (-1, 0, 0), (-1, 0, 0), (1, 0, 0), (1, 0, 0), (1, 0, 0), (-1, 0, 0), (-1, 0, 0), (-1, 0, 0), (1, 0, 0), (1, 0, 0), (1, 0, 0), (-1, 0, 0), (-1, 0, 0), (-1, 0, 0), (1, 0, 0), (1, 0, 0), (1, 0, 0), (-1, 0, 0), (-1, 0, 0), (-1, 0, 0), (1, 0, 0), (1, 0, 0), (1, 0, 0), (-1, 0, 0), (-1, 0, 0), (-1, 0, 0), (1, 0, 0), (1, 0, 0), (1, 0, 0), (-1, 0, 0), (-1, 0, 0), (-1, 0, 0), (1, 0, 0), (1, 0, 0), (1, 0, 0), (-1, 0, 0), (-1, 0, 0), (-1, 0, 0), (1, 0, 0), (1, 0, 0), (1, 0, 0), (-1, 0, 0), (-1, 0, 0), (-1, 0, 0), (1, 0, 0), (1, 0, 0), (1, 0, 0), (-1, 0, 0), (-1, 0, 0), (-1, 0, 0), (1, 0, 0), (1, 0, 0), (1, 0, 0), (-1, 0, 0), (-1, 0, 0), (-1, 0, 0), (1, 0, 0), (1, 0, 0), (1, 0, 0), (-1, 0, 0), (-1, 0, 0), (-1, 0, 0), (1, 0, 0), (1, 0, 0), (1, 0, 0), (-1, 0, 0), (-1, 0, 0), (-1, 0, 0), (1, 0, 0), (1, 0, 0), (1, 0, 0), (-1, 0, 0), (-1, 0, 0), (-1, 0, 0), (1, 0, 0), (1, 0, 0), (1, 0, 0), (-1, 0, 0), (-1, 0, 0), (-1, 0, 0), (1, 0, 0), (1, 0, 0), (1, 0, 0), (-1, 0, 0), (-1, 0, 0), (-1, 0, 0), (1, 0, 0), (1, 0, 0), (1, 0, 0), (-1, 0, 0), (-1, 0, 0), (-1, 0, 0), (1, 0, 0), (1, 0, 0), (1, 0, 0), (-1, 0, 0), (-1, 0, 0), (-1, 0, 0), (1, 0, 0), (1, 0, 0), (1, 0, 0)] (
                    interpolation = "faceVarying"
                )
                point3f[] points = [(-0.03, 0.005, 0), (-0.03, 0.0048746397, 0.0011126046), (-0.03, 0.0045048445, 0.0021694186), (-0.03, 0.0039091576, 0.003117449), (-0.03, 0.003117449, 0.0039091576), (-0.03, 0.0021694186, 0.0045048445), (-0.03, 0.0011126046, 0.0048746397), (-0.03, 3.061617e-19, 0.005), (-0.03, -0.0011126046, 0.0048746397), (-0.03, -0.0021694186, 0.0045048445), (-0.03, -0.003117449, 0.0039091576), (-0.03, -0.0039091576, 0.003117449), (-0.03, -0.0045048445, 0.0021694186), (-0.03, -0.0048746397, 0.0011126046), (-0.03, -0.005, 6.123234e-19), (-0.03, -0.0048746397, -0.0011126046), (-0.03, -0.0045048445, -0.0021694186), (-0.03, -0.0039091576, -0.003117449), (-0.03, -0.003117449, -0.0039091576), (-0.03, -0.0021694186, -0.0045048445), (-0.03, -0.0011126046, -0.0048746397), (-0.03, -9.184851e-19, -0.005), (-0.03, 0.0011126046, -0.0048746397), (-0.03, 0.0021694186, -0.0045048445), (-0.03, 0.003117449, -0.0039091576), (-0.03, 0.0039091576, -0.003117449), (-0.03, 0.0045048445, -0.0021694186), (-0.03, 0.0048746397, -0.0011126046), (-0.014, 0.005, 0), (-0.014, 0.0048746397, 0.0011126046), (-0.014, 0.0045048445, 0.0021694186), (-0.014, 0.0039091576, 0.003117449), (-0.014, 0.003117449, 0.0039091576), (-0.014, 0.0021694186, 0.0045048445), (-0.014, 0.0011126046, 0.0048746397), (-0.014, 3.061617e-19, 0.005), (-0.014, -0.0011126046, 0.0048746397), (-0.014, -0.0021694186, 0.0045048445), (-0.014, -0.003117449, 0.0039091576), (-0.014, -0.0039091576, 0.003117449), (-0.014, -0.0045048445, 0.0021694186), (-0.014, -0.0048746397, 0.0011126046), (-0.014, -0.005, 6.123234e-19), (-0.014, -0.0048746397, -0.0011126046), (-0.014, -0.0045048445, -0.0021694186), (-0.014, -0.0039091576, -0.003117449), (-0.014, -0.003117449, -0.0039091576), (-0.014, -0.0021694186, -0.0045048445), (-0.014, -0.0011126046, -0.0048746397), (-0.014, -9.184851e-19, -0.005), (-0.014, 0.0011126046, -0.0048746397), (-0.014, 0.0021694186, -0.0045048445), (-0.014, 0.003117449, -0.0039091576), (-0.014, 0.0039091576, -0.003117449), (-0.014, 0.0045048445, -0.0021694186), (-0.014, 0.0048746397, -0.0011126046), (-0.03, 0, 0), (-0.014, 0, 0)]
                uniform token subdivisionScheme = "none"
            }

            def Cube "Yoke" (
                prepend apiSchemas = ["MaterialBindingAPI"]
            )
            {
                float3[] extent = [(-0.5, -0.5, -0.5), (0.5, 0.5, 0.5)]
                rel material:binding = </World/Looks/Fork>
                double size = 1
                matrix4d xformOp:transform = ( (0.0033, 0, 0, 0), (0, 0.023, 0, 0), (0, 0, 0.011, 0), (-0.012650000000000002, 0, 0, 1) )
                uniform token[] xformOpOrder = ["xformOp:transform"]
            }

            def Cube "ForkL" (
                prepend apiSchemas = ["MaterialBindingAPI"]
            )
            {
                float3[] extent = [(-0.5, -0.5, -0.5), (0.5, 0.5, 0.5)]
                rel material:binding = </World/Looks/Fork>
                double size = 1
                matrix4d xformOp:transform = ( (0.014, 0, 0, 0), (0, 0.003, 0, 0), (0, 0, 0.011, 0), (-0.007, 0.01, 0, 1) )
                uniform token[] xformOpOrder = ["xformOp:transform"]
            }

            def Cube "ForkR" (
                prepend apiSchemas = ["MaterialBindingAPI"]
            )
            {
                float3[] extent = [(-0.5, -0.5, -0.5), (0.5, 0.5, 0.5)]
                rel material:binding = </World/Looks/Fork>
                double size = 1
                matrix4d xformOp:transform = ( (0.014, 0, 0, 0), (0, 0.003, 0, 0), (0, 0, 0.011, 0), (-0.007, -0.01, 0, 1) )
                uniform token[] xformOpOrder = ["xformOp:transform"]
            }

            def Mesh "Axle" (
                prepend apiSchemas = ["MaterialBindingAPI"]
            )
            {
                float3[] extent = [(-0.0025, -0.0115, -0.0025), (0.0025, 0.0115, 0.0025)]
                int[] faceVertexCounts = [4, 4, 4, 4, 4, 4, 4, 4, 4, 4, 4, 4, 4, 4, 4, 4, 4, 4, 4, 4, 4, 4, 4, 4, 4, 4, 4, 4, 3, 3, 3, 3, 3, 3, 3, 3, 3, 3, 3, 3, 3, 3, 3, 3, 3, 3, 3, 3, 3, 3, 3, 3, 3, 3, 3, 3, 3, 3, 3, 3, 3, 3, 3, 3, 3, 3, 3, 3, 3, 3, 3, 3, 3, 3, 3, 3, 3, 3, 3, 3, 3, 3, 3, 3]
                int[] faceVertexIndices = [0, 1, 29, 28, 1, 2, 30, 29, 2, 3, 31, 30, 3, 4, 32, 31, 4, 5, 33, 32, 5, 6, 34, 33, 6, 7, 35, 34, 7, 8, 36, 35, 8, 9, 37, 36, 9, 10, 38, 37, 10, 11, 39, 38, 11, 12, 40, 39, 12, 13, 41, 40, 13, 14, 42, 41, 14, 15, 43, 42, 15, 16, 44, 43, 16, 17, 45, 44, 17, 18, 46, 45, 18, 19, 47, 46, 19, 20, 48, 47, 20, 21, 49, 48, 21, 22, 50, 49, 22, 23, 51, 50, 23, 24, 52, 51, 24, 25, 53, 52, 25, 26, 54, 53, 26, 27, 55, 54, 27, 0, 28, 55, 56, 1, 0, 57, 28, 29, 56, 2, 1, 57, 29, 30, 56, 3, 2, 57, 30, 31, 56, 4, 3, 57, 31, 32, 56, 5, 4, 57, 32, 33, 56, 6, 5, 57, 33, 34, 56, 7, 6, 57, 34, 35, 56, 8, 7, 57, 35, 36, 56, 9, 8, 57, 36, 37, 56, 10, 9, 57, 37, 38, 56, 11, 10, 57, 38, 39, 56, 12, 11, 57, 39, 40, 56, 13, 12, 57, 40, 41, 56, 14, 13, 57, 41, 42, 56, 15, 14, 57, 42, 43, 56, 16, 15, 57, 43, 44, 56, 17, 16, 57, 44, 45, 56, 18, 17, 57, 45, 46, 56, 19, 18, 57, 46, 47, 56, 20, 19, 57, 47, 48, 56, 21, 20, 57, 48, 49, 56, 22, 21, 57, 49, 50, 56, 23, 22, 57, 50, 51, 56, 24, 23, 57, 51, 52, 56, 25, 24, 57, 52, 53, 56, 26, 25, 57, 53, 54, 56, 27, 26, 57, 54, 55, 56, 0, 27, 57, 55, 28]
                rel material:binding = </World/Looks/Axle>
                normal3f[] normals = [(0, 0, 1), (0.22252093, 0, 0.9749279), (0.22252093, 0, 0.9749279), (0, 0, 1), (0.22252093, 0, 0.9749279), (0.43388373, 0, 0.90096885), (0.43388373, 0, 0.90096885), (0.22252093, 0, 0.9749279), (0.43388373, 0, 0.90096885), (0.6234898, 0, 0.7818315), (0.6234898, 0, 0.7818315), (0.43388373, 0, 0.90096885), (0.6234898, 0, 0.7818315), (0.7818315, 0, 0.6234898), (0.7818315, 0, 0.6234898), (0.6234898, 0, 0.7818315), (0.7818315, 0, 0.6234898), (0.90096885, 0, 0.43388373), (0.90096885, 0, 0.43388373), (0.7818315, 0, 0.6234898), (0.90096885, 0, 0.43388373), (0.9749279, 0, 0.22252093), (0.9749279, 0, 0.22252093), (0.90096885, 0, 0.43388373), (0.9749279, 0, 0.22252093), (1, 0, 6.123234e-17), (1, 0, 6.123234e-17), (0.9749279, 0, 0.22252093), (1, 0, 6.123234e-17), (0.9749279, 0, -0.22252093), (0.9749279, 0, -0.22252093), (1, 0, 6.123234e-17), (0.9749279, 0, -0.22252093), (0.90096885, 0, -0.43388373), (0.90096885, 0, -0.43388373), (0.9749279, 0, -0.22252093), (0.90096885, 0, -0.43388373), (0.7818315, 0, -0.6234898), (0.7818315, 0, -0.6234898), (0.90096885, 0, -0.43388373), (0.7818315, 0, -0.6234898), (0.6234898, 0, -0.7818315), (0.6234898, 0, -0.7818315), (0.7818315, 0, -0.6234898), (0.6234898, 0, -0.7818315), (0.43388373, 0, -0.90096885), (0.43388373, 0, -0.90096885), (0.6234898, 0, -0.7818315), (0.43388373, 0, -0.90096885), (0.22252093, 0, -0.9749279), (0.22252093, 0, -0.9749279), (0.43388373, 0, -0.90096885), (0.22252093, 0, -0.9749279), (1.2246469e-16, 0, -1), (1.2246469e-16, 0, -1), (0.22252093, 0, -0.9749279), (1.2246469e-16, 0, -1), (-0.22252093, 0, -0.9749279), (-0.22252093, 0, -0.9749279), (1.2246469e-16, 0, -1), (-0.22252093, 0, -0.9749279), (-0.43388373, 0, -0.90096885), (-0.43388373, 0, -0.90096885), (-0.22252093, 0, -0.9749279), (-0.43388373, 0, -0.90096885), (-0.6234898, 0, -0.7818315), (-0.6234898, 0, -0.7818315), (-0.43388373, 0, -0.90096885), (-0.6234898, 0, -0.7818315), (-0.7818315, 0, -0.6234898), (-0.7818315, 0, -0.6234898), (-0.6234898, 0, -0.7818315), (-0.7818315, 0, -0.6234898), (-0.90096885, 0, -0.43388373), (-0.90096885, 0, -0.43388373), (-0.7818315, 0, -0.6234898), (-0.90096885, 0, -0.43388373), (-0.9749279, 0, -0.22252093), (-0.9749279, 0, -0.22252093), (-0.90096885, 0, -0.43388373), (-0.9749279, 0, -0.22252093), (-1, 0, -1.8369701e-16), (-1, 0, -1.8369701e-16), (-0.9749279, 0, -0.22252093), (-1, 0, -1.8369701e-16), (-0.9749279, 0, 0.22252093), (-0.9749279, 0, 0.22252093), (-1, 0, -1.8369701e-16), (-0.9749279, 0, 0.22252093), (-0.90096885, 0, 0.43388373), (-0.90096885, 0, 0.43388373), (-0.9749279, 0, 0.22252093), (-0.90096885, 0, 0.43388373), (-0.7818315, 0, 0.6234898), (-0.7818315, 0, 0.6234898), (-0.90096885, 0, 0.43388373), (-0.7818315, 0, 0.6234898), (-0.6234898, 0, 0.7818315), (-0.6234898, 0, 0.7818315), (-0.7818315, 0, 0.6234898), (-0.6234898, 0, 0.7818315), (-0.43388373, 0, 0.90096885), (-0.43388373, 0, 0.90096885), (-0.6234898, 0, 0.7818315), (-0.43388373, 0, 0.90096885), (-0.22252093, 0, 0.9749279), (-0.22252093, 0, 0.9749279), (-0.43388373, 0, 0.90096885), (-0.22252093, 0, 0.9749279), (0, 0, 1), (0, 0, 1), (-0.22252093, 0, 0.9749279), (0, -1, 0), (0, -1, 0), (0, -1, 0), (0, 1, 0), (0, 1, 0), (0, 1, 0), (0, -1, 0), (0, -1, 0), (0, -1, 0), (0, 1, 0), (0, 1, 0), (0, 1, 0), (0, -1, 0), (0, -1, 0), (0, -1, 0), (0, 1, 0), (0, 1, 0), (0, 1, 0), (0, -1, 0), (0, -1, 0), (0, -1, 0), (0, 1, 0), (0, 1, 0), (0, 1, 0), (0, -1, 0), (0, -1, 0), (0, -1, 0), (0, 1, 0), (0, 1, 0), (0, 1, 0), (0, -1, 0), (0, -1, 0), (0, -1, 0), (0, 1, 0), (0, 1, 0), (0, 1, 0), (0, -1, 0), (0, -1, 0), (0, -1, 0), (0, 1, 0), (0, 1, 0), (0, 1, 0), (0, -1, 0), (0, -1, 0), (0, -1, 0), (0, 1, 0), (0, 1, 0), (0, 1, 0), (0, -1, 0), (0, -1, 0), (0, -1, 0), (0, 1, 0), (0, 1, 0), (0, 1, 0), (0, -1, 0), (0, -1, 0), (0, -1, 0), (0, 1, 0), (0, 1, 0), (0, 1, 0), (0, -1, 0), (0, -1, 0), (0, -1, 0), (0, 1, 0), (0, 1, 0), (0, 1, 0), (0, -1, 0), (0, -1, 0), (0, -1, 0), (0, 1, 0), (0, 1, 0), (0, 1, 0), (0, -1, 0), (0, -1, 0), (0, -1, 0), (0, 1, 0), (0, 1, 0), (0, 1, 0), (0, -1, 0), (0, -1, 0), (0, -1, 0), (0, 1, 0), (0, 1, 0), (0, 1, 0), (0, -1, 0), (0, -1, 0), (0, -1, 0), (0, 1, 0), (0, 1, 0), (0, 1, 0), (0, -1, 0), (0, -1, 0), (0, -1, 0), (0, 1, 0), (0, 1, 0), (0, 1, 0), (0, -1, 0), (0, -1, 0), (0, -1, 0), (0, 1, 0), (0, 1, 0), (0, 1, 0), (0, -1, 0), (0, -1, 0), (0, -1, 0), (0, 1, 0), (0, 1, 0), (0, 1, 0), (0, -1, 0), (0, -1, 0), (0, -1, 0), (0, 1, 0), (0, 1, 0), (0, 1, 0), (0, -1, 0), (0, -1, 0), (0, -1, 0), (0, 1, 0), (0, 1, 0), (0, 1, 0), (0, -1, 0), (0, -1, 0), (0, -1, 0), (0, 1, 0), (0, 1, 0), (0, 1, 0), (0, -1, 0), (0, -1, 0), (0, -1, 0), (0, 1, 0), (0, 1, 0), (0, 1, 0), (0, -1, 0), (0, -1, 0), (0, -1, 0), (0, 1, 0), (0, 1, 0), (0, 1, 0), (0, -1, 0), (0, -1, 0), (0, -1, 0), (0, 1, 0), (0, 1, 0), (0, 1, 0), (0, -1, 0), (0, -1, 0), (0, -1, 0), (0, 1, 0), (0, 1, 0), (0, 1, 0), (0, -1, 0), (0, -1, 0), (0, -1, 0), (0, 1, 0), (0, 1, 0), (0, 1, 0), (0, -1, 0), (0, -1, 0), (0, -1, 0), (0, 1, 0), (0, 1, 0), (0, 1, 0), (0, -1, 0), (0, -1, 0), (0, -1, 0), (0, 1, 0), (0, 1, 0), (0, 1, 0)] (
                    interpolation = "faceVarying"
                )
                point3f[] points = [(0, -0.0115, 0.0025), (0.0005563023, -0.0115, 0.0024373198), (0.0010847093, -0.0115, 0.0022524223), (0.0015587246, -0.0115, 0.0019545788), (0.0019545788, -0.0115, 0.0015587246), (0.0022524223, -0.0115, 0.0010847093), (0.0024373198, -0.0115, 0.0005563023), (0.0025, -0.0115, 1.5308085e-19), (0.0024373198, -0.0115, -0.0005563023), (0.0022524223, -0.0115, -0.0010847093), (0.0019545788, -0.0115, -0.0015587246), (0.0015587246, -0.0115, -0.0019545788), (0.0010847093, -0.0115, -0.0022524223), (0.0005563023, -0.0115, -0.0024373198), (3.061617e-19, -0.0115, -0.0025), (-0.0005563023, -0.0115, -0.0024373198), (-0.0010847093, -0.0115, -0.0022524223), (-0.0015587246, -0.0115, -0.0019545788), (-0.0019545788, -0.0115, -0.0015587246), (-0.0022524223, -0.0115, -0.0010847093), (-0.0024373198, -0.0115, -0.0005563023), (-0.0025, -0.0115, -4.5924256e-19), (-0.0024373198, -0.0115, 0.0005563023), (-0.0022524223, -0.0115, 0.0010847093), (-0.0019545788, -0.0115, 0.0015587246), (-0.0015587246, -0.0115, 0.0019545788), (-0.0010847093, -0.0115, 0.0022524223), (-0.0005563023, -0.0115, 0.0024373198), (0, 0.0115, 0.0025), (0.0005563023, 0.0115, 0.0024373198), (0.0010847093, 0.0115, 0.0022524223), (0.0015587246, 0.0115, 0.0019545788), (0.0019545788, 0.0115, 0.0015587246), (0.0022524223, 0.0115, 0.0010847093), (0.0024373198, 0.0115, 0.0005563023), (0.0025, 0.0115, 1.5308085e-19), (0.0024373198, 0.0115, -0.0005563023), (0.0022524223, 0.0115, -0.0010847093), (0.0019545788, 0.0115, -0.0015587246), (0.0015587246, 0.0115, -0.0019545788), (0.0010847093, 0.0115, -0.0022524223), (0.0005563023, 0.0115, -0.0024373198), (3.061617e-19, 0.0115, -0.0025), (-0.0005563023, 0.0115, -0.0024373198), (-0.0010847093, 0.0115, -0.0022524223), (-0.0015587246, 0.0115, -0.0019545788), (-0.0019545788, 0.0115, -0.0015587246), (-0.0022524223, 0.0115, -0.0010847093), (-0.0024373198, 0.0115, -0.0005563023), (-0.0025, 0.0115, -4.5924256e-19), (-0.0024373198, 0.0115, 0.0005563023), (-0.0022524223, 0.0115, 0.0010847093), (-0.0019545788, 0.0115, 0.0015587246), (-0.0015587246, 0.0115, 0.0019545788), (-0.0010847093, 0.0115, 0.0022524223), (-0.0005563023, 0.0115, 0.0024373198), (0, -0.0115, 0), (0, 0.0115, 0)]
                uniform token subdivisionScheme = "none"
            }
        }

        def Xform "DR_A1_Wheel" (
            apiSchemas = ["PhysicsRigidBodyAPI", "PhysicsMassAPI", "PhysxRigidBodyAPI"]
        )
        {
            point3f physics:centerOfMass = (0, 0, 0)
            float3 physics:diagonalInertia = (7e-7, 8e-7, 7e-7)
            float physics:mass = 0.025
            quatf physics:principalAxes = (1, 0, 0, 0)
            custom bool physxRigidBody:enableCCD = 1
            custom float physxRigidBody:maxLinearVelocity = 5
            matrix4d xformOp:transform = ( (0, -0.4999999999999998, 0.8660254037844387, 0), (0, -0.8660254037844387, -0.4999999999999998, 0), (1, 0, 0, 0), (-0.114, -0.01999999999999999, 0.034641016151377546, 1) )
            uniform token[] xformOpOrder = ["xformOp:transform"]

            def Cylinder "WheelCollider" (
                apiSchemas = ["PhysicsCollisionAPI", "PhysxCollisionAPI", "MaterialBindingAPI"]
            )
            {
                uniform token axis = "Y"
                float3[] extent = [(-0.008, -0.006, -0.008), (0.008, 0.006, 0.008)]
                double height = 0.012
                rel material:binding:physics = </World/Looks/TyrePhys> (
                    bindMaterialAs = "weakerThanDescendants"
                )
                custom float physxCollision:contactOffset = 0.004
                custom float physxCollision:restOffset = 0
                double radius = 0.008
                token visibility = "invisible"
            }

            def Mesh "WheelVisual" (
                prepend apiSchemas = ["MaterialBindingAPI"]
            )
            {
                float3[] extent = [(-0.008, -0.006, -0.008), (0.008, 0.006, 0.008)]
                int[] faceVertexCounts = [4, 4, 4, 4, 4, 4, 4, 4, 4, 4, 4, 4, 4, 4, 4, 4, 4, 4, 4, 4, 4, 4, 4, 4, 4, 4, 4, 4, 3, 3, 3, 3, 3, 3, 3, 3, 3, 3, 3, 3, 3, 3, 3, 3, 3, 3, 3, 3, 3, 3, 3, 3, 3, 3, 3, 3, 3, 3, 3, 3, 3, 3, 3, 3, 3, 3, 3, 3, 3, 3, 3, 3, 3, 3, 3, 3, 3, 3, 3, 3, 3, 3, 3, 3]
                int[] faceVertexIndices = [0, 1, 29, 28, 1, 2, 30, 29, 2, 3, 31, 30, 3, 4, 32, 31, 4, 5, 33, 32, 5, 6, 34, 33, 6, 7, 35, 34, 7, 8, 36, 35, 8, 9, 37, 36, 9, 10, 38, 37, 10, 11, 39, 38, 11, 12, 40, 39, 12, 13, 41, 40, 13, 14, 42, 41, 14, 15, 43, 42, 15, 16, 44, 43, 16, 17, 45, 44, 17, 18, 46, 45, 18, 19, 47, 46, 19, 20, 48, 47, 20, 21, 49, 48, 21, 22, 50, 49, 22, 23, 51, 50, 23, 24, 52, 51, 24, 25, 53, 52, 25, 26, 54, 53, 26, 27, 55, 54, 27, 0, 28, 55, 56, 1, 0, 57, 28, 29, 56, 2, 1, 57, 29, 30, 56, 3, 2, 57, 30, 31, 56, 4, 3, 57, 31, 32, 56, 5, 4, 57, 32, 33, 56, 6, 5, 57, 33, 34, 56, 7, 6, 57, 34, 35, 56, 8, 7, 57, 35, 36, 56, 9, 8, 57, 36, 37, 56, 10, 9, 57, 37, 38, 56, 11, 10, 57, 38, 39, 56, 12, 11, 57, 39, 40, 56, 13, 12, 57, 40, 41, 56, 14, 13, 57, 41, 42, 56, 15, 14, 57, 42, 43, 56, 16, 15, 57, 43, 44, 56, 17, 16, 57, 44, 45, 56, 18, 17, 57, 45, 46, 56, 19, 18, 57, 46, 47, 56, 20, 19, 57, 47, 48, 56, 21, 20, 57, 48, 49, 56, 22, 21, 57, 49, 50, 56, 23, 22, 57, 50, 51, 56, 24, 23, 57, 51, 52, 56, 25, 24, 57, 52, 53, 56, 26, 25, 57, 53, 54, 56, 27, 26, 57, 54, 55, 56, 0, 27, 57, 55, 28]
                rel material:binding = </World/Looks/Wheel>
                normal3f[] normals = [(0, 0, 1), (0.22252093, 0, 0.9749279), (0.22252093, 0, 0.9749279), (0, 0, 1), (0.22252093, 0, 0.9749279), (0.43388373, 0, 0.90096885), (0.43388373, 0, 0.90096885), (0.22252093, 0, 0.9749279), (0.43388373, 0, 0.90096885), (0.6234898, 0, 0.7818315), (0.6234898, 0, 0.7818315), (0.43388373, 0, 0.90096885), (0.6234898, 0, 0.7818315), (0.7818315, 0, 0.6234898), (0.7818315, 0, 0.6234898), (0.6234898, 0, 0.7818315), (0.7818315, 0, 0.6234898), (0.90096885, 0, 0.43388373), (0.90096885, 0, 0.43388373), (0.7818315, 0, 0.6234898), (0.90096885, 0, 0.43388373), (0.9749279, 0, 0.22252093), (0.9749279, 0, 0.22252093), (0.90096885, 0, 0.43388373), (0.9749279, 0, 0.22252093), (1, 0, 6.123234e-17), (1, 0, 6.123234e-17), (0.9749279, 0, 0.22252093), (1, 0, 6.123234e-17), (0.9749279, 0, -0.22252093), (0.9749279, 0, -0.22252093), (1, 0, 6.123234e-17), (0.9749279, 0, -0.22252093), (0.90096885, 0, -0.43388373), (0.90096885, 0, -0.43388373), (0.9749279, 0, -0.22252093), (0.90096885, 0, -0.43388373), (0.7818315, 0, -0.6234898), (0.7818315, 0, -0.6234898), (0.90096885, 0, -0.43388373), (0.7818315, 0, -0.6234898), (0.6234898, 0, -0.7818315), (0.6234898, 0, -0.7818315), (0.7818315, 0, -0.6234898), (0.6234898, 0, -0.7818315), (0.43388373, 0, -0.90096885), (0.43388373, 0, -0.90096885), (0.6234898, 0, -0.7818315), (0.43388373, 0, -0.90096885), (0.22252093, 0, -0.9749279), (0.22252093, 0, -0.9749279), (0.43388373, 0, -0.90096885), (0.22252093, 0, -0.9749279), (1.2246469e-16, 0, -1), (1.2246469e-16, 0, -1), (0.22252093, 0, -0.9749279), (1.2246469e-16, 0, -1), (-0.22252093, 0, -0.9749279), (-0.22252093, 0, -0.9749279), (1.2246469e-16, 0, -1), (-0.22252093, 0, -0.9749279), (-0.43388373, 0, -0.90096885), (-0.43388373, 0, -0.90096885), (-0.22252093, 0, -0.9749279), (-0.43388373, 0, -0.90096885), (-0.6234898, 0, -0.7818315), (-0.6234898, 0, -0.7818315), (-0.43388373, 0, -0.90096885), (-0.6234898, 0, -0.7818315), (-0.7818315, 0, -0.6234898), (-0.7818315, 0, -0.6234898), (-0.6234898, 0, -0.7818315), (-0.7818315, 0, -0.6234898), (-0.90096885, 0, -0.43388373), (-0.90096885, 0, -0.43388373), (-0.7818315, 0, -0.6234898), (-0.90096885, 0, -0.43388373), (-0.9749279, 0, -0.22252093), (-0.9749279, 0, -0.22252093), (-0.90096885, 0, -0.43388373), (-0.9749279, 0, -0.22252093), (-1, 0, -1.8369701e-16), (-1, 0, -1.8369701e-16), (-0.9749279, 0, -0.22252093), (-1, 0, -1.8369701e-16), (-0.9749279, 0, 0.22252093), (-0.9749279, 0, 0.22252093), (-1, 0, -1.8369701e-16), (-0.9749279, 0, 0.22252093), (-0.90096885, 0, 0.43388373), (-0.90096885, 0, 0.43388373), (-0.9749279, 0, 0.22252093), (-0.90096885, 0, 0.43388373), (-0.7818315, 0, 0.6234898), (-0.7818315, 0, 0.6234898), (-0.90096885, 0, 0.43388373), (-0.7818315, 0, 0.6234898), (-0.6234898, 0, 0.7818315), (-0.6234898, 0, 0.7818315), (-0.7818315, 0, 0.6234898), (-0.6234898, 0, 0.7818315), (-0.43388373, 0, 0.90096885), (-0.43388373, 0, 0.90096885), (-0.6234898, 0, 0.7818315), (-0.43388373, 0, 0.90096885), (-0.22252093, 0, 0.9749279), (-0.22252093, 0, 0.9749279), (-0.43388373, 0, 0.90096885), (-0.22252093, 0, 0.9749279), (0, 0, 1), (0, 0, 1), (-0.22252093, 0, 0.9749279), (0, -1, 0), (0, -1, 0), (0, -1, 0), (0, 1, 0), (0, 1, 0), (0, 1, 0), (0, -1, 0), (0, -1, 0), (0, -1, 0), (0, 1, 0), (0, 1, 0), (0, 1, 0), (0, -1, 0), (0, -1, 0), (0, -1, 0), (0, 1, 0), (0, 1, 0), (0, 1, 0), (0, -1, 0), (0, -1, 0), (0, -1, 0), (0, 1, 0), (0, 1, 0), (0, 1, 0), (0, -1, 0), (0, -1, 0), (0, -1, 0), (0, 1, 0), (0, 1, 0), (0, 1, 0), (0, -1, 0), (0, -1, 0), (0, -1, 0), (0, 1, 0), (0, 1, 0), (0, 1, 0), (0, -1, 0), (0, -1, 0), (0, -1, 0), (0, 1, 0), (0, 1, 0), (0, 1, 0), (0, -1, 0), (0, -1, 0), (0, -1, 0), (0, 1, 0), (0, 1, 0), (0, 1, 0), (0, -1, 0), (0, -1, 0), (0, -1, 0), (0, 1, 0), (0, 1, 0), (0, 1, 0), (0, -1, 0), (0, -1, 0), (0, -1, 0), (0, 1, 0), (0, 1, 0), (0, 1, 0), (0, -1, 0), (0, -1, 0), (0, -1, 0), (0, 1, 0), (0, 1, 0), (0, 1, 0), (0, -1, 0), (0, -1, 0), (0, -1, 0), (0, 1, 0), (0, 1, 0), (0, 1, 0), (0, -1, 0), (0, -1, 0), (0, -1, 0), (0, 1, 0), (0, 1, 0), (0, 1, 0), (0, -1, 0), (0, -1, 0), (0, -1, 0), (0, 1, 0), (0, 1, 0), (0, 1, 0), (0, -1, 0), (0, -1, 0), (0, -1, 0), (0, 1, 0), (0, 1, 0), (0, 1, 0), (0, -1, 0), (0, -1, 0), (0, -1, 0), (0, 1, 0), (0, 1, 0), (0, 1, 0), (0, -1, 0), (0, -1, 0), (0, -1, 0), (0, 1, 0), (0, 1, 0), (0, 1, 0), (0, -1, 0), (0, -1, 0), (0, -1, 0), (0, 1, 0), (0, 1, 0), (0, 1, 0), (0, -1, 0), (0, -1, 0), (0, -1, 0), (0, 1, 0), (0, 1, 0), (0, 1, 0), (0, -1, 0), (0, -1, 0), (0, -1, 0), (0, 1, 0), (0, 1, 0), (0, 1, 0), (0, -1, 0), (0, -1, 0), (0, -1, 0), (0, 1, 0), (0, 1, 0), (0, 1, 0), (0, -1, 0), (0, -1, 0), (0, -1, 0), (0, 1, 0), (0, 1, 0), (0, 1, 0), (0, -1, 0), (0, -1, 0), (0, -1, 0), (0, 1, 0), (0, 1, 0), (0, 1, 0), (0, -1, 0), (0, -1, 0), (0, -1, 0), (0, 1, 0), (0, 1, 0), (0, 1, 0), (0, -1, 0), (0, -1, 0), (0, -1, 0), (0, 1, 0), (0, 1, 0), (0, 1, 0), (0, -1, 0), (0, -1, 0), (0, -1, 0), (0, 1, 0), (0, 1, 0), (0, 1, 0), (0, -1, 0), (0, -1, 0), (0, -1, 0), (0, 1, 0), (0, 1, 0), (0, 1, 0), (0, -1, 0), (0, -1, 0), (0, -1, 0), (0, 1, 0), (0, 1, 0), (0, 1, 0)] (
                    interpolation = "faceVarying"
                )
                point3f[] points = [(0, -0.006, 0.008), (0.0017801675, -0.006, 0.0077994233), (0.00347107, -0.006, 0.007207751), (0.0049879183, -0.006, 0.006254652), (0.006254652, -0.006, 0.0049879183), (0.007207751, -0.006, 0.00347107), (0.0077994233, -0.006, 0.0017801675), (0.008, -0.006, 4.8985874e-19), (0.0077994233, -0.006, -0.0017801675), (0.007207751, -0.006, -0.00347107), (0.006254652, -0.006, -0.0049879183), (0.0049879183, -0.006, -0.006254652), (0.00347107, -0.006, -0.007207751), (0.0017801675, -0.006, -0.0077994233), (9.797175e-19, -0.006, -0.008), (-0.0017801675, -0.006, -0.0077994233), (-0.00347107, -0.006, -0.007207751), (-0.0049879183, -0.006, -0.006254652), (-0.006254652, -0.006, -0.0049879183), (-0.007207751, -0.006, -0.00347107), (-0.0077994233, -0.006, -0.0017801675), (-0.008, -0.006, -1.4695761e-18), (-0.0077994233, -0.006, 0.0017801675), (-0.007207751, -0.006, 0.00347107), (-0.006254652, -0.006, 0.0049879183), (-0.0049879183, -0.006, 0.006254652), (-0.00347107, -0.006, 0.007207751), (-0.0017801675, -0.006, 0.0077994233), (0, 0.006, 0.008), (0.0017801675, 0.006, 0.0077994233), (0.00347107, 0.006, 0.007207751), (0.0049879183, 0.006, 0.006254652), (0.006254652, 0.006, 0.0049879183), (0.007207751, 0.006, 0.00347107), (0.0077994233, 0.006, 0.0017801675), (0.008, 0.006, 4.8985874e-19), (0.0077994233, 0.006, -0.0017801675), (0.007207751, 0.006, -0.00347107), (0.006254652, 0.006, -0.0049879183), (0.0049879183, 0.006, -0.006254652), (0.00347107, 0.006, -0.007207751), (0.0017801675, 0.006, -0.0077994233), (9.797175e-19, 0.006, -0.008), (-0.0017801675, 0.006, -0.0077994233), (-0.00347107, 0.006, -0.007207751), (-0.0049879183, 0.006, -0.006254652), (-0.006254652, 0.006, -0.0049879183), (-0.007207751, 0.006, -0.00347107), (-0.0077994233, 0.006, -0.0017801675), (-0.008, 0.006, -1.4695761e-18), (-0.0077994233, 0.006, 0.0017801675), (-0.007207751, 0.006, 0.00347107), (-0.006254652, 0.006, 0.0049879183), (-0.0049879183, 0.006, 0.006254652), (-0.00347107, 0.006, 0.007207751), (-0.0017801675, 0.006, 0.0077994233), (0, -0.006, 0), (0, 0.006, 0)]
                uniform token subdivisionScheme = "none"
            }
        }

        def Xform "DR_A2_Arm" (
            prepend apiSchemas = ["PhysicsRigidBodyAPI", "PhysicsMassAPI"]
        )
        {
            float physics:mass = 0.035
            matrix4d xformOp:transform = ( (0, -0.5000000000000004, -0.8660254037844384, 0), (0, 0.8660254037844384, -0.5000000000000004, 0), (1, 0, 0, 0), (-0.114, -0.020000000000000018, -0.03464101615137754, 1) )
            uniform token[] xformOpOrder = ["xformOp:transform"]

            def Mesh "Rod" (
                prepend apiSchemas = ["MaterialBindingAPI"]
            )
            {
                float3[] extent = [(-0.03, -0.005, -0.005), (-0.014, 0.005, 0.005)]
                int[] faceVertexCounts = [4, 4, 4, 4, 4, 4, 4, 4, 4, 4, 4, 4, 4, 4, 4, 4, 4, 4, 4, 4, 4, 4, 4, 4, 4, 4, 4, 4, 3, 3, 3, 3, 3, 3, 3, 3, 3, 3, 3, 3, 3, 3, 3, 3, 3, 3, 3, 3, 3, 3, 3, 3, 3, 3, 3, 3, 3, 3, 3, 3, 3, 3, 3, 3, 3, 3, 3, 3, 3, 3, 3, 3, 3, 3, 3, 3, 3, 3, 3, 3, 3, 3, 3, 3]
                int[] faceVertexIndices = [0, 1, 29, 28, 1, 2, 30, 29, 2, 3, 31, 30, 3, 4, 32, 31, 4, 5, 33, 32, 5, 6, 34, 33, 6, 7, 35, 34, 7, 8, 36, 35, 8, 9, 37, 36, 9, 10, 38, 37, 10, 11, 39, 38, 11, 12, 40, 39, 12, 13, 41, 40, 13, 14, 42, 41, 14, 15, 43, 42, 15, 16, 44, 43, 16, 17, 45, 44, 17, 18, 46, 45, 18, 19, 47, 46, 19, 20, 48, 47, 20, 21, 49, 48, 21, 22, 50, 49, 22, 23, 51, 50, 23, 24, 52, 51, 24, 25, 53, 52, 25, 26, 54, 53, 26, 27, 55, 54, 27, 0, 28, 55, 56, 1, 0, 57, 28, 29, 56, 2, 1, 57, 29, 30, 56, 3, 2, 57, 30, 31, 56, 4, 3, 57, 31, 32, 56, 5, 4, 57, 32, 33, 56, 6, 5, 57, 33, 34, 56, 7, 6, 57, 34, 35, 56, 8, 7, 57, 35, 36, 56, 9, 8, 57, 36, 37, 56, 10, 9, 57, 37, 38, 56, 11, 10, 57, 38, 39, 56, 12, 11, 57, 39, 40, 56, 13, 12, 57, 40, 41, 56, 14, 13, 57, 41, 42, 56, 15, 14, 57, 42, 43, 56, 16, 15, 57, 43, 44, 56, 17, 16, 57, 44, 45, 56, 18, 17, 57, 45, 46, 56, 19, 18, 57, 46, 47, 56, 20, 19, 57, 47, 48, 56, 21, 20, 57, 48, 49, 56, 22, 21, 57, 49, 50, 56, 23, 22, 57, 50, 51, 56, 24, 23, 57, 51, 52, 56, 25, 24, 57, 52, 53, 56, 26, 25, 57, 53, 54, 56, 27, 26, 57, 54, 55, 56, 0, 27, 57, 55, 28]
                rel material:binding = </World/Looks/Rod>
                normal3f[] normals = [(0, 1, 0), (0, 0.9749279, 0.22252093), (0, 0.9749279, 0.22252093), (0, 1, 0), (0, 0.9749279, 0.22252093), (0, 0.90096885, 0.43388373), (0, 0.90096885, 0.43388373), (0, 0.9749279, 0.22252093), (0, 0.90096885, 0.43388373), (0, 0.7818315, 0.6234898), (0, 0.7818315, 0.6234898), (0, 0.90096885, 0.43388373), (0, 0.7818315, 0.6234898), (0, 0.6234898, 0.7818315), (0, 0.6234898, 0.7818315), (0, 0.7818315, 0.6234898), (0, 0.6234898, 0.7818315), (0, 0.43388373, 0.90096885), (0, 0.43388373, 0.90096885), (0, 0.6234898, 0.7818315), (0, 0.43388373, 0.90096885), (0, 0.22252093, 0.9749279), (0, 0.22252093, 0.9749279), (0, 0.43388373, 0.90096885), (0, 0.22252093, 0.9749279), (0, 6.123234e-17, 1), (0, 6.123234e-17, 1), (0, 0.22252093, 0.9749279), (0, 6.123234e-17, 1), (0, -0.22252093, 0.9749279), (0, -0.22252093, 0.9749279), (0, 6.123234e-17, 1), (0, -0.22252093, 0.9749279), (0, -0.43388373, 0.90096885), (0, -0.43388373, 0.90096885), (0, -0.22252093, 0.9749279), (0, -0.43388373, 0.90096885), (0, -0.6234898, 0.7818315), (0, -0.6234898, 0.7818315), (0, -0.43388373, 0.90096885), (0, -0.6234898, 0.7818315), (0, -0.7818315, 0.6234898), (0, -0.7818315, 0.6234898), (0, -0.6234898, 0.7818315), (0, -0.7818315, 0.6234898), (0, -0.90096885, 0.43388373), (0, -0.90096885, 0.43388373), (0, -0.7818315, 0.6234898), (0, -0.90096885, 0.43388373), (0, -0.9749279, 0.22252093), (0, -0.9749279, 0.22252093), (0, -0.90096885, 0.43388373), (0, -0.9749279, 0.22252093), (0, -1, 1.2246469e-16), (0, -1, 1.2246469e-16), (0, -0.9749279, 0.22252093), (0, -1, 1.2246469e-16), (0, -0.9749279, -0.22252093), (0, -0.9749279, -0.22252093), (0, -1, 1.2246469e-16), (0, -0.9749279, -0.22252093), (0, -0.90096885, -0.43388373), (0, -0.90096885, -0.43388373), (0, -0.9749279, -0.22252093), (0, -0.90096885, -0.43388373), (0, -0.7818315, -0.6234898), (0, -0.7818315, -0.6234898), (0, -0.90096885, -0.43388373), (0, -0.7818315, -0.6234898), (0, -0.6234898, -0.7818315), (0, -0.6234898, -0.7818315), (0, -0.7818315, -0.6234898), (0, -0.6234898, -0.7818315), (0, -0.43388373, -0.90096885), (0, -0.43388373, -0.90096885), (0, -0.6234898, -0.7818315), (0, -0.43388373, -0.90096885), (0, -0.22252093, -0.9749279), (0, -0.22252093, -0.9749279), (0, -0.43388373, -0.90096885), (0, -0.22252093, -0.9749279), (0, -1.8369701e-16, -1), (0, -1.8369701e-16, -1), (0, -0.22252093, -0.9749279), (0, -1.8369701e-16, -1), (0, 0.22252093, -0.9749279), (0, 0.22252093, -0.9749279), (0, -1.8369701e-16, -1), (0, 0.22252093, -0.9749279), (0, 0.43388373, -0.90096885), (0, 0.43388373, -0.90096885), (0, 0.22252093, -0.9749279), (0, 0.43388373, -0.90096885), (0, 0.6234898, -0.7818315), (0, 0.6234898, -0.7818315), (0, 0.43388373, -0.90096885), (0, 0.6234898, -0.7818315), (0, 0.7818315, -0.6234898), (0, 0.7818315, -0.6234898), (0, 0.6234898, -0.7818315), (0, 0.7818315, -0.6234898), (0, 0.90096885, -0.43388373), (0, 0.90096885, -0.43388373), (0, 0.7818315, -0.6234898), (0, 0.90096885, -0.43388373), (0, 0.9749279, -0.22252093), (0, 0.9749279, -0.22252093), (0, 0.90096885, -0.43388373), (0, 0.9749279, -0.22252093), (0, 1, 0), (0, 1, 0), (0, 0.9749279, -0.22252093), (-1, 0, 0), (-1, 0, 0), (-1, 0, 0), (1, 0, 0), (1, 0, 0), (1, 0, 0), (-1, 0, 0), (-1, 0, 0), (-1, 0, 0), (1, 0, 0), (1, 0, 0), (1, 0, 0), (-1, 0, 0), (-1, 0, 0), (-1, 0, 0), (1, 0, 0), (1, 0, 0), (1, 0, 0), (-1, 0, 0), (-1, 0, 0), (-1, 0, 0), (1, 0, 0), (1, 0, 0), (1, 0, 0), (-1, 0, 0), (-1, 0, 0), (-1, 0, 0), (1, 0, 0), (1, 0, 0), (1, 0, 0), (-1, 0, 0), (-1, 0, 0), (-1, 0, 0), (1, 0, 0), (1, 0, 0), (1, 0, 0), (-1, 0, 0), (-1, 0, 0), (-1, 0, 0), (1, 0, 0), (1, 0, 0), (1, 0, 0), (-1, 0, 0), (-1, 0, 0), (-1, 0, 0), (1, 0, 0), (1, 0, 0), (1, 0, 0), (-1, 0, 0), (-1, 0, 0), (-1, 0, 0), (1, 0, 0), (1, 0, 0), (1, 0, 0), (-1, 0, 0), (-1, 0, 0), (-1, 0, 0), (1, 0, 0), (1, 0, 0), (1, 0, 0), (-1, 0, 0), (-1, 0, 0), (-1, 0, 0), (1, 0, 0), (1, 0, 0), (1, 0, 0), (-1, 0, 0), (-1, 0, 0), (-1, 0, 0), (1, 0, 0), (1, 0, 0), (1, 0, 0), (-1, 0, 0), (-1, 0, 0), (-1, 0, 0), (1, 0, 0), (1, 0, 0), (1, 0, 0), (-1, 0, 0), (-1, 0, 0), (-1, 0, 0), (1, 0, 0), (1, 0, 0), (1, 0, 0), (-1, 0, 0), (-1, 0, 0), (-1, 0, 0), (1, 0, 0), (1, 0, 0), (1, 0, 0), (-1, 0, 0), (-1, 0, 0), (-1, 0, 0), (1, 0, 0), (1, 0, 0), (1, 0, 0), (-1, 0, 0), (-1, 0, 0), (-1, 0, 0), (1, 0, 0), (1, 0, 0), (1, 0, 0), (-1, 0, 0), (-1, 0, 0), (-1, 0, 0), (1, 0, 0), (1, 0, 0), (1, 0, 0), (-1, 0, 0), (-1, 0, 0), (-1, 0, 0), (1, 0, 0), (1, 0, 0), (1, 0, 0), (-1, 0, 0), (-1, 0, 0), (-1, 0, 0), (1, 0, 0), (1, 0, 0), (1, 0, 0), (-1, 0, 0), (-1, 0, 0), (-1, 0, 0), (1, 0, 0), (1, 0, 0), (1, 0, 0), (-1, 0, 0), (-1, 0, 0), (-1, 0, 0), (1, 0, 0), (1, 0, 0), (1, 0, 0), (-1, 0, 0), (-1, 0, 0), (-1, 0, 0), (1, 0, 0), (1, 0, 0), (1, 0, 0), (-1, 0, 0), (-1, 0, 0), (-1, 0, 0), (1, 0, 0), (1, 0, 0), (1, 0, 0), (-1, 0, 0), (-1, 0, 0), (-1, 0, 0), (1, 0, 0), (1, 0, 0), (1, 0, 0), (-1, 0, 0), (-1, 0, 0), (-1, 0, 0), (1, 0, 0), (1, 0, 0), (1, 0, 0), (-1, 0, 0), (-1, 0, 0), (-1, 0, 0), (1, 0, 0), (1, 0, 0), (1, 0, 0), (-1, 0, 0), (-1, 0, 0), (-1, 0, 0), (1, 0, 0), (1, 0, 0), (1, 0, 0)] (
                    interpolation = "faceVarying"
                )
                point3f[] points = [(-0.03, 0.005, 0), (-0.03, 0.0048746397, 0.0011126046), (-0.03, 0.0045048445, 0.0021694186), (-0.03, 0.0039091576, 0.003117449), (-0.03, 0.003117449, 0.0039091576), (-0.03, 0.0021694186, 0.0045048445), (-0.03, 0.0011126046, 0.0048746397), (-0.03, 3.061617e-19, 0.005), (-0.03, -0.0011126046, 0.0048746397), (-0.03, -0.0021694186, 0.0045048445), (-0.03, -0.003117449, 0.0039091576), (-0.03, -0.0039091576, 0.003117449), (-0.03, -0.0045048445, 0.0021694186), (-0.03, -0.0048746397, 0.0011126046), (-0.03, -0.005, 6.123234e-19), (-0.03, -0.0048746397, -0.0011126046), (-0.03, -0.0045048445, -0.0021694186), (-0.03, -0.0039091576, -0.003117449), (-0.03, -0.003117449, -0.0039091576), (-0.03, -0.0021694186, -0.0045048445), (-0.03, -0.0011126046, -0.0048746397), (-0.03, -9.184851e-19, -0.005), (-0.03, 0.0011126046, -0.0048746397), (-0.03, 0.0021694186, -0.0045048445), (-0.03, 0.003117449, -0.0039091576), (-0.03, 0.0039091576, -0.003117449), (-0.03, 0.0045048445, -0.0021694186), (-0.03, 0.0048746397, -0.0011126046), (-0.014, 0.005, 0), (-0.014, 0.0048746397, 0.0011126046), (-0.014, 0.0045048445, 0.0021694186), (-0.014, 0.0039091576, 0.003117449), (-0.014, 0.003117449, 0.0039091576), (-0.014, 0.0021694186, 0.0045048445), (-0.014, 0.0011126046, 0.0048746397), (-0.014, 3.061617e-19, 0.005), (-0.014, -0.0011126046, 0.0048746397), (-0.014, -0.0021694186, 0.0045048445), (-0.014, -0.003117449, 0.0039091576), (-0.014, -0.0039091576, 0.003117449), (-0.014, -0.0045048445, 0.0021694186), (-0.014, -0.0048746397, 0.0011126046), (-0.014, -0.005, 6.123234e-19), (-0.014, -0.0048746397, -0.0011126046), (-0.014, -0.0045048445, -0.0021694186), (-0.014, -0.0039091576, -0.003117449), (-0.014, -0.003117449, -0.0039091576), (-0.014, -0.0021694186, -0.0045048445), (-0.014, -0.0011126046, -0.0048746397), (-0.014, -9.184851e-19, -0.005), (-0.014, 0.0011126046, -0.0048746397), (-0.014, 0.0021694186, -0.0045048445), (-0.014, 0.003117449, -0.0039091576), (-0.014, 0.0039091576, -0.003117449), (-0.014, 0.0045048445, -0.0021694186), (-0.014, 0.0048746397, -0.0011126046), (-0.03, 0, 0), (-0.014, 0, 0)]
                uniform token subdivisionScheme = "none"
            }

            def Cube "Yoke" (
                prepend apiSchemas = ["MaterialBindingAPI"]
            )
            {
                float3[] extent = [(-0.5, -0.5, -0.5), (0.5, 0.5, 0.5)]
                rel material:binding = </World/Looks/Fork>
                double size = 1
                matrix4d xformOp:transform = ( (0.0033, 0, 0, 0), (0, 0.023, 0, 0), (0, 0, 0.011, 0), (-0.012650000000000002, 0, 0, 1) )
                uniform token[] xformOpOrder = ["xformOp:transform"]
            }

            def Cube "ForkL" (
                prepend apiSchemas = ["MaterialBindingAPI"]
            )
            {
                float3[] extent = [(-0.5, -0.5, -0.5), (0.5, 0.5, 0.5)]
                rel material:binding = </World/Looks/Fork>
                double size = 1
                matrix4d xformOp:transform = ( (0.014, 0, 0, 0), (0, 0.003, 0, 0), (0, 0, 0.011, 0), (-0.007, 0.01, 0, 1) )
                uniform token[] xformOpOrder = ["xformOp:transform"]
            }

            def Cube "ForkR" (
                prepend apiSchemas = ["MaterialBindingAPI"]
            )
            {
                float3[] extent = [(-0.5, -0.5, -0.5), (0.5, 0.5, 0.5)]
                rel material:binding = </World/Looks/Fork>
                double size = 1
                matrix4d xformOp:transform = ( (0.014, 0, 0, 0), (0, 0.003, 0, 0), (0, 0, 0.011, 0), (-0.007, -0.01, 0, 1) )
                uniform token[] xformOpOrder = ["xformOp:transform"]
            }

            def Mesh "Axle" (
                prepend apiSchemas = ["MaterialBindingAPI"]
            )
            {
                float3[] extent = [(-0.0025, -0.0115, -0.0025), (0.0025, 0.0115, 0.0025)]
                int[] faceVertexCounts = [4, 4, 4, 4, 4, 4, 4, 4, 4, 4, 4, 4, 4, 4, 4, 4, 4, 4, 4, 4, 4, 4, 4, 4, 4, 4, 4, 4, 3, 3, 3, 3, 3, 3, 3, 3, 3, 3, 3, 3, 3, 3, 3, 3, 3, 3, 3, 3, 3, 3, 3, 3, 3, 3, 3, 3, 3, 3, 3, 3, 3, 3, 3, 3, 3, 3, 3, 3, 3, 3, 3, 3, 3, 3, 3, 3, 3, 3, 3, 3, 3, 3, 3, 3]
                int[] faceVertexIndices = [0, 1, 29, 28, 1, 2, 30, 29, 2, 3, 31, 30, 3, 4, 32, 31, 4, 5, 33, 32, 5, 6, 34, 33, 6, 7, 35, 34, 7, 8, 36, 35, 8, 9, 37, 36, 9, 10, 38, 37, 10, 11, 39, 38, 11, 12, 40, 39, 12, 13, 41, 40, 13, 14, 42, 41, 14, 15, 43, 42, 15, 16, 44, 43, 16, 17, 45, 44, 17, 18, 46, 45, 18, 19, 47, 46, 19, 20, 48, 47, 20, 21, 49, 48, 21, 22, 50, 49, 22, 23, 51, 50, 23, 24, 52, 51, 24, 25, 53, 52, 25, 26, 54, 53, 26, 27, 55, 54, 27, 0, 28, 55, 56, 1, 0, 57, 28, 29, 56, 2, 1, 57, 29, 30, 56, 3, 2, 57, 30, 31, 56, 4, 3, 57, 31, 32, 56, 5, 4, 57, 32, 33, 56, 6, 5, 57, 33, 34, 56, 7, 6, 57, 34, 35, 56, 8, 7, 57, 35, 36, 56, 9, 8, 57, 36, 37, 56, 10, 9, 57, 37, 38, 56, 11, 10, 57, 38, 39, 56, 12, 11, 57, 39, 40, 56, 13, 12, 57, 40, 41, 56, 14, 13, 57, 41, 42, 56, 15, 14, 57, 42, 43, 56, 16, 15, 57, 43, 44, 56, 17, 16, 57, 44, 45, 56, 18, 17, 57, 45, 46, 56, 19, 18, 57, 46, 47, 56, 20, 19, 57, 47, 48, 56, 21, 20, 57, 48, 49, 56, 22, 21, 57, 49, 50, 56, 23, 22, 57, 50, 51, 56, 24, 23, 57, 51, 52, 56, 25, 24, 57, 52, 53, 56, 26, 25, 57, 53, 54, 56, 27, 26, 57, 54, 55, 56, 0, 27, 57, 55, 28]
                rel material:binding = </World/Looks/Axle>
                normal3f[] normals = [(0, 0, 1), (0.22252093, 0, 0.9749279), (0.22252093, 0, 0.9749279), (0, 0, 1), (0.22252093, 0, 0.9749279), (0.43388373, 0, 0.90096885), (0.43388373, 0, 0.90096885), (0.22252093, 0, 0.9749279), (0.43388373, 0, 0.90096885), (0.6234898, 0, 0.7818315), (0.6234898, 0, 0.7818315), (0.43388373, 0, 0.90096885), (0.6234898, 0, 0.7818315), (0.7818315, 0, 0.6234898), (0.7818315, 0, 0.6234898), (0.6234898, 0, 0.7818315), (0.7818315, 0, 0.6234898), (0.90096885, 0, 0.43388373), (0.90096885, 0, 0.43388373), (0.7818315, 0, 0.6234898), (0.90096885, 0, 0.43388373), (0.9749279, 0, 0.22252093), (0.9749279, 0, 0.22252093), (0.90096885, 0, 0.43388373), (0.9749279, 0, 0.22252093), (1, 0, 6.123234e-17), (1, 0, 6.123234e-17), (0.9749279, 0, 0.22252093), (1, 0, 6.123234e-17), (0.9749279, 0, -0.22252093), (0.9749279, 0, -0.22252093), (1, 0, 6.123234e-17), (0.9749279, 0, -0.22252093), (0.90096885, 0, -0.43388373), (0.90096885, 0, -0.43388373), (0.9749279, 0, -0.22252093), (0.90096885, 0, -0.43388373), (0.7818315, 0, -0.6234898), (0.7818315, 0, -0.6234898), (0.90096885, 0, -0.43388373), (0.7818315, 0, -0.6234898), (0.6234898, 0, -0.7818315), (0.6234898, 0, -0.7818315), (0.7818315, 0, -0.6234898), (0.6234898, 0, -0.7818315), (0.43388373, 0, -0.90096885), (0.43388373, 0, -0.90096885), (0.6234898, 0, -0.7818315), (0.43388373, 0, -0.90096885), (0.22252093, 0, -0.9749279), (0.22252093, 0, -0.9749279), (0.43388373, 0, -0.90096885), (0.22252093, 0, -0.9749279), (1.2246469e-16, 0, -1), (1.2246469e-16, 0, -1), (0.22252093, 0, -0.9749279), (1.2246469e-16, 0, -1), (-0.22252093, 0, -0.9749279), (-0.22252093, 0, -0.9749279), (1.2246469e-16, 0, -1), (-0.22252093, 0, -0.9749279), (-0.43388373, 0, -0.90096885), (-0.43388373, 0, -0.90096885), (-0.22252093, 0, -0.9749279), (-0.43388373, 0, -0.90096885), (-0.6234898, 0, -0.7818315), (-0.6234898, 0, -0.7818315), (-0.43388373, 0, -0.90096885), (-0.6234898, 0, -0.7818315), (-0.7818315, 0, -0.6234898), (-0.7818315, 0, -0.6234898), (-0.6234898, 0, -0.7818315), (-0.7818315, 0, -0.6234898), (-0.90096885, 0, -0.43388373), (-0.90096885, 0, -0.43388373), (-0.7818315, 0, -0.6234898), (-0.90096885, 0, -0.43388373), (-0.9749279, 0, -0.22252093), (-0.9749279, 0, -0.22252093), (-0.90096885, 0, -0.43388373), (-0.9749279, 0, -0.22252093), (-1, 0, -1.8369701e-16), (-1, 0, -1.8369701e-16), (-0.9749279, 0, -0.22252093), (-1, 0, -1.8369701e-16), (-0.9749279, 0, 0.22252093), (-0.9749279, 0, 0.22252093), (-1, 0, -1.8369701e-16), (-0.9749279, 0, 0.22252093), (-0.90096885, 0, 0.43388373), (-0.90096885, 0, 0.43388373), (-0.9749279, 0, 0.22252093), (-0.90096885, 0, 0.43388373), (-0.7818315, 0, 0.6234898), (-0.7818315, 0, 0.6234898), (-0.90096885, 0, 0.43388373), (-0.7818315, 0, 0.6234898), (-0.6234898, 0, 0.7818315), (-0.6234898, 0, 0.7818315), (-0.7818315, 0, 0.6234898), (-0.6234898, 0, 0.7818315), (-0.43388373, 0, 0.90096885), (-0.43388373, 0, 0.90096885), (-0.6234898, 0, 0.7818315), (-0.43388373, 0, 0.90096885), (-0.22252093, 0, 0.9749279), (-0.22252093, 0, 0.9749279), (-0.43388373, 0, 0.90096885), (-0.22252093, 0, 0.9749279), (0, 0, 1), (0, 0, 1), (-0.22252093, 0, 0.9749279), (0, -1, 0), (0, -1, 0), (0, -1, 0), (0, 1, 0), (0, 1, 0), (0, 1, 0), (0, -1, 0), (0, -1, 0), (0, -1, 0), (0, 1, 0), (0, 1, 0), (0, 1, 0), (0, -1, 0), (0, -1, 0), (0, -1, 0), (0, 1, 0), (0, 1, 0), (0, 1, 0), (0, -1, 0), (0, -1, 0), (0, -1, 0), (0, 1, 0), (0, 1, 0), (0, 1, 0), (0, -1, 0), (0, -1, 0), (0, -1, 0), (0, 1, 0), (0, 1, 0), (0, 1, 0), (0, -1, 0), (0, -1, 0), (0, -1, 0), (0, 1, 0), (0, 1, 0), (0, 1, 0), (0, -1, 0), (0, -1, 0), (0, -1, 0), (0, 1, 0), (0, 1, 0), (0, 1, 0), (0, -1, 0), (0, -1, 0), (0, -1, 0), (0, 1, 0), (0, 1, 0), (0, 1, 0), (0, -1, 0), (0, -1, 0), (0, -1, 0), (0, 1, 0), (0, 1, 0), (0, 1, 0), (0, -1, 0), (0, -1, 0), (0, -1, 0), (0, 1, 0), (0, 1, 0), (0, 1, 0), (0, -1, 0), (0, -1, 0), (0, -1, 0), (0, 1, 0), (0, 1, 0), (0, 1, 0), (0, -1, 0), (0, -1, 0), (0, -1, 0), (0, 1, 0), (0, 1, 0), (0, 1, 0), (0, -1, 0), (0, -1, 0), (0, -1, 0), (0, 1, 0), (0, 1, 0), (0, 1, 0), (0, -1, 0), (0, -1, 0), (0, -1, 0), (0, 1, 0), (0, 1, 0), (0, 1, 0), (0, -1, 0), (0, -1, 0), (0, -1, 0), (0, 1, 0), (0, 1, 0), (0, 1, 0), (0, -1, 0), (0, -1, 0), (0, -1, 0), (0, 1, 0), (0, 1, 0), (0, 1, 0), (0, -1, 0), (0, -1, 0), (0, -1, 0), (0, 1, 0), (0, 1, 0), (0, 1, 0), (0, -1, 0), (0, -1, 0), (0, -1, 0), (0, 1, 0), (0, 1, 0), (0, 1, 0), (0, -1, 0), (0, -1, 0), (0, -1, 0), (0, 1, 0), (0, 1, 0), (0, 1, 0), (0, -1, 0), (0, -1, 0), (0, -1, 0), (0, 1, 0), (0, 1, 0), (0, 1, 0), (0, -1, 0), (0, -1, 0), (0, -1, 0), (0, 1, 0), (0, 1, 0), (0, 1, 0), (0, -1, 0), (0, -1, 0), (0, -1, 0), (0, 1, 0), (0, 1, 0), (0, 1, 0), (0, -1, 0), (0, -1, 0), (0, -1, 0), (0, 1, 0), (0, 1, 0), (0, 1, 0), (0, -1, 0), (0, -1, 0), (0, -1, 0), (0, 1, 0), (0, 1, 0), (0, 1, 0), (0, -1, 0), (0, -1, 0), (0, -1, 0), (0, 1, 0), (0, 1, 0), (0, 1, 0), (0, -1, 0), (0, -1, 0), (0, -1, 0), (0, 1, 0), (0, 1, 0), (0, 1, 0), (0, -1, 0), (0, -1, 0), (0, -1, 0), (0, 1, 0), (0, 1, 0), (0, 1, 0), (0, -1, 0), (0, -1, 0), (0, -1, 0), (0, 1, 0), (0, 1, 0), (0, 1, 0)] (
                    interpolation = "faceVarying"
                )
                point3f[] points = [(0, -0.0115, 0.0025), (0.0005563023, -0.0115, 0.0024373198), (0.0010847093, -0.0115, 0.0022524223), (0.0015587246, -0.0115, 0.0019545788), (0.0019545788, -0.0115, 0.0015587246), (0.0022524223, -0.0115, 0.0010847093), (0.0024373198, -0.0115, 0.0005563023), (0.0025, -0.0115, 1.5308085e-19), (0.0024373198, -0.0115, -0.0005563023), (0.0022524223, -0.0115, -0.0010847093), (0.0019545788, -0.0115, -0.0015587246), (0.0015587246, -0.0115, -0.0019545788), (0.0010847093, -0.0115, -0.0022524223), (0.0005563023, -0.0115, -0.0024373198), (3.061617e-19, -0.0115, -0.0025), (-0.0005563023, -0.0115, -0.0024373198), (-0.0010847093, -0.0115, -0.0022524223), (-0.0015587246, -0.0115, -0.0019545788), (-0.0019545788, -0.0115, -0.0015587246), (-0.0022524223, -0.0115, -0.0010847093), (-0.0024373198, -0.0115, -0.0005563023), (-0.0025, -0.0115, -4.5924256e-19), (-0.0024373198, -0.0115, 0.0005563023), (-0.0022524223, -0.0115, 0.0010847093), (-0.0019545788, -0.0115, 0.0015587246), (-0.0015587246, -0.0115, 0.0019545788), (-0.0010847093, -0.0115, 0.0022524223), (-0.0005563023, -0.0115, 0.0024373198), (0, 0.0115, 0.0025), (0.0005563023, 0.0115, 0.0024373198), (0.0010847093, 0.0115, 0.0022524223), (0.0015587246, 0.0115, 0.0019545788), (0.0019545788, 0.0115, 0.0015587246), (0.0022524223, 0.0115, 0.0010847093), (0.0024373198, 0.0115, 0.0005563023), (0.0025, 0.0115, 1.5308085e-19), (0.0024373198, 0.0115, -0.0005563023), (0.0022524223, 0.0115, -0.0010847093), (0.0019545788, 0.0115, -0.0015587246), (0.0015587246, 0.0115, -0.0019545788), (0.0010847093, 0.0115, -0.0022524223), (0.0005563023, 0.0115, -0.0024373198), (3.061617e-19, 0.0115, -0.0025), (-0.0005563023, 0.0115, -0.0024373198), (-0.0010847093, 0.0115, -0.0022524223), (-0.0015587246, 0.0115, -0.0019545788), (-0.0019545788, 0.0115, -0.0015587246), (-0.0022524223, 0.0115, -0.0010847093), (-0.0024373198, 0.0115, -0.0005563023), (-0.0025, 0.0115, -4.5924256e-19), (-0.0024373198, 0.0115, 0.0005563023), (-0.0022524223, 0.0115, 0.0010847093), (-0.0019545788, 0.0115, 0.0015587246), (-0.0015587246, 0.0115, 0.0019545788), (-0.0010847093, 0.0115, 0.0022524223), (-0.0005563023, 0.0115, 0.0024373198), (0, -0.0115, 0), (0, 0.0115, 0)]
                uniform token subdivisionScheme = "none"
            }
        }

        def Xform "DR_A2_Wheel" (
            apiSchemas = ["PhysicsRigidBodyAPI", "PhysicsMassAPI", "PhysxRigidBodyAPI"]
        )
        {
            point3f physics:centerOfMass = (0, 0, 0)
            float3 physics:diagonalInertia = (7e-7, 8e-7, 7e-7)
            float physics:mass = 0.025
            quatf physics:principalAxes = (1, 0, 0, 0)
            custom bool physxRigidBody:enableCCD = 1
            custom float physxRigidBody:maxLinearVelocity = 5
            matrix4d xformOp:transform = ( (0, -0.5000000000000004, -0.8660254037844384, 0), (0, 0.8660254037844384, -0.5000000000000004, 0), (1, 0, 0, 0), (-0.114, -0.020000000000000018, -0.03464101615137754, 1) )
            uniform token[] xformOpOrder = ["xformOp:transform"]

            def Cylinder "WheelCollider" (
                apiSchemas = ["PhysicsCollisionAPI", "PhysxCollisionAPI", "MaterialBindingAPI"]
            )
            {
                uniform token axis = "Y"
                float3[] extent = [(-0.008, -0.006, -0.008), (0.008, 0.006, 0.008)]
                double height = 0.012
                rel material:binding:physics = </World/Looks/TyrePhys> (
                    bindMaterialAs = "weakerThanDescendants"
                )
                custom float physxCollision:contactOffset = 0.004
                custom float physxCollision:restOffset = 0
                double radius = 0.008
                token visibility = "invisible"
            }

            def Mesh "WheelVisual" (
                prepend apiSchemas = ["MaterialBindingAPI"]
            )
            {
                float3[] extent = [(-0.008, -0.006, -0.008), (0.008, 0.006, 0.008)]
                int[] faceVertexCounts = [4, 4, 4, 4, 4, 4, 4, 4, 4, 4, 4, 4, 4, 4, 4, 4, 4, 4, 4, 4, 4, 4, 4, 4, 4, 4, 4, 4, 3, 3, 3, 3, 3, 3, 3, 3, 3, 3, 3, 3, 3, 3, 3, 3, 3, 3, 3, 3, 3, 3, 3, 3, 3, 3, 3, 3, 3, 3, 3, 3, 3, 3, 3, 3, 3, 3, 3, 3, 3, 3, 3, 3, 3, 3, 3, 3, 3, 3, 3, 3, 3, 3, 3, 3]
                int[] faceVertexIndices = [0, 1, 29, 28, 1, 2, 30, 29, 2, 3, 31, 30, 3, 4, 32, 31, 4, 5, 33, 32, 5, 6, 34, 33, 6, 7, 35, 34, 7, 8, 36, 35, 8, 9, 37, 36, 9, 10, 38, 37, 10, 11, 39, 38, 11, 12, 40, 39, 12, 13, 41, 40, 13, 14, 42, 41, 14, 15, 43, 42, 15, 16, 44, 43, 16, 17, 45, 44, 17, 18, 46, 45, 18, 19, 47, 46, 19, 20, 48, 47, 20, 21, 49, 48, 21, 22, 50, 49, 22, 23, 51, 50, 23, 24, 52, 51, 24, 25, 53, 52, 25, 26, 54, 53, 26, 27, 55, 54, 27, 0, 28, 55, 56, 1, 0, 57, 28, 29, 56, 2, 1, 57, 29, 30, 56, 3, 2, 57, 30, 31, 56, 4, 3, 57, 31, 32, 56, 5, 4, 57, 32, 33, 56, 6, 5, 57, 33, 34, 56, 7, 6, 57, 34, 35, 56, 8, 7, 57, 35, 36, 56, 9, 8, 57, 36, 37, 56, 10, 9, 57, 37, 38, 56, 11, 10, 57, 38, 39, 56, 12, 11, 57, 39, 40, 56, 13, 12, 57, 40, 41, 56, 14, 13, 57, 41, 42, 56, 15, 14, 57, 42, 43, 56, 16, 15, 57, 43, 44, 56, 17, 16, 57, 44, 45, 56, 18, 17, 57, 45, 46, 56, 19, 18, 57, 46, 47, 56, 20, 19, 57, 47, 48, 56, 21, 20, 57, 48, 49, 56, 22, 21, 57, 49, 50, 56, 23, 22, 57, 50, 51, 56, 24, 23, 57, 51, 52, 56, 25, 24, 57, 52, 53, 56, 26, 25, 57, 53, 54, 56, 27, 26, 57, 54, 55, 56, 0, 27, 57, 55, 28]
                rel material:binding = </World/Looks/Wheel>
                normal3f[] normals = [(0, 0, 1), (0.22252093, 0, 0.9749279), (0.22252093, 0, 0.9749279), (0, 0, 1), (0.22252093, 0, 0.9749279), (0.43388373, 0, 0.90096885), (0.43388373, 0, 0.90096885), (0.22252093, 0, 0.9749279), (0.43388373, 0, 0.90096885), (0.6234898, 0, 0.7818315), (0.6234898, 0, 0.7818315), (0.43388373, 0, 0.90096885), (0.6234898, 0, 0.7818315), (0.7818315, 0, 0.6234898), (0.7818315, 0, 0.6234898), (0.6234898, 0, 0.7818315), (0.7818315, 0, 0.6234898), (0.90096885, 0, 0.43388373), (0.90096885, 0, 0.43388373), (0.7818315, 0, 0.6234898), (0.90096885, 0, 0.43388373), (0.9749279, 0, 0.22252093), (0.9749279, 0, 0.22252093), (0.90096885, 0, 0.43388373), (0.9749279, 0, 0.22252093), (1, 0, 6.123234e-17), (1, 0, 6.123234e-17), (0.9749279, 0, 0.22252093), (1, 0, 6.123234e-17), (0.9749279, 0, -0.22252093), (0.9749279, 0, -0.22252093), (1, 0, 6.123234e-17), (0.9749279, 0, -0.22252093), (0.90096885, 0, -0.43388373), (0.90096885, 0, -0.43388373), (0.9749279, 0, -0.22252093), (0.90096885, 0, -0.43388373), (0.7818315, 0, -0.6234898), (0.7818315, 0, -0.6234898), (0.90096885, 0, -0.43388373), (0.7818315, 0, -0.6234898), (0.6234898, 0, -0.7818315), (0.6234898, 0, -0.7818315), (0.7818315, 0, -0.6234898), (0.6234898, 0, -0.7818315), (0.43388373, 0, -0.90096885), (0.43388373, 0, -0.90096885), (0.6234898, 0, -0.7818315), (0.43388373, 0, -0.90096885), (0.22252093, 0, -0.9749279), (0.22252093, 0, -0.9749279), (0.43388373, 0, -0.90096885), (0.22252093, 0, -0.9749279), (1.2246469e-16, 0, -1), (1.2246469e-16, 0, -1), (0.22252093, 0, -0.9749279), (1.2246469e-16, 0, -1), (-0.22252093, 0, -0.9749279), (-0.22252093, 0, -0.9749279), (1.2246469e-16, 0, -1), (-0.22252093, 0, -0.9749279), (-0.43388373, 0, -0.90096885), (-0.43388373, 0, -0.90096885), (-0.22252093, 0, -0.9749279), (-0.43388373, 0, -0.90096885), (-0.6234898, 0, -0.7818315), (-0.6234898, 0, -0.7818315), (-0.43388373, 0, -0.90096885), (-0.6234898, 0, -0.7818315), (-0.7818315, 0, -0.6234898), (-0.7818315, 0, -0.6234898), (-0.6234898, 0, -0.7818315), (-0.7818315, 0, -0.6234898), (-0.90096885, 0, -0.43388373), (-0.90096885, 0, -0.43388373), (-0.7818315, 0, -0.6234898), (-0.90096885, 0, -0.43388373), (-0.9749279, 0, -0.22252093), (-0.9749279, 0, -0.22252093), (-0.90096885, 0, -0.43388373), (-0.9749279, 0, -0.22252093), (-1, 0, -1.8369701e-16), (-1, 0, -1.8369701e-16), (-0.9749279, 0, -0.22252093), (-1, 0, -1.8369701e-16), (-0.9749279, 0, 0.22252093), (-0.9749279, 0, 0.22252093), (-1, 0, -1.8369701e-16), (-0.9749279, 0, 0.22252093), (-0.90096885, 0, 0.43388373), (-0.90096885, 0, 0.43388373), (-0.9749279, 0, 0.22252093), (-0.90096885, 0, 0.43388373), (-0.7818315, 0, 0.6234898), (-0.7818315, 0, 0.6234898), (-0.90096885, 0, 0.43388373), (-0.7818315, 0, 0.6234898), (-0.6234898, 0, 0.7818315), (-0.6234898, 0, 0.7818315), (-0.7818315, 0, 0.6234898), (-0.6234898, 0, 0.7818315), (-0.43388373, 0, 0.90096885), (-0.43388373, 0, 0.90096885), (-0.6234898, 0, 0.7818315), (-0.43388373, 0, 0.90096885), (-0.22252093, 0, 0.9749279), (-0.22252093, 0, 0.9749279), (-0.43388373, 0, 0.90096885), (-0.22252093, 0, 0.9749279), (0, 0, 1), (0, 0, 1), (-0.22252093, 0, 0.9749279), (0, -1, 0), (0, -1, 0), (0, -1, 0), (0, 1, 0), (0, 1, 0), (0, 1, 0), (0, -1, 0), (0, -1, 0), (0, -1, 0), (0, 1, 0), (0, 1, 0), (0, 1, 0), (0, -1, 0), (0, -1, 0), (0, -1, 0), (0, 1, 0), (0, 1, 0), (0, 1, 0), (0, -1, 0), (0, -1, 0), (0, -1, 0), (0, 1, 0), (0, 1, 0), (0, 1, 0), (0, -1, 0), (0, -1, 0), (0, -1, 0), (0, 1, 0), (0, 1, 0), (0, 1, 0), (0, -1, 0), (0, -1, 0), (0, -1, 0), (0, 1, 0), (0, 1, 0), (0, 1, 0), (0, -1, 0), (0, -1, 0), (0, -1, 0), (0, 1, 0), (0, 1, 0), (0, 1, 0), (0, -1, 0), (0, -1, 0), (0, -1, 0), (0, 1, 0), (0, 1, 0), (0, 1, 0), (0, -1, 0), (0, -1, 0), (0, -1, 0), (0, 1, 0), (0, 1, 0), (0, 1, 0), (0, -1, 0), (0, -1, 0), (0, -1, 0), (0, 1, 0), (0, 1, 0), (0, 1, 0), (0, -1, 0), (0, -1, 0), (0, -1, 0), (0, 1, 0), (0, 1, 0), (0, 1, 0), (0, -1, 0), (0, -1, 0), (0, -1, 0), (0, 1, 0), (0, 1, 0), (0, 1, 0), (0, -1, 0), (0, -1, 0), (0, -1, 0), (0, 1, 0), (0, 1, 0), (0, 1, 0), (0, -1, 0), (0, -1, 0), (0, -1, 0), (0, 1, 0), (0, 1, 0), (0, 1, 0), (0, -1, 0), (0, -1, 0), (0, -1, 0), (0, 1, 0), (0, 1, 0), (0, 1, 0), (0, -1, 0), (0, -1, 0), (0, -1, 0), (0, 1, 0), (0, 1, 0), (0, 1, 0), (0, -1, 0), (0, -1, 0), (0, -1, 0), (0, 1, 0), (0, 1, 0), (0, 1, 0), (0, -1, 0), (0, -1, 0), (0, -1, 0), (0, 1, 0), (0, 1, 0), (0, 1, 0), (0, -1, 0), (0, -1, 0), (0, -1, 0), (0, 1, 0), (0, 1, 0), (0, 1, 0), (0, -1, 0), (0, -1, 0), (0, -1, 0), (0, 1, 0), (0, 1, 0), (0, 1, 0), (0, -1, 0), (0, -1, 0), (0, -1, 0), (0, 1, 0), (0, 1, 0), (0, 1, 0), (0, -1, 0), (0, -1, 0), (0, -1, 0), (0, 1, 0), (0, 1, 0), (0, 1, 0), (0, -1, 0), (0, -1, 0), (0, -1, 0), (0, 1, 0), (0, 1, 0), (0, 1, 0), (0, -1, 0), (0, -1, 0), (0, -1, 0), (0, 1, 0), (0, 1, 0), (0, 1, 0), (0, -1, 0), (0, -1, 0), (0, -1, 0), (0, 1, 0), (0, 1, 0), (0, 1, 0), (0, -1, 0), (0, -1, 0), (0, -1, 0), (0, 1, 0), (0, 1, 0), (0, 1, 0), (0, -1, 0), (0, -1, 0), (0, -1, 0), (0, 1, 0), (0, 1, 0), (0, 1, 0), (0, -1, 0), (0, -1, 0), (0, -1, 0), (0, 1, 0), (0, 1, 0), (0, 1, 0)] (
                    interpolation = "faceVarying"
                )
                point3f[] points = [(0, -0.006, 0.008), (0.0017801675, -0.006, 0.0077994233), (0.00347107, -0.006, 0.007207751), (0.0049879183, -0.006, 0.006254652), (0.006254652, -0.006, 0.0049879183), (0.007207751, -0.006, 0.00347107), (0.0077994233, -0.006, 0.0017801675), (0.008, -0.006, 4.8985874e-19), (0.0077994233, -0.006, -0.0017801675), (0.007207751, -0.006, -0.00347107), (0.006254652, -0.006, -0.0049879183), (0.0049879183, -0.006, -0.006254652), (0.00347107, -0.006, -0.007207751), (0.0017801675, -0.006, -0.0077994233), (9.797175e-19, -0.006, -0.008), (-0.0017801675, -0.006, -0.0077994233), (-0.00347107, -0.006, -0.007207751), (-0.0049879183, -0.006, -0.006254652), (-0.006254652, -0.006, -0.0049879183), (-0.007207751, -0.006, -0.00347107), (-0.0077994233, -0.006, -0.0017801675), (-0.008, -0.006, -1.4695761e-18), (-0.0077994233, -0.006, 0.0017801675), (-0.007207751, -0.006, 0.00347107), (-0.006254652, -0.006, 0.0049879183), (-0.0049879183, -0.006, 0.006254652), (-0.00347107, -0.006, 0.007207751), (-0.0017801675, -0.006, 0.0077994233), (0, 0.006, 0.008), (0.0017801675, 0.006, 0.0077994233), (0.00347107, 0.006, 0.007207751), (0.0049879183, 0.006, 0.006254652), (0.006254652, 0.006, 0.0049879183), (0.007207751, 0.006, 0.00347107), (0.0077994233, 0.006, 0.0017801675), (0.008, 0.006, 4.8985874e-19), (0.0077994233, 0.006, -0.0017801675), (0.007207751, 0.006, -0.00347107), (0.006254652, 0.006, -0.0049879183), (0.0049879183, 0.006, -0.006254652), (0.00347107, 0.006, -0.007207751), (0.0017801675, 0.006, -0.0077994233), (9.797175e-19, 0.006, -0.008), (-0.0017801675, 0.006, -0.0077994233), (-0.00347107, 0.006, -0.007207751), (-0.0049879183, 0.006, -0.006254652), (-0.006254652, 0.006, -0.0049879183), (-0.007207751, 0.006, -0.00347107), (-0.0077994233, 0.006, -0.0017801675), (-0.008, 0.006, -1.4695761e-18), (-0.0077994233, 0.006, 0.0017801675), (-0.007207751, 0.006, 0.00347107), (-0.006254652, 0.006, 0.0049879183), (-0.0049879183, 0.006, 0.006254652), (-0.00347107, 0.006, 0.007207751), (-0.0017801675, 0.006, 0.0077994233), (0, -0.006, 0), (0, 0.006, 0)]
                uniform token subdivisionScheme = "none"
            }
        }
    }
}

