solid CATIA STL
  facet normal  0.000000e+000 -1.000000e+000  0.000000e+000
    outer loop
      vertex  6.675628e+000  0.000000e+000 -2.924784e+001
      vertex  1.301651e+001  0.000000e+000 -2.702907e+001
      vertex  3.215626e-014  0.000000e+000 -3.000000e+001
    endloop
  endfacet
  facet normal  0.000000e+000 -9.999999e-001  0.000000e+000
    outer loop
      vertex  1.870469e+001  0.000000e+000 -2.345494e+001
      vertex  2.345494e+001  0.000000e+000 -1.870469e+001
      vertex  1.125000e+001  0.000000e+000 -1.948557e+001
    endloop
  endfacet
  facet normal  0.000000e+000 -1.000000e+000  -0.000000e+000
    outer loop
      vertex  1.870469e+001  0.000000e+000 -2.345494e+001
      vertex  1.125000e+001  0.000000e+000 -1.948557e+001
      vertex  5.823429e+000  0.000000e+000 -2.173333e+001
    endloop
  endfacet
  facet normal  0.000000e+000 -1.000000e+000  -0.000000e+000
    outer loop
      vertex  1.870469e+001  0.000000e+000 -2.345494e+001
      vertex  5.823429e+000  0.000000e+000 -2.173333e+001
      vertex -1.585083e-014  0.000000e+000 -2.250000e+001
    endloop
  endfacet
  facet normal  0.000000e+000 -9.999999e-001  0.000000e+000
    outer loop
      vertex  1.870469e+001  0.000000e+000 -2.345494e+001
      vertex -1.585083e-014  0.000000e+000 -2.250000e+001
      vertex  3.215626e-014  0.000000e+000 -3.000000e+001
    endloop
  endfacet
  facet normal  0.000000e+000 -1.000000e+000  0.000000e+000
    outer loop
      vertex  1.870469e+001  0.000000e+000 -2.345494e+001
      vertex  3.215626e-014  0.000000e+000 -3.000000e+001
      vertex  1.301651e+001  0.000000e+000 -2.702907e+001
    endloop
  endfacet
  facet normal  0.000000e+000 -1.000000e+000  0.000000e+000
    outer loop
      vertex -1.377728e-015  0.000000e+000  2.250000e+001
      vertex  5.823429e+000  0.000000e+000  2.173333e+001
      vertex  1.870469e+001  0.000000e+000  2.345494e+001
    endloop
  endfacet
  facet normal  -0.000000e+000 -1.000000e+000  0.000000e+000
    outer loop
      vertex -1.377728e-015  0.000000e+000  2.250000e+001
      vertex  1.870469e+001  0.000000e+000  2.345494e+001
      vertex  1.301651e+001  0.000000e+000  2.702907e+001
    endloop
  endfacet
  facet normal  -0.000000e+000 -9.999999e-001  0.000000e+000
    outer loop
      vertex -1.377728e-015  0.000000e+000  2.250000e+001
      vertex  1.301651e+001  0.000000e+000  2.702907e+001
      vertex  6.675628e+000  0.000000e+000  2.924784e+001
    endloop
  endfacet
  facet normal  -0.000000e+000 -1.000000e+000  0.000000e+000
    outer loop
      vertex -1.377728e-015  0.000000e+000  2.250000e+001
      vertex  6.675628e+000  0.000000e+000  2.924784e+001
      vertex -8.498309e-015  0.000000e+000  3.000000e+001
    endloop
  endfacet
  facet normal  0.000000e+000 -1.000000e+000  -0.000000e+000
    outer loop
      vertex -1.377728e-015  0.000000e+000  2.250000e+001
      vertex -8.498309e-015  0.000000e+000  3.000000e+001
      vertex -6.675628e+000  0.000000e+000  2.924784e+001
    endloop
  endfacet
  facet normal  0.000000e+000 -1.000000e+000  -0.000000e+000
    outer loop
      vertex -1.377728e-015  0.000000e+000  2.250000e+001
      vertex -6.675628e+000  0.000000e+000  2.924784e+001
      vertex -1.301651e+001  0.000000e+000  2.702907e+001
    endloop
  endfacet
  facet normal  0.000000e+000 -1.000000e+000  -0.000000e+000
    outer loop
      vertex -1.377728e-015  0.000000e+000  2.250000e+001
      vertex -1.301651e+001  0.000000e+000  2.702907e+001
      vertex -1.870469e+001  0.000000e+000  2.345494e+001
    endloop
  endfacet
  facet normal  0.000000e+000 -1.000000e+000  0.000000e+000
    outer loop
      vertex -1.377728e-015  0.000000e+000  2.250000e+001
      vertex -1.870469e+001  0.000000e+000  2.345494e+001
      vertex -5.823429e+000  0.000000e+000  2.173333e+001
    endloop
  endfacet
  facet normal  0.000000e+000 -9.999999e-001  -0.000000e+000
    outer loop
      vertex  3.215626e-014  0.000000e+000 -3.000000e+001
      vertex -1.585083e-014  0.000000e+000 -2.250000e+001
      vertex -1.870469e+001  0.000000e+000 -2.345494e+001
    endloop
  endfacet
  facet normal  0.000000e+000 -9.999999e-001  0.000000e+000
    outer loop
      vertex  3.215626e-014  0.000000e+000 -3.000000e+001
      vertex -1.870469e+001  0.000000e+000 -2.345494e+001
      vertex -1.301651e+001  0.000000e+000 -2.702907e+001
    endloop
  endfacet
  facet normal  0.000000e+000 -1.000000e+000  0.000000e+000
    outer loop
      vertex  3.215626e-014  0.000000e+000 -3.000000e+001
      vertex -1.301651e+001  0.000000e+000 -2.702907e+001
      vertex -6.675628e+000  0.000000e+000 -2.924784e+001
    endloop
  endfacet
  facet normal  -0.000000e+000 -1.000000e+000  0.000000e+000
    outer loop
      vertex  1.948557e+001  0.000000e+000  1.125000e+001
      vertex  2.702907e+001  0.000000e+000  1.301651e+001
      vertex  1.590990e+001  0.000000e+000  1.590990e+001
    endloop
  endfacet
  facet normal  0.000000e+000 -9.999999e-001  0.000000e+000
    outer loop
      vertex  1.590990e+001  0.000000e+000  1.590990e+001
      vertex  2.702907e+001  0.000000e+000  1.301651e+001
      vertex  2.345494e+001  0.000000e+000  1.870469e+001
    endloop
  endfacet
  facet normal  -0.000000e+000 -1.000000e+000  0.000000e+000
    outer loop
      vertex  1.590990e+001  0.000000e+000  1.590990e+001
      vertex  2.345494e+001  0.000000e+000  1.870469e+001
      vertex  1.125000e+001  0.000000e+000  1.948557e+001
    endloop
  endfacet
  facet normal  0.000000e+000 -1.000000e+000  0.000000e+000
    outer loop
      vertex  1.125000e+001  0.000000e+000  1.948557e+001
      vertex  2.345494e+001  0.000000e+000  1.870469e+001
      vertex  1.870469e+001  0.000000e+000  2.345494e+001
    endloop
  endfacet
  facet normal  0.000000e+000 -1.000000e+000  0.000000e+000
    outer loop
      vertex  1.125000e+001  0.000000e+000  1.948557e+001
      vertex  1.870469e+001  0.000000e+000  2.345494e+001
      vertex  5.823429e+000  0.000000e+000  2.173333e+001
    endloop
  endfacet
  facet normal  -0.000000e+000 -1.000000e+000  0.000000e+000
    outer loop
      vertex  1.125000e+001  0.000000e+000 -1.948557e+001
      vertex  2.345494e+001  0.000000e+000 -1.870469e+001
      vertex  1.590990e+001  0.000000e+000 -1.590990e+001
    endloop
  endfacet
  facet normal  0.000000e+000 -9.999999e-001  0.000000e+000
    outer loop
      vertex  1.590990e+001  0.000000e+000 -1.590990e+001
      vertex  2.345494e+001  0.000000e+000 -1.870469e+001
      vertex  2.702907e+001  0.000000e+000 -1.301651e+001
    endloop
  endfacet
  facet normal  -0.000000e+000 -1.000000e+000  0.000000e+000
    outer loop
      vertex  1.590990e+001  0.000000e+000 -1.590990e+001
      vertex  2.702907e+001  0.000000e+000 -1.301651e+001
      vertex  1.948557e+001  0.000000e+000 -1.125000e+001
    endloop
  endfacet
  facet normal  0.000000e+000 -1.000000e+000  0.000000e+000
    outer loop
      vertex  1.948557e+001  0.000000e+000 -1.125000e+001
      vertex  2.702907e+001  0.000000e+000 -1.301651e+001
      vertex  2.924784e+001  0.000000e+000 -6.675628e+000
    endloop
  endfacet
  facet normal  -0.000000e+000 -1.000000e+000  0.000000e+000
    outer loop
      vertex  1.948557e+001  0.000000e+000 -1.125000e+001
      vertex  2.924784e+001  0.000000e+000 -6.675628e+000
      vertex  2.173333e+001  0.000000e+000 -5.823429e+000
    endloop
  endfacet
  facet normal  0.000000e+000 -1.000000e+000  0.000000e+000
    outer loop
      vertex  2.173333e+001  0.000000e+000 -5.823429e+000
      vertex  2.924784e+001  0.000000e+000 -6.675628e+000
      vertex  3.000000e+001  0.000000e+000  1.699662e-014
    endloop
  endfacet
  facet normal  0.000000e+000 -1.000000e+000  0.000000e+000
    outer loop
      vertex  2.173333e+001  0.000000e+000 -5.823429e+000
      vertex  3.000000e+001  0.000000e+000  1.699662e-014
      vertex  2.250000e+001  0.000000e+000  2.755455e-015
    endloop
  endfacet
  facet normal  0.000000e+000 -1.000000e+000  0.000000e+000
    outer loop
      vertex  2.250000e+001  0.000000e+000  2.755455e-015
      vertex  3.000000e+001  0.000000e+000  1.699662e-014
      vertex  2.924784e+001  0.000000e+000  6.675628e+000
    endloop
  endfacet
  facet normal  0.000000e+000 -1.000000e+000  0.000000e+000
    outer loop
      vertex  2.250000e+001  0.000000e+000  2.755455e-015
      vertex  2.924784e+001  0.000000e+000  6.675628e+000
      vertex  2.173333e+001  0.000000e+000  5.823429e+000
    endloop
  endfacet
  facet normal  0.000000e+000 -1.000000e+000  0.000000e+000
    outer loop
      vertex  2.173333e+001  0.000000e+000  5.823429e+000
      vertex  2.924784e+001  0.000000e+000  6.675628e+000
      vertex  2.702907e+001  0.000000e+000  1.301651e+001
    endloop
  endfacet
  facet normal  0.000000e+000 -1.000000e+000  0.000000e+000
    outer loop
      vertex  2.173333e+001  0.000000e+000  5.823429e+000
      vertex  2.702907e+001  0.000000e+000  1.301651e+001
      vertex  1.948557e+001  0.000000e+000  1.125000e+001
    endloop
  endfacet
  facet normal  0.000000e+000 -1.000000e+000  0.000000e+000
    outer loop
      vertex -1.948557e+001  0.000000e+000  1.125000e+001
      vertex -1.590990e+001  0.000000e+000  1.590990e+001
      vertex -2.702907e+001  0.000000e+000  1.301651e+001
    endloop
  endfacet
  facet normal  0.000000e+000 -1.000000e+000  0.000000e+000
    outer loop
      vertex -2.702907e+001  0.000000e+000  1.301651e+001
      vertex -1.590990e+001  0.000000e+000  1.590990e+001
      vertex -1.125000e+001  0.000000e+000  1.948557e+001
    endloop
  endfacet
  facet normal  0.000000e+000 -1.000000e+000  0.000000e+000
    outer loop
      vertex -2.702907e+001  0.000000e+000  1.301651e+001
      vertex -1.125000e+001  0.000000e+000  1.948557e+001
      vertex -2.345494e+001  0.000000e+000  1.870469e+001
    endloop
  endfacet
  facet normal  0.000000e+000 -1.000000e+000  0.000000e+000
    outer loop
      vertex -2.345494e+001  0.000000e+000  1.870469e+001
      vertex -1.125000e+001  0.000000e+000  1.948557e+001
      vertex -5.823429e+000  0.000000e+000  2.173333e+001
    endloop
  endfacet
  facet normal  -0.000000e+000 -1.000000e+000  0.000000e+000
    outer loop
      vertex -2.345494e+001  0.000000e+000  1.870469e+001
      vertex -5.823429e+000  0.000000e+000  2.173333e+001
      vertex -1.870469e+001  0.000000e+000  2.345494e+001
    endloop
  endfacet
  facet normal  0.000000e+000 -1.000000e+000  -0.000000e+000
    outer loop
      vertex -1.125000e+001  0.000000e+000 -1.948557e+001
      vertex -1.590990e+001  0.000000e+000 -1.590990e+001
      vertex -2.345494e+001  0.000000e+000 -1.870469e+001
    endloop
  endfacet
  facet normal  0.000000e+000 -1.000000e+000  0.000000e+000
    outer loop
      vertex -2.345494e+001  0.000000e+000 -1.870469e+001
      vertex -1.590990e+001  0.000000e+000 -1.590990e+001
      vertex -1.948557e+001  0.000000e+000 -1.125000e+001
    endloop
  endfacet
  facet normal  0.000000e+000 -1.000000e+000  0.000000e+000
    outer loop
      vertex -2.345494e+001  0.000000e+000 -1.870469e+001
      vertex -1.948557e+001  0.000000e+000 -1.125000e+001
      vertex -2.702907e+001  0.000000e+000 -1.301651e+001
    endloop
  endfacet
  facet normal  0.000000e+000 -1.000000e+000  0.000000e+000
    outer loop
      vertex -2.702907e+001  0.000000e+000 -1.301651e+001
      vertex -1.948557e+001  0.000000e+000 -1.125000e+001
      vertex -2.173333e+001  0.000000e+000 -5.823429e+000
    endloop
  endfacet
  facet normal  0.000000e+000 -1.000000e+000  0.000000e+000
    outer loop
      vertex -2.702907e+001  0.000000e+000 -1.301651e+001
      vertex -2.173333e+001  0.000000e+000 -5.823429e+000
      vertex -2.924784e+001  0.000000e+000 -6.675628e+000
    endloop
  endfacet
  facet normal  0.000000e+000 -1.000000e+000  0.000000e+000
    outer loop
      vertex -2.924784e+001  0.000000e+000 -6.675628e+000
      vertex -2.173333e+001  0.000000e+000 -5.823429e+000
      vertex -2.250000e+001  0.000000e+000  0.000000e+000
    endloop
  endfacet
  facet normal  -0.000000e+000 -1.000000e+000  0.000000e+000
    outer loop
      vertex -2.924784e+001  0.000000e+000 -6.675628e+000
      vertex -2.250000e+001  0.000000e+000  0.000000e+000
      vertex -3.000000e+001  0.000000e+000  0.000000e+000
    endloop
  endfacet
  facet normal  0.000000e+000 -1.000000e+000  0.000000e+000
    outer loop
      vertex -3.000000e+001  0.000000e+000  0.000000e+000
      vertex -2.250000e+001  0.000000e+000  0.000000e+000
      vertex -2.173333e+001  0.000000e+000  5.823429e+000
    endloop
  endfacet
  facet normal  -0.000000e+000 -1.000000e+000  0.000000e+000
    outer loop
      vertex -3.000000e+001  0.000000e+000  0.000000e+000
      vertex -2.173333e+001  0.000000e+000  5.823429e+000
      vertex -2.924784e+001  0.000000e+000  6.675628e+000
    endloop
  endfacet
  facet normal  0.000000e+000 -1.000000e+000  0.000000e+000
    outer loop
      vertex -2.924784e+001  0.000000e+000  6.675628e+000
      vertex -2.173333e+001  0.000000e+000  5.823429e+000
      vertex -1.948557e+001  0.000000e+000  1.125000e+001
    endloop
  endfacet
  facet normal  -0.000000e+000 -1.000000e+000  0.000000e+000
    outer loop
      vertex -2.924784e+001  0.000000e+000  6.675628e+000
      vertex -1.948557e+001  0.000000e+000  1.125000e+001
      vertex -2.702907e+001  0.000000e+000  1.301651e+001
    endloop
  endfacet
  facet normal  0.000000e+000 -1.000000e+000  -0.000000e+000
    outer loop
      vertex -1.585083e-014  0.000000e+000 -2.250000e+001
      vertex -5.823429e+000  0.000000e+000 -2.173333e+001
      vertex -1.870469e+001  0.000000e+000 -2.345494e+001
    endloop
  endfacet
  facet normal  0.000000e+000 -1.000000e+000  0.000000e+000
    outer loop
      vertex -1.870469e+001  0.000000e+000 -2.345494e+001
      vertex -5.823429e+000  0.000000e+000 -2.173333e+001
      vertex -1.125000e+001  0.000000e+000 -1.948557e+001
    endloop
  endfacet
  facet normal  -0.000000e+000 -1.000000e+000  0.000000e+000
    outer loop
      vertex -1.870469e+001  0.000000e+000 -2.345494e+001
      vertex -1.125000e+001  0.000000e+000 -1.948557e+001
      vertex -2.345494e+001  0.000000e+000 -1.870469e+001
    endloop
  endfacet
  facet normal  0.000000e+000  1.000000e+000  0.000000e+000
    outer loop
      vertex  3.215626e-014  2.000000e+002 -3.000000e+001
      vertex  1.301651e+001  2.000000e+002 -2.702907e+001
      vertex  6.675628e+000  2.000000e+002 -2.924784e+001
    endloop
  endfacet
  facet normal  0.000000e+000  9.999999e-001  -0.000000e+000
    outer loop
      vertex  1.870469e+001  2.000000e+002 -2.345494e+001
      vertex  1.301651e+001  2.000000e+002 -2.702907e+001
      vertex  3.215626e-014  2.000000e+002 -3.000000e+001
    endloop
  endfacet
  facet normal  0.000000e+000  9.999999e-001  -0.000000e+000
    outer loop
      vertex  1.870469e+001  2.000000e+002 -2.345494e+001
      vertex  3.215626e-014  2.000000e+002 -3.000000e+001
      vertex  4.133183e-015  2.000000e+002 -2.250000e+001
    endloop
  endfacet
  facet normal  -0.000000e+000  1.000000e+000  0.000000e+000
    outer loop
      vertex  1.870469e+001  2.000000e+002 -2.345494e+001
      vertex  4.133183e-015  2.000000e+002 -2.250000e+001
      vertex  5.823429e+000  2.000000e+002 -2.173333e+001
    endloop
  endfacet
  facet normal  -0.000000e+000  1.000000e+000  0.000000e+000
    outer loop
      vertex  1.870469e+001  2.000000e+002 -2.345494e+001
      vertex  5.823429e+000  2.000000e+002 -2.173333e+001
      vertex  1.125000e+001  2.000000e+002 -1.948557e+001
    endloop
  endfacet
  facet normal  -0.000000e+000  1.000000e+000  0.000000e+000
    outer loop
      vertex  1.870469e+001  2.000000e+002 -2.345494e+001
      vertex  1.125000e+001  2.000000e+002 -1.948557e+001
      vertex  2.345494e+001  2.000000e+002 -1.870469e+001
    endloop
  endfacet
  facet normal  0.000000e+000  1.000000e+000  -0.000000e+000
    outer loop
      vertex -1.377728e-015  2.000000e+002  2.250000e+001
      vertex -5.823429e+000  2.000000e+002  2.173333e+001
      vertex -1.870469e+001  2.000000e+002  2.345494e+001
    endloop
  endfacet
  facet normal  -0.000000e+000  1.000000e+000  0.000000e+000
    outer loop
      vertex -1.377728e-015  2.000000e+002  2.250000e+001
      vertex -1.870469e+001  2.000000e+002  2.345494e+001
      vertex -1.301651e+001  2.000000e+002  2.702907e+001
    endloop
  endfacet
  facet normal  -0.000000e+000  9.999999e-001  0.000000e+000
    outer loop
      vertex -1.377728e-015  2.000000e+002  2.250000e+001
      vertex -1.301651e+001  2.000000e+002  2.702907e+001
      vertex -6.675628e+000  2.000000e+002  2.924784e+001
    endloop
  endfacet
  facet normal  -0.000000e+000  1.000000e+000  0.000000e+000
    outer loop
      vertex -1.377728e-015  2.000000e+002  2.250000e+001
      vertex -6.675628e+000  2.000000e+002  2.924784e+001
      vertex -8.498309e-015  2.000000e+002  3.000000e+001
    endloop
  endfacet
  facet normal  0.000000e+000  1.000000e+000  0.000000e+000
    outer loop
      vertex -1.377728e-015  2.000000e+002  2.250000e+001
      vertex -8.498309e-015  2.000000e+002  3.000000e+001
      vertex  6.675628e+000  2.000000e+002  2.924784e+001
    endloop
  endfacet
  facet normal  0.000000e+000  1.000000e+000  0.000000e+000
    outer loop
      vertex -1.377728e-015  2.000000e+002  2.250000e+001
      vertex  6.675628e+000  2.000000e+002  2.924784e+001
      vertex  1.301651e+001  2.000000e+002  2.702907e+001
    endloop
  endfacet
  facet normal  0.000000e+000  1.000000e+000  0.000000e+000
    outer loop
      vertex -1.377728e-015  2.000000e+002  2.250000e+001
      vertex  1.301651e+001  2.000000e+002  2.702907e+001
      vertex  1.870469e+001  2.000000e+002  2.345494e+001
    endloop
  endfacet
  facet normal  0.000000e+000  1.000000e+000  0.000000e+000
    outer loop
      vertex -1.377728e-015  2.000000e+002  2.250000e+001
      vertex  1.870469e+001  2.000000e+002  2.345494e+001
      vertex  5.823429e+000  2.000000e+002  2.173333e+001
    endloop
  endfacet
  facet normal  -0.000000e+000  1.000000e+000  -0.000000e+000
    outer loop
      vertex  3.215626e-014  2.000000e+002 -3.000000e+001
      vertex -6.675628e+000  2.000000e+002 -2.924784e+001
      vertex -1.301651e+001  2.000000e+002 -2.702907e+001
    endloop
  endfacet
  facet normal  -0.000000e+000  9.999999e-001  -0.000000e+000
    outer loop
      vertex  3.215626e-014  2.000000e+002 -3.000000e+001
      vertex -1.301651e+001  2.000000e+002 -2.702907e+001
      vertex -1.870469e+001  2.000000e+002 -2.345494e+001
    endloop
  endfacet
  facet normal  -0.000000e+000  9.999999e-001  0.000000e+000
    outer loop
      vertex  3.215626e-014  2.000000e+002 -3.000000e+001
      vertex -1.870469e+001  2.000000e+002 -2.345494e+001
      vertex  4.133183e-015  2.000000e+002 -2.250000e+001
    endloop
  endfacet
  facet normal  0.000000e+000  1.000000e+000  0.000000e+000
    outer loop
      vertex  5.823429e+000  2.000000e+002  2.173333e+001
      vertex  1.870469e+001  2.000000e+002  2.345494e+001
      vertex  1.125000e+001  2.000000e+002  1.948557e+001
    endloop
  endfacet
  facet normal  -0.000000e+000  1.000000e+000  0.000000e+000
    outer loop
      vertex  1.125000e+001  2.000000e+002  1.948557e+001
      vertex  1.870469e+001  2.000000e+002  2.345494e+001
      vertex  2.345494e+001  2.000000e+002  1.870469e+001
    endloop
  endfacet
  facet normal  0.000000e+000  1.000000e+000  0.000000e+000
    outer loop
      vertex  1.125000e+001  2.000000e+002  1.948557e+001
      vertex  2.345494e+001  2.000000e+002  1.870469e+001
      vertex  1.590990e+001  2.000000e+002  1.590990e+001
    endloop
  endfacet
  facet normal  -0.000000e+000  9.999999e-001  0.000000e+000
    outer loop
      vertex  1.590990e+001  2.000000e+002  1.590990e+001
      vertex  2.345494e+001  2.000000e+002  1.870469e+001
      vertex  2.702907e+001  2.000000e+002  1.301651e+001
    endloop
  endfacet
  facet normal  0.000000e+000  1.000000e+000  0.000000e+000
    outer loop
      vertex  1.590990e+001  2.000000e+002  1.590990e+001
      vertex  2.702907e+001  2.000000e+002  1.301651e+001
      vertex  1.948557e+001  2.000000e+002  1.125000e+001
    endloop
  endfacet
  facet normal  0.000000e+000  1.000000e+000  0.000000e+000
    outer loop
      vertex  1.948557e+001  2.000000e+002  1.125000e+001
      vertex  2.702907e+001  2.000000e+002  1.301651e+001
      vertex  2.173333e+001  2.000000e+002  5.823429e+000
    endloop
  endfacet
  facet normal  0.000000e+000  1.000000e+000  0.000000e+000
    outer loop
      vertex  2.173333e+001  2.000000e+002  5.823429e+000
      vertex  2.702907e+001  2.000000e+002  1.301651e+001
      vertex  2.924784e+001  2.000000e+002  6.675628e+000
    endloop
  endfacet
  facet normal  0.000000e+000  1.000000e+000  0.000000e+000
    outer loop
      vertex  2.173333e+001  2.000000e+002  5.823429e+000
      vertex  2.924784e+001  2.000000e+002  6.675628e+000
      vertex  2.250000e+001  2.000000e+002  2.755455e-015
    endloop
  endfacet
  facet normal  0.000000e+000  1.000000e+000  0.000000e+000
    outer loop
      vertex  2.250000e+001  2.000000e+002  2.755455e-015
      vertex  2.924784e+001  2.000000e+002  6.675628e+000
      vertex  3.000000e+001  2.000000e+002  1.699662e-014
    endloop
  endfacet
  facet normal  0.000000e+000  1.000000e+000  0.000000e+000
    outer loop
      vertex  2.250000e+001  2.000000e+002  2.755455e-015
      vertex  3.000000e+001  2.000000e+002  1.699662e-014
      vertex  2.173333e+001  2.000000e+002 -5.823429e+000
    endloop
  endfacet
  facet normal  -0.000000e+000  1.000000e+000  0.000000e+000
    outer loop
      vertex  2.173333e+001  2.000000e+002 -5.823429e+000
      vertex  3.000000e+001  2.000000e+002  1.699662e-014
      vertex  2.924784e+001  2.000000e+002 -6.675628e+000
    endloop
  endfacet
  facet normal  0.000000e+000  1.000000e+000  0.000000e+000
    outer loop
      vertex  2.173333e+001  2.000000e+002 -5.823429e+000
      vertex  2.924784e+001  2.000000e+002 -6.675628e+000
      vertex  1.948557e+001  2.000000e+002 -1.125000e+001
    endloop
  endfacet
  facet normal  -0.000000e+000  1.000000e+000  0.000000e+000
    outer loop
      vertex  1.948557e+001  2.000000e+002 -1.125000e+001
      vertex  2.924784e+001  2.000000e+002 -6.675628e+000
      vertex  2.702907e+001  2.000000e+002 -1.301651e+001
    endloop
  endfacet
  facet normal  0.000000e+000  1.000000e+000  0.000000e+000
    outer loop
      vertex  1.948557e+001  2.000000e+002 -1.125000e+001
      vertex  2.702907e+001  2.000000e+002 -1.301651e+001
      vertex  1.590990e+001  2.000000e+002 -1.590990e+001
    endloop
  endfacet
  facet normal  -0.000000e+000  9.999999e-001  0.000000e+000
    outer loop
      vertex  1.590990e+001  2.000000e+002 -1.590990e+001
      vertex  2.702907e+001  2.000000e+002 -1.301651e+001
      vertex  2.345494e+001  2.000000e+002 -1.870469e+001
    endloop
  endfacet
  facet normal  0.000000e+000  1.000000e+000  0.000000e+000
    outer loop
      vertex  1.590990e+001  2.000000e+002 -1.590990e+001
      vertex  2.345494e+001  2.000000e+002 -1.870469e+001
      vertex  1.125000e+001  2.000000e+002 -1.948557e+001
    endloop
  endfacet
  facet normal  0.000000e+000  1.000000e+000  0.000000e+000
    outer loop
      vertex -1.870469e+001  2.000000e+002  2.345494e+001
      vertex -5.823429e+000  2.000000e+002  2.173333e+001
      vertex -2.345494e+001  2.000000e+002  1.870469e+001
    endloop
  endfacet
  facet normal  0.000000e+000  1.000000e+000  0.000000e+000
    outer loop
      vertex -2.345494e+001  2.000000e+002  1.870469e+001
      vertex -5.823429e+000  2.000000e+002  2.173333e+001
      vertex -1.125000e+001  2.000000e+002  1.948557e+001
    endloop
  endfacet
  facet normal  0.000000e+000  1.000000e+000  0.000000e+000
    outer loop
      vertex -2.345494e+001  2.000000e+002  1.870469e+001
      vertex -1.125000e+001  2.000000e+002  1.948557e+001
      vertex -2.702907e+001  2.000000e+002  1.301651e+001
    endloop
  endfacet
  facet normal  0.000000e+000  1.000000e+000  0.000000e+000
    outer loop
      vertex -2.702907e+001  2.000000e+002  1.301651e+001
      vertex -1.125000e+001  2.000000e+002  1.948557e+001
      vertex -1.590990e+001  2.000000e+002  1.590990e+001
    endloop
  endfacet
  facet normal  0.000000e+000  1.000000e+000  0.000000e+000
    outer loop
      vertex -2.702907e+001  2.000000e+002  1.301651e+001
      vertex -1.590990e+001  2.000000e+002  1.590990e+001
      vertex -1.948557e+001  2.000000e+002  1.125000e+001
    endloop
  endfacet
  facet normal  0.000000e+000  1.000000e+000  0.000000e+000
    outer loop
      vertex -2.702907e+001  2.000000e+002  1.301651e+001
      vertex -1.948557e+001  2.000000e+002  1.125000e+001
      vertex -2.924784e+001  2.000000e+002  6.675628e+000
    endloop
  endfacet
  facet normal  -0.000000e+000  1.000000e+000  0.000000e+000
    outer loop
      vertex -2.924784e+001  2.000000e+002  6.675628e+000
      vertex -1.948557e+001  2.000000e+002  1.125000e+001
      vertex -2.173333e+001  2.000000e+002  5.823429e+000
    endloop
  endfacet
  facet normal  0.000000e+000  1.000000e+000  0.000000e+000
    outer loop
      vertex -2.924784e+001  2.000000e+002  6.675628e+000
      vertex -2.173333e+001  2.000000e+002  5.823429e+000
      vertex -3.000000e+001  2.000000e+002  0.000000e+000
    endloop
  endfacet
  facet normal  0.000000e+000  1.000000e+000  0.000000e+000
    outer loop
      vertex -3.000000e+001  2.000000e+002  0.000000e+000
      vertex -2.173333e+001  2.000000e+002  5.823429e+000
      vertex -2.250000e+001  2.000000e+002  0.000000e+000
    endloop
  endfacet
  facet normal  0.000000e+000  1.000000e+000  0.000000e+000
    outer loop
      vertex -3.000000e+001  2.000000e+002  0.000000e+000
      vertex -2.250000e+001  2.000000e+002  0.000000e+000
      vertex -2.924784e+001  2.000000e+002 -6.675628e+000
    endloop
  endfacet
  facet normal  0.000000e+000  1.000000e+000  0.000000e+000
    outer loop
      vertex -2.924784e+001  2.000000e+002 -6.675628e+000
      vertex -2.250000e+001  2.000000e+002  0.000000e+000
      vertex -2.173333e+001  2.000000e+002 -5.823429e+000
    endloop
  endfacet
  facet normal  0.000000e+000  1.000000e+000  0.000000e+000
    outer loop
      vertex -2.924784e+001  2.000000e+002 -6.675628e+000
      vertex -2.173333e+001  2.000000e+002 -5.823429e+000
      vertex -2.702907e+001  2.000000e+002 -1.301651e+001
    endloop
  endfacet
  facet normal  0.000000e+000  1.000000e+000  0.000000e+000
    outer loop
      vertex -2.702907e+001  2.000000e+002 -1.301651e+001
      vertex -2.173333e+001  2.000000e+002 -5.823429e+000
      vertex -1.948557e+001  2.000000e+002 -1.125000e+001
    endloop
  endfacet
  facet normal  0.000000e+000  1.000000e+000  0.000000e+000
    outer loop
      vertex -2.702907e+001  2.000000e+002 -1.301651e+001
      vertex -1.948557e+001  2.000000e+002 -1.125000e+001
      vertex -2.345494e+001  2.000000e+002 -1.870469e+001
    endloop
  endfacet
  facet normal  0.000000e+000  1.000000e+000  0.000000e+000
    outer loop
      vertex -2.345494e+001  2.000000e+002 -1.870469e+001
      vertex -1.948557e+001  2.000000e+002 -1.125000e+001
      vertex -1.590990e+001  2.000000e+002 -1.590990e+001
    endloop
  endfacet
  facet normal  0.000000e+000  1.000000e+000  0.000000e+000
    outer loop
      vertex -2.345494e+001  2.000000e+002 -1.870469e+001
      vertex -1.590990e+001  2.000000e+002 -1.590990e+001
      vertex -1.125000e+001  2.000000e+002 -1.948557e+001
    endloop
  endfacet
  facet normal  0.000000e+000  1.000000e+000  0.000000e+000
    outer loop
      vertex -2.345494e+001  2.000000e+002 -1.870469e+001
      vertex -1.125000e+001  2.000000e+002 -1.948557e+001
      vertex -1.870469e+001  2.000000e+002 -2.345494e+001
    endloop
  endfacet
  facet normal  0.000000e+000  1.000000e+000  0.000000e+000
    outer loop
      vertex -1.870469e+001  2.000000e+002 -2.345494e+001
      vertex -1.125000e+001  2.000000e+002 -1.948557e+001
      vertex -5.823429e+000  2.000000e+002 -2.173333e+001
    endloop
  endfacet
  facet normal  0.000000e+000  1.000000e+000  0.000000e+000
    outer loop
      vertex -1.870469e+001  2.000000e+002 -2.345494e+001
      vertex -5.823429e+000  2.000000e+002 -2.173333e+001
      vertex  4.133183e-015  2.000000e+002 -2.250000e+001
    endloop
  endfacet
  facet normal -1.305261e-001  -0.000000e+000 -9.914449e-001
    outer loop
      vertex -1.377728e-015  0.000000e+000  2.250000e+001
      vertex  5.823429e+000  2.000000e+002  2.173333e+001
      vertex  5.823429e+000  0.000000e+000  2.173333e+001
    endloop
  endfacet
  facet normal -3.826836e-001  0.000000e+000 -9.238794e-001
    outer loop
      vertex  5.823429e+000  0.000000e+000  2.173333e+001
      vertex  5.823429e+000  2.000000e+002  2.173333e+001
      vertex  1.125000e+001  2.000000e+002  1.948557e+001
    endloop
  endfacet
  facet normal -3.826836e-001  -0.000000e+000 -9.238794e-001
    outer loop
      vertex  5.823429e+000  0.000000e+000  2.173333e+001
      vertex  1.125000e+001  2.000000e+002  1.948557e+001
      vertex  1.125000e+001  0.000000e+000  1.948557e+001
    endloop
  endfacet
  facet normal -6.087613e-001  0.000000e+000 -7.933534e-001
    outer loop
      vertex  1.125000e+001  0.000000e+000  1.948557e+001
      vertex  1.125000e+001  2.000000e+002  1.948557e+001
      vertex  1.590990e+001  2.000000e+002  1.590990e+001
    endloop
  endfacet
  facet normal -6.087613e-001  -0.000000e+000 -7.933534e-001
    outer loop
      vertex  1.125000e+001  0.000000e+000  1.948557e+001
      vertex  1.590990e+001  2.000000e+002  1.590990e+001
      vertex  1.590990e+001  0.000000e+000  1.590990e+001
    endloop
  endfacet
  facet normal -7.933534e-001  0.000000e+000 -6.087613e-001
    outer loop
      vertex  1.590990e+001  0.000000e+000  1.590990e+001
      vertex  1.590990e+001  2.000000e+002  1.590990e+001
      vertex  1.948557e+001  2.000000e+002  1.125000e+001
    endloop
  endfacet
  facet normal -7.933534e-001  -0.000000e+000 -6.087613e-001
    outer loop
      vertex  1.590990e+001  0.000000e+000  1.590990e+001
      vertex  1.948557e+001  2.000000e+002  1.125000e+001
      vertex  1.948557e+001  0.000000e+000  1.125000e+001
    endloop
  endfacet
  facet normal -9.238794e-001  0.000000e+000 -3.826836e-001
    outer loop
      vertex  1.948557e+001  0.000000e+000  1.125000e+001
      vertex  1.948557e+001  2.000000e+002  1.125000e+001
      vertex  2.173333e+001  2.000000e+002  5.823429e+000
    endloop
  endfacet
  facet normal -9.238794e-001  -0.000000e+000 -3.826836e-001
    outer loop
      vertex  1.948557e+001  0.000000e+000  1.125000e+001
      vertex  2.173333e+001  2.000000e+002  5.823429e+000
      vertex  2.173333e+001  0.000000e+000  5.823429e+000
    endloop
  endfacet
  facet normal -9.914449e-001  0.000000e+000 -1.305261e-001
    outer loop
      vertex  2.173333e+001  0.000000e+000  5.823429e+000
      vertex  2.173333e+001  2.000000e+002  5.823429e+000
      vertex  2.250000e+001  2.000000e+002  2.755455e-015
    endloop
  endfacet
  facet normal -9.914449e-001  -0.000000e+000 -1.305261e-001
    outer loop
      vertex  2.173333e+001  0.000000e+000  5.823429e+000
      vertex  2.250000e+001  2.000000e+002  2.755455e-015
      vertex  2.250000e+001  0.000000e+000  2.755455e-015
    endloop
  endfacet
  facet normal -1.305261e-001  0.000000e+000 -9.914449e-001
    outer loop
      vertex  5.823429e+000  2.000000e+002  2.173333e+001
      vertex -1.377728e-015  0.000000e+000  2.250000e+001
      vertex -1.377728e-015  2.000000e+002  2.250000e+001
    endloop
  endfacet
  facet normal  1.305261e-001  0.000000e+000 -9.914449e-001
    outer loop
      vertex -1.377728e-015  2.000000e+002  2.250000e+001
      vertex -1.377728e-015  0.000000e+000  2.250000e+001
      vertex -5.823429e+000  0.000000e+000  2.173333e+001
    endloop
  endfacet
  facet normal  1.305261e-001  0.000000e+000 -9.914449e-001
    outer loop
      vertex -1.377728e-015  2.000000e+002  2.250000e+001
      vertex -5.823429e+000  0.000000e+000  2.173333e+001
      vertex -5.823429e+000  2.000000e+002  2.173333e+001
    endloop
  endfacet
  facet normal  3.826836e-001  0.000000e+000 -9.238794e-001
    outer loop
      vertex -5.823429e+000  2.000000e+002  2.173333e+001
      vertex -5.823429e+000  0.000000e+000  2.173333e+001
      vertex -1.125000e+001  0.000000e+000  1.948557e+001
    endloop
  endfacet
  facet normal  3.826836e-001  0.000000e+000 -9.238794e-001
    outer loop
      vertex -5.823429e+000  2.000000e+002  2.173333e+001
      vertex -1.125000e+001  0.000000e+000  1.948557e+001
      vertex -1.125000e+001  2.000000e+002  1.948557e+001
    endloop
  endfacet
  facet normal  6.087613e-001  0.000000e+000 -7.933534e-001
    outer loop
      vertex -1.125000e+001  2.000000e+002  1.948557e+001
      vertex -1.125000e+001  0.000000e+000  1.948557e+001
      vertex -1.590990e+001  0.000000e+000  1.590990e+001
    endloop
  endfacet
  facet normal  6.087613e-001  0.000000e+000 -7.933534e-001
    outer loop
      vertex -1.125000e+001  2.000000e+002  1.948557e+001
      vertex -1.590990e+001  0.000000e+000  1.590990e+001
      vertex -1.590990e+001  2.000000e+002  1.590990e+001
    endloop
  endfacet
  facet normal  7.933534e-001  0.000000e+000 -6.087613e-001
    outer loop
      vertex -1.590990e+001  2.000000e+002  1.590990e+001
      vertex -1.590990e+001  0.000000e+000  1.590990e+001
      vertex -1.948557e+001  0.000000e+000  1.125000e+001
    endloop
  endfacet
  facet normal  7.933534e-001  0.000000e+000 -6.087613e-001
    outer loop
      vertex -1.590990e+001  2.000000e+002  1.590990e+001
      vertex -1.948557e+001  0.000000e+000  1.125000e+001
      vertex -1.948557e+001  2.000000e+002  1.125000e+001
    endloop
  endfacet
  facet normal  9.238794e-001  0.000000e+000 -3.826836e-001
    outer loop
      vertex -1.948557e+001  2.000000e+002  1.125000e+001
      vertex -1.948557e+001  0.000000e+000  1.125000e+001
      vertex -2.173333e+001  0.000000e+000  5.823429e+000
    endloop
  endfacet
  facet normal  9.238794e-001  0.000000e+000 -3.826836e-001
    outer loop
      vertex -1.948557e+001  2.000000e+002  1.125000e+001
      vertex -2.173333e+001  0.000000e+000  5.823429e+000
      vertex -2.173333e+001  2.000000e+002  5.823429e+000
    endloop
  endfacet
  facet normal  9.914449e-001  0.000000e+000 -1.305261e-001
    outer loop
      vertex -2.173333e+001  2.000000e+002  5.823429e+000
      vertex -2.173333e+001  0.000000e+000  5.823429e+000
      vertex -2.250000e+001  0.000000e+000  0.000000e+000
    endloop
  endfacet
  facet normal  9.914449e-001  0.000000e+000 -1.305261e-001
    outer loop
      vertex -2.173333e+001  2.000000e+002  5.823429e+000
      vertex -2.250000e+001  0.000000e+000  0.000000e+000
      vertex -2.250000e+001  2.000000e+002  0.000000e+000
    endloop
  endfacet
  facet normal  1.305261e-001  0.000000e+000  9.914449e-001
    outer loop
      vertex -1.585083e-014  0.000000e+000 -2.250000e+001
      vertex -5.823429e+000  2.000000e+002 -2.173333e+001
      vertex -5.823429e+000  0.000000e+000 -2.173333e+001
    endloop
  endfacet
  facet normal  3.826836e-001  -0.000000e+000  9.238794e-001
    outer loop
      vertex -5.823429e+000  0.000000e+000 -2.173333e+001
      vertex -5.823429e+000  2.000000e+002 -2.173333e+001
      vertex -1.125000e+001  2.000000e+002 -1.948557e+001
    endloop
  endfacet
  facet normal  3.826836e-001  0.000000e+000  9.238794e-001
    outer loop
      vertex -5.823429e+000  0.000000e+000 -2.173333e+001
      vertex -1.125000e+001  2.000000e+002 -1.948557e+001
      vertex -1.125000e+001  0.000000e+000 -1.948557e+001
    endloop
  endfacet
  facet normal  6.087613e-001  -0.000000e+000  7.933534e-001
    outer loop
      vertex -1.125000e+001  0.000000e+000 -1.948557e+001
      vertex -1.125000e+001  2.000000e+002 -1.948557e+001
      vertex -1.590990e+001  2.000000e+002 -1.590990e+001
    endloop
  endfacet
  facet normal  6.087613e-001  0.000000e+000  7.933534e-001
    outer loop
      vertex -1.125000e+001  0.000000e+000 -1.948557e+001
      vertex -1.590990e+001  2.000000e+002 -1.590990e+001
      vertex -1.590990e+001  0.000000e+000 -1.590990e+001
    endloop
  endfacet
  facet normal  7.933534e-001  -0.000000e+000  6.087613e-001
    outer loop
      vertex -1.590990e+001  0.000000e+000 -1.590990e+001
      vertex -1.590990e+001  2.000000e+002 -1.590990e+001
      vertex -1.948557e+001  2.000000e+002 -1.125000e+001
    endloop
  endfacet
  facet normal  7.933534e-001  0.000000e+000  6.087613e-001
    outer loop
      vertex -1.590990e+001  0.000000e+000 -1.590990e+001
      vertex -1.948557e+001  2.000000e+002 -1.125000e+001
      vertex -1.948557e+001  0.000000e+000 -1.125000e+001
    endloop
  endfacet
  facet normal  9.238794e-001  -0.000000e+000  3.826836e-001
    outer loop
      vertex -1.948557e+001  0.000000e+000 -1.125000e+001
      vertex -1.948557e+001  2.000000e+002 -1.125000e+001
      vertex -2.173333e+001  2.000000e+002 -5.823429e+000
    endloop
  endfacet
  facet normal  9.238794e-001  0.000000e+000  3.826836e-001
    outer loop
      vertex -1.948557e+001  0.000000e+000 -1.125000e+001
      vertex -2.173333e+001  2.000000e+002 -5.823429e+000
      vertex -2.173333e+001  0.000000e+000 -5.823429e+000
    endloop
  endfacet
  facet normal  9.914449e-001  -0.000000e+000  1.305261e-001
    outer loop
      vertex -2.173333e+001  0.000000e+000 -5.823429e+000
      vertex -2.173333e+001  2.000000e+002 -5.823429e+000
      vertex -2.250000e+001  2.000000e+002  0.000000e+000
    endloop
  endfacet
  facet normal  9.914449e-001  0.000000e+000  1.305261e-001
    outer loop
      vertex -2.173333e+001  0.000000e+000 -5.823429e+000
      vertex -2.250000e+001  2.000000e+002  0.000000e+000
      vertex -2.250000e+001  0.000000e+000  0.000000e+000
    endloop
  endfacet
  facet normal  1.305261e-001 -1.304218e-017  9.914449e-001
    outer loop
      vertex -5.823429e+000  2.000000e+002 -2.173333e+001
      vertex -1.585083e-014  0.000000e+000 -2.250000e+001
      vertex  4.133183e-015  2.000000e+002 -2.250000e+001
    endloop
  endfacet
  facet normal -1.305261e-001  1.304218e-017  9.914449e-001
    outer loop
      vertex  4.133183e-015  2.000000e+002 -2.250000e+001
      vertex -1.585083e-014  0.000000e+000 -2.250000e+001
      vertex  5.823429e+000  0.000000e+000 -2.173333e+001
    endloop
  endfacet
  facet normal -1.305261e-001  0.000000e+000  9.914449e-001
    outer loop
      vertex  4.133183e-015  2.000000e+002 -2.250000e+001
      vertex  5.823429e+000  0.000000e+000 -2.173333e+001
      vertex  5.823429e+000  2.000000e+002 -2.173333e+001
    endloop
  endfacet
  facet normal -3.826836e-001  0.000000e+000  9.238794e-001
    outer loop
      vertex  5.823429e+000  2.000000e+002 -2.173333e+001
      vertex  5.823429e+000  0.000000e+000 -2.173333e+001
      vertex  1.125000e+001  0.000000e+000 -1.948557e+001
    endloop
  endfacet
  facet normal -3.826836e-001  0.000000e+000  9.238794e-001
    outer loop
      vertex  5.823429e+000  2.000000e+002 -2.173333e+001
      vertex  1.125000e+001  0.000000e+000 -1.948557e+001
      vertex  1.125000e+001  2.000000e+002 -1.948557e+001
    endloop
  endfacet
  facet normal -6.087613e-001  0.000000e+000  7.933534e-001
    outer loop
      vertex  1.125000e+001  2.000000e+002 -1.948557e+001
      vertex  1.125000e+001  0.000000e+000 -1.948557e+001
      vertex  1.590990e+001  0.000000e+000 -1.590990e+001
    endloop
  endfacet
  facet normal -6.087613e-001  0.000000e+000  7.933534e-001
    outer loop
      vertex  1.125000e+001  2.000000e+002 -1.948557e+001
      vertex  1.590990e+001  0.000000e+000 -1.590990e+001
      vertex  1.590990e+001  2.000000e+002 -1.590990e+001
    endloop
  endfacet
  facet normal -7.933534e-001  0.000000e+000  6.087613e-001
    outer loop
      vertex  1.590990e+001  2.000000e+002 -1.590990e+001
      vertex  1.590990e+001  0.000000e+000 -1.590990e+001
      vertex  1.948557e+001  0.000000e+000 -1.125000e+001
    endloop
  endfacet
  facet normal -7.933534e-001  0.000000e+000  6.087613e-001
    outer loop
      vertex  1.590990e+001  2.000000e+002 -1.590990e+001
      vertex  1.948557e+001  0.000000e+000 -1.125000e+001
      vertex  1.948557e+001  2.000000e+002 -1.125000e+001
    endloop
  endfacet
  facet normal -9.238794e-001  0.000000e+000  3.826836e-001
    outer loop
      vertex  1.948557e+001  2.000000e+002 -1.125000e+001
      vertex  1.948557e+001  0.000000e+000 -1.125000e+001
      vertex  2.173333e+001  0.000000e+000 -5.823429e+000
    endloop
  endfacet
  facet normal -9.238794e-001  0.000000e+000  3.826836e-001
    outer loop
      vertex  1.948557e+001  2.000000e+002 -1.125000e+001
      vertex  2.173333e+001  0.000000e+000 -5.823429e+000
      vertex  2.173333e+001  2.000000e+002 -5.823429e+000
    endloop
  endfacet
  facet normal -9.914449e-001  0.000000e+000  1.305261e-001
    outer loop
      vertex  2.173333e+001  2.000000e+002 -5.823429e+000
      vertex  2.173333e+001  0.000000e+000 -5.823429e+000
      vertex  2.250000e+001  0.000000e+000  2.755455e-015
    endloop
  endfacet
  facet normal -9.914449e-001  0.000000e+000  1.305261e-001
    outer loop
      vertex  2.173333e+001  2.000000e+002 -5.823429e+000
      vertex  2.250000e+001  0.000000e+000  2.755455e-015
      vertex  2.250000e+001  2.000000e+002  2.755455e-015
    endloop
  endfacet
  facet normal  0.000000e+000  1.000000e+000  0.000000e+000
    outer loop
      vertex -3.013417e+000  1.000000e+001  2.481772e+001
      vertex -8.498309e-015  1.000000e+001  3.000000e+001
      vertex  3.013417e+000  1.000000e+001  2.481772e+001
    endloop
  endfacet
  facet normal  0.000000e+000  1.000000e+000  0.000000e+000
    outer loop
      vertex  3.215626e-014  1.000000e+001 -3.000000e+001
      vertex  1.301651e+001  1.000000e+001 -2.702907e+001
      vertex  6.675628e+000  1.000000e+001 -2.924784e+001
    endloop
  endfacet
  facet normal  -0.000000e+000  1.000000e+000  -0.000000e+000
    outer loop
      vertex  3.215626e-014  1.000000e+001 -3.000000e+001
      vertex -6.675628e+000  1.000000e+001 -2.924784e+001
      vertex -1.301651e+001  1.000000e+001 -2.702907e+001
    endloop
  endfacet
  facet normal  0.000000e+000  1.000000e+000  0.000000e+000
    outer loop
      vertex -2.345494e+001  1.000000e+001 -1.870469e+001
      vertex -1.420162e+001  1.000000e+001 -2.057460e+001
      vertex -1.870469e+001  1.000000e+001 -2.345494e+001
    endloop
  endfacet
  facet normal  0.000000e+000  9.999999e-001  0.000000e+000
    outer loop
      vertex -1.870469e+001  1.000000e+001 -2.345494e+001
      vertex -1.420162e+001  1.000000e+001 -2.057460e+001
      vertex -8.865122e+000  1.000000e+001 -2.337541e+001
    endloop
  endfacet
  facet normal  0.000000e+000  1.000000e+000  0.000000e+000
    outer loop
      vertex -1.870469e+001  1.000000e+001 -2.345494e+001
      vertex -8.865122e+000  1.000000e+001 -2.337541e+001
      vertex -1.301651e+001  1.000000e+001 -2.702907e+001
    endloop
  endfacet
  facet normal  0.000000e+000  1.000000e+000  0.000000e+000
    outer loop
      vertex -1.301651e+001  1.000000e+001 -2.702907e+001
      vertex -8.865122e+000  1.000000e+001 -2.337541e+001
      vertex -3.013417e+000  1.000000e+001 -2.481772e+001
    endloop
  endfacet
  facet normal  0.000000e+000  1.000000e+000  0.000000e+000
    outer loop
      vertex -1.301651e+001  1.000000e+001 -2.702907e+001
      vertex -3.013417e+000  1.000000e+001 -2.481772e+001
      vertex  3.215626e-014  1.000000e+001 -3.000000e+001
    endloop
  endfacet
  facet normal  0.000000e+000  1.000000e+000  -0.000000e+000
    outer loop
      vertex  3.215626e-014  1.000000e+001 -3.000000e+001
      vertex -3.013417e+000  1.000000e+001 -2.481772e+001
      vertex  3.013417e+000  1.000000e+001 -2.481772e+001
    endloop
  endfacet
  facet normal  0.000000e+000  1.000000e+000  0.000000e+000
    outer loop
      vertex  3.215626e-014  1.000000e+001 -3.000000e+001
      vertex  3.013417e+000  1.000000e+001 -2.481772e+001
      vertex  1.301651e+001  1.000000e+001 -2.702907e+001
    endloop
  endfacet
  facet normal  0.000000e+000  1.000000e+000  0.000000e+000
    outer loop
      vertex -8.498309e-015  1.000000e+001  3.000000e+001
      vertex  6.675628e+000  1.000000e+001  2.924784e+001
      vertex  3.013417e+000  1.000000e+001  2.481772e+001
    endloop
  endfacet
  facet normal  0.000000e+000  1.000000e+000  0.000000e+000
    outer loop
      vertex  3.013417e+000  1.000000e+001  2.481772e+001
      vertex  6.675628e+000  1.000000e+001  2.924784e+001
      vertex  1.301651e+001  1.000000e+001  2.702907e+001
    endloop
  endfacet
  facet normal  0.000000e+000  1.000000e+000  0.000000e+000
    outer loop
      vertex  3.013417e+000  1.000000e+001  2.481772e+001
      vertex  1.301651e+001  1.000000e+001  2.702907e+001
      vertex  8.865122e+000  1.000000e+001  2.337541e+001
    endloop
  endfacet
  facet normal  0.000000e+000  1.000000e+000  0.000000e+000
    outer loop
      vertex  8.865122e+000  1.000000e+001  2.337541e+001
      vertex  1.301651e+001  1.000000e+001  2.702907e+001
      vertex  1.870469e+001  1.000000e+001  2.345494e+001
    endloop
  endfacet
  facet normal  0.000000e+000  9.999999e-001  0.000000e+000
    outer loop
      vertex  8.865122e+000  1.000000e+001  2.337541e+001
      vertex  1.870469e+001  1.000000e+001  2.345494e+001
      vertex  1.420162e+001  1.000000e+001  2.057460e+001
    endloop
  endfacet
  facet normal  -0.000000e+000  1.000000e+000  0.000000e+000
    outer loop
      vertex  1.420162e+001  1.000000e+001  2.057460e+001
      vertex  1.870469e+001  1.000000e+001  2.345494e+001
      vertex  2.345494e+001  1.000000e+001  1.870469e+001
    endloop
  endfacet
  facet normal  0.000000e+000  1.000000e+000  0.000000e+000
    outer loop
      vertex  1.420162e+001  1.000000e+001  2.057460e+001
      vertex  2.345494e+001  1.000000e+001  1.870469e+001
      vertex  1.871277e+001  1.000000e+001  1.657807e+001
    endloop
  endfacet
  facet normal  -0.000000e+000  1.000000e+000  0.000000e+000
    outer loop
      vertex  1.871277e+001  1.000000e+001  1.657807e+001
      vertex  2.345494e+001  1.000000e+001  1.870469e+001
      vertex  2.702907e+001  1.000000e+001  1.301651e+001
    endloop
  endfacet
  facet normal  0.000000e+000  1.000000e+000  0.000000e+000
    outer loop
      vertex  1.871277e+001  1.000000e+001  1.657807e+001
      vertex  2.702907e+001  1.000000e+001  1.301651e+001
      vertex  2.213640e+001  1.000000e+001  1.161808e+001
    endloop
  endfacet
  facet normal  0.000000e+000  1.000000e+000  0.000000e+000
    outer loop
      vertex -6.675628e+000  1.000000e+001  2.924784e+001
      vertex -8.498309e-015  1.000000e+001  3.000000e+001
      vertex -1.301651e+001  1.000000e+001  2.702907e+001
    endloop
  endfacet
  facet normal  -0.000000e+000  1.000000e+000  0.000000e+000
    outer loop
      vertex -1.301651e+001  1.000000e+001  2.702907e+001
      vertex -8.498309e-015  1.000000e+001  3.000000e+001
      vertex -3.013417e+000  1.000000e+001  2.481772e+001
    endloop
  endfacet
  facet normal  0.000000e+000  1.000000e+000  0.000000e+000
    outer loop
      vertex -1.301651e+001  1.000000e+001  2.702907e+001
      vertex -3.013417e+000  1.000000e+001  2.481772e+001
      vertex -1.870469e+001  1.000000e+001  2.345494e+001
    endloop
  endfacet
  facet normal  -0.000000e+000  9.999999e-001  0.000000e+000
    outer loop
      vertex -1.870469e+001  1.000000e+001  2.345494e+001
      vertex -3.013417e+000  1.000000e+001  2.481772e+001
      vertex -8.865122e+000  1.000000e+001  2.337541e+001
    endloop
  endfacet
  facet normal  0.000000e+000  1.000000e+000  0.000000e+000
    outer loop
      vertex -1.870469e+001  1.000000e+001  2.345494e+001
      vertex -8.865122e+000  1.000000e+001  2.337541e+001
      vertex -2.345494e+001  1.000000e+001  1.870469e+001
    endloop
  endfacet
  facet normal  0.000000e+000  1.000000e+000  0.000000e+000
    outer loop
      vertex -2.345494e+001  1.000000e+001  1.870469e+001
      vertex -8.865122e+000  1.000000e+001  2.337541e+001
      vertex -1.420162e+001  1.000000e+001  2.057460e+001
    endloop
  endfacet
  facet normal  0.000000e+000  1.000000e+000  0.000000e+000
    outer loop
      vertex -2.345494e+001  1.000000e+001  1.870469e+001
      vertex -1.420162e+001  1.000000e+001  2.057460e+001
      vertex -2.702907e+001  1.000000e+001  1.301651e+001
    endloop
  endfacet
  facet normal  0.000000e+000  1.000000e+000  0.000000e+000
    outer loop
      vertex -2.702907e+001  1.000000e+001  1.301651e+001
      vertex -1.420162e+001  1.000000e+001  2.057460e+001
      vertex -1.871277e+001  1.000000e+001  1.657807e+001
    endloop
  endfacet
  facet normal  0.000000e+000  1.000000e+000  0.000000e+000
    outer loop
      vertex -2.702907e+001  1.000000e+001  1.301651e+001
      vertex -1.871277e+001  1.000000e+001  1.657807e+001
      vertex -2.213640e+001  1.000000e+001  1.161808e+001
    endloop
  endfacet
  facet normal  0.000000e+000  1.000000e+000  0.000000e+000
    outer loop
      vertex  2.213640e+001  1.000000e+001  1.161808e+001
      vertex  2.702907e+001  1.000000e+001  1.301651e+001
      vertex  2.427355e+001  1.000000e+001  5.982892e+000
    endloop
  endfacet
  facet normal  0.000000e+000  1.000000e+000  0.000000e+000
    outer loop
      vertex  2.427355e+001  1.000000e+001  5.982892e+000
      vertex  2.702907e+001  1.000000e+001  1.301651e+001
      vertex  2.924784e+001  1.000000e+001  6.675628e+000
    endloop
  endfacet
  facet normal  0.000000e+000  9.999999e-001  0.000000e+000
    outer loop
      vertex  2.427355e+001  1.000000e+001  5.982892e+000
      vertex  2.924784e+001  1.000000e+001  6.675628e+000
      vertex  2.500000e+001  1.000000e+001  3.061617e-015
    endloop
  endfacet
  facet normal  0.000000e+000  1.000000e+000  0.000000e+000
    outer loop
      vertex  2.500000e+001  1.000000e+001  3.061617e-015
      vertex  2.924784e+001  1.000000e+001  6.675628e+000
      vertex  3.000000e+001  1.000000e+001  1.699662e-014
    endloop
  endfacet
  facet normal  0.000000e+000  1.000000e+000  0.000000e+000
    outer loop
      vertex  2.500000e+001  1.000000e+001  3.061617e-015
      vertex  3.000000e+001  1.000000e+001  1.699662e-014
      vertex  2.427355e+001  1.000000e+001 -5.982892e+000
    endloop
  endfacet
  facet normal  -0.000000e+000  1.000000e+000  0.000000e+000
    outer loop
      vertex  2.427355e+001  1.000000e+001 -5.982892e+000
      vertex  3.000000e+001  1.000000e+001  1.699662e-014
      vertex  2.924784e+001  1.000000e+001 -6.675628e+000
    endloop
  endfacet
  facet normal  0.000000e+000  9.999999e-001  0.000000e+000
    outer loop
      vertex  2.427355e+001  1.000000e+001 -5.982892e+000
      vertex  2.924784e+001  1.000000e+001 -6.675628e+000
      vertex  2.213640e+001  1.000000e+001 -1.161808e+001
    endloop
  endfacet
  facet normal  -0.000000e+000  1.000000e+000  0.000000e+000
    outer loop
      vertex  2.213640e+001  1.000000e+001 -1.161808e+001
      vertex  2.924784e+001  1.000000e+001 -6.675628e+000
      vertex  2.702907e+001  1.000000e+001 -1.301651e+001
    endloop
  endfacet
  facet normal  0.000000e+000  1.000000e+000  0.000000e+000
    outer loop
      vertex  2.213640e+001  1.000000e+001 -1.161808e+001
      vertex  2.702907e+001  1.000000e+001 -1.301651e+001
      vertex  1.871277e+001  1.000000e+001 -1.657807e+001
    endloop
  endfacet
  facet normal  -0.000000e+000  1.000000e+000  0.000000e+000
    outer loop
      vertex  1.871277e+001  1.000000e+001 -1.657807e+001
      vertex  2.702907e+001  1.000000e+001 -1.301651e+001
      vertex  2.345494e+001  1.000000e+001 -1.870469e+001
    endloop
  endfacet
  facet normal  0.000000e+000  1.000000e+000  0.000000e+000
    outer loop
      vertex  1.871277e+001  1.000000e+001 -1.657807e+001
      vertex  2.345494e+001  1.000000e+001 -1.870469e+001
      vertex  1.420162e+001  1.000000e+001 -2.057460e+001
    endloop
  endfacet
  facet normal  0.000000e+000  1.000000e+000  0.000000e+000
    outer loop
      vertex  1.420162e+001  1.000000e+001 -2.057460e+001
      vertex  2.345494e+001  1.000000e+001 -1.870469e+001
      vertex  8.865122e+000  1.000000e+001 -2.337541e+001
    endloop
  endfacet
  facet normal  -0.000000e+000  1.000000e+000  0.000000e+000
    outer loop
      vertex  8.865122e+000  1.000000e+001 -2.337541e+001
      vertex  2.345494e+001  1.000000e+001 -1.870469e+001
      vertex  1.870469e+001  1.000000e+001 -2.345494e+001
    endloop
  endfacet
  facet normal  0.000000e+000  9.999999e-001  0.000000e+000
    outer loop
      vertex  8.865122e+000  1.000000e+001 -2.337541e+001
      vertex  1.870469e+001  1.000000e+001 -2.345494e+001
      vertex  3.013417e+000  1.000000e+001 -2.481772e+001
    endloop
  endfacet
  facet normal  -0.000000e+000  1.000000e+000  0.000000e+000
    outer loop
      vertex  3.013417e+000  1.000000e+001 -2.481772e+001
      vertex  1.870469e+001  1.000000e+001 -2.345494e+001
      vertex  1.301651e+001  1.000000e+001 -2.702907e+001
    endloop
  endfacet
  facet normal  0.000000e+000  1.000000e+000  0.000000e+000
    outer loop
      vertex -2.702907e+001  1.000000e+001  1.301651e+001
      vertex -2.213640e+001  1.000000e+001  1.161808e+001
      vertex -2.924784e+001  1.000000e+001  6.675628e+000
    endloop
  endfacet
  facet normal  -0.000000e+000  9.999999e-001  0.000000e+000
    outer loop
      vertex -2.924784e+001  1.000000e+001  6.675628e+000
      vertex -2.213640e+001  1.000000e+001  1.161808e+001
      vertex -2.427355e+001  1.000000e+001  5.982892e+000
    endloop
  endfacet
  facet normal  0.000000e+000  1.000000e+000  0.000000e+000
    outer loop
      vertex -2.924784e+001  1.000000e+001  6.675628e+000
      vertex -2.427355e+001  1.000000e+001  5.982892e+000
      vertex -3.000000e+001  1.000000e+001  0.000000e+000
    endloop
  endfacet
  facet normal  0.000000e+000  1.000000e+000  0.000000e+000
    outer loop
      vertex -3.000000e+001  1.000000e+001  0.000000e+000
      vertex -2.427355e+001  1.000000e+001  5.982892e+000
      vertex -2.500000e+001  1.000000e+001  0.000000e+000
    endloop
  endfacet
  facet normal  0.000000e+000  1.000000e+000  0.000000e+000
    outer loop
      vertex -3.000000e+001  1.000000e+001  0.000000e+000
      vertex -2.500000e+001  1.000000e+001  0.000000e+000
      vertex -2.924784e+001  1.000000e+001 -6.675628e+000
    endloop
  endfacet
  facet normal  0.000000e+000  9.999999e-001  0.000000e+000
    outer loop
      vertex -2.924784e+001  1.000000e+001 -6.675628e+000
      vertex -2.500000e+001  1.000000e+001  0.000000e+000
      vertex -2.427355e+001  1.000000e+001 -5.982892e+000
    endloop
  endfacet
  facet normal  0.000000e+000  1.000000e+000  0.000000e+000
    outer loop
      vertex -2.924784e+001  1.000000e+001 -6.675628e+000
      vertex -2.427355e+001  1.000000e+001 -5.982892e+000
      vertex -2.702907e+001  1.000000e+001 -1.301651e+001
    endloop
  endfacet
  facet normal  0.000000e+000  1.000000e+000  0.000000e+000
    outer loop
      vertex -2.702907e+001  1.000000e+001 -1.301651e+001
      vertex -2.427355e+001  1.000000e+001 -5.982892e+000
      vertex -2.213640e+001  1.000000e+001 -1.161808e+001
    endloop
  endfacet
  facet normal  0.000000e+000  1.000000e+000  0.000000e+000
    outer loop
      vertex -2.702907e+001  1.000000e+001 -1.301651e+001
      vertex -2.213640e+001  1.000000e+001 -1.161808e+001
      vertex -2.345494e+001  1.000000e+001 -1.870469e+001
    endloop
  endfacet
  facet normal  0.000000e+000  1.000000e+000  0.000000e+000
    outer loop
      vertex -2.345494e+001  1.000000e+001 -1.870469e+001
      vertex -2.213640e+001  1.000000e+001 -1.161808e+001
      vertex -1.871277e+001  1.000000e+001 -1.657807e+001
    endloop
  endfacet
  facet normal  0.000000e+000  1.000000e+000  0.000000e+000
    outer loop
      vertex -2.345494e+001  1.000000e+001 -1.870469e+001
      vertex -1.871277e+001  1.000000e+001 -1.657807e+001
      vertex -1.420162e+001  1.000000e+001 -2.057460e+001
    endloop
  endfacet
  facet normal  9.927088e-001  0.000000e+000  1.205366e-001
    outer loop
      vertex  2.500000e+001  1.000000e+001  3.061617e-015
      vertex  2.500000e+001  1.900000e+002  3.061617e-015
      vertex  2.427355e+001  1.000000e+001  5.982892e+000
    endloop
  endfacet
  facet normal  9.927088e-001  -0.000000e+000  1.205366e-001
    outer loop
      vertex  2.427355e+001  1.000000e+001  5.982892e+000
      vertex  2.500000e+001  1.900000e+002  3.061617e-015
      vertex  2.427355e+001  1.900000e+002  5.982892e+000
    endloop
  endfacet
  facet normal  9.350162e-001  0.000000e+000  3.546050e-001
    outer loop
      vertex  2.427355e+001  1.000000e+001  5.982892e+000
      vertex  2.427355e+001  1.900000e+002  5.982892e+000
      vertex  2.213640e+001  1.000000e+001  1.161808e+001
    endloop
  endfacet
  facet normal  9.350162e-001  -0.000000e+000  3.546050e-001
    outer loop
      vertex  2.213640e+001  1.000000e+001  1.161808e+001
      vertex  2.427355e+001  1.900000e+002  5.982892e+000
      vertex  2.213640e+001  1.900000e+002  1.161808e+001
    endloop
  endfacet
  facet normal  8.229838e-001  0.000000e+000  5.680647e-001
    outer loop
      vertex  2.213640e+001  1.000000e+001  1.161808e+001
      vertex  2.213640e+001  1.900000e+002  1.161808e+001
      vertex  1.871277e+001  1.000000e+001  1.657807e+001
    endloop
  endfacet
  facet normal  8.229838e-001  -0.000000e+000  5.680647e-001
    outer loop
      vertex  1.871277e+001  1.000000e+001  1.657807e+001
      vertex  2.213640e+001  1.900000e+002  1.161808e+001
      vertex  1.871277e+001  1.900000e+002  1.657807e+001
    endloop
  endfacet
  facet normal  6.631227e-001  0.000000e+000  7.485108e-001
    outer loop
      vertex  1.871277e+001  1.000000e+001  1.657807e+001
      vertex  1.871277e+001  1.900000e+002  1.657807e+001
      vertex  1.420162e+001  1.000000e+001  2.057460e+001
    endloop
  endfacet
  facet normal  6.631227e-001  -0.000000e+000  7.485108e-001
    outer loop
      vertex  1.420162e+001  1.000000e+001  2.057460e+001
      vertex  1.871277e+001  1.900000e+002  1.657807e+001
      vertex  1.420162e+001  1.900000e+002  2.057460e+001
    endloop
  endfacet
  facet normal  4.647233e-001  0.000000e+000  8.854560e-001
    outer loop
      vertex  1.420162e+001  1.000000e+001  2.057460e+001
      vertex  1.420162e+001  1.900000e+002  2.057460e+001
      vertex  8.865122e+000  1.000000e+001  2.337541e+001
    endloop
  endfacet
  facet normal  4.647233e-001  -0.000000e+000  8.854560e-001
    outer loop
      vertex  8.865122e+000  1.000000e+001  2.337541e+001
      vertex  1.420162e+001  1.900000e+002  2.057460e+001
      vertex  8.865122e+000  1.900000e+002  2.337541e+001
    endloop
  endfacet
  facet normal  2.393157e-001  0.000000e+000  9.709418e-001
    outer loop
      vertex  8.865122e+000  1.000000e+001  2.337541e+001
      vertex  8.865122e+000  1.900000e+002  2.337541e+001
      vertex  3.013417e+000  1.000000e+001  2.481772e+001
    endloop
  endfacet
  facet normal  2.393157e-001  -0.000000e+000  9.709418e-001
    outer loop
      vertex  3.013417e+000  1.000000e+001  2.481772e+001
      vertex  8.865122e+000  1.900000e+002  2.337541e+001
      vertex  3.013417e+000  1.900000e+002  2.481772e+001
    endloop
  endfacet
  facet normal  0.000000e+000  0.000000e+000  1.000000e+000
    outer loop
      vertex  3.013417e+000  1.000000e+001  2.481772e+001
      vertex  3.013417e+000  1.900000e+002  2.481772e+001
      vertex -3.013417e+000  1.000000e+001  2.481772e+001
    endloop
  endfacet
  facet normal  0.000000e+000  0.000000e+000  1.000000e+000
    outer loop
      vertex -3.013417e+000  1.000000e+001  2.481772e+001
      vertex  3.013417e+000  1.900000e+002  2.481772e+001
      vertex -3.013417e+000  1.900000e+002  2.481772e+001
    endloop
  endfacet
  facet normal -2.393157e-001  0.000000e+000  9.709418e-001
    outer loop
      vertex -3.013417e+000  1.000000e+001  2.481772e+001
      vertex -3.013417e+000  1.900000e+002  2.481772e+001
      vertex -8.865122e+000  1.000000e+001  2.337541e+001
    endloop
  endfacet
  facet normal -2.393157e-001  0.000000e+000  9.709418e-001
    outer loop
      vertex -8.865122e+000  1.000000e+001  2.337541e+001
      vertex -3.013417e+000  1.900000e+002  2.481772e+001
      vertex -8.865122e+000  1.900000e+002  2.337541e+001
    endloop
  endfacet
  facet normal -4.647233e-001  0.000000e+000  8.854560e-001
    outer loop
      vertex -8.865122e+000  1.000000e+001  2.337541e+001
      vertex -8.865122e+000  1.900000e+002  2.337541e+001
      vertex -1.420162e+001  1.000000e+001  2.057460e+001
    endloop
  endfacet
  facet normal -4.647233e-001  0.000000e+000  8.854560e-001
    outer loop
      vertex -1.420162e+001  1.000000e+001  2.057460e+001
      vertex -8.865122e+000  1.900000e+002  2.337541e+001
      vertex -1.420162e+001  1.900000e+002  2.057460e+001
    endloop
  endfacet
  facet normal -6.631227e-001  0.000000e+000  7.485108e-001
    outer loop
      vertex -1.420162e+001  1.000000e+001  2.057460e+001
      vertex -1.420162e+001  1.900000e+002  2.057460e+001
      vertex -1.871277e+001  1.000000e+001  1.657807e+001
    endloop
  endfacet
  facet normal -6.631227e-001  0.000000e+000  7.485108e-001
    outer loop
      vertex -1.871277e+001  1.000000e+001  1.657807e+001
      vertex -1.420162e+001  1.900000e+002  2.057460e+001
      vertex -1.871277e+001  1.900000e+002  1.657807e+001
    endloop
  endfacet
  facet normal -8.229838e-001  0.000000e+000  5.680647e-001
    outer loop
      vertex -1.871277e+001  1.000000e+001  1.657807e+001
      vertex -1.871277e+001  1.900000e+002  1.657807e+001
      vertex -2.213640e+001  1.000000e+001  1.161808e+001
    endloop
  endfacet
  facet normal -8.229838e-001  0.000000e+000  5.680647e-001
    outer loop
      vertex -2.213640e+001  1.000000e+001  1.161808e+001
      vertex -1.871277e+001  1.900000e+002  1.657807e+001
      vertex -2.213640e+001  1.900000e+002  1.161808e+001
    endloop
  endfacet
  facet normal -9.350162e-001  0.000000e+000  3.546050e-001
    outer loop
      vertex -2.213640e+001  1.000000e+001  1.161808e+001
      vertex -2.213640e+001  1.900000e+002  1.161808e+001
      vertex -2.427355e+001  1.000000e+001  5.982892e+000
    endloop
  endfacet
  facet normal -9.350162e-001  0.000000e+000  3.546050e-001
    outer loop
      vertex -2.427355e+001  1.000000e+001  5.982892e+000
      vertex -2.213640e+001  1.900000e+002  1.161808e+001
      vertex -2.427355e+001  1.900000e+002  5.982892e+000
    endloop
  endfacet
  facet normal -9.927088e-001  0.000000e+000  1.205366e-001
    outer loop
      vertex -2.427355e+001  1.000000e+001  5.982892e+000
      vertex -2.427355e+001  1.900000e+002  5.982892e+000
      vertex -2.500000e+001  1.000000e+001  0.000000e+000
    endloop
  endfacet
  facet normal -9.927088e-001  0.000000e+000  1.205366e-001
    outer loop
      vertex -2.500000e+001  1.000000e+001  0.000000e+000
      vertex -2.427355e+001  1.900000e+002  5.982892e+000
      vertex -2.500000e+001  1.900000e+002  0.000000e+000
    endloop
  endfacet
  facet normal -9.927088e-001  -0.000000e+000 -1.205366e-001
    outer loop
      vertex -2.500000e+001  1.000000e+001  0.000000e+000
      vertex -2.500000e+001  1.900000e+002  0.000000e+000
      vertex -2.427355e+001  1.000000e+001 -5.982892e+000
    endloop
  endfacet
  facet normal -9.927088e-001  0.000000e+000 -1.205366e-001
    outer loop
      vertex -2.427355e+001  1.000000e+001 -5.982892e+000
      vertex -2.500000e+001  1.900000e+002  0.000000e+000
      vertex -2.427355e+001  1.900000e+002 -5.982892e+000
    endloop
  endfacet
  facet normal -9.350162e-001  -0.000000e+000 -3.546050e-001
    outer loop
      vertex -2.427355e+001  1.000000e+001 -5.982892e+000
      vertex -2.427355e+001  1.900000e+002 -5.982892e+000
      vertex -2.213640e+001  1.000000e+001 -1.161808e+001
    endloop
  endfacet
  facet normal -9.350162e-001  0.000000e+000 -3.546050e-001
    outer loop
      vertex -2.213640e+001  1.000000e+001 -1.161808e+001
      vertex -2.427355e+001  1.900000e+002 -5.982892e+000
      vertex -2.213640e+001  1.900000e+002 -1.161808e+001
    endloop
  endfacet
  facet normal -8.229838e-001  -0.000000e+000 -5.680647e-001
    outer loop
      vertex -2.213640e+001  1.000000e+001 -1.161808e+001
      vertex -2.213640e+001  1.900000e+002 -1.161808e+001
      vertex -1.871277e+001  1.000000e+001 -1.657807e+001
    endloop
  endfacet
  facet normal -8.229838e-001  0.000000e+000 -5.680647e-001
    outer loop
      vertex -1.871277e+001  1.000000e+001 -1.657807e+001
      vertex -2.213640e+001  1.900000e+002 -1.161808e+001
      vertex -1.871277e+001  1.900000e+002 -1.657807e+001
    endloop
  endfacet
  facet normal -6.631227e-001  -0.000000e+000 -7.485108e-001
    outer loop
      vertex -1.871277e+001  1.000000e+001 -1.657807e+001
      vertex -1.871277e+001  1.900000e+002 -1.657807e+001
      vertex -1.420162e+001  1.000000e+001 -2.057460e+001
    endloop
  endfacet
  facet normal -6.631227e-001  0.000000e+000 -7.485108e-001
    outer loop
      vertex -1.420162e+001  1.000000e+001 -2.057460e+001
      vertex -1.871277e+001  1.900000e+002 -1.657807e+001
      vertex -1.420162e+001  1.900000e+002 -2.057460e+001
    endloop
  endfacet
  facet normal -4.647233e-001  -0.000000e+000 -8.854560e-001
    outer loop
      vertex -1.420162e+001  1.000000e+001 -2.057460e+001
      vertex -1.420162e+001  1.900000e+002 -2.057460e+001
      vertex -8.865122e+000  1.000000e+001 -2.337541e+001
    endloop
  endfacet
  facet normal -4.647233e-001  0.000000e+000 -8.854560e-001
    outer loop
      vertex -8.865122e+000  1.000000e+001 -2.337541e+001
      vertex -1.420162e+001  1.900000e+002 -2.057460e+001
      vertex -8.865122e+000  1.900000e+002 -2.337541e+001
    endloop
  endfacet
  facet normal -2.393157e-001  -0.000000e+000 -9.709418e-001
    outer loop
      vertex -8.865122e+000  1.000000e+001 -2.337541e+001
      vertex -8.865122e+000  1.900000e+002 -2.337541e+001
      vertex -3.013417e+000  1.000000e+001 -2.481772e+001
    endloop
  endfacet
  facet normal -2.393157e-001  0.000000e+000 -9.709418e-001
    outer loop
      vertex -3.013417e+000  1.000000e+001 -2.481772e+001
      vertex -8.865122e+000  1.900000e+002 -2.337541e+001
      vertex -3.013417e+000  1.900000e+002 -2.481772e+001
    endloop
  endfacet
  facet normal  0.000000e+000  0.000000e+000 -1.000000e+000
    outer loop
      vertex -3.013417e+000  1.000000e+001 -2.481772e+001
      vertex -3.013417e+000  1.900000e+002 -2.481772e+001
      vertex  3.013417e+000  1.000000e+001 -2.481772e+001
    endloop
  endfacet
  facet normal  0.000000e+000  0.000000e+000 -1.000000e+000
    outer loop
      vertex  3.013417e+000  1.000000e+001 -2.481772e+001
      vertex -3.013417e+000  1.900000e+002 -2.481772e+001
      vertex  3.013417e+000  1.900000e+002 -2.481772e+001
    endloop
  endfacet
  facet normal  2.393157e-001  0.000000e+000 -9.709418e-001
    outer loop
      vertex  3.013417e+000  1.000000e+001 -2.481772e+001
      vertex  3.013417e+000  1.900000e+002 -2.481772e+001
      vertex  8.865122e+000  1.000000e+001 -2.337541e+001
    endloop
  endfacet
  facet normal  2.393157e-001  0.000000e+000 -9.709418e-001
    outer loop
      vertex  8.865122e+000  1.000000e+001 -2.337541e+001
      vertex  3.013417e+000  1.900000e+002 -2.481772e+001
      vertex  8.865122e+000  1.900000e+002 -2.337541e+001
    endloop
  endfacet
  facet normal  4.647233e-001  0.000000e+000 -8.854560e-001
    outer loop
      vertex  8.865122e+000  1.000000e+001 -2.337541e+001
      vertex  8.865122e+000  1.900000e+002 -2.337541e+001
      vertex  1.420162e+001  1.000000e+001 -2.057460e+001
    endloop
  endfacet
  facet normal  4.647233e-001  0.000000e+000 -8.854560e-001
    outer loop
      vertex  1.420162e+001  1.000000e+001 -2.057460e+001
      vertex  8.865122e+000  1.900000e+002 -2.337541e+001
      vertex  1.420162e+001  1.900000e+002 -2.057460e+001
    endloop
  endfacet
  facet normal  6.631227e-001  0.000000e+000 -7.485108e-001
    outer loop
      vertex  1.420162e+001  1.000000e+001 -2.057460e+001
      vertex  1.420162e+001  1.900000e+002 -2.057460e+001
      vertex  1.871277e+001  1.000000e+001 -1.657807e+001
    endloop
  endfacet
  facet normal  6.631227e-001  0.000000e+000 -7.485108e-001
    outer loop
      vertex  1.871277e+001  1.000000e+001 -1.657807e+001
      vertex  1.420162e+001  1.900000e+002 -2.057460e+001
      vertex  1.871277e+001  1.900000e+002 -1.657807e+001
    endloop
  endfacet
  facet normal  8.229838e-001  0.000000e+000 -5.680647e-001
    outer loop
      vertex  1.871277e+001  1.000000e+001 -1.657807e+001
      vertex  1.871277e+001  1.900000e+002 -1.657807e+001
      vertex  2.213640e+001  1.000000e+001 -1.161808e+001
    endloop
  endfacet
  facet normal  8.229838e-001  0.000000e+000 -5.680647e-001
    outer loop
      vertex  2.213640e+001  1.000000e+001 -1.161808e+001
      vertex  1.871277e+001  1.900000e+002 -1.657807e+001
      vertex  2.213640e+001  1.900000e+002 -1.161808e+001
    endloop
  endfacet
  facet normal  9.350162e-001  0.000000e+000 -3.546050e-001
    outer loop
      vertex  2.213640e+001  1.000000e+001 -1.161808e+001
      vertex  2.213640e+001  1.900000e+002 -1.161808e+001
      vertex  2.427355e+001  1.000000e+001 -5.982892e+000
    endloop
  endfacet
  facet normal  9.350162e-001  0.000000e+000 -3.546050e-001
    outer loop
      vertex  2.427355e+001  1.000000e+001 -5.982892e+000
      vertex  2.213640e+001  1.900000e+002 -1.161808e+001
      vertex  2.427355e+001  1.900000e+002 -5.982892e+000
    endloop
  endfacet
  facet normal  9.927088e-001  0.000000e+000 -1.205366e-001
    outer loop
      vertex  2.427355e+001  1.000000e+001 -5.982892e+000
      vertex  2.427355e+001  1.900000e+002 -5.982892e+000
      vertex  2.500000e+001  1.000000e+001  3.061617e-015
    endloop
  endfacet
  facet normal  9.927088e-001  0.000000e+000 -1.205366e-001
    outer loop
      vertex  2.500000e+001  1.000000e+001  3.061617e-015
      vertex  2.427355e+001  1.900000e+002 -5.982892e+000
      vertex  2.500000e+001  1.900000e+002  3.061617e-015
    endloop
  endfacet
  facet normal  9.937123e-001  0.000000e+000  1.119645e-001
    outer loop
      vertex  3.000000e+001  0.000000e+000  1.699662e-014
      vertex  3.000000e+001  1.000000e+001  1.699662e-014
      vertex  2.924784e+001  0.000000e+000  6.675628e+000
    endloop
  endfacet
  facet normal  9.937123e-001  -0.000000e+000  1.119645e-001
    outer loop
      vertex  2.924784e+001  0.000000e+000  6.675628e+000
      vertex  3.000000e+001  1.000000e+001  1.699662e-014
      vertex  2.924784e+001  1.000000e+001  6.675628e+000
    endloop
  endfacet
  facet normal  9.438834e-001  0.000000e+000  3.302791e-001
    outer loop
      vertex  2.924784e+001  0.000000e+000  6.675628e+000
      vertex  2.924784e+001  1.000000e+001  6.675628e+000
      vertex  2.702907e+001  0.000000e+000  1.301651e+001
    endloop
  endfacet
  facet normal  9.438834e-001  -0.000000e+000  3.302791e-001
    outer loop
      vertex  2.702907e+001  0.000000e+000  1.301651e+001
      vertex  2.924784e+001  1.000000e+001  6.675628e+000
      vertex  2.702907e+001  1.000000e+001  1.301651e+001
    endloop
  endfacet
  facet normal  8.467242e-001  0.000000e+000  5.320320e-001
    outer loop
      vertex  2.702907e+001  0.000000e+000  1.301651e+001
      vertex  2.702907e+001  1.000000e+001  1.301651e+001
      vertex  2.345494e+001  0.000000e+000  1.870469e+001
    endloop
  endfacet
  facet normal  8.467242e-001  -0.000000e+000  5.320320e-001
    outer loop
      vertex  2.345494e+001  0.000000e+000  1.870469e+001
      vertex  2.702907e+001  1.000000e+001  1.301651e+001
      vertex  2.345494e+001  1.000000e+001  1.870469e+001
    endloop
  endfacet
  facet normal  7.071068e-001  0.000000e+000  7.071068e-001
    outer loop
      vertex  2.345494e+001  0.000000e+000  1.870469e+001
      vertex  2.345494e+001  1.000000e+001  1.870469e+001
      vertex  1.870469e+001  0.000000e+000  2.345494e+001
    endloop
  endfacet
  facet normal  7.071068e-001  -0.000000e+000  7.071068e-001
    outer loop
      vertex  1.870469e+001  0.000000e+000  2.345494e+001
      vertex  2.345494e+001  1.000000e+001  1.870469e+001
      vertex  1.870469e+001  1.000000e+001  2.345494e+001
    endloop
  endfacet
  facet normal  5.320320e-001  0.000000e+000  8.467242e-001
    outer loop
      vertex  1.870469e+001  0.000000e+000  2.345494e+001
      vertex  1.870469e+001  1.000000e+001  2.345494e+001
      vertex  1.301651e+001  0.000000e+000  2.702907e+001
    endloop
  endfacet
  facet normal  5.320320e-001  -0.000000e+000  8.467242e-001
    outer loop
      vertex  1.301651e+001  0.000000e+000  2.702907e+001
      vertex  1.870469e+001  1.000000e+001  2.345494e+001
      vertex  1.301651e+001  1.000000e+001  2.702907e+001
    endloop
  endfacet
  facet normal  3.302791e-001  0.000000e+000  9.438834e-001
    outer loop
      vertex  1.301651e+001  0.000000e+000  2.702907e+001
      vertex  1.301651e+001  1.000000e+001  2.702907e+001
      vertex  6.675628e+000  0.000000e+000  2.924784e+001
    endloop
  endfacet
  facet normal  3.302791e-001  -0.000000e+000  9.438834e-001
    outer loop
      vertex  6.675628e+000  0.000000e+000  2.924784e+001
      vertex  1.301651e+001  1.000000e+001  2.702907e+001
      vertex  6.675628e+000  1.000000e+001  2.924784e+001
    endloop
  endfacet
  facet normal  1.119645e-001  0.000000e+000  9.937123e-001
    outer loop
      vertex  6.675628e+000  0.000000e+000  2.924784e+001
      vertex  6.675628e+000  1.000000e+001  2.924784e+001
      vertex -8.498309e-015  0.000000e+000  3.000000e+001
    endloop
  endfacet
  facet normal  1.119645e-001  -0.000000e+000  9.937123e-001
    outer loop
      vertex -8.498309e-015  0.000000e+000  3.000000e+001
      vertex  6.675628e+000  1.000000e+001  2.924784e+001
      vertex -8.498309e-015  1.000000e+001  3.000000e+001
    endloop
  endfacet
  facet normal -1.119645e-001  0.000000e+000  9.937123e-001
    outer loop
      vertex -8.498309e-015  0.000000e+000  3.000000e+001
      vertex -8.498309e-015  1.000000e+001  3.000000e+001
      vertex -6.675628e+000  0.000000e+000  2.924784e+001
    endloop
  endfacet
  facet normal -1.119645e-001  0.000000e+000  9.937123e-001
    outer loop
      vertex -6.675628e+000  0.000000e+000  2.924784e+001
      vertex -8.498309e-015  1.000000e+001  3.000000e+001
      vertex -6.675628e+000  1.000000e+001  2.924784e+001
    endloop
  endfacet
  facet normal -3.302791e-001  0.000000e+000  9.438834e-001
    outer loop
      vertex -6.675628e+000  0.000000e+000  2.924784e+001
      vertex -6.675628e+000  1.000000e+001  2.924784e+001
      vertex -1.301651e+001  0.000000e+000  2.702907e+001
    endloop
  endfacet
  facet normal -3.302791e-001  0.000000e+000  9.438834e-001
    outer loop
      vertex -1.301651e+001  0.000000e+000  2.702907e+001
      vertex -6.675628e+000  1.000000e+001  2.924784e+001
      vertex -1.301651e+001  1.000000e+001  2.702907e+001
    endloop
  endfacet
  facet normal -5.320320e-001  0.000000e+000  8.467242e-001
    outer loop
      vertex -1.301651e+001  0.000000e+000  2.702907e+001
      vertex -1.301651e+001  1.000000e+001  2.702907e+001
      vertex -1.870469e+001  0.000000e+000  2.345494e+001
    endloop
  endfacet
  facet normal -5.320320e-001  0.000000e+000  8.467242e-001
    outer loop
      vertex -1.870469e+001  0.000000e+000  2.345494e+001
      vertex -1.301651e+001  1.000000e+001  2.702907e+001
      vertex -1.870469e+001  1.000000e+001  2.345494e+001
    endloop
  endfacet
  facet normal -7.071068e-001  0.000000e+000  7.071068e-001
    outer loop
      vertex -1.870469e+001  0.000000e+000  2.345494e+001
      vertex -1.870469e+001  1.000000e+001  2.345494e+001
      vertex -2.345494e+001  0.000000e+000  1.870469e+001
    endloop
  endfacet
  facet normal -7.071068e-001  0.000000e+000  7.071068e-001
    outer loop
      vertex -2.345494e+001  0.000000e+000  1.870469e+001
      vertex -1.870469e+001  1.000000e+001  2.345494e+001
      vertex -2.345494e+001  1.000000e+001  1.870469e+001
    endloop
  endfacet
  facet normal -8.467242e-001  0.000000e+000  5.320320e-001
    outer loop
      vertex -2.345494e+001  0.000000e+000  1.870469e+001
      vertex -2.345494e+001  1.000000e+001  1.870469e+001
      vertex -2.702907e+001  0.000000e+000  1.301651e+001
    endloop
  endfacet
  facet normal -8.467242e-001  0.000000e+000  5.320320e-001
    outer loop
      vertex -2.702907e+001  0.000000e+000  1.301651e+001
      vertex -2.345494e+001  1.000000e+001  1.870469e+001
      vertex -2.702907e+001  1.000000e+001  1.301651e+001
    endloop
  endfacet
  facet normal -9.438834e-001  0.000000e+000  3.302791e-001
    outer loop
      vertex -2.702907e+001  0.000000e+000  1.301651e+001
      vertex -2.702907e+001  1.000000e+001  1.301651e+001
      vertex -2.924784e+001  0.000000e+000  6.675628e+000
    endloop
  endfacet
  facet normal -9.438834e-001  0.000000e+000  3.302791e-001
    outer loop
      vertex -2.924784e+001  0.000000e+000  6.675628e+000
      vertex -2.702907e+001  1.000000e+001  1.301651e+001
      vertex -2.924784e+001  1.000000e+001  6.675628e+000
    endloop
  endfacet
  facet normal -9.937123e-001  0.000000e+000  1.119645e-001
    outer loop
      vertex -2.924784e+001  0.000000e+000  6.675628e+000
      vertex -2.924784e+001  1.000000e+001  6.675628e+000
      vertex -3.000000e+001  0.000000e+000  0.000000e+000
    endloop
  endfacet
  facet normal -9.937123e-001  0.000000e+000  1.119645e-001
    outer loop
      vertex -3.000000e+001  0.000000e+000  0.000000e+000
      vertex -2.924784e+001  1.000000e+001  6.675628e+000
      vertex -3.000000e+001  1.000000e+001  0.000000e+000
    endloop
  endfacet
  facet normal -9.937123e-001  -0.000000e+000 -1.119645e-001
    outer loop
      vertex -3.000000e+001  0.000000e+000  0.000000e+000
      vertex -3.000000e+001  1.000000e+001  0.000000e+000
      vertex -2.924784e+001  0.000000e+000 -6.675628e+000
    endloop
  endfacet
  facet normal -9.937123e-001  0.000000e+000 -1.119645e-001
    outer loop
      vertex -2.924784e+001  0.000000e+000 -6.675628e+000
      vertex -3.000000e+001  1.000000e+001  0.000000e+000
      vertex -2.924784e+001  1.000000e+001 -6.675628e+000
    endloop
  endfacet
  facet normal -9.438834e-001  -0.000000e+000 -3.302791e-001
    outer loop
      vertex -2.924784e+001  0.000000e+000 -6.675628e+000
      vertex -2.924784e+001  1.000000e+001 -6.675628e+000
      vertex -2.702907e+001  0.000000e+000 -1.301651e+001
    endloop
  endfacet
  facet normal -9.438834e-001  0.000000e+000 -3.302791e-001
    outer loop
      vertex -2.702907e+001  0.000000e+000 -1.301651e+001
      vertex -2.924784e+001  1.000000e+001 -6.675628e+000
      vertex -2.702907e+001  1.000000e+001 -1.301651e+001
    endloop
  endfacet
  facet normal -8.467242e-001  -0.000000e+000 -5.320320e-001
    outer loop
      vertex -2.702907e+001  0.000000e+000 -1.301651e+001
      vertex -2.702907e+001  1.000000e+001 -1.301651e+001
      vertex -2.345494e+001  0.000000e+000 -1.870469e+001
    endloop
  endfacet
  facet normal -8.467242e-001  0.000000e+000 -5.320320e-001
    outer loop
      vertex -2.345494e+001  0.000000e+000 -1.870469e+001
      vertex -2.702907e+001  1.000000e+001 -1.301651e+001
      vertex -2.345494e+001  1.000000e+001 -1.870469e+001
    endloop
  endfacet
  facet normal -7.071068e-001  -0.000000e+000 -7.071068e-001
    outer loop
      vertex -2.345494e+001  0.000000e+000 -1.870469e+001
      vertex -2.345494e+001  1.000000e+001 -1.870469e+001
      vertex -1.870469e+001  0.000000e+000 -2.345494e+001
    endloop
  endfacet
  facet normal -7.071068e-001  0.000000e+000 -7.071068e-001
    outer loop
      vertex -1.870469e+001  0.000000e+000 -2.345494e+001
      vertex -2.345494e+001  1.000000e+001 -1.870469e+001
      vertex -1.870469e+001  1.000000e+001 -2.345494e+001
    endloop
  endfacet
  facet normal -5.320320e-001  -0.000000e+000 -8.467242e-001
    outer loop
      vertex -1.870469e+001  0.000000e+000 -2.345494e+001
      vertex -1.870469e+001  1.000000e+001 -2.345494e+001
      vertex -1.301651e+001  0.000000e+000 -2.702907e+001
    endloop
  endfacet
  facet normal -5.320320e-001  0.000000e+000 -8.467242e-001
    outer loop
      vertex -1.301651e+001  0.000000e+000 -2.702907e+001
      vertex -1.870469e+001  1.000000e+001 -2.345494e+001
      vertex -1.301651e+001  1.000000e+001 -2.702907e+001
    endloop
  endfacet
  facet normal -3.302791e-001  -0.000000e+000 -9.438834e-001
    outer loop
      vertex -1.301651e+001  0.000000e+000 -2.702907e+001
      vertex -1.301651e+001  1.000000e+001 -2.702907e+001
      vertex -6.675628e+000  0.000000e+000 -2.924784e+001
    endloop
  endfacet
  facet normal -3.302791e-001  0.000000e+000 -9.438834e-001
    outer loop
      vertex -6.675628e+000  0.000000e+000 -2.924784e+001
      vertex -1.301651e+001  1.000000e+001 -2.702907e+001
      vertex -6.675628e+000  1.000000e+001 -2.924784e+001
    endloop
  endfacet
  facet normal -1.119645e-001  -0.000000e+000 -9.937123e-001
    outer loop
      vertex -6.675628e+000  0.000000e+000 -2.924784e+001
      vertex -6.675628e+000  1.000000e+001 -2.924784e+001
      vertex  3.215626e-014  0.000000e+000 -3.000000e+001
    endloop
  endfacet
  facet normal -1.119645e-001  0.000000e+000 -9.937123e-001
    outer loop
      vertex  3.215626e-014  0.000000e+000 -3.000000e+001
      vertex -6.675628e+000  1.000000e+001 -2.924784e+001
      vertex  3.215626e-014  1.000000e+001 -3.000000e+001
    endloop
  endfacet
  facet normal  1.119645e-001  0.000000e+000 -9.937123e-001
    outer loop
      vertex  3.215626e-014  0.000000e+000 -3.000000e+001
      vertex  3.215626e-014  1.000000e+001 -3.000000e+001
      vertex  6.675628e+000  0.000000e+000 -2.924784e+001
    endloop
  endfacet
  facet normal  1.119645e-001  0.000000e+000 -9.937123e-001
    outer loop
      vertex  6.675628e+000  0.000000e+000 -2.924784e+001
      vertex  3.215626e-014  1.000000e+001 -3.000000e+001
      vertex  6.675628e+000  1.000000e+001 -2.924784e+001
    endloop
  endfacet
  facet normal  3.302791e-001  0.000000e+000 -9.438834e-001
    outer loop
      vertex  6.675628e+000  0.000000e+000 -2.924784e+001
      vertex  6.675628e+000  1.000000e+001 -2.924784e+001
      vertex  1.301651e+001  0.000000e+000 -2.702907e+001
    endloop
  endfacet
  facet normal  3.302791e-001  0.000000e+000 -9.438834e-001
    outer loop
      vertex  1.301651e+001  0.000000e+000 -2.702907e+001
      vertex  6.675628e+000  1.000000e+001 -2.924784e+001
      vertex  1.301651e+001  1.000000e+001 -2.702907e+001
    endloop
  endfacet
  facet normal  5.320320e-001  0.000000e+000 -8.467242e-001
    outer loop
      vertex  1.301651e+001  0.000000e+000 -2.702907e+001
      vertex  1.301651e+001  1.000000e+001 -2.702907e+001
      vertex  1.870469e+001  0.000000e+000 -2.345494e+001
    endloop
  endfacet
  facet normal  5.320320e-001  0.000000e+000 -8.467242e-001
    outer loop
      vertex  1.870469e+001  0.000000e+000 -2.345494e+001
      vertex  1.301651e+001  1.000000e+001 -2.702907e+001
      vertex  1.870469e+001  1.000000e+001 -2.345494e+001
    endloop
  endfacet
  facet normal  7.071068e-001  0.000000e+000 -7.071068e-001
    outer loop
      vertex  1.870469e+001  0.000000e+000 -2.345494e+001
      vertex  1.870469e+001  1.000000e+001 -2.345494e+001
      vertex  2.345494e+001  0.000000e+000 -1.870469e+001
    endloop
  endfacet
  facet normal  7.071068e-001  0.000000e+000 -7.071068e-001
    outer loop
      vertex  2.345494e+001  0.000000e+000 -1.870469e+001
      vertex  1.870469e+001  1.000000e+001 -2.345494e+001
      vertex  2.345494e+001  1.000000e+001 -1.870469e+001
    endloop
  endfacet
  facet normal  8.467242e-001  0.000000e+000 -5.320320e-001
    outer loop
      vertex  2.345494e+001  0.000000e+000 -1.870469e+001
      vertex  2.345494e+001  1.000000e+001 -1.870469e+001
      vertex  2.702907e+001  0.000000e+000 -1.301651e+001
    endloop
  endfacet
  facet normal  8.467242e-001  0.000000e+000 -5.320320e-001
    outer loop
      vertex  2.702907e+001  0.000000e+000 -1.301651e+001
      vertex  2.345494e+001  1.000000e+001 -1.870469e+001
      vertex  2.702907e+001  1.000000e+001 -1.301651e+001
    endloop
  endfacet
  facet normal  9.438834e-001  0.000000e+000 -3.302791e-001
    outer loop
      vertex  2.702907e+001  0.000000e+000 -1.301651e+001
      vertex  2.702907e+001  1.000000e+001 -1.301651e+001
      vertex  2.924784e+001  0.000000e+000 -6.675628e+000
    endloop
  endfacet
  facet normal  9.438834e-001  0.000000e+000 -3.302791e-001
    outer loop
      vertex  2.924784e+001  0.000000e+000 -6.675628e+000
      vertex  2.702907e+001  1.000000e+001 -1.301651e+001
      vertex  2.924784e+001  1.000000e+001 -6.675628e+000
    endloop
  endfacet
  facet normal  9.937123e-001  0.000000e+000 -1.119645e-001
    outer loop
      vertex  2.924784e+001  0.000000e+000 -6.675628e+000
      vertex  2.924784e+001  1.000000e+001 -6.675628e+000
      vertex  3.000000e+001  0.000000e+000  1.699662e-014
    endloop
  endfacet
  facet normal  9.937123e-001  0.000000e+000 -1.119645e-001
    outer loop
      vertex  3.000000e+001  0.000000e+000  1.699662e-014
      vertex  2.924784e+001  1.000000e+001 -6.675628e+000
      vertex  3.000000e+001  1.000000e+001  1.699662e-014
    endloop
  endfacet
  facet normal  0.000000e+000 -1.000000e+000  -0.000000e+000
    outer loop
      vertex  3.013417e+000  1.900000e+002  2.481772e+001
      vertex -8.498309e-015  1.900000e+002  3.000000e+001
      vertex -3.013417e+000  1.900000e+002  2.481772e+001
    endloop
  endfacet
  facet normal  0.000000e+000 -1.000000e+000  0.000000e+000
    outer loop
      vertex  6.675628e+000  1.900000e+002 -2.924784e+001
      vertex  1.301651e+001  1.900000e+002 -2.702907e+001
      vertex  3.215626e-014  1.900000e+002 -3.000000e+001
    endloop
  endfacet
  facet normal  0.000000e+000 -1.000000e+000  0.000000e+000
    outer loop
      vertex -1.301651e+001  1.900000e+002 -2.702907e+001
      vertex -6.675628e+000  1.900000e+002 -2.924784e+001
      vertex  3.215626e-014  1.900000e+002 -3.000000e+001
    endloop
  endfacet
  facet normal  0.000000e+000 -1.000000e+000  -0.000000e+000
    outer loop
      vertex  1.301651e+001  1.900000e+002 -2.702907e+001
      vertex  3.013417e+000  1.900000e+002 -2.481772e+001
      vertex  3.215626e-014  1.900000e+002 -3.000000e+001
    endloop
  endfacet
  facet normal  0.000000e+000 -1.000000e+000  0.000000e+000
    outer loop
      vertex  3.215626e-014  1.900000e+002 -3.000000e+001
      vertex  3.013417e+000  1.900000e+002 -2.481772e+001
      vertex -3.013417e+000  1.900000e+002 -2.481772e+001
    endloop
  endfacet
  facet normal  0.000000e+000 -1.000000e+000  -0.000000e+000
    outer loop
      vertex  3.215626e-014  1.900000e+002 -3.000000e+001
      vertex -3.013417e+000  1.900000e+002 -2.481772e+001
      vertex -1.301651e+001  1.900000e+002 -2.702907e+001
    endloop
  endfacet
  facet normal  0.000000e+000 -1.000000e+000  0.000000e+000
    outer loop
      vertex -1.301651e+001  1.900000e+002 -2.702907e+001
      vertex -3.013417e+000  1.900000e+002 -2.481772e+001
      vertex -8.865122e+000  1.900000e+002 -2.337541e+001
    endloop
  endfacet
  facet normal  0.000000e+000 -1.000000e+000  0.000000e+000
    outer loop
      vertex -1.301651e+001  1.900000e+002 -2.702907e+001
      vertex -8.865122e+000  1.900000e+002 -2.337541e+001
      vertex -1.870469e+001  1.900000e+002 -2.345494e+001
    endloop
  endfacet
  facet normal  0.000000e+000 -9.999999e-001  0.000000e+000
    outer loop
      vertex -1.870469e+001  1.900000e+002 -2.345494e+001
      vertex -8.865122e+000  1.900000e+002 -2.337541e+001
      vertex -1.420162e+001  1.900000e+002 -2.057460e+001
    endloop
  endfacet
  facet normal  -0.000000e+000 -1.000000e+000  0.000000e+000
    outer loop
      vertex -1.870469e+001  1.900000e+002 -2.345494e+001
      vertex -1.420162e+001  1.900000e+002 -2.057460e+001
      vertex -2.345494e+001  1.900000e+002 -1.870469e+001
    endloop
  endfacet
  facet normal  -0.000000e+000 -1.000000e+000  0.000000e+000
    outer loop
      vertex  2.213640e+001  1.900000e+002  1.161808e+001
      vertex  2.702907e+001  1.900000e+002  1.301651e+001
      vertex  1.871277e+001  1.900000e+002  1.657807e+001
    endloop
  endfacet
  facet normal  0.000000e+000 -1.000000e+000  0.000000e+000
    outer loop
      vertex  1.871277e+001  1.900000e+002  1.657807e+001
      vertex  2.702907e+001  1.900000e+002  1.301651e+001
      vertex  2.345494e+001  1.900000e+002  1.870469e+001
    endloop
  endfacet
  facet normal  -0.000000e+000 -1.000000e+000  0.000000e+000
    outer loop
      vertex  1.871277e+001  1.900000e+002  1.657807e+001
      vertex  2.345494e+001  1.900000e+002  1.870469e+001
      vertex  1.420162e+001  1.900000e+002  2.057460e+001
    endloop
  endfacet
  facet normal  0.000000e+000 -1.000000e+000  0.000000e+000
    outer loop
      vertex  1.420162e+001  1.900000e+002  2.057460e+001
      vertex  2.345494e+001  1.900000e+002  1.870469e+001
      vertex  1.870469e+001  1.900000e+002  2.345494e+001
    endloop
  endfacet
  facet normal  0.000000e+000 -9.999999e-001  0.000000e+000
    outer loop
      vertex  1.420162e+001  1.900000e+002  2.057460e+001
      vertex  1.870469e+001  1.900000e+002  2.345494e+001
      vertex  8.865122e+000  1.900000e+002  2.337541e+001
    endloop
  endfacet
  facet normal  0.000000e+000 -1.000000e+000  0.000000e+000
    outer loop
      vertex  8.865122e+000  1.900000e+002  2.337541e+001
      vertex  1.870469e+001  1.900000e+002  2.345494e+001
      vertex  1.301651e+001  1.900000e+002  2.702907e+001
    endloop
  endfacet
  facet normal  0.000000e+000 -1.000000e+000  0.000000e+000
    outer loop
      vertex  8.865122e+000  1.900000e+002  2.337541e+001
      vertex  1.301651e+001  1.900000e+002  2.702907e+001
      vertex  3.013417e+000  1.900000e+002  2.481772e+001
    endloop
  endfacet
  facet normal  0.000000e+000 -1.000000e+000  0.000000e+000
    outer loop
      vertex  3.013417e+000  1.900000e+002  2.481772e+001
      vertex  1.301651e+001  1.900000e+002  2.702907e+001
      vertex  6.675628e+000  1.900000e+002  2.924784e+001
    endloop
  endfacet
  facet normal  -0.000000e+000 -1.000000e+000  0.000000e+000
    outer loop
      vertex  3.013417e+000  1.900000e+002  2.481772e+001
      vertex  6.675628e+000  1.900000e+002  2.924784e+001
      vertex -8.498309e-015  1.900000e+002  3.000000e+001
    endloop
  endfacet
  facet normal  0.000000e+000 -1.000000e+000  0.000000e+000
    outer loop
      vertex -2.213640e+001  1.900000e+002  1.161808e+001
      vertex -1.871277e+001  1.900000e+002  1.657807e+001
      vertex -2.702907e+001  1.900000e+002  1.301651e+001
    endloop
  endfacet
  facet normal  0.000000e+000 -1.000000e+000  0.000000e+000
    outer loop
      vertex -2.702907e+001  1.900000e+002  1.301651e+001
      vertex -1.871277e+001  1.900000e+002  1.657807e+001
      vertex -1.420162e+001  1.900000e+002  2.057460e+001
    endloop
  endfacet
  facet normal  0.000000e+000 -1.000000e+000  0.000000e+000
    outer loop
      vertex -2.702907e+001  1.900000e+002  1.301651e+001
      vertex -1.420162e+001  1.900000e+002  2.057460e+001
      vertex -2.345494e+001  1.900000e+002  1.870469e+001
    endloop
  endfacet
  facet normal  0.000000e+000 -1.000000e+000  0.000000e+000
    outer loop
      vertex -2.345494e+001  1.900000e+002  1.870469e+001
      vertex -1.420162e+001  1.900000e+002  2.057460e+001
      vertex -8.865122e+000  1.900000e+002  2.337541e+001
    endloop
  endfacet
  facet normal  -0.000000e+000 -1.000000e+000  0.000000e+000
    outer loop
      vertex -2.345494e+001  1.900000e+002  1.870469e+001
      vertex -8.865122e+000  1.900000e+002  2.337541e+001
      vertex -1.870469e+001  1.900000e+002  2.345494e+001
    endloop
  endfacet
  facet normal  0.000000e+000 -9.999999e-001  0.000000e+000
    outer loop
      vertex -1.870469e+001  1.900000e+002  2.345494e+001
      vertex -8.865122e+000  1.900000e+002  2.337541e+001
      vertex -3.013417e+000  1.900000e+002  2.481772e+001
    endloop
  endfacet
  facet normal  -0.000000e+000 -1.000000e+000  0.000000e+000
    outer loop
      vertex -1.870469e+001  1.900000e+002  2.345494e+001
      vertex -3.013417e+000  1.900000e+002  2.481772e+001
      vertex -1.301651e+001  1.900000e+002  2.702907e+001
    endloop
  endfacet
  facet normal  0.000000e+000 -1.000000e+000  0.000000e+000
    outer loop
      vertex -1.301651e+001  1.900000e+002  2.702907e+001
      vertex -3.013417e+000  1.900000e+002  2.481772e+001
      vertex -8.498309e-015  1.900000e+002  3.000000e+001
    endloop
  endfacet
  facet normal  0.000000e+000 -1.000000e+000  0.000000e+000
    outer loop
      vertex -1.301651e+001  1.900000e+002  2.702907e+001
      vertex -8.498309e-015  1.900000e+002  3.000000e+001
      vertex -6.675628e+000  1.900000e+002  2.924784e+001
    endloop
  endfacet
  facet normal  -0.000000e+000 -1.000000e+000  0.000000e+000
    outer loop
      vertex  1.420162e+001  1.900000e+002 -2.057460e+001
      vertex  2.345494e+001  1.900000e+002 -1.870469e+001
      vertex  1.871277e+001  1.900000e+002 -1.657807e+001
    endloop
  endfacet
  facet normal  0.000000e+000 -1.000000e+000  0.000000e+000
    outer loop
      vertex  1.871277e+001  1.900000e+002 -1.657807e+001
      vertex  2.345494e+001  1.900000e+002 -1.870469e+001
      vertex  2.702907e+001  1.900000e+002 -1.301651e+001
    endloop
  endfacet
  facet normal  -0.000000e+000 -1.000000e+000  0.000000e+000
    outer loop
      vertex  1.871277e+001  1.900000e+002 -1.657807e+001
      vertex  2.702907e+001  1.900000e+002 -1.301651e+001
      vertex  2.213640e+001  1.900000e+002 -1.161808e+001
    endloop
  endfacet
  facet normal  0.000000e+000 -1.000000e+000  0.000000e+000
    outer loop
      vertex  2.213640e+001  1.900000e+002 -1.161808e+001
      vertex  2.702907e+001  1.900000e+002 -1.301651e+001
      vertex  2.924784e+001  1.900000e+002 -6.675628e+000
    endloop
  endfacet
  facet normal  -0.000000e+000 -9.999999e-001  0.000000e+000
    outer loop
      vertex  2.213640e+001  1.900000e+002 -1.161808e+001
      vertex  2.924784e+001  1.900000e+002 -6.675628e+000
      vertex  2.427355e+001  1.900000e+002 -5.982892e+000
    endloop
  endfacet
  facet normal  0.000000e+000 -1.000000e+000  0.000000e+000
    outer loop
      vertex  2.427355e+001  1.900000e+002 -5.982892e+000
      vertex  2.924784e+001  1.900000e+002 -6.675628e+000
      vertex  3.000000e+001  1.900000e+002  1.699662e-014
    endloop
  endfacet
  facet normal  0.000000e+000 -1.000000e+000  0.000000e+000
    outer loop
      vertex  2.427355e+001  1.900000e+002 -5.982892e+000
      vertex  3.000000e+001  1.900000e+002  1.699662e-014
      vertex  2.500000e+001  1.900000e+002  3.061617e-015
    endloop
  endfacet
  facet normal  0.000000e+000 -1.000000e+000  0.000000e+000
    outer loop
      vertex  2.500000e+001  1.900000e+002  3.061617e-015
      vertex  3.000000e+001  1.900000e+002  1.699662e-014
      vertex  2.924784e+001  1.900000e+002  6.675628e+000
    endloop
  endfacet
  facet normal  0.000000e+000 -9.999999e-001  0.000000e+000
    outer loop
      vertex  2.500000e+001  1.900000e+002  3.061617e-015
      vertex  2.924784e+001  1.900000e+002  6.675628e+000
      vertex  2.427355e+001  1.900000e+002  5.982892e+000
    endloop
  endfacet
  facet normal  0.000000e+000 -1.000000e+000  0.000000e+000
    outer loop
      vertex  2.427355e+001  1.900000e+002  5.982892e+000
      vertex  2.924784e+001  1.900000e+002  6.675628e+000
      vertex  2.702907e+001  1.900000e+002  1.301651e+001
    endloop
  endfacet
  facet normal  0.000000e+000 -1.000000e+000  0.000000e+000
    outer loop
      vertex  2.427355e+001  1.900000e+002  5.982892e+000
      vertex  2.702907e+001  1.900000e+002  1.301651e+001
      vertex  2.213640e+001  1.900000e+002  1.161808e+001
    endloop
  endfacet
  facet normal  0.000000e+000 -1.000000e+000  0.000000e+000
    outer loop
      vertex  1.420162e+001  1.900000e+002 -2.057460e+001
      vertex  8.865122e+000  1.900000e+002 -2.337541e+001
      vertex  2.345494e+001  1.900000e+002 -1.870469e+001
    endloop
  endfacet
  facet normal  0.000000e+000 -1.000000e+000  0.000000e+000
    outer loop
      vertex  2.345494e+001  1.900000e+002 -1.870469e+001
      vertex  8.865122e+000  1.900000e+002 -2.337541e+001
      vertex  1.870469e+001  1.900000e+002 -2.345494e+001
    endloop
  endfacet
  facet normal  0.000000e+000 -1.000000e+000  0.000000e+000
    outer loop
      vertex  8.865122e+000  1.900000e+002 -2.337541e+001
      vertex  3.013417e+000  1.900000e+002 -2.481772e+001
      vertex  1.870469e+001  1.900000e+002 -2.345494e+001
    endloop
  endfacet
  facet normal  0.000000e+000 -1.000000e+000  0.000000e+000
    outer loop
      vertex  1.870469e+001  1.900000e+002 -2.345494e+001
      vertex  3.013417e+000  1.900000e+002 -2.481772e+001
      vertex  1.301651e+001  1.900000e+002 -2.702907e+001
    endloop
  endfacet
  facet normal  0.000000e+000 -1.000000e+000  -0.000000e+000
    outer loop
      vertex -1.420162e+001  1.900000e+002 -2.057460e+001
      vertex -1.871277e+001  1.900000e+002 -1.657807e+001
      vertex -2.345494e+001  1.900000e+002 -1.870469e+001
    endloop
  endfacet
  facet normal  0.000000e+000 -1.000000e+000  0.000000e+000
    outer loop
      vertex -2.345494e+001  1.900000e+002 -1.870469e+001
      vertex -1.871277e+001  1.900000e+002 -1.657807e+001
      vertex -2.213640e+001  1.900000e+002 -1.161808e+001
    endloop
  endfacet
  facet normal  0.000000e+000 -1.000000e+000  0.000000e+000
    outer loop
      vertex -2.345494e+001  1.900000e+002 -1.870469e+001
      vertex -2.213640e+001  1.900000e+002 -1.161808e+001
      vertex -2.702907e+001  1.900000e+002 -1.301651e+001
    endloop
  endfacet
  facet normal  0.000000e+000 -1.000000e+000  0.000000e+000
    outer loop
      vertex -2.702907e+001  1.900000e+002 -1.301651e+001
      vertex -2.213640e+001  1.900000e+002 -1.161808e+001
      vertex -2.427355e+001  1.900000e+002 -5.982892e+000
    endloop
  endfacet
  facet normal  0.000000e+000 -1.000000e+000  0.000000e+000
    outer loop
      vertex -2.702907e+001  1.900000e+002 -1.301651e+001
      vertex -2.427355e+001  1.900000e+002 -5.982892e+000
      vertex -2.924784e+001  1.900000e+002 -6.675628e+000
    endloop
  endfacet
  facet normal  0.000000e+000 -9.999999e-001  0.000000e+000
    outer loop
      vertex -2.924784e+001  1.900000e+002 -6.675628e+000
      vertex -2.427355e+001  1.900000e+002 -5.982892e+000
      vertex -2.500000e+001  1.900000e+002  0.000000e+000
    endloop
  endfacet
  facet normal  -0.000000e+000 -1.000000e+000  0.000000e+000
    outer loop
      vertex -2.924784e+001  1.900000e+002 -6.675628e+000
      vertex -2.500000e+001  1.900000e+002  0.000000e+000
      vertex -3.000000e+001  1.900000e+002  0.000000e+000
    endloop
  endfacet
  facet normal  0.000000e+000 -1.000000e+000  0.000000e+000
    outer loop
      vertex -3.000000e+001  1.900000e+002  0.000000e+000
      vertex -2.500000e+001  1.900000e+002  0.000000e+000
      vertex -2.427355e+001  1.900000e+002  5.982892e+000
    endloop
  endfacet
  facet normal  -0.000000e+000 -1.000000e+000  0.000000e+000
    outer loop
      vertex -3.000000e+001  1.900000e+002  0.000000e+000
      vertex -2.427355e+001  1.900000e+002  5.982892e+000
      vertex -2.924784e+001  1.900000e+002  6.675628e+000
    endloop
  endfacet
  facet normal  0.000000e+000 -9.999999e-001  0.000000e+000
    outer loop
      vertex -2.924784e+001  1.900000e+002  6.675628e+000
      vertex -2.427355e+001  1.900000e+002  5.982892e+000
      vertex -2.213640e+001  1.900000e+002  1.161808e+001
    endloop
  endfacet
  facet normal  -0.000000e+000 -1.000000e+000  0.000000e+000
    outer loop
      vertex -2.924784e+001  1.900000e+002  6.675628e+000
      vertex -2.213640e+001  1.900000e+002  1.161808e+001
      vertex -2.702907e+001  1.900000e+002  1.301651e+001
    endloop
  endfacet
  facet normal -9.937123e-001  -0.000000e+000 -1.119645e-001
    outer loop
      vertex -3.000000e+001  1.900000e+002  0.000000e+000
      vertex -3.000000e+001  2.000000e+002  0.000000e+000
      vertex -2.924784e+001  1.900000e+002 -6.675628e+000
    endloop
  endfacet
  facet normal -9.937123e-001  0.000000e+000 -1.119645e-001
    outer loop
      vertex -2.924784e+001  1.900000e+002 -6.675628e+000
      vertex -3.000000e+001  2.000000e+002  0.000000e+000
      vertex -2.924784e+001  2.000000e+002 -6.675628e+000
    endloop
  endfacet
  facet normal -9.438834e-001  -0.000000e+000 -3.302791e-001
    outer loop
      vertex -2.924784e+001  1.900000e+002 -6.675628e+000
      vertex -2.924784e+001  2.000000e+002 -6.675628e+000
      vertex -2.702907e+001  1.900000e+002 -1.301651e+001
    endloop
  endfacet
  facet normal -9.438834e-001  0.000000e+000 -3.302791e-001
    outer loop
      vertex -2.702907e+001  1.900000e+002 -1.301651e+001
      vertex -2.924784e+001  2.000000e+002 -6.675628e+000
      vertex -2.702907e+001  2.000000e+002 -1.301651e+001
    endloop
  endfacet
  facet normal -8.467242e-001  -0.000000e+000 -5.320320e-001
    outer loop
      vertex -2.702907e+001  1.900000e+002 -1.301651e+001
      vertex -2.702907e+001  2.000000e+002 -1.301651e+001
      vertex -2.345494e+001  1.900000e+002 -1.870469e+001
    endloop
  endfacet
  facet normal -8.467242e-001  0.000000e+000 -5.320320e-001
    outer loop
      vertex -2.345494e+001  1.900000e+002 -1.870469e+001
      vertex -2.702907e+001  2.000000e+002 -1.301651e+001
      vertex -2.345494e+001  2.000000e+002 -1.870469e+001
    endloop
  endfacet
  facet normal -7.071068e-001  -0.000000e+000 -7.071068e-001
    outer loop
      vertex -2.345494e+001  1.900000e+002 -1.870469e+001
      vertex -2.345494e+001  2.000000e+002 -1.870469e+001
      vertex -1.870469e+001  1.900000e+002 -2.345494e+001
    endloop
  endfacet
  facet normal -7.071068e-001  0.000000e+000 -7.071068e-001
    outer loop
      vertex -1.870469e+001  1.900000e+002 -2.345494e+001
      vertex -2.345494e+001  2.000000e+002 -1.870469e+001
      vertex -1.870469e+001  2.000000e+002 -2.345494e+001
    endloop
  endfacet
  facet normal -5.320320e-001  -0.000000e+000 -8.467242e-001
    outer loop
      vertex -1.870469e+001  1.900000e+002 -2.345494e+001
      vertex -1.870469e+001  2.000000e+002 -2.345494e+001
      vertex -1.301651e+001  1.900000e+002 -2.702907e+001
    endloop
  endfacet
  facet normal -5.320320e-001  0.000000e+000 -8.467242e-001
    outer loop
      vertex -1.301651e+001  1.900000e+002 -2.702907e+001
      vertex -1.870469e+001  2.000000e+002 -2.345494e+001
      vertex -1.301651e+001  2.000000e+002 -2.702907e+001
    endloop
  endfacet
  facet normal -3.302791e-001  -0.000000e+000 -9.438834e-001
    outer loop
      vertex -1.301651e+001  1.900000e+002 -2.702907e+001
      vertex -1.301651e+001  2.000000e+002 -2.702907e+001
      vertex -6.675628e+000  1.900000e+002 -2.924784e+001
    endloop
  endfacet
  facet normal -3.302791e-001  0.000000e+000 -9.438834e-001
    outer loop
      vertex -6.675628e+000  1.900000e+002 -2.924784e+001
      vertex -1.301651e+001  2.000000e+002 -2.702907e+001
      vertex -6.675628e+000  2.000000e+002 -2.924784e+001
    endloop
  endfacet
  facet normal -1.119645e-001  -0.000000e+000 -9.937123e-001
    outer loop
      vertex -6.675628e+000  1.900000e+002 -2.924784e+001
      vertex -6.675628e+000  2.000000e+002 -2.924784e+001
      vertex  3.215626e-014  1.900000e+002 -3.000000e+001
    endloop
  endfacet
  facet normal -1.119645e-001  0.000000e+000 -9.937123e-001
    outer loop
      vertex  3.215626e-014  1.900000e+002 -3.000000e+001
      vertex -6.675628e+000  2.000000e+002 -2.924784e+001
      vertex  3.215626e-014  2.000000e+002 -3.000000e+001
    endloop
  endfacet
  facet normal  1.119645e-001  0.000000e+000 -9.937123e-001
    outer loop
      vertex  3.215626e-014  1.900000e+002 -3.000000e+001
      vertex  3.215626e-014  2.000000e+002 -3.000000e+001
      vertex  6.675628e+000  1.900000e+002 -2.924784e+001
    endloop
  endfacet
  facet normal  1.119645e-001  0.000000e+000 -9.937123e-001
    outer loop
      vertex  6.675628e+000  1.900000e+002 -2.924784e+001
      vertex  3.215626e-014  2.000000e+002 -3.000000e+001
      vertex  6.675628e+000  2.000000e+002 -2.924784e+001
    endloop
  endfacet
  facet normal  3.302791e-001  0.000000e+000 -9.438834e-001
    outer loop
      vertex  6.675628e+000  1.900000e+002 -2.924784e+001
      vertex  6.675628e+000  2.000000e+002 -2.924784e+001
      vertex  1.301651e+001  1.900000e+002 -2.702907e+001
    endloop
  endfacet
  facet normal  3.302791e-001  0.000000e+000 -9.438834e-001
    outer loop
      vertex  1.301651e+001  1.900000e+002 -2.702907e+001
      vertex  6.675628e+000  2.000000e+002 -2.924784e+001
      vertex  1.301651e+001  2.000000e+002 -2.702907e+001
    endloop
  endfacet
  facet normal  5.320320e-001  0.000000e+000 -8.467242e-001
    outer loop
      vertex  1.301651e+001  1.900000e+002 -2.702907e+001
      vertex  1.301651e+001  2.000000e+002 -2.702907e+001
      vertex  1.870469e+001  1.900000e+002 -2.345494e+001
    endloop
  endfacet
  facet normal  5.320320e-001  0.000000e+000 -8.467242e-001
    outer loop
      vertex  1.870469e+001  1.900000e+002 -2.345494e+001
      vertex  1.301651e+001  2.000000e+002 -2.702907e+001
      vertex  1.870469e+001  2.000000e+002 -2.345494e+001
    endloop
  endfacet
  facet normal  7.071068e-001  0.000000e+000 -7.071068e-001
    outer loop
      vertex  1.870469e+001  1.900000e+002 -2.345494e+001
      vertex  1.870469e+001  2.000000e+002 -2.345494e+001
      vertex  2.345494e+001  1.900000e+002 -1.870469e+001
    endloop
  endfacet
  facet normal  7.071068e-001  0.000000e+000 -7.071068e-001
    outer loop
      vertex  2.345494e+001  1.900000e+002 -1.870469e+001
      vertex  1.870469e+001  2.000000e+002 -2.345494e+001
      vertex  2.345494e+001  2.000000e+002 -1.870469e+001
    endloop
  endfacet
  facet normal  8.467242e-001  0.000000e+000 -5.320320e-001
    outer loop
      vertex  2.345494e+001  1.900000e+002 -1.870469e+001
      vertex  2.345494e+001  2.000000e+002 -1.870469e+001
      vertex  2.702907e+001  1.900000e+002 -1.301651e+001
    endloop
  endfacet
  facet normal  8.467242e-001  0.000000e+000 -5.320320e-001
    outer loop
      vertex  2.702907e+001  1.900000e+002 -1.301651e+001
      vertex  2.345494e+001  2.000000e+002 -1.870469e+001
      vertex  2.702907e+001  2.000000e+002 -1.301651e+001
    endloop
  endfacet
  facet normal  9.438834e-001  0.000000e+000 -3.302791e-001
    outer loop
      vertex  2.702907e+001  1.900000e+002 -1.301651e+001
      vertex  2.702907e+001  2.000000e+002 -1.301651e+001
      vertex  2.924784e+001  1.900000e+002 -6.675628e+000
    endloop
  endfacet
  facet normal  9.438834e-001  0.000000e+000 -3.302791e-001
    outer loop
      vertex  2.924784e+001  1.900000e+002 -6.675628e+000
      vertex  2.702907e+001  2.000000e+002 -1.301651e+001
      vertex  2.924784e+001  2.000000e+002 -6.675628e+000
    endloop
  endfacet
  facet normal  9.937123e-001  0.000000e+000 -1.119645e-001
    outer loop
      vertex  2.924784e+001  1.900000e+002 -6.675628e+000
      vertex  2.924784e+001  2.000000e+002 -6.675628e+000
      vertex  3.000000e+001  1.900000e+002  1.699662e-014
    endloop
  endfacet
  facet normal  9.937123e-001  0.000000e+000 -1.119645e-001
    outer loop
      vertex  3.000000e+001  1.900000e+002  1.699662e-014
      vertex  2.924784e+001  2.000000e+002 -6.675628e+000
      vertex  3.000000e+001  2.000000e+002  1.699662e-014
    endloop
  endfacet
  facet normal  9.937123e-001  0.000000e+000  1.119645e-001
    outer loop
      vertex  3.000000e+001  1.900000e+002  1.699662e-014
      vertex  3.000000e+001  2.000000e+002  1.699662e-014
      vertex  2.924784e+001  1.900000e+002  6.675628e+000
    endloop
  endfacet
  facet normal  9.937123e-001  -0.000000e+000  1.119645e-001
    outer loop
      vertex  2.924784e+001  1.900000e+002  6.675628e+000
      vertex  3.000000e+001  2.000000e+002  1.699662e-014
      vertex  2.924784e+001  2.000000e+002  6.675628e+000
    endloop
  endfacet
  facet normal  9.438834e-001  0.000000e+000  3.302791e-001
    outer loop
      vertex  2.924784e+001  1.900000e+002  6.675628e+000
      vertex  2.924784e+001  2.000000e+002  6.675628e+000
      vertex  2.702907e+001  1.900000e+002  1.301651e+001
    endloop
  endfacet
  facet normal  9.438834e-001  -0.000000e+000  3.302791e-001
    outer loop
      vertex  2.702907e+001  1.900000e+002  1.301651e+001
      vertex  2.924784e+001  2.000000e+002  6.675628e+000
      vertex  2.702907e+001  2.000000e+002  1.301651e+001
    endloop
  endfacet
  facet normal  8.467242e-001  0.000000e+000  5.320320e-001
    outer loop
      vertex  2.702907e+001  1.900000e+002  1.301651e+001
      vertex  2.702907e+001  2.000000e+002  1.301651e+001
      vertex  2.345494e+001  1.900000e+002  1.870469e+001
    endloop
  endfacet
  facet normal  8.467242e-001  -0.000000e+000  5.320320e-001
    outer loop
      vertex  2.345494e+001  1.900000e+002  1.870469e+001
      vertex  2.702907e+001  2.000000e+002  1.301651e+001
      vertex  2.345494e+001  2.000000e+002  1.870469e+001
    endloop
  endfacet
  facet normal  7.071068e-001  0.000000e+000  7.071068e-001
    outer loop
      vertex  2.345494e+001  1.900000e+002  1.870469e+001
      vertex  2.345494e+001  2.000000e+002  1.870469e+001
      vertex  1.870469e+001  1.900000e+002  2.345494e+001
    endloop
  endfacet
  facet normal  7.071068e-001  -0.000000e+000  7.071068e-001
    outer loop
      vertex  1.870469e+001  1.900000e+002  2.345494e+001
      vertex  2.345494e+001  2.000000e+002  1.870469e+001
      vertex  1.870469e+001  2.000000e+002  2.345494e+001
    endloop
  endfacet
  facet normal  5.320320e-001  0.000000e+000  8.467242e-001
    outer loop
      vertex  1.870469e+001  1.900000e+002  2.345494e+001
      vertex  1.870469e+001  2.000000e+002  2.345494e+001
      vertex  1.301651e+001  1.900000e+002  2.702907e+001
    endloop
  endfacet
  facet normal  5.320320e-001  -0.000000e+000  8.467242e-001
    outer loop
      vertex  1.301651e+001  1.900000e+002  2.702907e+001
      vertex  1.870469e+001  2.000000e+002  2.345494e+001
      vertex  1.301651e+001  2.000000e+002  2.702907e+001
    endloop
  endfacet
  facet normal  3.302791e-001  0.000000e+000  9.438834e-001
    outer loop
      vertex  1.301651e+001  1.900000e+002  2.702907e+001
      vertex  1.301651e+001  2.000000e+002  2.702907e+001
      vertex  6.675628e+000  1.900000e+002  2.924784e+001
    endloop
  endfacet
  facet normal  3.302791e-001  -0.000000e+000  9.438834e-001
    outer loop
      vertex  6.675628e+000  1.900000e+002  2.924784e+001
      vertex  1.301651e+001  2.000000e+002  2.702907e+001
      vertex  6.675628e+000  2.000000e+002  2.924784e+001
    endloop
  endfacet
  facet normal  1.119645e-001  0.000000e+000  9.937123e-001
    outer loop
      vertex  6.675628e+000  1.900000e+002  2.924784e+001
      vertex  6.675628e+000  2.000000e+002  2.924784e+001
      vertex -8.498309e-015  1.900000e+002  3.000000e+001
    endloop
  endfacet
  facet normal  1.119645e-001  -0.000000e+000  9.937123e-001
    outer loop
      vertex -8.498309e-015  1.900000e+002  3.000000e+001
      vertex  6.675628e+000  2.000000e+002  2.924784e+001
      vertex -8.498309e-015  2.000000e+002  3.000000e+001
    endloop
  endfacet
  facet normal -1.119645e-001  0.000000e+000  9.937123e-001
    outer loop
      vertex -8.498309e-015  1.900000e+002  3.000000e+001
      vertex -8.498309e-015  2.000000e+002  3.000000e+001
      vertex -6.675628e+000  1.900000e+002  2.924784e+001
    endloop
  endfacet
  facet normal -1.119645e-001  0.000000e+000  9.937123e-001
    outer loop
      vertex -6.675628e+000  1.900000e+002  2.924784e+001
      vertex -8.498309e-015  2.000000e+002  3.000000e+001
      vertex -6.675628e+000  2.000000e+002  2.924784e+001
    endloop
  endfacet
  facet normal -3.302791e-001  0.000000e+000  9.438834e-001
    outer loop
      vertex -6.675628e+000  1.900000e+002  2.924784e+001
      vertex -6.675628e+000  2.000000e+002  2.924784e+001
      vertex -1.301651e+001  1.900000e+002  2.702907e+001
    endloop
  endfacet
  facet normal -3.302791e-001  0.000000e+000  9.438834e-001
    outer loop
      vertex -1.301651e+001  1.900000e+002  2.702907e+001
      vertex -6.675628e+000  2.000000e+002  2.924784e+001
      vertex -1.301651e+001  2.000000e+002  2.702907e+001
    endloop
  endfacet
  facet normal -5.320320e-001  0.000000e+000  8.467242e-001
    outer loop
      vertex -1.301651e+001  1.900000e+002  2.702907e+001
      vertex -1.301651e+001  2.000000e+002  2.702907e+001
      vertex -1.870469e+001  1.900000e+002  2.345494e+001
    endloop
  endfacet
  facet normal -5.320320e-001  0.000000e+000  8.467242e-001
    outer loop
      vertex -1.870469e+001  1.900000e+002  2.345494e+001
      vertex -1.301651e+001  2.000000e+002  2.702907e+001
      vertex -1.870469e+001  2.000000e+002  2.345494e+001
    endloop
  endfacet
  facet normal -7.071068e-001  0.000000e+000  7.071068e-001
    outer loop
      vertex -1.870469e+001  1.900000e+002  2.345494e+001
      vertex -1.870469e+001  2.000000e+002  2.345494e+001
      vertex -2.345494e+001  1.900000e+002  1.870469e+001
    endloop
  endfacet
  facet normal -7.071068e-001  0.000000e+000  7.071068e-001
    outer loop
      vertex -2.345494e+001  1.900000e+002  1.870469e+001
      vertex -1.870469e+001  2.000000e+002  2.345494e+001
      vertex -2.345494e+001  2.000000e+002  1.870469e+001
    endloop
  endfacet
  facet normal -8.467242e-001  0.000000e+000  5.320320e-001
    outer loop
      vertex -2.345494e+001  1.900000e+002  1.870469e+001
      vertex -2.345494e+001  2.000000e+002  1.870469e+001
      vertex -2.702907e+001  1.900000e+002  1.301651e+001
    endloop
  endfacet
  facet normal -8.467242e-001  0.000000e+000  5.320320e-001
    outer loop
      vertex -2.702907e+001  1.900000e+002  1.301651e+001
      vertex -2.345494e+001  2.000000e+002  1.870469e+001
      vertex -2.702907e+001  2.000000e+002  1.301651e+001
    endloop
  endfacet
  facet normal -9.438834e-001  0.000000e+000  3.302791e-001
    outer loop
      vertex -2.702907e+001  1.900000e+002  1.301651e+001
      vertex -2.702907e+001  2.000000e+002  1.301651e+001
      vertex -2.924784e+001  1.900000e+002  6.675628e+000
    endloop
  endfacet
  facet normal -9.438834e-001  0.000000e+000  3.302791e-001
    outer loop
      vertex -2.924784e+001  1.900000e+002  6.675628e+000
      vertex -2.702907e+001  2.000000e+002  1.301651e+001
      vertex -2.924784e+001  2.000000e+002  6.675628e+000
    endloop
  endfacet
  facet normal -9.937123e-001  0.000000e+000  1.119645e-001
    outer loop
      vertex -2.924784e+001  1.900000e+002  6.675628e+000
      vertex -2.924784e+001  2.000000e+002  6.675628e+000
      vertex -3.000000e+001  1.900000e+002  0.000000e+000
    endloop
  endfacet
  facet normal -9.937123e-001  0.000000e+000  1.119645e-001
    outer loop
      vertex -3.000000e+001  1.900000e+002  0.000000e+000
      vertex -2.924784e+001  2.000000e+002  6.675628e+000
      vertex -3.000000e+001  2.000000e+002  0.000000e+000
    endloop
  endfacet
endsolid CATIA STL
